instance_id,condition,prior_failure_signature_excerpt,run_failure_signature_excerpt,target_failure_signature_excerpt,reused_prior_failure_signature_bool,reproduced_target_failure_bool,resolved,supporting_run_artifact
astropy__astropy-15082,no_memory,,"12 from astropy.utils.exceptions import AstropyUserWarning | 68 was given otherwise it raises a ``ValueError`` if the comparison was | 221 ValueError | 236 raise ValueError(""WCS are not equal."") | 377 raise TypeError(|except Exception as e: | print(f'ERROR: {type(e).__name__}: {e}') | Traceback (most recent call last): | raise ImportError( | ImportError: You appear to be trying to import astropy from within a source checkout or from an editable installation without building the extension modules first. Either run|error: subprocess-exited-with-error | ERROR: setuptools==49.6.0 is used in combination with setuptools-scm>=8.x|error: subprocess-exited-with-error|error: subprocess-exited-with-error | Traceback (most recent call last): | ModuleNotFoundError: No module named 'setuptools.dep_util' | error: subprocess-exited-with-error|Traceback (most recent call last): | raise ImportError( | ImportError: You appear to be trying to import astropy from within a source checkout or from an editable installation without building the extension modules first. Either run|ERROR: Could not install packages due to an OSError: [Errno 13] Permission denied: '/opt/conda/envs/testbed/bin/easy_install|ModuleNotFoundError: No module named 'setuptools.dep_util' | error: subprocess-exited-with-error|ERROR: Could not install packages due to an OSError: [Errno 13] Permission denied: '/opt/conda/envs/testbed/lib/python3.9/site-packages/astropy|145 except ImportError:","# raises: AttributeError: 'NoneType' object has no attribute 'mask'|I also found that collapsing `NDData` without a `unit` triggers an error in `NDArithmeticMixin._arithmetic_data`, due to a missing condition in the logic for calling the `operation`. Revising only the second-to-last l...|# raises: AttributeError: 'NoneType' object has no attribute 'unit'",0,0,0,/home/shashwatsuthar/research/openhands-adp-memory/analysis/contextbench_posthoc/20260606_220027/remote/execution_full_qwen36_65k_fix1_minimal/astropy__astropy-15082/no_memory
astropy__astropy-15082,raw,"TypeError: unsupported operand type(s) for|: 'int' and 'NoneType'|12→from astropy.utils.exceptions import AstropyUserWarning|SyntaxError: invalid syntax|10→ IncompatibleUncertaintiesException,|17→from astropy.utils.exceptions import AstropyUserWarning|No matches found|307→ with pytest.raises(ValueError)|309→ with pytest.raises(ValueError)|311→ with pytest.raises(ValueError)","docs/nitpick-exceptions|12 from astropy.utils.exceptions import AstropyUserWarning | 68 was given otherwise it raises a ``ValueError`` if the comparison was | 221 ValueError | 236 raise ValueError(""WCS are not equal."") | 377 raise TypeError(|433 raise TypeError( | 442 raise TypeError(|244 except KeyError: | 245 raise KeyError(f""Unknown prefix {splitted[0]} for parameter {i}"")|except Exception as e: | print(f' Error: {type(e).__name__}: {e}') | except Exception as e: | print(f' Error: {type(e).__name__}: {e}') | except Exception as e: | print(f' Error: {type(e).__name__}: {e}') | Traceback (most recent call last): | raise ImportError( | ImportError: You appear to be trying to import astro...|error: subprocess-exited-with-error | ModuleNotFoundError: No module named 'setuptools.dep_util' | error: subprocess-exited-with-error|except Exception as e: | print(f' Error: {type(e).__name__}: {e}') | except Exception as e: | print(f' Error: {type(e).__name__}: {e}') | except Exception as e: | print(f' Error: {type(e).__name__}: {e}') | Error: AttributeError: 'NoneType' object has no attribute 'mask' | Error: AttributeError: 'NoneType' object ha...|from astropy.utils.exceptions import AstropyUserWarning | was given otherwise it raises a ``ValueError`` if the comparison was | except KeyError: | raise KeyError(f""Unknown prefix {splitted[0]} for parameter {i}"") | raise TypeError( | raise TypeError( | ValueError | raise ValueError(""WCS are not equal."") | raise Typ...|except Exception as e: | print(f' Error: {type(e).__name__}: {e}') | except Exception as e: | print(f' Error: {type(e).__name__}: {e}') | except Exception as e: | print(f' Error: {type(e).__name__}: {e}') | except Exception as e: | print(f' Error: {type(e).__name__}: {e}') | Error: AttributeError: 'NoneType' object ...|except Exception as e: | print(f' Error: {type(e).__name__}: {e}') | except Exception as e: | print(f' Error: {type(e).__name__}: {e}') | except Exception as e: | print(f' Error: {type(e).__name__}: {e}') | except Exception as e: | print(f' Error: {type(e).__name__}: {e}')","# raises: AttributeError: 'NoneType' object has no attribute 'mask'|I also found that collapsing `NDData` without a `unit` triggers an error in `NDArithmeticMixin._arithmetic_data`, due to a missing condition in the logic for calling the `operation`. Revising only the second-to-last l...|# raises: AttributeError: 'NoneType' object has no attribute 'unit'",1,1,1,/home/shashwatsuthar/research/openhands-adp-memory/analysis/contextbench_posthoc/20260606_220027/remote/execution_full_qwen36_65k_fix1_minimal/astropy__astropy-15082/raw
astropy__astropy-15082,adp,"TypeError: unsupported operand type(s) for|: 'int' and 'NoneType'|TypeError: unsup|12→from astropy.utils.exceptions import AstropyUserWarning|SyntaxError: invalid syntax|10→ IncompatibleUncertaintiesException,|17→from astropy.utils.exceptions import AstropyUserWarning|No matches found|307→ with pytest.raises(ValueError)|309→ with pytest.raises(ValueError)","docs/nitpick-exceptions|12 from astropy.utils.exceptions import AstropyUserWarning | 68 was given otherwise it raises a ``ValueError`` if the comparison was | 221 ValueError | 236 raise ValueError(""WCS are not equal."") | 377 raise TypeError(","# raises: AttributeError: 'NoneType' object has no attribute 'mask'|I also found that collapsing `NDData` without a `unit` triggers an error in `NDArithmeticMixin._arithmetic_data`, due to a missing condition in the logic for calling the `operation`. Revising only the second-to-last l...|# raises: AttributeError: 'NoneType' object has no attribute 'unit'",1,1,0,/home/shashwatsuthar/research/openhands-adp-memory/analysis/contextbench_posthoc/20260606_220027/remote/execution_full_qwen36_65k_fix1_minimal/astropy__astropy-15082/adp
astropy__astropy-15082,memory,"TypeError: unsupported operand type(s) for|: 'int' and 'NoneType'|12→from astropy.utils.exceptions import AstropyUserWarning|SyntaxError: invalid syntax|10→ IncompatibleUncertaintiesException,|17→from astropy.utils.exceptions import AstropyUserWarning|No matches found|1225→ with pytest.raises(KeyError)","docs/nitpick-exceptions|12 from astropy.utils.exceptions import AstropyUserWarning | 68 was given otherwise it raises a ``ValueError`` if the comparison was | 221 ValueError | 236 raise ValueError(""WCS are not equal."") | 377 raise TypeError(|except Exception as e: | print(f' ERROR: {type(e).__name__}: {e}') | except Exception as e: | print(f' ERROR: {type(e).__name__}: {e}') | except Exception as e: | print(f' ERROR: {type(e).__name__}: {e}') | Traceback (most recent call last): | raise ImportError( | ImportError: You appear to be trying to import astro...|Traceback (most recent call last): | raise ImportError( | ImportError: You appear to be trying to import astropy from within a source checkout or from an editable installation without building the extension modules first. Either run|except Exception as e: | print(f' ERROR: {type(e).__name__}: {e}') | except Exception as e: | print(f' ERROR: {type(e).__name__}: {e}') | except Exception as e: | print(f' ERROR: {type(e).__name__}: {e}') | ERROR: AttributeError: 'NoneType' object has no attribute 'mask' | ERROR: AttributeError: 'NoneType' object ha...","# raises: AttributeError: 'NoneType' object has no attribute 'mask'|I also found that collapsing `NDData` without a `unit` triggers an error in `NDArithmeticMixin._arithmetic_data`, due to a missing condition in the logic for calling the `operation`. Revising only the second-to-last l...|# raises: AttributeError: 'NoneType' object has no attribute 'unit'",1,1,0,/home/shashwatsuthar/research/openhands-adp-memory/analysis/contextbench_posthoc/20260606_220027/remote/execution_full_qwen36_65k_fix1_minimal/astropy__astropy-15082/memory
astropy__astropy-4973,no_memory,,"docs/nitpick-exceptions|51 except ImportError: | 58 from ..utils.exceptions import AstropyWarning, AstropyUserWarning, AstropyDeprecationWarning | 76 raise ImportError( | 82 raise RuntimeError( | 146 raise ValueError( | 155 class NoConvergence(Exception): | 182 for which the solution failed to converge within the | 202 ""are ignored but wil...|3036: except InconsistentAxisTypesError: | 3045: except InconsistentAxisTypesError:|1200 raise ValueError( | 1217 except ValueError: | 1218 raise ValueError( | 1235 raise ValueError( | 1250 except Exception: | 1251 raise TypeError( | 1264 except Exception: | 1265 raise TypeError( | 1271 raise TypeError(|2158 raise ValueError(""No basic WCS settings were created."") | 2193 Memory allocation failed. | 2201 ValueError | 2204 ValueError | 2207 ValueError|except Exception as e: | print(f'Error: {type(e).__name__}: {e}') | Error: InconsistentAxisTypesError: ERROR 4 in wcss2p() at line 2882 of file cextern/wcslib/C/wcs.c|1217 except ValueError: | 1218 raise ValueError( | 1235 raise ValueError( | 1250 except Exception: | 1251 raise TypeError( | 1264 except Exception: | 1265 raise TypeError( | 1271 raise TypeError(|1217 except ValueError: | 1218 raise ValueError( | 1239 raise ValueError( | 1256 except Exception: | 1257 raise TypeError( | 1270 except Exception: | 1271 raise TypeError( | 1277 raise TypeError( | except ImportError: | from ..utils.exceptions import AstropyWarning, AstropyUserWarning, AstropyDeprecationWarning | ra...|except Exception as e: | print(f'Error: {type(e).__name__}: {e}')|astropy/wcs/tests/test_wcsprm.py::test_wcs_sub_error_message FAILED [ 94%] | E + where <built-in method endswith of str object at 0x7f9b021c4ab0> = ""<ExceptionInfo TypeError('axes must None, a sequence or an integer') tblen=1>"".endswith | E + where ""<ExceptionInfo TypeError('axes must None, a sequence or an integer'...","Currently, passing a (0,2) shaped array to the WCS transformation functions raises an error:|InconsistentAxisTypesError Traceback (most recent call last)|2158 raise ValueError(""No basic WCS settings were created."")|InconsistentAxisTypesError: ERROR 4 in wcss2p() at line 2876 of file cextern/wcslib/C/wcs.c",0,1,0,/home/shashwatsuthar/research/openhands-adp-memory/analysis/contextbench_posthoc/20260606_220027/remote/execution_full_qwen36_65k_fix1_minimal/astropy__astropy-4973/no_memory
astropy__astropy-4973,raw,"InconsistentAxisTypesError Traceback (most recent call last)|1271 raise TypeError(|1351 raise ValueError(""No basic WCS settings were created."")|InconsistentAxisTypesError: ERROR 4 in wcsp2s() at line 2646 of file cextern/wcslib/C/wcs.c|1200→ raise ValueError(|1217→ except ValueError:|1218→ raise ValueError(|1235→ raise ValueError(|1217- except ValueError:|1218- raise ValueError(","docs/nitpick-exceptions|1217 except ValueError: | 1218 raise ValueError( | 1235 raise ValueError( | 1250 except Exception: | 1251 raise TypeError( | 1264 except Exception: | 1265 raise TypeError( | 1271 raise TypeError(|2146 Traceback (most recent call last): | 2148 NoConvergence: 'WCS.all_world2pix' failed to converge to the | 2158 raise ValueError(""No basic WCS settings were created."") | 2193 Memory allocation failed.|except Exception as e: | print(' Error:', type(e).__name__, str(e)[:100]) | except Exception as e: | print(' Error:', type(e).__name__, str(e)[:100]) | Error: InconsistentAxisTypesError ERROR 4 in wcsp2s() at line 2647 of file cextern/wcslib/C/wcs.c: | Error: InconsistentAxisTypesError ERROR 4 in wcss2p() at line 28...|1217 except ValueError: | 1218 raise ValueError( | 1246 raise ValueError( | except ImportError: | from ..utils.exceptions import AstropyWarning, AstropyUserWarning, AstropyDeprecationWarning | raise ImportError( | raise RuntimeError( | raise ValueError( | class NoConvergence(Exception): | for which the solution fail...|1217 except ValueError: | 1218 raise ValueError( | 1246 raise ValueError(|1246 raise ValueError( | except ImportError: | from ..utils.exceptions import AstropyWarning, AstropyUserWarning, AstropyDeprecationWarning | raise ImportError( | raise RuntimeError( | raise ValueError( | class NoConvergence(Exception): | for which the solution failed to converge within the | ""are ignored but will r...|except Exception as e: | print(' Error:', type(e).__name__, str(e)[:100]) | except Exception as e: | print(' Error:', type(e).__name__, str(e)[:100]) | except Exception as e: | print(' Error:', type(e).__name__, str(e)[:100]) | except Exception as e: | print(' Error:', type(e).__name__, str(e)[:100]) | except Except...|except Exception as e: | print(' Error:', type(e).__name__, str(e)[:100]) | except Exception as e: | print(' Error:', type(e).__name__, str(e)[:100]) | except Exception as e: | print(' Error:', type(e).__name__, str(e)[:100]) | Traceback (most recent call last): | NameError: name '__file__' is not defined|ERROR: usage: __main__.py [options] [file_or_dir] [file_or_dir] [...] | __main__.py: error: unrecognized arguments: --timeout=120","Currently, passing a (0,2) shaped array to the WCS transformation functions raises an error:|InconsistentAxisTypesError Traceback (most recent call last)|2158 raise ValueError(""No basic WCS settings were created."")|InconsistentAxisTypesError: ERROR 4 in wcss2p() at line 2876 of file cextern/wcslib/C/wcs.c",1,1,0,/home/shashwatsuthar/research/openhands-adp-memory/analysis/contextbench_posthoc/20260606_220027/remote/execution_full_qwen36_65k_fix1_minimal/astropy__astropy-4973/raw
astropy__astropy-4973,adp,"InconsistentAxisTypesError Traceback (most recent call last)|1271 raise TypeError(|1351 raise ValueError(""No basic WCS settings were created."")|1200→ raise ValueError(|1217→ except ValueError:|1218→ raise ValueError(|1235→ raise ValueError(|1217- except ValueError:|1218- raise ValueError(|1250→ except Exception:","docs/nitpick-exceptions|1200 raise ValueError( | 1217 except ValueError: | 1218 raise ValueError( | 1235 raise ValueError( | 1250 except Exception: | 1251 raise TypeError( | 1264 except Exception: | 1265 raise TypeError( | 1271 raise TypeError(|2146 Traceback (most recent call last): | 2148 NoConvergence: 'WCS.all_world2pix' failed to converge to the | 2158 raise ValueError(""No basic WCS settings were created."") | 2193 Memory allocation failed.|1217 except ValueError: | 1218 raise ValueError( | 1235 raise ValueError( | 1250 except Exception: | 1251 raise TypeError( | 1264 except Exception: | 1265 raise TypeError( | 1271 raise TypeError(|Rebuilding extension modules -Rebuilding extension modules /Rebuilding extension modules |Rebuilding extension modules /Rebuilding extension modules -Rebuilding extension modules /Rebuilding extension modules |Rebuilding extension modules /Rebuilding extension modules -Rebuilding extension modules /Rebuilding extens...|error: can't create or remove files in install directory|1217 except ValueError: | 1218 raise ValueError( | 1243 raise ValueError( | except ImportError: | from ..utils.exceptions import AstropyWarning, AstropyUserWarning, AstropyDeprecationWarning | raise ImportError( | raise RuntimeError( | raise ValueError( | class NoConvergence(Exception): | for which the solution fail...|1243 raise ValueError( | 1258 except Exception: | 1259 raise TypeError(|1243 raise ValueError( | except ImportError: | from ..utils.exceptions import AstropyWarning, AstropyUserWarning, AstropyDeprecationWarning | raise ImportError( | raise RuntimeError( | raise ValueError( | class NoConvergence(Exception): | for which the solution failed to converge within the | ""are ignored but will r...|1217 except ValueError: | 1218 raise ValueError( | 1243 raise ValueError( | 1261 except Exception: | 1262 raise TypeError( | 1275 except Exception: | 1276 raise TypeError( | 1282 raise TypeError(","Currently, passing a (0,2) shaped array to the WCS transformation functions raises an error:|InconsistentAxisTypesError Traceback (most recent call last)|2158 raise ValueError(""No basic WCS settings were created."")|InconsistentAxisTypesError: ERROR 4 in wcss2p() at line 2876 of file cextern/wcslib/C/wcs.c",1,1,0,/home/shashwatsuthar/research/openhands-adp-memory/analysis/contextbench_posthoc/20260606_220027/remote/execution_full_qwen36_65k_fix1_minimal/astropy__astropy-4973/adp
astropy__astropy-4973,memory,"InconsistentAxisTypesError Traceback (most recent call last)|1271 raise TypeError(|1351 raise ValueError(""No basic WCS settings were created."")|InconsistentAxisTypesError: ERROR 4 in wcsp2s() at line 2646 of file cextern/wcslib/C/wcs.c|- Traceback (most recent call last):|- ERROR: An error occurred while attempting to rebuild the extension modules. Please try manually running `./setup.py develop` or `./setup.py build_ext --inplace` to see what the issue was. Extension modules must be s...|- ImportError: cannot import name '_compiler' from 'astropy.utils' (./swebench_9_15/testbed/astropy/utils/__init__.py)|- ImportError: astropy|1200→ raise ValueError(|1217→ except ValueError:","docs/nitpick-exceptions|1200 raise ValueError( | 1217 except ValueError: | 1218 raise ValueError( | 1235 raise ValueError( | 1250 except Exception: | 1251 raise TypeError( | 1264 except Exception: | 1265 raise TypeError( | 1271 raise TypeError(|1235 raise ValueError( | 1250 except Exception: | 1251 raise TypeError( | 1264 except Exception: | 1265 raise TypeError( | 1271 raise TypeError(|2146 Traceback (most recent call last): | 2148 NoConvergence: 'WCS.all_world2pix' failed to converge to the | 2158 raise ValueError(""No basic WCS settings were created."") | 2193 Memory allocation failed.|1351 raise ValueError(""No basic WCS settings were created."") | 1382 Memory allocation failed. | 1390 ValueError | 1393 ValueError | 1396 ValueError|except Exception as e: | print('wcs_world2pix with (0,2) array failed:', type(e).__name__, str(e)[:100]) | except Exception as e: | print('wcs_pix2world with empty lists failed:', type(e).__name__, str(e)[:100]) | wcs_world2pix with (0,2) array failed: InconsistentAxisTypesError ERROR 4 in wcss2p() at line 2882 of f...|1235 raise ValueError( | except ImportError: | from ..utils.exceptions import AstropyWarning, AstropyUserWarning, AstropyDeprecationWarning | raise ImportError( | raise RuntimeError( | raise ValueError( | class NoConvergence(Exception): | for which the solution failed to converge within the | ""are ignored but will r...|1217 except ValueError: | 1218 raise ValueError( | 1243 raise ValueError( | except ImportError: | from ..utils.exceptions import AstropyWarning, AstropyUserWarning, AstropyDeprecationWarning | raise ImportError( | raise RuntimeError( | raise ValueError( | class NoConvergence(Exception): | for which the solution fail...|except Exception as e: | print(' FAILED:', type(e).__name__, str(e)[:100]) | except Exception as e: | print(' FAILED:', type(e).__name__, str(e)[:100]) | except Exception as e: | print(' FAILED:', type(e).__name__, str(e)[:100])|1217 except ValueError: | 1218 raise ValueError( | 1243 raise ValueError(","Currently, passing a (0,2) shaped array to the WCS transformation functions raises an error:|InconsistentAxisTypesError Traceback (most recent call last)|2158 raise ValueError(""No basic WCS settings were created."")|InconsistentAxisTypesError: ERROR 4 in wcss2p() at line 2876 of file cextern/wcslib/C/wcs.c",1,1,0,/home/shashwatsuthar/research/openhands-adp-memory/analysis/contextbench_posthoc/20260606_220027/remote/execution_full_qwen36_65k_fix1_minimal/astropy__astropy-4973/memory
django__django-11776,no_memory,,"12 from django.core.exceptions import ValidationError, NON_FIELD_ERRORS | 145 except KeyError: | 146 raise KeyError(|8 except ImportError: # Python 2 | 20 from django.core.exceptions import ValidationError | 143 except Exception|919205ef8 Refs #3397 -- Corrected the Exception that is caught when ordering by non-fields (added in [4596]), thanks glin@seznam.cz.|from django.core.exceptions import ValidationError | Traceback (most recent call last): | AttributeError: module 'html.parser' has no attribute 'HTMLParseError|E AttributeError: module 'html.parser' has no attribute 'HTMLParseError' | ERROR tests/forms_tests/tests/test_forms.py - AttributeError: module 'html.pa... | ERROR: not found: /testbed/tests/forms_tests/tests/test_forms.py::FormManualRenderTests::test_error_output|42 except AttributeError:|12 # HTMLParseError was removed in Python 3.5, use ValueError instead | 16 HTMLParseError = ValueError | # HTMLParseError was removed in Python 3.5, use ValueError instead | HTMLParseError = ValueError | except AttributeError: | except AttributeError|except ImportError: # Python 2 | from django.core.exceptions import ValidationError | except Exception: | except ImportError: # Python 2 | from django.core.exceptions import ValidationError | except Exception|12 from django.core.exceptions import ValidationError, NON_FIELD_ERRORS|12 from django.core.exceptions import ValidationError, NON_FIELD_ERRORS | from django.core.exceptions import ValidationError, NON_FIELD_ERRORS | except KeyError: | raise KeyError( | raise TypeError( | raise ValueError( | except ValidationError: | from django.core.exceptions import ValidationError, NON_FIELD_ERRORS |...",,0,0,0,/home/shashwatsuthar/research/openhands-adp-memory/analysis/contextbench_posthoc/20260606_220027/remote/execution_full_qwen36_65k_fix1_minimal/django__django-11776/no_memory
django__django-11776,raw,"356- raise ValueError(|1→from django.core.exceptions import ValidationError|Traceback (most recent call last):|TypeError: Error when calling the metaclass bases|AttributeError: 'NoneType' object has no attribute 'loader'|FormsetTests (unittest.loader._FailedTest) ... ERROR|ERROR: FormsetTests (unittest.loader._FailedTest)|AttributeError: module 'forms_tests.tests.test_formsets' has no attribute 'FormsetTests|FAILED (errors=1)|✗ Test 1 failed: Expected error_class='nonform', got 'errorlist nonform'","tests/middleware_exceptions/|12 from django.core.exceptions import ValidationError, NON_FIELD_ERRORS | 145 except KeyError: | 146 raise KeyError(|8 except ImportError: # Python 2 | 20 from django.core.exceptions import ValidationError | 143 except Exception|320 raise TypeError( | 332 raise ValueError(|3 from django.core.exceptions import ValidationError | 159 except IndexError: | 196 raise AttributeError(""'%s' object has no attribute 'cleaned_data'"" % self.__class__.__name__)|9:from django.core.exceptions import NON_FIELD_ERRORS|except ImportError: # Python 2 | from django.core.exceptions import ValidationError | except Exception: | except ImportError: # Python 2 | from django.core.exceptions import ValidationError | except Exception|from django.core.exceptions import ValidationError, NON_FIELD_ERRORS | except KeyError: | raise KeyError( | raise TypeError( | raise ValueError( | except ValidationError: | from django.core.exceptions import ValidationError, NON_FIELD_ERRORS | except KeyError: | raise KeyError( | raise TypeError( | raise ValueError(...|332 raise ValueError(|332 raise ValueError( | from django.core.exceptions import ValidationError, NON_FIELD_ERRORS | except KeyError: | raise KeyError( | raise TypeError( | raise ValueError( | except ValidationError: | from django.core.exceptions import ValidationError, NON_FIELD_ERRORS | except KeyError: | raise KeyError( | raise TypeEr...",,1,1,0,/home/shashwatsuthar/research/openhands-adp-memory/analysis/contextbench_posthoc/20260606_220027/remote/execution_full_qwen36_65k_fix1_minimal/django__django-11776/raw
django__django-11776,adp,"356- raise ValueError(|1→from django.core.exceptions import ValidationError|Traceback (most recent call last):|TypeError: Error when calling the metaclass bases|AttributeError: 'NoneType' object has no attribute 'loader'|FormsetTests (unittest.loader._FailedTest) ... ERROR|ERROR: FormsetTests (unittest.loader._FailedTest)|AttributeError: module 'forms_tests.tests.test_formsets' has no attribute 'FormsetTests|FAILED (errors=1)|✗ Test 1 failed: Expected error_class='nonform', got 'errorlist nonform'","tests/middleware_exceptions/|12 from django.core.exceptions import ValidationError, NON_FIELD_ERRORS | 145 except KeyError: | 146 raise KeyError(|8 except ImportError: # Python 2 | 20 from django.core.exceptions import ValidationError | 143 except Exception|Traceback (most recent call last): | AttributeError: module 'html.parser' has no attribute 'HTMLParseError|1. Agent research ERROR: Sub-agent research failed: Chromium is required for browser operations but is not installed.|No matches found|Traceback (most recent call last): | ModuleNotFoundError: No module named 'UserList'|django/template/smartif.py:152: error_class = ValueError|django/forms/models.py-309- raise ValueError('ModelForm has no model class specified.')|except ImportError: # Python 2 | from django.core.exceptions import ValidationError | except Exception: | except ImportError: # Python 2 | from django.core.exceptions import ValidationError | except Exception",,1,1,0,/home/shashwatsuthar/research/openhands-adp-memory/analysis/contextbench_posthoc/20260606_220027/remote/execution_full_qwen36_65k_fix1_minimal/django__django-11776/adp
django__django-11776,memory,- Traceback (most recent call last):|- ERROR: FormsetTests (unittest.loader._FailedTest)|- FAILED (errors=1)|- TypeError: Error when calling the metaclass bases|356- raise ValueError(|1→from django.core.exceptions import ValidationError|Traceback (most recent call last):|AttributeError: 'NoneType' object has no attribute 'loader'|FormsetTests (unittest.loader._FailedTest) ... ERROR|ERROR: FormsetTests (unittest.loader._FailedTest),"tests/middleware_exceptions/|12 from django.core.exceptions import ValidationError, NON_FIELD_ERRORS | 145 except KeyError: | 146 raise KeyError(|8 except ImportError: # Python 2 | 20 from django.core.exceptions import ValidationError | 143 except Exception|320 raise TypeError( | 332 raise ValueError(|332 raise ValueError(|Traceback (most recent call last): | AttributeError: module 'html.parser' has no attribute 'HTMLParseError|42 except AttributeError:",,1,1,0,/home/shashwatsuthar/research/openhands-adp-memory/analysis/contextbench_posthoc/20260606_220027/remote/execution_full_qwen36_65k_fix1_minimal/django__django-11776/memory
django__django-18166,no_memory,,"3 from django.core.exceptions import ValidationError | 160 except IndexError: | 197 raise AttributeError(""'%s' object has no attribute 'cleaned_data'"" % self.__class__.__name__)|118 # FormSet instances can also have an error attribute if validation failed for|from django.core.exceptions import ValidationError | except IndexError: | raise AttributeError(""'%s' object has no attribute 'cleaned_data'"" % self.__class__.__name__) | Raises an AttributeError if ordering is not allowed. | raise AttributeError(""'%s' object has no attribute 'ordered_forms'"" % self.__class__.__name_...|# FormSet instances can also have an error attribute if validation failed for | # data, then throw an exception. MAX_NUM_FORMS in the data is | # data, then throw an exception. MIN_NUM_FORMS in the data is | self.fail('Requesting an invalid formset index should raise an exception') | except IndexError: | # Four form...|E django.core.exceptions.ImproperlyConfigured: Requested setting DATABASES, but settings are not configured. You must either define the environment variable DJANGO_SETTINGS_MODULE or call settings.configure() before accessing settings. | <h1>{% if exception_type %}{{ exception_type }}{% else %}Report{% endif %}|ERROR: test_form_kwargs_and_kwargs_for_form_merged (forms_tests.tests.test_formsets.TestFormKwargs) | Traceback (most recent call last): | AttributeError: 'CustomFormSet' object has no attribute 'min_num' | ERROR: test_form_kwargs_passed_to_forms (forms_tests.tests.test_formsets.TestFormKwargs) | Traceback (most rec...",,0,0,0,/home/shashwatsuthar/research/openhands-adp-memory/analysis/contextbench_posthoc/20260606_220027/remote/execution_full_qwen36_65k_fix1_minimal/django__django-18166/no_memory
django__django-18166,raw,"When explicitly setting form_kwargs = {'empty_permitted':True} or form_kwargs = {'empty_permitted':False} , a KeyError occurs when rendering a template that uses a formset's empty_form.|1→from django.core.exceptions import ValidationError|SyntaxError: Non-ASCII character '/xe2' in file test_issue.py on line 39, but no encoding declared|see http:/www.python.org/peps/pep-0263.html for details|print(f""FAIL Test 1 - TypeError: {e}"")|SyntaxError: invalid syntax|FAIL Test 1 - TypeError: DeclarativeFieldsMetaclass object got multiple values for keyword argument 'empty_permitted'|FAIL Test 2 - TypeError: DeclarativeFieldsMetaclass object got multiple values for keyword argument 'empty_permitted'|FAIL Test 3 - TypeError: __init__() got an unexpected keyword argument 'some_other_kwarg'|Traceback (most recent call last):","tests/middleware_exceptions/ | /testbed/tests/test_exceptions/|3 from django.core.exceptions import ValidationError | 160 except IndexError: | 197 raise AttributeError(""'%s' object has no attribute 'cleaned_data'"" % self.__class__.__name__)|from django.core.exceptions import ValidationError | except IndexError: | raise AttributeError(""'%s' object has no attribute 'cleaned_data'"" % self.__class__.__name__) | Raises an AttributeError if ordering is not allowed. | raise AttributeError(""'%s' object has no attribute 'ordered_forms'"" % self.__class__.__name_...|161 except IndexError:|161 except IndexError: | from django.core.exceptions import ValidationError | except IndexError: | raise AttributeError(""'%s' object has no attribute 'cleaned_data'"" % self.__class__.__name__) | Raises an AttributeError if ordering is not allowed. | raise AttributeError(""'%s' object has no attribute 'ordered_forms'""...|ERROR: test_form_kwargs_and_kwargs_for_form_merged (__main__.FormKwargsTestCase) | Traceback (most recent call last): | TypeError: __init__() got an unexpected keyword argument 'formset' | ERROR: test_kwargs_for_form_method (__main__.FormKwargsTestCase) | Traceback (most recent call last): | TypeError: __init__() go...",,1,1,0,/home/shashwatsuthar/research/openhands-adp-memory/analysis/contextbench_posthoc/20260606_220027/remote/execution_full_qwen36_65k_fix1_minimal/django__django-18166/raw
django__django-18166,adp,"When explicitly setting form_kwargs = {'empty_permitted':True} or form_kwargs = {'empty_permitted':False} , a KeyError occurs when rendering a template that uses a formset's empty_form.|1→from django.core.exceptions import ValidationError|SyntaxError: Non-ASCII character '/xe2' in file test_issue.py on line 39, but no encoding declared|see http:/www.python.org/peps/pep-0263.html for details|print(f""FAIL Test 1 - TypeError: {e}"")|SyntaxError: invalid syntax|FAIL Test 1 - TypeError: DeclarativeFieldsMetaclass object got multiple values for keyword argument 'empty_permitted'|FAIL Test 2 - TypeError: DeclarativeFieldsMetaclass object got multiple values for keyword argument 'empty_permitted'|FAIL Test 3 - TypeError: __init__() got an unexpected keyword argument 'some_other_kwarg'|Traceback (most recent call last):","tests/middleware_exceptions/ | /testbed/tests/test_exceptions/|3 from django.core.exceptions import ValidationError | 160 except IndexError: | 197 raise AttributeError(""'%s' object has no attribute 'cleaned_data'"" % self.__class__.__name__)|from django.core.exceptions import ValidationError | except IndexError: | raise AttributeError(""'%s' object has no attribute 'cleaned_data'"" % self.__class__.__name__) | Raises an AttributeError if ordering is not allowed. | raise AttributeError(""'%s' object has no attribute 'ordered_forms'"" % self.__class__.__name_...|165 except IndexError: | from django.core.exceptions import ValidationError | except IndexError: | raise AttributeError(""'%s' object has no attribute 'cleaned_data'"" % self.__class__.__name__) | Raises an AttributeError if ordering is not allowed. | raise AttributeError(""'%s' object has no attribute 'ordered_forms'""...|165 except IndexError:|Traceback (most recent call last): | ModuleNotFoundError: No module named 'tests.settings|first failed test.|Traceback (most recent call last): | TypeError: __init__() got an unexpected keyword argument 'custom_field'|Traceback (most recent call last): | AttributeError: 'CustomAttrFormSet' object has no attribute 'min_num'",,1,1,0,/home/shashwatsuthar/research/openhands-adp-memory/analysis/contextbench_posthoc/20260606_220027/remote/execution_full_qwen36_65k_fix1_minimal/django__django-18166/adp
django__django-18166,memory,"When explicitly setting form_kwargs = {'empty_permitted':True} or form_kwargs = {'empty_permitted':False} , a KeyError occurs when rendering a template that uses a formset's empty_form.|- FAIL Test 1 - TypeError: DeclarativeFieldsMetaclass object got multiple values for keyword argument 'empty_permitted'|- FAIL Test 2 - TypeError: DeclarativeFieldsMetaclass object got multiple values for keyword argument 'empty_permitted'|- FAIL Test 3 - TypeError: __init__() got an unexpected keyword argument 'some_other_kwarg'|- Traceback (most recent call last):|- E django.core.exceptions.ImproperlyConfigured: Requested setting FORM_RENDERER, but settings are not configured. You must either define the environment variable DJANGO_SETTINGS_MODULE or call settings.configure() be...|- ERROR tests/forms_tests/tests/test_formsets.py - django.core.exceptions.Impro...|1→from django.core.exceptions import ValidationError|SyntaxError: Non-ASCII character '/xe2' in file test_issue.py on line 39, but no encoding declared|see http:/www.python.org/peps/pep-0263.html for details","tests/middleware_exceptions/ | /testbed/tests/test_exceptions/|3 from django.core.exceptions import ValidationError | 160 except IndexError: | 197 raise AttributeError(""'%s' object has no attribute 'cleaned_data'"" % self.__class__.__name__)|from django.core.exceptions import ValidationError | except IndexError: | raise AttributeError(""'%s' object has no attribute 'cleaned_data'"" % self.__class__.__name__) | Raises an AttributeError if ordering is not allowed. | raise AttributeError(""'%s' object has no attribute 'ordered_forms'"" % self.__class__.__name_...|167 except IndexError: | from django.core.exceptions import ValidationError | except IndexError: | raise AttributeError(""'%s' object has no attribute 'cleaned_data'"" % self.__class__.__name__) | Raises an AttributeError if ordering is not allowed. | raise AttributeError(""'%s' object has no attribute 'ordered_forms'""...|except Exception as e: | print(f"" FAIL: {type(e).__name__}: {e}"")|Traceback (most recent call last): | ModuleNotFoundError: No module named 'tests.settings|except Exception as e: | print(f"" FAIL: {type(e).__name__}: {e}"") | except Exception as e: | print(f"" FAIL: {type(e).__name__}: {e}"")|Traceback (most recent call last): | django.core.exceptions.ImproperlyConfigured: The SECRET_KEY setting must not be empty.|Traceback (most recent call last): | TypeError: __init__() got an unexpected keyword argument 'custom_field'|52 except Exception as e: | 53 print(f"" FAIL: {type(e).__name__}: {e}"") | except Exception as e: | print(f"" FAIL: {type(e).__name__}: {e}"") | except Exception as e: | print(f"" FAIL: {type(e).__name__}: {e}"")",,1,1,0,/home/shashwatsuthar/research/openhands-adp-memory/analysis/contextbench_posthoc/20260606_220027/remote/execution_full_qwen36_65k_fix1_minimal/django__django-18166/memory
django__django-1891,no_memory,,"12 from django.core import exceptions | 84 except KeyError|8 from django.core.exceptions import (|926 raise exceptions.ValidationError( | 939 raise exceptions.FieldError(|1174 raise TypeError('Cannot reverse a query once a slice has been taken.')|from django.core import exceptions | except KeyError: | raise TypeError( | raise ValueError('Chunk size must be strictly positive.') | # The default_alias property raises TypeError if default_alias | # can't be set automatically or AttributeError if it isn't an | except (AttributeError, TypeError): | raise TypeError...|Traceback (most recent call last): | ModuleNotFoundError: No module named 'tests.settings|Traceback (most recent call last): | django.core.exceptions.FieldError: Cannot resolve keyword 'distinct' into field. Choices are: groups, id, name|foreign_keys (unittest.loader._FailedTest) ... ERROR | ERROR: foreign_keys (unittest.loader._FailedTest) | ImportError: Failed to import test module: foreign_keys | Traceback (most recent call last): | ModuleNotFoundError: No module named 'foreign_keys' | FAILED (errors=1)|from django.core.exceptions import ( | with self.assertRaisesMessage(ValueError, 'ModelForm has no model class specified.'): | with self.assertRaisesMessage(TypeError, expected_msg): | with self.assertRaisesMessage(TypeError, expected_msg): | with self.assertRaisesMessage(ValueError, msg): | with self.assertRaisesMe...|ERROR: test_limit_choices_to_with_distinct (model_forms.tests.LimitChoicesToTests) | Traceback (most recent call last): | django.db.utils.NotSupportedError: SQLite schema editor cannot be used while foreign key constraint checks are enabled. Make sure to disable them before entering a transaction.atomic() context be...",,0,0,0,/home/shashwatsuthar/research/openhands-adp-memory/analysis/contextbench_posthoc/20260606_220027/remote/execution_full_qwen36_65k_fix1_minimal/django__django-1891/no_memory
django__django-1891,raw,8→from django.core.exceptions import (|7→from django.core.exceptions import (|7→from django.core.exceptions import ValidationError|SyntaxError: invalid syntax|Traceback (most recent call last):|AttributeError: 'module' object has no attribute 'lru_cache'|AttributeError: 'NoneType' object has no attribute 'loader',"tests/middleware_exceptions/ | /testbed/tests/test_exceptions/|8 from django.core.exceptions import ( | 177 raise TypeError('formfield_callback must be a function or callable') | 287 except (ValueError, TypeError, self.queryset.model.DoesNotExist): | 356 except TypeError: | 365 except (ValueError, TypeError)|7 from django.core.exceptions import ValidationError|from django.core.exceptions import ValidationError | except ImportError: | from django.core.exceptions import ValidationError | except ImportError|from django.core.exceptions import ( | with self.assertRaisesMessage(ValueError, 'ModelForm has no model class specified.'): | with self.assertRaisesMessage(TypeError, expected_msg): | with self.assertRaisesMessage(TypeError, expected_msg): | with self.assertRaisesMessage(ValueError, msg): | with self.assertRaisesMe...|7 from django.core.exceptions import (|FAIL: test_limit_choices_to_with_m2m_filter_does_not_duplicate (model_forms.tests.ForeignKeyWithM2MFilterTests) | Traceback (most recent call last): | AssertionError: 5 != 2 | FAILED (failures=1)|from django.core.exceptions import ( | raise TypeError('formfield_callback must be a function or callable') | raise TypeError(msg) | raise ValueError('ModelForm has no model class specified.') | # Exclude fields that failed form validation. There's no need for | raise ValueError( | except KeyError: | except Validati...",,1,1,1,/home/shashwatsuthar/research/openhands-adp-memory/analysis/contextbench_posthoc/20260606_220027/remote/execution_full_qwen36_65k_fix1_minimal/django__django-1891/raw
django__django-1891,adp,8→from django.core.exceptions import (|7→from django.core.exceptions import (|7→from django.core.exceptions import ValidationError|SyntaxError: invalid syntax|Traceback (most recent call last):|AttributeError: 'module' object has no attribute 'lru_cache'|AttributeError: 'NoneType' object has no attribute 'loader',"tests/middleware_exceptions/ | /testbed/tests/test_exceptions/|8 from django.core.exceptions import ( | 177 raise TypeError('formfield_callback must be a function or callable') | 287 except (ValueError, TypeError, self.queryset.model.DoesNotExist): | 356 except TypeError: | 365 except (ValueError, TypeError)|8 from django.core import checks, exceptions|799 except AttributeError: | 813 raise TypeError('on_delete must be callable.')|926 raise exceptions.ValidationError( | 939 raise exceptions.FieldError( | 986 raise ValueError(""Cannot create form field for %r yet, because |7 from django.core.exceptions import ValidationError|from django.core.exceptions import ValidationError | except ImportError: | from django.core.exceptions import ValidationError | except ImportError|from django.core.exceptions import ( | with self.assertRaisesMessage(ValueError, 'ModelForm has no model class specified.'): | with self.assertRaisesMessage(TypeError, expected_msg): | with self.assertRaisesMessage(TypeError, expected_msg): | with self.assertRaisesMessage(ValueError, msg): | with self.assertRaisesMe...|ERROR: test_limit_choices_to_q_with_join_does_not_duplicate (model_forms.tests.LimitChoicesToTests) | Traceback (most recent call last): | NameError: name 'Proxy' is not defined | FAILED (errors=1)|tests (unittest.loader._FailedTest) ... ERROR | ERROR: tests (unittest.loader._FailedTest) | ImportError: Failed to import test module: tests | Traceback (most recent call last): | ImportError: cannot import name 'ProductForm' | FAILED (errors=1)",,1,1,0,/home/shashwatsuthar/research/openhands-adp-memory/analysis/contextbench_posthoc/20260606_220027/remote/execution_full_qwen36_65k_fix1_minimal/django__django-1891/adp
django__django-1891,memory,- Traceback (most recent call last):|8→from django.core.exceptions import (|7→from django.core.exceptions import (|7→from django.core.exceptions import ValidationError|SyntaxError: invalid syntax|Traceback (most recent call last):|AttributeError: 'module' object has no attribute 'lru_cache'|AttributeError: 'NoneType' object has no attribute 'loader',"tests/middleware_exceptions/ | /testbed/tests/test_exceptions/|8 from django.core.exceptions import ( | 177 raise TypeError('formfield_callback must be a function or callable') | 287 except (ValueError, TypeError, self.queryset.model.DoesNotExist): | 356 except TypeError: | 365 except (ValueError, TypeError)|1174 raise TypeError('Cannot reverse a query once a slice has been taken.')|7 from django.core.exceptions import ValidationError|ERROR: test_limit_choices_to_with_m2m_filter_does_not_duplicate (__main__.TestLimitChoicesToM2MDuplicate) | Traceback (most recent call last): | sqlite3.OperationalError: no such table: test_app_group | The above exception was the direct cause of the following exception: | Traceback (most recent call last): | raise ...|ERROR: test_limit_choices_to_with_m2m_filter_does_not_duplicate (test_issue.TestLimitChoicesToM2MDuplicate) | Traceback (most recent call last): | sqlite3.OperationalError: no such table: test_app_group | The above exception was the direct cause of the following exception: | Traceback (most recent call last): | rais...|from django.core.exceptions import ValidationError | except ImportError: | from django.core.exceptions import ValidationError | except ImportError|7 from django.core.exceptions import (|from django.core.exceptions import ( | with self.assertRaisesMessage(ValueError, 'ModelForm has no model class specified.'): | with self.assertRaisesMessage(TypeError, expected_msg): | with self.assertRaisesMessage(TypeError, expected_msg): | with self.assertRaisesMessage(ValueError, msg): | with self.assertRaisesMe...|FAIL: test_limit_choices_to_q_with_join_does_not_duplicate (model_forms.tests.LimitChoicesToTests) | Traceback (most recent call last): | AssertionError: Sequences differ: <QuerySet [<Asset: Asset object (1)>, <As[208 chars]3)>]> != [<Asset: Asset object (1)>, <Asset: Asset[35 chars](3)>] | FAILED (failures=1)",,1,1,0,/home/shashwatsuthar/research/openhands-adp-memory/analysis/contextbench_posthoc/20260606_220027/remote/execution_full_qwen36_65k_fix1_minimal/django__django-1891/memory
django__django-20098,no_memory,,"tests/middleware_exceptions/ | /testbed/tests/test_exceptions/|8 from django.core.exceptions import AppRegistryNotReady, ImproperlyConfigured | 25 raise RuntimeError(""You must supply an installed_apps argument."") | 81 raise RuntimeError(""populate() isn't reentrant"") | 125 """"""Raise an exception if all apps haven't been imported yet."""""" | 130 # exception. | 135 """"""Raise an except...|8 from django.core.exceptions import FieldDoesNotExist, ImproperlyConfigured | 51 raise TypeError | 57 except TypeError: | 196 raise TypeError(""'class Meta' got invalid attribute(s): %s"" % ','.join(meta_attrs)) | 282 raise TypeError(""Invalid argument for include_parents: %s"" % (include_parents,)) | 301 except KeyError|77 except LookupError: | 149 )), key=lambda error: error.msg)|2 from django.core.exceptions import NON_FIELD_ERRORS|6 from django.core.exceptions import ImproperlyConfigured|1260 except ValueError: | 1267 except LookupError:|except LookupError: | )), key=lambda error: error.msg) | except LookupError: | )), key=lambda error: error.msg)|149 )), key=lambda error: error.msg) | except LookupError: | )), key=lambda error: error.msg) | except LookupError: | )), key=lambda error: error.msg)|from django.core.exceptions import ImproperlyConfigured | from django.core.exceptions import ImproperlyConfigured","When declaring two models using a custom db_table setting in the Meta class, I found out that django failed to detect that the two models declared the same db_table and subsequently it will fail on syncdb when trying ...",0,0,0,/home/shashwatsuthar/research/openhands-adp-memory/analysis/contextbench_posthoc/20260606_220027/remote/execution_full_qwen36_65k_fix1_minimal/django__django-20098/no_memory
django__django-20098,raw,SyntaxError: invalid syntax|Traceback (most recent call last):|AttributeError: 'NoneType' object has no attribute 'loader',"tests/middleware_exceptions/ | /testbed/tests/test_exceptions/|77 except LookupError: | 149 )), key=lambda error: error.msg)|1260 except ValueError:|except LookupError: | )), key=lambda error: error.msg) | except LookupError: | )), key=lambda error: error.msg)|print('Found E028 error:', e.msg) | Traceback (most recent call last): | ModuleNotFoundError: No module named '_distutils_hack' | Traceback (most recent call last): | KeyError: 0|print(""PASS: Found E028 error:"", e028_errors[0].msg) | print(""FAIL: No E028 error found"") | print(""PASS: Found E028 error:"", e028_errors[0].msg) | print(""FAIL: No E028 error found"") | print(""FAIL: Found E028 error for unmanaged models:"", e028_errors[0].msg) | print(""FAIL: Found E028 error for proxy models:"", e028_er...|Traceback (most recent call last): | ModuleNotFoundError: No module named '_distutils_hack' | Traceback (most recent call last): | ModuleNotFoundError: No module named 'contenttypes'|41 print(""PASS: Found E028 error:"", e028_errors[0].msg) | 43 print(""FAIL: No E028 error found"") | 74 print(""PASS: Found E028 error:"", e028_errors[0].msg) | 76 print(""FAIL: No E028 error found"") | 110 print(""FAIL: Found E028 error for unmanaged models:"", e028_errors[0].msg) | 141 print(""FAIL: Found E028 error for pro...|Traceback (most recent call last): | ModuleNotFoundError: No module named '_distutils_hack' | Traceback (most recent call last): | ModuleNotFoundError: No module named 'tests.settings|40 print(""PASS: Found E028 error:"", e028_errors[0].msg) | 42 print(""FAIL: No E028 error found"") | 73 print(""PASS: Found E028 error:"", e028_errors[0].msg) | 75 print(""FAIL: No E028 error found"") | 109 print(""FAIL: Found E028 error for unmanaged models:"", e028_errors[0].msg) | 140 print(""FAIL: Found E028 error for pro...","When declaring two models using a custom db_table setting in the Meta class, I found out that django failed to detect that the two models declared the same db_table and subsequently it will fail on syncdb when trying ...",1,1,1,/home/shashwatsuthar/research/openhands-adp-memory/analysis/contextbench_posthoc/20260606_220027/remote/execution_full_qwen36_65k_fix1_minimal/django__django-20098/raw
django__django-20098,adp,SyntaxError: invalid syntax|Traceback (most recent call last):|AttributeError: 'NoneType' object has no attribute 'loader',"tests/middleware_exceptions/ | /testbed/tests/test_exceptions/|77 except LookupError: | 149 )), key=lambda error: error.msg)","When declaring two models using a custom db_table setting in the Meta class, I found out that django failed to detect that the two models declared the same db_table and subsequently it will fail on syncdb when trying ...",0,0,0,/home/shashwatsuthar/research/openhands-adp-memory/analysis/contextbench_posthoc/20260606_220027/remote/execution_full_qwen36_65k_fix1_minimal/django__django-20098/adp
django__django-20098,memory,- Traceback (most recent call last):|- RuntimeError: Settings already configured.|SyntaxError: invalid syntax|Traceback (most recent call last):|AttributeError: 'NoneType' object has no attribute 'loader',"tests/middleware_exceptions/ | /testbed/tests/test_exceptions/|77 except LookupError: | 149 )), key=lambda error: error.msg)|147: raise TypeError(""%s cannot proxy the swapped model '%s'."" % (name, base_meta.swapped))|except LookupError: | )), key=lambda error: error.msg) | except LookupError: | )), key=lambda error: error.msg)|print(f"" Error: {e.msg}"") | Traceback (most recent call last): | ModuleNotFoundError: No module named '_distutils_hack' | Traceback (most recent call last): | TypeError: <lambda>() takes 0 positional arguments but 3 were given|Traceback (most recent call last): | ModuleNotFoundError: No module named '_distutils_hack' | ERROR: test_collision_in_same_app (test_duplicate_db_table.DuplicateDBTableTests) | Traceback (most recent call last): | ModuleNotFoundError: No module named 'check_framework' | ERROR: test_no_collision_for_proxy_models (te...|Traceback (most recent call last): | ModuleNotFoundError: No module named '_distutils_hack'","When declaring two models using a custom db_table setting in the Meta class, I found out that django failed to detect that the two models declared the same db_table and subsequently it will fail on syncdb when trying ...",1,1,1,/home/shashwatsuthar/research/openhands-adp-memory/analysis/contextbench_posthoc/20260606_220027/remote/execution_full_qwen36_65k_fix1_minimal/django__django-20098/memory
django__django-21204,no_memory,,"7 from django.core.exceptions import EmptyResultSet, FieldError | 217 raise TypeError(|1 from django.core.exceptions import FieldDoesNotExist, FieldError | 81 with self.assertRaisesMessage(TypeError, msg)|Traceback (most recent call last): | ModuleNotFoundError: No module named 'tests.settings|Traceback (most recent call last): | raise RuntimeError( | RuntimeError: Model class tests.queries.models.DumbCategory doesn't declare an explicit app_label and isn't in an application in INSTALLED_APPS.|test_defer_only_load (unittest.loader._FailedTest) ... ERROR | ERROR: test_defer_only_load (unittest.loader._FailedTest) | ImportError: Failed to import test module: test_defer_only_load | Traceback (most recent call last): | ModuleNotFoundError: No module named 'test_defer_only_load' | FAILED (errors=1)|test_defer_only_load (unittest.loader._FailedTest) ... ERROR | ERROR: test_defer_only_load (unittest.loader._FailedTest) | ImportError: Failed to import test module: test_defer_only_load | Traceback (most recent call last): | ModuleNotFoundError: No module named 'tests' | FAILED (errors=1)",,0,0,0,/home/shashwatsuthar/research/openhands-adp-memory/analysis/contextbench_posthoc/20260606_220027/remote/execution_full_qwen36_65k_fix1_minimal/django__django-21204/no_memory
django__django-21204,raw,"1736- raise TypeError(""Cannot call only() after .values() or .values_list()"")|1740- raise TypeError(""Cannot pass None as an argument to only()."")|1744- raise ValueError(""only() is not supported with FilteredRelation."")|SyntaxError: Non-ASCII character '/xe2' in file test_issue.py on line 98, but no encoding declared|see http:/www.python.org/peps/pep-0263.html for details|SyntaxError: invalid syntax|Traceback (most recent call last):|AttributeError: 'NoneType' object has no attribute 'loader'|AttributeError: module 'functools' has no attribute 'cache'","tests/middleware_exceptions/ | /testbed/tests/test_exceptions/|7 from django.core.exceptions import EmptyResultSet, FieldError | 217 raise TypeError(",,1,1,0,/home/shashwatsuthar/research/openhands-adp-memory/analysis/contextbench_posthoc/20260606_220027/remote/execution_full_qwen36_65k_fix1_minimal/django__django-21204/raw
django__django-21204,adp,"1736- raise TypeError(""Cannot call only() after .values() or .values_list()"")|1740- raise TypeError(""Cannot pass None as an argument to only()."")|1744- raise ValueError(""only() is not supported with FilteredRelation."")|SyntaxError: Non-ASCII character '/xe2' in file test_issue.py on line 98, but no encoding declared|see http:/www.python.org/peps/pep-0263.html for details|SyntaxError: invalid syntax|Traceback (most recent call last):|AttributeError: 'NoneType' object has no attribute 'loader'|AttributeError: module 'functools' has no attribute 'cache'","tests/middleware_exceptions/ | /testbed/tests/test_exceptions/|1044 except KeyError:|1 from django.core.exceptions import FieldDoesNotExist, FieldError|Traceback (most recent call last): | django.core.exceptions.ImproperlyConfigured: Requested setting LOGGING_CONFIG, but settings are not configured. You must either define the environment variable DJANGO_SETTINGS_MODULE or call settings.configure() before accessing settings.|Traceback (most recent call last): | ModuleNotFoundError: No module named 'tests.settings|18 from django.core.exceptions import FieldDoesNotExist, FieldError|1780 generate a MultiJoin exception. | 1808 last_field_exception = None | 1823 last_field_exception = exc | 1835 except FieldError: | 1837 if isinstance(final_field, Field) and last_field_exception: | 1838 raise last_field_exception",,1,1,0,/home/shashwatsuthar/research/openhands-adp-memory/analysis/contextbench_posthoc/20260606_220027/remote/execution_full_qwen36_65k_fix1_minimal/django__django-21204/adp
django__django-21204,memory,"- Traceback (most recent call last):|1736- raise TypeError(""Cannot call only() after .values() or .values_list()"")|1740- raise TypeError(""Cannot pass None as an argument to only()."")|1744- raise ValueError(""only() is not supported with FilteredRelation."")|SyntaxError: Non-ASCII character '/xe2' in file test_issue.py on line 98, but no encoding declared|see http:/www.python.org/peps/pep-0263.html for details|SyntaxError: invalid syntax|Traceback (most recent call last):|AttributeError: 'NoneType' object has no attribute 'loader'|AttributeError: module 'functools' has no attribute 'cache'","tests/middleware_exceptions/ | /testbed/tests/test_exceptions/|7 from django.core.exceptions import EmptyResultSet, FieldError | 217 raise TypeError(|13 from django.core.exceptions import FieldError|18 from django.core.exceptions import FieldDoesNotExist, FieldError|1044 except KeyError:",,1,1,0,/home/shashwatsuthar/research/openhands-adp-memory/analysis/contextbench_posthoc/20260606_220027/remote/execution_full_qwen36_65k_fix1_minimal/django__django-21204/memory
django__django-21501,no_memory,,"3 from django.core.exceptions import ValidationError | 160 except IndexError: | 197 raise AttributeError(""'%s' object has no attribute 'cleaned_data'"" % self.__class__.__name__)|from django.core.exceptions import ValidationError | except IndexError: | raise AttributeError(""'%s' object has no attribute 'cleaned_data'"" % self.__class__.__name__) | Raises an AttributeError if ordering is not allowed. | raise AttributeError(""'%s' object has no attribute 'ordered_forms'"" % self.__class__.__name_...|ERROR: formsets (unittest.loader._FailedTest) | ImportError: Failed to import test module: formsets | Traceback (most recent call last): | ModuleNotFoundError: No module named 'formsets' | FAILED (errors=1)|first failed test.",,0,0,0,/home/shashwatsuthar/research/openhands-adp-memory/analysis/contextbench_posthoc/20260606_220027/remote/execution_full_qwen36_65k_fix1_minimal/django__django-21501/no_memory
django__django-21501,raw,"When explicitly setting form_kwargs = {'empty_permitted':True} or form_kwargs = {'empty_permitted':False} , a KeyError occurs when rendering a template that uses a formset's empty_form.|1→from django.core.exceptions import ValidationError|SyntaxError: Non-ASCII character '/xe2' in file test_issue.py on line 39, but no encoding declared|see http:/www.python.org/peps/pep-0263.html for details|print(f""FAIL Test 1 - TypeError: {e}"")|SyntaxError: invalid syntax|FAIL Test 1 - TypeError: DeclarativeFieldsMetaclass object got multiple values for keyword argument 'empty_permitted'|FAIL Test 2 - TypeError: DeclarativeFieldsMetaclass object got multiple values for keyword argument 'empty_permitted'|FAIL Test 3 - TypeError: __init__() got an unexpected keyword argument 'some_other_kwarg'|Traceback (most recent call last):","tests/middleware_exceptions/ | /testbed/tests/test_exceptions/|3 from django.core.exceptions import ValidationError | 160 except IndexError: | 197 raise AttributeError(""'%s' object has no attribute 'cleaned_data'"" % self.__class__.__name__)|from django.core.exceptions import ValidationError | except IndexError: | raise AttributeError(""'%s' object has no attribute 'cleaned_data'"" % self.__class__.__name__) | Raises an AttributeError if ordering is not allowed. | raise AttributeError(""'%s' object has no attribute 'ordered_forms'"" % self.__class__.__name_...|Traceback (most recent call last): | NameError: name 'forms' is not defined|Applying sites.0002_alter_domain_unique...model_formsets_tests (unittest.loader._FailedTest) ... ERROR | ERROR: model_formsets_tests (unittest.loader._FailedTest) | ImportError: Failed to import test module: model_formsets_tests | Traceback (most recent call last): | ModuleNotFoundError: No module named 'model_forms...|test_exception_on_unspecified_foreign_key (inline_formsets.tests.InlineFormsetFactoryTest) ... ok",,1,1,0,/home/shashwatsuthar/research/openhands-adp-memory/analysis/contextbench_posthoc/20260606_220027/remote/execution_full_qwen36_65k_fix1_minimal/django__django-21501/raw
django__django-21501,adp,"When explicitly setting form_kwargs = {'empty_permitted':True} or form_kwargs = {'empty_permitted':False} , a KeyError occurs when rendering a template that uses a formset's empty_form.|1→from django.core.exceptions import ValidationError|SyntaxError: Non-ASCII character '/xe2' in file test_issue.py on line 39, but no encoding declared|see http:/www.python.org/peps/pep-0263.html for details|print(f""FAIL Test 1 - TypeError: {e}"")|SyntaxError: invalid syntax|FAIL Test 1 - TypeError: DeclarativeFieldsMetaclass object got multiple values for keyword argument 'empty_permitted'|FAIL Test 2 - TypeError: DeclarativeFieldsMetaclass object got multiple values for keyword argument 'empty_permitted'|FAIL Test 3 - TypeError: __init__() got an unexpected keyword argument 'some_other_kwarg'|Traceback (most recent call last):","tests/middleware_exceptions/ | /testbed/tests/test_exceptions/|3 from django.core.exceptions import ValidationError | 160 except IndexError: | 197 raise AttributeError(""'%s' object has no attribute 'cleaned_data'"" % self.__class__.__name__)|from django.core.exceptions import ValidationError | except IndexError: | raise AttributeError(""'%s' object has no attribute 'cleaned_data'"" % self.__class__.__name__) | Raises an AttributeError if ordering is not allowed. | raise AttributeError(""'%s' object has no attribute 'ordered_forms'"" % self.__class__.__name_...|Traceback (most recent call last): | ModuleNotFoundError: No module named 'tests.settings|FAIL: test_empty_form_is_valid (test_empty_form_kwargs.EmptyFormKwargsTest) | Traceback (most recent call last): | AssertionError: False is not true | FAILED (failures=1)|Applying sites.0002_alter_domain_unique...model_formsets_tests (unittest.loader._FailedTest) ... ERROR | model_formsets_regress_tests (unittest.loader._FailedTest) ... ERROR | ERROR: model_formsets_tests (unittest.loader._FailedTest) | ImportError: Failed to import test module: model_formsets_tests | Traceback (most...|runtests.py: error: unrecognized arguments: --parallel 1",,1,1,0,/home/shashwatsuthar/research/openhands-adp-memory/analysis/contextbench_posthoc/20260606_220027/remote/execution_full_qwen36_65k_fix1_minimal/django__django-21501/adp
django__django-21501,memory,"When explicitly setting form_kwargs = {'empty_permitted':True} or form_kwargs = {'empty_permitted':False} , a KeyError occurs when rendering a template that uses a formset's empty_form.|- FAIL Test 1 - TypeError: DeclarativeFieldsMetaclass object got multiple values for keyword argument 'empty_permitted'|- FAIL Test 2 - TypeError: DeclarativeFieldsMetaclass object got multiple values for keyword argument 'empty_permitted'|- FAIL Test 3 - TypeError: __init__() got an unexpected keyword argument 'some_other_kwarg'|- Traceback (most recent call last):|- E django.core.exceptions.ImproperlyConfigured: Requested setting FORM_RENDERER, but settings are not configured. You must either define the environment variable DJANGO_SETTINGS_MODULE or call settings.configure() be...|- ERROR tests/forms_tests/tests/test_formsets.py - django.core.exceptions.Impro...|1→from django.core.exceptions import ValidationError|SyntaxError: Non-ASCII character '/xe2' in file test_issue.py on line 39, but no encoding declared|see http:/www.python.org/peps/pep-0263.html for details","tests/middleware_exceptions/ | /testbed/tests/test_exceptions/|3 from django.core.exceptions import ValidationError | 160 except IndexError: | 197 raise AttributeError(""'%s' object has no attribute 'cleaned_data'"" % self.__class__.__name__)|from django.core.exceptions import ValidationError | except IndexError: | raise AttributeError(""'%s' object has no attribute 'cleaned_data'"" % self.__class__.__name__) | Raises an AttributeError if ordering is not allowed. | raise AttributeError(""'%s' object has no attribute 'ordered_forms'"" % self.__class__.__name_...|Traceback (most recent call last): | ModuleNotFoundError: No module named 'tests.settings|Traceback (most recent call last): | django.core.exceptions.ImproperlyConfigured: Requested setting USE_I18N, but settings are not configured. You must either define the environment variable DJANGO_SETTINGS_MODULE or call settings.configure() before accessing settings.|205 raise AttributeError(""'%s' object has no attribute 'cleaned_data'"" % self.__class__.__name__)",,1,1,0,/home/shashwatsuthar/research/openhands-adp-memory/analysis/contextbench_posthoc/20260606_220027/remote/execution_full_qwen36_65k_fix1_minimal/django__django-21501/memory
django__django-25916,no_memory,,"8 from django.core.exceptions import ImproperlyConfigured | 16 class SitemapNotFound(Exception): | 80 except AttributeError|6 from django.core.exceptions import ImproperlyConfigured | 79 self.assertEqual(str(response.context['exception']), ""No sitemap available for section: 'simple2'"") | 84 self.assertEqual(str(response.context['exception']), 'Page 0 empty') | 89 self.assertEqual(str(response.context['exception']), ""No page 'test'"")",,0,0,0,/home/shashwatsuthar/research/openhands-adp-memory/analysis/contextbench_posthoc/20260606_220027/remote/execution_full_qwen36_65k_fix1_minimal/django__django-25916/no_memory
django__django-25916,raw,"Sitemaps without items raise ValueError on callable lastmod.|When sitemap contains not items, but supports returning lastmod for an item, it fails with a ValueError:|Traceback (most recent call last):|File ""/usr/local/lib/python3.10/site-packages/django/core/handlers/exception.py"", line 55, in inner|Exception Type: ValueError at /sitemap.xml|Exception Value: max() arg is an empty sequence|- except TypeError:|+ except (TypeError, ValueError):|8→from django.core.exceptions import ImproperlyConfigured|16→class SitemapNotFound(Exception):","tests/middleware_exceptions/ | /testbed/tests/test_exceptions/|8 from django.core.exceptions import ImproperlyConfigured | 16 class SitemapNotFound(Exception): | 80 except AttributeError|6 from django.core.exceptions import ImproperlyConfigured | 79 self.assertEqual(str(response.context['exception']), ""No sitemap available for section: 'simple2'"") | 84 self.assertEqual(str(response.context['exception']), 'Page 0 empty') | 89 self.assertEqual(str(response.context['exception']), ""No page 'test'"")",,1,1,0,/home/shashwatsuthar/research/openhands-adp-memory/analysis/contextbench_posthoc/20260606_220027/remote/execution_full_qwen36_65k_fix1_minimal/django__django-25916/raw
django__django-25916,adp,"Sitemaps without items raise ValueError on callable lastmod.|When sitemap contains not items, but supports returning lastmod for an item, it fails with a ValueError:|Traceback (most recent call last):|File ""/usr/local/lib/python3.10/site-packages/django/core/handlers/exception.py"", line 55, in inner|Exception Type: ValueError at /sitemap.xml|Exception Value: max() arg is an empty sequence|- except TypeError:|+ except (TypeError, ValueError):|8→from django.core.exceptions import ImproperlyConfigured|16→class SitemapNotFound(Exception):","tests/middleware_exceptions/ | /testbed/tests/test_exceptions/|8 from django.core.exceptions import ImproperlyConfigured | 16 class SitemapNotFound(Exception): | 80 except AttributeError|6 from django.core.exceptions import ImproperlyConfigured | 79 self.assertEqual(str(response.context['exception']), ""No sitemap available for section: 'simple2'"") | 84 self.assertEqual(str(response.context['exception']), 'Page 0 empty') | 89 self.assertEqual(str(response.context['exception']), ""No page 'test'"")",,1,1,0,/home/shashwatsuthar/research/openhands-adp-memory/analysis/contextbench_posthoc/20260606_220027/remote/execution_full_qwen36_65k_fix1_minimal/django__django-25916/adp
django__django-25916,memory,"Sitemaps without items raise ValueError on callable lastmod.|When sitemap contains not items, but supports returning lastmod for an item, it fails with a ValueError:|Traceback (most recent call last):|File ""/usr/local/lib/python3.10/site-packages/django/core/handlers/exception.py"", line 55, in inner|Exception Type: ValueError at /sitemap.xml|Exception Value: max() arg is an empty sequence|- except TypeError:|+ except (TypeError, ValueError):|- Traceback (most recent call last):|8→from django.core.exceptions import ImproperlyConfigured","tests/middleware_exceptions/ | /testbed/tests/test_exceptions/|8 from django.core.exceptions import ImproperlyConfigured | 16 class SitemapNotFound(Exception): | 80 except AttributeError|6 from django.core.exceptions import ImproperlyConfigured | 79 self.assertEqual(str(response.context['exception']), ""No sitemap available for section: 'simple2'"") | 84 self.assertEqual(str(response.context['exception']), 'Page 0 empty') | 89 self.assertEqual(str(response.context['exception']), ""No page 'test'"")|Traceback (most recent call last): | ModuleNotFoundError: No module named 'tests.settings|FAIL: test_simple_sitemap_custom_index (sitemaps_tests.test_http.HTTPSitemapTests) | Traceback (most recent call last): | AssertionError: '<?xml version=""1.0"" encoding=""UTF-8""?>/n<!-- This is a customised template -->/ [truncated]... != '<?xml version=""1.0"" encoding=""UTF-8""?>/n<!-- This is a customised template -->/...|Traceback (most recent call last): | ModuleNotFoundError: No module named 'tests'|from django.core.exceptions import ImproperlyConfigured | self.assertEqual(str(response.context['exception']), ""No sitemap available for section: 'simple2'"") | self.assertEqual(str(response.context['exception']), 'Page 0 empty') | self.assertEqual(str(response.context['exception']), ""No page 'test'"") | # doesn't rai...|FAIL: test_callable_sitemod_full (sitemaps_tests.test_http.HTTPSitemapTests) | Traceback (most recent call last): | AssertionError: '<?xml version=""1.0"" encoding=""UTF-8""?>/n<sitemapindex xmlns=""http:/www.sitemap [truncated]... != '<?xml version=""1.0"" encoding=""UTF-8""?>/n <sitemapindex xmlns=""http:/www [truncated]....|TypeError: cannot pickle 'traceback' object | The above exception was the direct cause of the following exception: | Traceback (most recent call last): | TypeError: cannot pickle 'traceback' object | test_sitemap_index_with_https_request (sitemaps_tests.test_https.HTTPSDetectionSitemapTests) failed: | AssertionError...|79 self.assertEqual(str(response.context['exception']), ""No sitemap available for section: 'simple2'"") | 84 self.assertEqual(str(response.context['exception']), 'Page 0 empty') | 89 self.assertEqual(str(response.context['exception']), ""No page 'test'"")",,1,1,0,/home/shashwatsuthar/research/openhands-adp-memory/analysis/contextbench_posthoc/20260606_220027/remote/execution_full_qwen36_65k_fix1_minimal/django__django-25916/memory
django__django-26486,no_memory,,"5 from django.core.exceptions import FieldError|Traceback (most recent call last): | ModuleNotFoundError: No module named 'tests.settings|# avoid ""RuntimeError: Model class X doesn't declare an explicit app_label|except Exception as e: | print('Error:', type(e).__name__, str(e)) | Traceback (most recent call last): | RuntimeError: Model class tests.select_related_onetoone.models.User doesn't declare an explicit app_label and isn't in an application in INSTALLED_APPS.|from django.core.exceptions import FieldError | from django.core.exceptions import FieldError|ERROR: test_inheritance_deferred (select_related_onetoone.tests.ReverseSelectRelatedTestCase) | Traceback (most recent call last): | django.core.exceptions.FieldError: Invalid field name(s) given in select_related: 'child1'. Choices are: child1, child2 | FAILED (errors=1)|282 # class won't be created (we get an exception). Therefore, we generate | 291 except LookupError|115 raise Exception(""Please define available_apps in TransactionTestCase ""|Traceback (most recent call last): | RuntimeError: Model class tests.select_related_onetoone.models.User doesn't declare an explicit app_label and isn't in an application in INSTALLED_APPS.|Traceback (most recent call last): | ModuleNotFoundError: No module named 'select_related_onetoone'",,0,0,0,/home/shashwatsuthar/research/openhands-adp-memory/analysis/contextbench_posthoc/20260606_220027/remote/execution_full_qwen36_65k_fix1_minimal/django__django-26486/no_memory
django__django-26486,raw,"1736- raise TypeError(""Cannot call only() after .values() or .values_list()"")|1740- raise TypeError(""Cannot pass None as an argument to only()."")|1744- raise ValueError(""only() is not supported with FilteredRelation."")|SyntaxError: Non-ASCII character '/xe2' in file test_issue.py on line 98, but no encoding declared|see http:/www.python.org/peps/pep-0263.html for details|SyntaxError: invalid syntax|Traceback (most recent call last):|AttributeError: 'NoneType' object has no attribute 'loader'|AttributeError: module 'functools' has no attribute 'cache'","tests/middleware_exceptions/ | /testbed/tests/test_exceptions/|- raise TypeError('%r is not an ancestor of this model' | - except AttributeError: | + except AttributeError:|5 from django.core.exceptions import FieldError|Traceback (most recent call last): | ModuleNotFoundError: No module named 'tests.settings|Applying sites.0002_alter_domain_unique...tests:ReverseSelectRelatedTestCase (unittest.loader._FailedTest) ... ERROR | ERROR: tests:ReverseSelectRelatedTestCase (unittest.loader._FailedTest) | ImportError: Failed to import test module: tests:ReverseSelectRelatedTestCase | Traceback (most recent call last): | ModuleN...|except Exception as e: | print('Error:', type(e).__name__, str(e)) | Traceback (most recent call last): | django.core.exceptions.ImproperlyConfigured: Requested setting LOGGING_CONFIG, but settings are not configured. You must either define the environment variable DJANGO_SETTINGS_MODULE or call settings.configure()...|except Exception as e: | print(' Error:', type(e).__name__, str(e)) | except Exception as e: | print(' Error:', type(e).__name__, str(e))|Traceback (most recent call last): | ModuleNotFoundError: No module named 'select_related_onetoone'|except Exception as e: | print(' Error:', type(e).__name__, str(e)) | except Exception as e: | print(' Error:', type(e).__name__, str(e)) | except Exception as e: | print(' Error:', type(e).__name__, str(e)) | except Exception as e: | print(' Error:', type(e).__name__, str(e))|Traceback (most recent call last): | RuntimeError: Model class tests.select_related_onetoone.models.User doesn't declare an explicit app_label and isn't in an application in INSTALLED_APPS.",,1,1,0,/home/shashwatsuthar/research/openhands-adp-memory/analysis/contextbench_posthoc/20260606_220027/remote/execution_full_qwen36_65k_fix1_minimal/django__django-26486/raw
django__django-26486,adp,"1736- raise TypeError(""Cannot call only() after .values() or .values_list()"")|1740- raise TypeError(""Cannot pass None as an argument to only()."")|1744- raise ValueError(""only() is not supported with FilteredRelation."")|SyntaxError: Non-ASCII character '/xe2' in file test_issue.py on line 98, but no encoding declared|see http:/www.python.org/peps/pep-0263.html for details|SyntaxError: invalid syntax|Traceback (most recent call last):|AttributeError: 'NoneType' object has no attribute 'loader'|AttributeError: module 'functools' has no attribute 'cache'","5 from django.core.exceptions import FieldError|Traceback (most recent call last): | django.core.exceptions.ImproperlyConfigured: Requested setting TEST_RUNNER, but settings are not configured. You must either define the environment variable DJANGO_SETTINGS_MODULE or call settings.configure() before accessing settings.|E django.core.exceptions.ImproperlyConfigured: Requested setting DEFAULT_INDEX_TABLESPACE, but settings are not configured. You must either define the environment variable DJANGO_SETTINGS_MODULE or call settings.configure() before accessing settings. | ERROR tests/select_related_onetoone/tests.py - django.core.excep...|except Exception as e: | print(f'Error: {type(e).__name__}: {e}') | Traceback (most recent call last): | RuntimeError: Model class tests.select_related_onetoone.models.User doesn't declare an explicit app_label and isn't in an application in INSTALLED_APPS.|except Exception as e: | print(f'Error: {type(e).__name__}: {e}') | import traceback | traceback.print_exc() | except Exception as e: | print(f'Error: {type(e).__name__}: {e}') | import traceback | traceback.print_exc()|Traceback (most recent call last): | ModuleNotFoundError: No module named 'tests.settings|74 # avoid ""RuntimeError: Model class X doesn't declare an explicit app_label|858 raise TypeError(""Cannot call select_related() after .values() or .values_list()"") | 893 # The default_alias property may raise a TypeError, so we use | 896 # the TypeError on PY2). | 899 raise ValueError(""The named annotation '%s' conflicts with the "" | 902 except (AttributeError, TypeError): | 903 raise TypeErr...|1811 except AttributeError:|836 except Exception:",,1,1,0,/home/shashwatsuthar/research/openhands-adp-memory/analysis/contextbench_posthoc/20260606_220027/remote/execution_full_qwen36_65k_fix1_minimal/django__django-26486/adp
django__django-26486,memory,"- Traceback (most recent call last):|1736- raise TypeError(""Cannot call only() after .values() or .values_list()"")|1740- raise TypeError(""Cannot pass None as an argument to only()."")|1744- raise ValueError(""only() is not supported with FilteredRelation."")|SyntaxError: Non-ASCII character '/xe2' in file test_issue.py on line 98, but no encoding declared|see http:/www.python.org/peps/pep-0263.html for details|SyntaxError: invalid syntax|Traceback (most recent call last):|AttributeError: 'NoneType' object has no attribute 'loader'|AttributeError: module 'functools' has no attribute 'cache'","5 from django.core.exceptions import FieldError|<h1>{% if exception_type %}{{ exception_type }}{% else %}Report{% endif %}"""""" | ERROR tests/select_related_onetoone/tests.py - django.core.exceptions.Imprope... | ERROR: not found: /testbed/tests/select_related_onetoone/tests.py::ReverseSelectRelatedTestCase::test_inheritance_deferred|E django.core.exceptions.ImproperlyConfigured: Requested setting DEFAULT_INDEX_TABLESPACE, but settings are not configured. You must either define the environment variable DJANGO_SETTINGS_MODULE or call settings.configure() before accessing settings. | ERROR tests/select_related_onetoone/tests.py - django.core.excep...|Applying sites.0002_alter_domain_unique...test_inheritance_deferred (unittest.loader._FailedTest) ... ERROR | ERROR: test_inheritance_deferred (unittest.loader._FailedTest) | AttributeError: module 'select_related_onetoone.tests' has no attribute 'test_inheritance_deferred' | FAILED (errors=1)|except Exception as e: | print('Error:', type(e).__name__, str(e)) | Traceback (most recent call last): | ModuleNotFoundError: No module named 'select_related_onetoone|except Exception as e: | import traceback | traceback.print_exc() | print('Error:', type(e).__name__, str(e)) | Traceback (most recent call last): | django.core.exceptions.FieldError: Invalid field name(s) given in select_related: 'child1'. Choices are: child1, child2 | Error: FieldError Invalid field name(s) given ...|608 except KeyError:|1811 except AttributeError:|282 # class won't be created (we get an exception). Therefore, we generate|except Exception as e: | print('ERROR:', type(e).__name__, str(e)) | ERROR: FieldError Invalid field name(s) given in select_related: 'child1'. Choices are: child1, child2",,1,1,0,/home/shashwatsuthar/research/openhands-adp-memory/analysis/contextbench_posthoc/20260606_220027/remote/execution_full_qwen36_65k_fix1_minimal/django__django-26486/memory
django__django-27910,no_memory,,"14 from django.core import checks, exceptions, validators | 15 # When the _meta object was formalized, this exception was moved to | 16 # django.core.exceptions. It is retained here for backwards compatibility | 18 from django.core.exceptions import FieldDoesNotExist # NOQA | 343 except (AttributeError, ValueError):...|264 except (TypeError, ValueError): | 273 except (TypeError, ValueError):|613 raise exceptions.ValidationError( | 620 raise exceptions.ValidationError(self.error_messages['null'], code='null') | 623 raise exceptions.ValidationError(self.error_messages['blank'], code='blank') | 648 except KeyError|21 except AttributeError:|592 raise exceptions.ValidationError(errors) | 613 raise exceptions.ValidationError( | 620 raise exceptions.ValidationError(self.error_messages['null'], code='null') | 623 raise exceptions.ValidationError(self.error_messages['blank'], code='blank')|14 from django.core import checks, exceptions, validators | 15 # When the _meta object was formalized, this exception was moved to | 16 # django.core.exceptions. It is retained here for backwards compatibility | 18 from django.core.exceptions import FieldDoesNotExist # NOQA|from django.core import checks, exceptions, validators | # When the _meta object was formalized, this exception was moved to | # django.core.exceptions. It is retained here for backwards compatibility | from django.core.exceptions import FieldDoesNotExist # NOQA | except (TypeError, ValueError): | except (TypeError,...|291 except (TypeError, ValueError): | 300 except (TypeError, ValueError):|619 raise exceptions.ValidationError(errors) | 640 raise exceptions.ValidationError( | 647 raise exceptions.ValidationError(self.error_messages['null'], code='null') | 650 raise exceptions.ValidationError(self.error_messages['blank'], code='blank')|619 raise exceptions.ValidationError(errors) | 643 raise exceptions.ValidationError( | 650 raise exceptions.ValidationError(self.error_messages['null'], code='null') | from django.core import checks, exceptions, validators | # When the _meta object was formalized, this exception was moved to | # django.core.exceptio...",,0,0,0,/home/shashwatsuthar/research/openhands-adp-memory/analysis/contextbench_posthoc/20260606_220027/remote/execution_full_qwen36_65k_fix1_minimal/django__django-27910/no_memory
django__django-27910,raw,"264- except (TypeError, ValueError):|273- except (TypeError, ValueError):|264→ except (TypeError, ValueError):|273→ except (TypeError, ValueError):|13→from django.core import checks, exceptions, validators|14→# When the _meta object was formalized, this exception was moved to|15→# django.core.exceptions. It is retained here for backwards compatibility|17→from django.core.exceptions import FieldDoesNotExist # NOQA|SyntaxError: Non-ASCII character '/xe2' in file test_issue.py on line 36, but no encoding declared|see http:/www.python.org/peps/pep-0263.html for details","tests/middleware_exceptions/ | /testbed/tests/test_exceptions/|14 from django.core import checks, exceptions, validators | 15 # When the _meta object was formalized, this exception was moved to | 16 # django.core.exceptions. It is retained here for backwards compatibility | 18 from django.core.exceptions import FieldDoesNotExist # NOQA|922 raise exceptions.ValidationError(|3 from django.core.exceptions import ValidationError|14 from django.core import checks, exceptions, validators | 15 # When the _meta object was formalized, this exception was moved to|from django.core import checks, exceptions, validators | # When the _meta object was formalized, this exception was moved to | # django.core.exceptions. It is retained here for backwards compatibility | from django.core.exceptions import FieldDoesNotExist # NOQA | except (TypeError, ValueError): | except (TypeError,...|12 from decimal import Decimal, DecimalException | 17 from django.core.exceptions import ValidationError|12 from decimal import Decimal, DecimalException | 18 from django.core.exceptions import ValidationError | from decimal import Decimal, DecimalException | from django.core.exceptions import ValidationError | except ValidationError: | except (ValueError, TypeError): | except (ValueError, TypeError): | except DecimalE...|from decimal import Decimal, DecimalException | from django.core.exceptions import ValidationError | except ValidationError: | except (ValueError, TypeError): | except (ValueError, TypeError): | except DecimalException: | except (ValueError, TypeError): | except OverflowError: | except AttributeError: | except Excep...|3 from django.core.exceptions import ValidationError | 12 except ImportError: | from django.core.exceptions import ValidationError | except ImportError: | from django.core.exceptions import ValidationError",,1,1,0,/home/shashwatsuthar/research/openhands-adp-memory/analysis/contextbench_posthoc/20260606_220027/remote/execution_full_qwen36_65k_fix1_minimal/django__django-27910/raw
django__django-27910,adp,"264- except (TypeError, ValueError):|273- except (TypeError, ValueError):|264→ except (TypeError, ValueError):|273→ except (TypeError, ValueError):|13→from django.core import checks, exceptions, validators|14→# When the _meta object was formalized, this exception was moved to|15→# django.core.exceptions. It is retained here for backwards compatibility|17→from django.core.exceptions import FieldDoesNotExist # NOQA|SyntaxError: Non-ASCII character '/xe2' in file test_issue.py on line 36, but no encoding declared|see http:/www.python.org/peps/pep-0263.html for details","tests/middleware_exceptions/ | /testbed/tests/test_exceptions/|14 from django.core import checks, exceptions, validators | 15 # When the _meta object was formalized, this exception was moved to | 16 # django.core.exceptions. It is retained here for backwards compatibility | 18 from django.core.exceptions import FieldDoesNotExist # NOQA|264 except (TypeError, ValueError): | 273 except (TypeError, ValueError):|Traceback (most recent call last): | ModuleNotFoundError: No module named 'tests.settings|Traceback (most recent call last): | ImportError: cannot import name 'isolate_apps' from 'django.test' (/testbed/django/test/__init__.py)|ERROR: test_charfield_with_enum_choices (__main__.EnumChoicesTest) | Traceback (most recent call last): | ModuleNotFoundError: No module named 'test_app' | ERROR: test_enum_member_as_default (__main__.EnumChoicesTest) | Traceback (most recent call last): | ModuleNotFoundError: No module named 'test_app' | ERROR: tes...|156 failed = [] | 160 except Exception as e: | 161 print(f""✗ {test.__name__} failed: {e}"") | 162 failed.append(test.__name__) | 165 if failed: | 166 print(f""FAILED: {len(failed)} test(s) failed:"") | 167 for name in failed: | failed = [] | except Exception as e: | print(f""✗ {test.__name__} failed: {e}"") | failed.appe...|✗ test_charfield_with_enum_choices failed: Got errors: [<Error: level=40, msg=""'choices' must be an iterable containing (actual value, human readable name) tuples."", hint=None, obj=<django.db.models.fields.CharField: year_in_school>, id='fields.E005'>] | ✗ test_intfield_with_intenum_choices failed: Got errors: [<Err...|15 from django.core import checks, exceptions, validators | 16 # When the _meta object was formalized, this exception was moved to | from django.core import checks, exceptions, validators | # When the _meta object was formalized, this exception was moved to | # django.core.exceptions. It is retained here for backwar...|from django.core import checks, exceptions, validators | # When the _meta object was formalized, this exception was moved to | # django.core.exceptions. It is retained here for backwards compatibility | from django.core.exceptions import FieldDoesNotExist # NOQA | except (TypeError, ValueError): | except (TypeError,...",,1,1,0,/home/shashwatsuthar/research/openhands-adp-memory/analysis/contextbench_posthoc/20260606_220027/remote/execution_full_qwen36_65k_fix1_minimal/django__django-27910/adp
django__django-27910,memory,"- Traceback (most recent call last):|- FAIL: test_grouped_choices (__main__.TestMaxLengthChoices)|- AssertionError: '15 characters' not found in ""test.MyModel.my_field: (fields.E122) 'max_length' is too small to fit the longest value in 'choices' (14 characters).|- FAILED (failures=1)|- ERROR: test_choices_containing_non_pairs (invalid_models_tests.test_ordinary_fields.CharFieldTests) [Model]|- ValueError: too many values to unpack (expected 2)|- ERROR: test_choices_named_group_non_pairs (invalid_models_tests.test_ordinary_fields.CharFieldTests)|- ERROR: test_non_iterable_choices (invalid_models_tests.test_ordinary_fields.CharFieldTests)|- ValueError: not enough values to unpack (expected 2, got 1)|- FAILED (errors=3, skipped=2)","tests/middleware_exceptions/ | /testbed/tests/test_exceptions/|14 from django.core import checks, exceptions, validators | 15 # When the _meta object was formalized, this exception was moved to | 16 # django.core.exceptions. It is retained here for backwards compatibility | 18 from django.core.exceptions import FieldDoesNotExist # NOQA | 343 except (AttributeError, ValueError):...|264 except (TypeError, ValueError): | 273 except (TypeError, ValueError):|3 from django.core.exceptions import ValidationError|14 from django.core import checks, exceptions, validators | 15 # When the _meta object was formalized, this exception was moved to | 16 # django.core.exceptions. It is retained here for backwards compatibility | 18 from django.core.exceptions import FieldDoesNotExist # NOQA|from django.core import checks, exceptions, validators | # When the _meta object was formalized, this exception was moved to | # django.core.exceptions. It is retained here for backwards compatibility | from django.core.exceptions import FieldDoesNotExist # NOQA | except (TypeError, ValueError): | except (TypeError,...|267 except (TypeError, ValueError): | 276 except (TypeError, ValueError):|Traceback (most recent call last): | ModuleNotFoundError: No module named 'tests.settings|Traceback (most recent call last): | AssertionError: Expected [(<YearInSchool.FRESHMAN: 'FR'>, 'FRESHMAN'), (<YearInSchool.SOPHOMORE: 'SO'>, 'SOPHOMORE'), (<YearInSchool.JUNIOR: 'JR'>, 'JUNIOR'), (<YearInSchool.SENIOR: 'SR'>, 'SENIOR')], got [('FR', 'FRESHMAN'), ('SO', 'SOPHOMORE'), ('JR', 'JUNIOR'), ('SR', 'SENIOR')]|Traceback (most recent call last): | AttributeError: 'DeferredAttribute' object has no attribute 'default'",,1,1,0,/home/shashwatsuthar/research/openhands-adp-memory/analysis/contextbench_posthoc/20260606_220027/remote/execution_full_qwen36_65k_fix1_minimal/django__django-27910/memory
django__django-27995,no_memory,,"970 raise ValueError('The nowait option cannot be used with skip_locked.') | 990 raise TypeError(""Cannot call select_related() after .values() or .values_list()"") | 1019 raise ValueError('prefetch_related() is not supported with FilteredRelation.')|13 from django.core import exceptions | 90 except KeyError|22 class InvalidQuery(Exception): | 63 raise TypeError(other) | 303 raise ValueError('relation_name cannot be empty.') | 307 raise ValueError('condition argument must be a Q() instance.')|286 raise TypeError(|354 raise ValueError('Chunk size must be strictly positive.') | 370 # The default_alias property raises TypeError if default_alias | 371 # can't be set automatically or AttributeError if it isn't an | 375 except (AttributeError, TypeError): | 376 raise TypeError(""Complex aggregates require an alias"") | 383 raise Typ...|1100 raise TypeError('Cannot reverse a query once a slice has been taken.') | 1109 The only exception to this is if None is passed in as the only|970 raise ValueError('The nowait option cannot be used with skip_locked.')|from django.core import exceptions | except KeyError: | raise TypeError( | raise ValueError('Chunk size must be strictly positive.') | # The default_alias property raises TypeError if default_alias | # can't be set automatically or AttributeError if it isn't an | except (AttributeError, TypeError): | raise TypeError...|370 # The default_alias property raises TypeError if default_alias | 371 # can't be set automatically or AttributeError if it isn't an | 375 except (AttributeError, TypeError): | 376 raise TypeError(""Complex aggregates require an alias"") | 383 raise TypeError(""%s is not an aggregate expression"" % alias)|371 # The default_alias property raises TypeError if default_alias | 372 # can't be set automatically or AttributeError if it isn't an | 376 except (AttributeError, TypeError): | 377 raise TypeError(""Complex aggregates require an alias"") | 384 raise TypeError(""%s is not an aggregate expression"" % alias) | from djang...",,0,0,0,/home/shashwatsuthar/research/openhands-adp-memory/analysis/contextbench_posthoc/20260606_220027/remote/execution_full_qwen36_65k_fix1_minimal/django__django-27995/no_memory
django__django-27995,raw,"1027→ raise ValueError('The nowait option cannot be used with skip_locked.')|1160→ raise TypeError('Cannot reverse a query once a slice has been taken.')|1169→ The only exception to this is if None is passed in as the only|SyntaxError: invalid syntax|Traceback (most recent call last):|AttributeError: 'NoneType' object has no attribute 'loader'|E django.core.exceptions.ImproperlyConfigured: Requested setting INSTALLED_APPS, but settings are not configured. You must either define the environment variable DJANGO_SETTINGS_MODULE or call settings.configure() bef...|ERROR tests/queries/test_qs_combinators.py - django.core.exceptions.Improperl...","tests/middleware_exceptions/ | /testbed/tests/test_exceptions/|990 raise TypeError(""Cannot call select_related() after .values() or .values_list()"") | 1019 raise ValueError('prefetch_related() is not supported with FilteredRelation.') | 1031 # The default_alias property may raise a TypeError. | 1034 raise ValueError(""The named annotation '%s' conflicts with the "" | 1037 except ...|1100 raise TypeError('Cannot reverse a query once a slice has been taken.') | 1109 The only exception to this is if None is passed in as the only | 1113 raise TypeError(""Cannot call defer() after .values() or .values_list()"") | 1128 raise TypeError(""Cannot call only() after .values() or .values_list()"") | 1132 raise...|970 raise ValueError('The nowait option cannot be used with skip_locked.')|1100 raise TypeError('Cannot reverse a query once a slice has been taken.')|13 from django.core import exceptions|1019 raise ValueError('prefetch_related() is not supported with FilteredRelation.') | 1031 # The default_alias property may raise a TypeError. | 1034 raise ValueError(""The named annotation '%s' conflicts with the "" | 1037 except TypeError: | 1038 raise TypeError(""Complex annotations require an alias"") | 1052 raise V...|696 raise TypeError(""Cannot call delete() after .values() or .values_list()"") | 805 raise TypeError(""'flat' and 'named' can't be used together."") | 807 raise TypeError(""'flat' is not valid when values_list is called with more than one field."")|970 raise ValueError('The nowait option cannot be used with skip_locked.') | 990 raise TypeError(""Cannot call select_related() after .values() or .values_list()"") | 1019 raise ValueError('prefetch_related() is not supported with FilteredRelation.')|from django.core import exceptions | except KeyError: | raise TypeError( | raise ValueError('Chunk size must be strictly positive.') | # The default_alias property raises TypeError if default_alias | # can't be set automatically or AttributeError if it isn't an | except (AttributeError, TypeError): | raise TypeError...",,1,1,0,/home/shashwatsuthar/research/openhands-adp-memory/analysis/contextbench_posthoc/20260606_220027/remote/execution_full_qwen36_65k_fix1_minimal/django__django-27995/raw
django__django-27995,adp,"1027→ raise ValueError('The nowait option cannot be used with skip_locked.')|1160→ raise TypeError('Cannot reverse a query once a slice has been taken.')|1169→ The only exception to this is if None is passed in as the only|SyntaxError: invalid syntax|Traceback (most recent call last):|AttributeError: 'NoneType' object has no attribute 'loader'|E django.core.exceptions.ImproperlyConfigured: Requested setting INSTALLED_APPS, but settings are not configured. You must either define the environment variable DJANGO_SETTINGS_MODULE or call settings.configure() bef...|ERROR tests/queries/test_qs_combinators.py - django.core.exceptions.Improperl...","tests/middleware_exceptions/ | /testbed/tests/test_exceptions/|990 raise TypeError(""Cannot call select_related() after .values() or .values_list()"") | 1019 raise ValueError('prefetch_related() is not supported with FilteredRelation.') | 1031 # The default_alias property may raise a TypeError. | 1034 raise ValueError(""The named annotation '%s' conflicts with the "" | 1037 except ...|1100 raise TypeError('Cannot reverse a query once a slice has been taken.') | 1109 The only exception to this is if None is passed in as the only | 1113 raise TypeError(""Cannot call defer() after .values() or .values_list()"") | 1128 raise TypeError(""Cannot call only() after .values() or .values_list()"") | 1132 raise...|970 raise ValueError('The nowait option cannot be used with skip_locked.') | 990 raise TypeError(""Cannot call select_related() after .values() or .values_list()"")|970 raise ValueError('The nowait option cannot be used with skip_locked.')|13 from django.core import exceptions|670 raise ValueError(""in_bulk()'s field_name must be a unique field but %r isn't."" % field_name) | 696 raise TypeError(""Cannot call delete() after .values() or .values_list()"")|raise ValueError('The nowait option cannot be used with skip_locked.')|except Exception as e: | print(f""✗ count() failed: {type(e).__name__}: {e}"") | except Exception as e: | print(f""✗ exists() failed: {type(e).__name__}: {e}"") | except Exception as e: | print(f""✗ first() failed: {type(e).__name__}: {e}"") | except Exception as e: | print(f""✗ last() failed: {type(e).__name__}: {e}"") | e...|Traceback (most recent call last): | ModuleNotFoundError: No module named 'tests.settings",,1,1,0,/home/shashwatsuthar/research/openhands-adp-memory/analysis/contextbench_posthoc/20260606_220027/remote/execution_full_qwen36_65k_fix1_minimal/django__django-27995/adp
django__django-27995,memory,"- Traceback (most recent call last):|- E django.core.exceptions.ImproperlyConfigured: Requested setting INSTALLED_APPS, but settings are not configured. You must either define the environment variable DJANGO_SETTINGS_MODULE or call settings.configure() b...|- ERROR tests/queries/test_qs_combinators.py - django.core.exceptions.Improperl...|- ERROR: found no collectors for ./swebench_9_15/testbed/tests/queries/test_qs_combinators.py::QuerySetSetOperationTests::test_unsupported_operations_on_combined_qs|SyntaxError: invalid syntax|Traceback (most recent call last):|AttributeError: 'NoneType' object has no attribute 'loader'","tests/middleware_exceptions/ | /testbed/tests/test_exceptions/|13 from django.core import exceptions | 90 except KeyError|970 raise ValueError('The nowait option cannot be used with skip_locked.') | 990 raise TypeError(""Cannot call select_related() after .values() or .values_list()"")|1100 raise TypeError('Cannot reverse a query once a slice has been taken.') | 1109 The only exception to this is if None is passed in as the only | 1113 raise TypeError(""Cannot call defer() after .values() or .values_list()"") | 1128 raise TypeError(""Cannot call only() after .values() or .values_list()"") | 1132 raise...|except Exception as e: | print(f"" UNEXPECTED ERROR: {type(e).__name__}: {e}"") | except Exception as e: | print(f"" UNEXPECTED ERROR: {type(e).__name__}: {e}"") | except Exception as e: | print(f"" UNEXPECTED ERROR: {type(e).__name__}: {e}"") | except Exception as e: | print(f"" UNEXPECTED ERROR: {type(e).__name__}: {e}"")|Traceback (most recent call last): | ModuleNotFoundError: No module named 'tests.settings",,1,1,0,/home/shashwatsuthar/research/openhands-adp-memory/analysis/contextbench_posthoc/20260606_220027/remote/execution_full_qwen36_65k_fix1_minimal/django__django-27995/memory
django__django-28211,no_memory,,"tests/middleware_exceptions/ | /testbed/tests/test_exceptions/|django/db/migrations/exceptions.py|5 from django.core.exceptions import EmptyResultSet|11 from django.core import exceptions | 77 except KeyError: | 253 except exceptions.FieldDoesNotExist: | 257 raise ValueError(msg.format(to_attr, model.__name__))|21 class InvalidQuery(Exception): | 63 raise TypeError(other)|3738 with self.assertRaises(ValueError): | 3740 with self.assertRaises(ValueError)|593 raise ValueError(""When merging querysets using 'or', you cannot have extra(select=...) on both sides."")|Traceback (most recent call last): | ModuleNotFoundError: No module named 'tests.settings|63 raise TypeError(other)|Traceback (most recent call last): | ModuleNotFoundError: No module named 'model_inheritance'",,0,0,0,/home/shashwatsuthar/research/openhands-adp-memory/analysis/contextbench_posthoc/20260606_220027/remote/execution_full_qwen36_65k_fix1_minimal/django__django-28211/no_memory
django__django-28211,raw,"""TypeError: cannot pickle"" when applying|operator to a Q object|Using a reference to a non-pickleable type of object such as dict_keys in a Q object makes the|operator fail:|Traceback (most recent call last):|TypeError: cannot pickle 'dict_keys' object|SyntaxError: invalid syntax|AttributeError: 'module' object has no attribute 'lru_cache'|ERROR: cannot pickle 'dict_keys' object|AttributeError: 'NoneType' object has no attribute 'loader'","tests/middleware_exceptions/ | /testbed/tests/test_exceptions/|21 class InvalidQuery(Exception): | 63 raise TypeError(other)|13 from django.core.exceptions import FieldDoesNotExist, FieldError|593 raise ValueError(""When merging querysets using 'or', you cannot have extra(select=...) on both sides."")|1329 except AttributeError:|except Exception as e: | print(f""Error: {e}"")|Traceback (most recent call last): | ModuleNotFoundError: No module named 'tests.settings|except Exception as e: | print(f""Error: {e}"") | except Exception as e: | print(f""Error: {e}"")|Traceback (most recent call last): | ImportError: cannot import name 'WHERE'|106 except Exception as e: | 107 print(f""Error: {e}"")",,1,1,0,/home/shashwatsuthar/research/openhands-adp-memory/analysis/contextbench_posthoc/20260606_220027/remote/execution_full_qwen36_65k_fix1_minimal/django__django-28211/raw
django__django-28211,adp,"""TypeError: cannot pickle"" when applying|operator to a Q object|Using a reference to a non-pickleable type of object such as dict_keys in a Q object makes the|operator fail:|Traceback (most recent call last):|TypeError: cannot pickle 'dict_keys' object|SyntaxError: invalid syntax|AttributeError: 'module' object has no attribute 'lru_cache'|ERROR: cannot pickle 'dict_keys' object|AttributeError: 'NoneType' object has no attribute 'loader'","tests/middleware_exceptions/ | /testbed/tests/test_exceptions/|21 class InvalidQuery(Exception): | 63 raise TypeError(other)|13 from django.core.exceptions import FieldDoesNotExist, FieldError | 105 raise RuntimeError(""Unexpected params type: %s"" % params_type)|1329 except AttributeError:|63 raise TypeError(other)|Traceback (most recent call last): | ModuleNotFoundError: No module named 'tests.settings|63 raise TypeError(other) | class InvalidQuery(Exception): | raise TypeError(other) | class InvalidQuery(Exception): | raise TypeError(other)|class InvalidQuery(Exception): | raise TypeError(other) | class InvalidQuery(Exception): | raise TypeError(other)|Applying sites.0002_alter_domain_unique...test_query (unittest.loader._FailedTest) ... ERROR | ERROR: test_query (unittest.loader._FailedTest) | ImportError: Failed to import test module: test_query | Traceback (most recent call last): | ModuleNotFoundError: No module named 'queries.test_query' | FAILED (errors=1)|test_invalid_order_by (queries.tests.QuerySetExceptionTests) ... ok | test_invalid_qs_list (queries.tests.QuerySetExceptionTests) ... ok | test_invalid_queryset_model (queries.tests.QuerySetExceptionTests) ... ok | test_iter_exceptions (queries.tests.QuerySetExceptionTests) ... ok",,1,1,1,/home/shashwatsuthar/research/openhands-adp-memory/analysis/contextbench_posthoc/20260606_220027/remote/execution_full_qwen36_65k_fix1_minimal/django__django-28211/adp
django__django-28211,memory,"""TypeError: cannot pickle"" when applying|operator to a Q object|Using a reference to a non-pickleable type of object such as dict_keys in a Q object makes the|operator fail:|Traceback (most recent call last):|TypeError: cannot pickle 'dict_keys' object|- Traceback (most recent call last):|- ERROR: cannot pickle 'dict_keys' object|- E django.core.exceptions.ImproperlyConfigured: Requested setting DATABASES, but settings are not configured. You must either define the environment variable DJANGO_SETTINGS_MODULE or call settings.configure() before...|SyntaxError: invalid syntax","tests/middleware_exceptions/ | /testbed/tests/test_exceptions/|21 class InvalidQuery(Exception): | 63 raise TypeError(other)|13 from django.core.exceptions import FieldDoesNotExist, FieldError | 105 raise RuntimeError(""Unexpected params type: %s"" % params_type)|63 raise TypeError(other) | class InvalidQuery(Exception): | raise TypeError(other) | class InvalidQuery(Exception): | raise TypeError(other)|class InvalidQuery(Exception): | raise TypeError(other) | class InvalidQuery(Exception): | raise TypeError(other)|ERROR: filter_overrides (unittest.loader._FailedTest) | FAILED (errors=1)|Traceback (most recent call last): | ModuleNotFoundError: No module named 'tests.settings|22 class InvalidQuery(Exception): | 64 raise TypeError(other)|raise TypeError(other)",,1,1,1,/home/shashwatsuthar/research/openhands-adp-memory/analysis/contextbench_posthoc/20260606_220027/remote/execution_full_qwen36_65k_fix1_minimal/django__django-28211/memory
django__django-28862,no_memory,,"tests/middleware_exceptions/ | /testbed/tests/test_exceptions/|django/db/migrations/exceptions.py|425 raise ValueError(""Can't handle dependency %r"" % (dependency,)) | 451 except LookupError:|17 raise ValueError( | 276 raise ValueError(|392 raise ValueError(""Found wrong number (%s) of constraints for %s(%s)"" % (",command to raise an exception while trying to apply the generated migration.,0,0,0,/home/shashwatsuthar/research/openhands-adp-memory/analysis/contextbench_posthoc/20260606_220027/remote/execution_full_qwen36_65k_fix1_minimal/django__django-28862/no_memory
django__django-28862,raw,"It will fail at django/db/backends/base/schema.py, line 378, in _delete_composed_index(), ValueError: Found wrong number (2) of constraints for as this one will find two constraints, the _uniq and the _idx one. No way...|411→ raise ValueError(""Found wrong number (%s) of constraints for %s(%s)"" % (|1175→ raise ValueError('Found wrong number (%s) of PK constra|SyntaxError: invalid syntax|Traceback (most recent call last):|AttributeError: 'NoneType' object has no attribute 'loader'|FAILED with error: Found wrong number (2) of constraints for test_app_testmodel(field1, field2)","tests/middleware_exceptions/ | /testbed/tests/test_exceptions/|104 def __exit__(self, exc_type, exc_value, traceback): | 109 self.atomic.__exit__(exc_type, exc_value, traceback) | 351 raise ValueError('Found wrong number (%s) of PK constraints for %s' % (|392 raise ValueError(""Found wrong number (%s) of constraints for %s(%s)"" % (|django/db/migrations/exceptions.py|509 raise ValueError(|3 from django.core.exceptions import FieldDoesNotExist | 19 except ImportError|except Exception as e: | print(f"" FAILED: {type(e).__name__}: {e}"") | except Exception as e: | print(f"" FAILED: {type(e).__name__}: {e}"") | print(""/n✗ Some tests failed!"")|Traceback (most recent call last): | ModuleNotFoundError: No module named '_distutils_hack' | Traceback (most recent call last): | ModuleNotFoundError: No module named 'tests.settings",command to raise an exception while trying to apply the generated migration.,1,1,0,/home/shashwatsuthar/research/openhands-adp-memory/analysis/contextbench_posthoc/20260606_220027/remote/execution_full_qwen36_65k_fix1_minimal/django__django-28862/raw
django__django-28862,adp,"It will fail at django/db/backends/base/schema.py, line 378, in _delete_composed_index(), ValueError: Found wrong number (2) of constraints for as this one will find two constraints, the _uniq and the _idx one. No way...|411→ raise ValueError(""Found wrong number (%s) of constraints for %s(%s)"" % (|1175→ raise ValueError('Found wrong number (%s) of PK constra|SyntaxError: invalid syntax|Traceback (most recent call last):|AttributeError: 'NoneType' object has no attribute 'loader'|FAILED with error: Found wrong number (2) of constraints for test_app_testmodel(field1, field2)","tests/middleware_exceptions/ | /testbed/tests/test_exceptions/|17 raise ValueError( | 276 raise ValueError(|392 raise ValueError(""Found wrong number (%s) of constraints for %s(%s)"" % (|except Exception as e: | print(f""FAILED: {type(e).__name__}: {e}"") | import traceback | traceback.print_exc() | except Exception as e: | print(f""FAILED: {type(e).__name__}: {e}"") | import traceback | traceback.print_exc() | print(""SOME TESTS FAILED!"")|Traceback (most recent call last): | ModuleNotFoundError: No module named '_distutils_hack' | Traceback (most recent call last): | ImportError: cannot import name 'BaseSchemaEditor' from 'django.db.backends.base.schema' (/testbed/django/db/backends/base/schema.py)|except Exception as e: | print(f""FAILED: {type(e).__name__}: {e}"") | import traceback | traceback.print_exc() | except Exception as e: | print(f""FAILED: {type(e).__name__}: {e}"") | import traceback | traceback.print_exc() | print(""SOME TESTS FAILED!"") | except Exception as e: | print(f""FAILED: {type(e).__name__}: {e...|Traceback (most recent call last): | ModuleNotFoundError: No module named '_distutils_hack' | Traceback (most recent call last): | AttributeError: 'MigrationWriter' object has no attribute 'write'|3 from django.core.exceptions import FieldDoesNotExist | 19 except ImportError|1613 with self.assertRaisesMessage(ValueError, msg)|124 print(""SOME TESTS FAILED!"") | print(""SOME TESTS FAILED!"") | except Exception as e: | print(f""FAILED: {type(e).__name__}: {e}"") | import traceback | traceback.print_exc() | except Exception as e: | print(f""FAILED: {type(e).__name__}: {e}"") | import traceback | traceback.print_exc() | print(""SOME TESTS FAILED!"")",command to raise an exception while trying to apply the generated migration.,1,1,0,/home/shashwatsuthar/research/openhands-adp-memory/analysis/contextbench_posthoc/20260606_220027/remote/execution_full_qwen36_65k_fix1_minimal/django__django-28862/adp
django__django-28862,memory,"It will fail at django/db/backends/base/schema.py, line 378, in _delete_composed_index(), ValueError: Found wrong number (2) of constraints for as this one will find two constraints, the _uniq and the _idx one. No way...|- Traceback (most recent call last):|- FAILED with error: Found wrong number (2) of constraints for test_app_testmodel(field1, field2)|411→ raise ValueError(""Found wrong number (%s) of constraints for %s(%s)"" % (|SyntaxError: invalid syntax|Traceback (most recent call last):|AttributeError: 'NoneType' object has no attribute 'loader'|FAILED with error: Found wrong number (2) of constraints for test_app_testmodel(field1, field2)","tests/middleware_exceptions/ | /testbed/tests/test_exceptions/|104 def __exit__(self, exc_type, exc_value, traceback): | 109 self.atomic.__exit__(exc_type, exc_value, traceback) | 351 raise ValueError('Found wrong number (%s) of PK constraints for %s' % (|392 raise ValueError(""Found wrong number (%s) of constraints for %s(%s)"" % (|509 raise ValueError( | 526 raise ValueError(|1 from django.core.exceptions import FieldDoesNotExist|17 raise ValueError(|3 from django.core.exceptions import FieldDoesNotExist | 19 except ImportError|except Exception as e: | print(f""/n FAILED with error: {type(e).__name__}: {e}"") | print(""TEST FAILED"") | except Exception as e: | print(f""/n FAILED with error: {type(e).__name__}: {e}"") | print(""TEST FAILED"") | print(f""index_together test: {'PASSED' if result1 else 'FAILED'}"") | print(f""unique_together test: {'PASS...|Traceback (most recent call last): | ModuleNotFoundError: No module named '_distutils_hack' | Traceback (most recent call last): | ModuleNotFoundError: No module named 'tests.settings",command to raise an exception while trying to apply the generated migration.,1,1,0,/home/shashwatsuthar/research/openhands-adp-memory/analysis/contextbench_posthoc/20260606_220027/remote/execution_full_qwen36_65k_fix1_minimal/django__django-28862/memory
django__django-28916,no_memory,,"django/db/migrations/exceptions.py|425 raise ValueError(""Can't handle dependency %r"" % (dependency,))",,0,0,0,/home/shashwatsuthar/research/openhands-adp-memory/analysis/contextbench_posthoc/20260606_220027/remote/execution_full_qwen36_65k_fix1_minimal/django__django-28916/no_memory
django__django-28916,raw,"It will fail at django/db/backends/base/schema.py, line 378, in _delete_composed_index(), ValueError: Found wrong number (2) of constraints for as this one will find two constraints, the _uniq and the _idx one. No way...|411→ raise ValueError(""Found wrong number (%s) of constraints for %s(%s)"" % (|1175→ raise ValueError('Found wrong number (%s) of PK constra|SyntaxError: invalid syntax|Traceback (most recent call last):|AttributeError: 'NoneType' object has no attribute 'loader'|FAILED with error: Found wrong number (2) of constraints for test_app_testmodel(field1, field2)","tests/middleware_exceptions/ | /testbed/tests/test_exceptions/|django/db/migrations/exceptions.py|425 raise ValueError(""Can't handle dependency %r"" % (dependency,)) | 451 except LookupError:|Traceback (most recent call last): | ModuleNotFoundError: No module named '_distutils_hack' | Traceback (most recent call last): | django.core.exceptions.ImproperlyConfigured: Requested setting INSTALLED_APPS, but settings are not configured. You must either define the environment variable DJANGO_SETTINGS_MODULE or ...|Traceback (most recent call last): | ModuleNotFoundError: No module named '_distutils_hack' | ERROR: test_fk_change_with_unique_together_order (__main__.ForeignKeyChangeUniqueTogetherOrderTest) | Traceback (most recent call last): | AttributeError: 'ProjectState' object has no attribute 'get_models' | FAILED (errors=1)|Traceback (most recent call last): | ModuleNotFoundError: No module named '_distutils_hack' | ERROR: test_fk_change_with_unique_together_order (__main__.ForeignKeyChangeUniqueTogetherOrderTest) | Traceback (most recent call last): | AttributeError: 'NoneType' object has no attribute 'add_model' | FAILED (errors=1)|Traceback (most recent call last): | ModuleNotFoundError: No module named '_distutils_hack' | FAIL: test_fk_change_with_unique_together_order (__main__.ForeignKeyChangeUniqueTogetherOrderTest) | Traceback (most recent call last): | AssertionError: 3 not less than 2 : AlterUniqueTogether (idx=3) should come before Re...|425 raise ValueError(""Can't handle dependency %r"" % (dependency,))|16 raise ValueError('Cyclic dependency in graph: {}'.format(|327 raise ValueError(""Cannot resolve operation dependencies: %r"" % self.generated_operations)",,1,1,0,/home/shashwatsuthar/research/openhands-adp-memory/analysis/contextbench_posthoc/20260606_220027/remote/execution_full_qwen36_65k_fix1_minimal/django__django-28916/raw
django__django-28916,adp,"It will fail at django/db/backends/base/schema.py, line 378, in _delete_composed_index(), ValueError: Found wrong number (2) of constraints for as this one will find two constraints, the _uniq and the _idx one. No way...|411→ raise ValueError(""Found wrong number (%s) of constraints for %s(%s)"" % (|1175→ raise ValueError('Found wrong number (%s) of PK constra|SyntaxError: invalid syntax|Traceback (most recent call last):|AttributeError: 'NoneType' object has no attribute 'loader'|FAILED with error: Found wrong number (2) of constraints for test_app_testmodel(field1, field2)","tests/middleware_exceptions/ | /testbed/tests/test_exceptions/|451 except LookupError:|327 raise ValueError(""Cannot resolve operation dependencies: %r"" % self.generated_operations)|425 raise ValueError(""Can't handle dependency %r"" % (dependency,))|print(""ERROR: No changes detected!"")|Traceback (most recent call last): | ModuleNotFoundError: No module named '_distutils_hack' | Traceback (most recent call last): | AttributeError: 'set' object has no attribute 'get_models'|print(""ERROR: No changes detected!"") | print(""ERROR: No changes detected!"")|Traceback (most recent call last): | ModuleNotFoundError: No module named '_distutils_hack' | Traceback (most recent call last): | ImportError: cannot import name 'FieldState' from 'django.db.migrations.state' (/testbed/django/db/migrations/state.py)|Traceback (most recent call last): | ModuleNotFoundError: No module named '_distutils_hack' | Traceback (most recent call last): | ValueError: too many values to unpack (expected 2)|94 print(""ERROR: No changes detected!"") | print(""ERROR: No changes detected!"") | print(""ERROR: No changes detected!"")",,1,1,0,/home/shashwatsuthar/research/openhands-adp-memory/analysis/contextbench_posthoc/20260606_220027/remote/execution_full_qwen36_65k_fix1_minimal/django__django-28916/adp
django__django-28916,memory,"It will fail at django/db/backends/base/schema.py, line 378, in _delete_composed_index(), ValueError: Found wrong number (2) of constraints for as this one will find two constraints, the _uniq and the _idx one. No way...|- Traceback (most recent call last):|- FAILED with error: Found wrong number (2) of constraints for test_app_testmodel(field1, field2)|411→ raise ValueError(""Found wrong number (%s) of constraints for %s(%s)"" % (|SyntaxError: invalid syntax|Traceback (most recent call last):|AttributeError: 'NoneType' object has no attribute 'loader'|FAILED with error: Found wrong number (2) of constraints for test_app_testmodel(field1, field2)","tests/middleware_exceptions/ | /testbed/tests/test_exceptions/|django/db/migrations/exceptions.py|451 except LookupError:|327 raise ValueError(""Cannot resolve operation dependencies: %r"" % self.generated_operations)|425 raise ValueError(""Can't handle dependency %r"" % (dependency,))|392 raise ValueError(""Found wrong number (%s) of constraints for %s(%s)"" % (|raise ValueError(""Cannot resolve operation dependencies: %r"" % self.generated_operations) | raise ValueError(""Can't handle dependency %r"" % (dependency,)) | except LookupError: | raise ValueError(""Cannot resolve operation dependencies: %r"" % self.generated_operations) | raise ValueError(""Can't handle dependency %r"" ...|Traceback (most recent call last): | ModuleNotFoundError: No module named '_distutils_hack' | Traceback (most recent call last): | django.core.exceptions.ImproperlyConfigured: Requested setting LOGGING_CONFIG, but settings are not configured. You must either define the environment variable DJANGO_SETTINGS_MODULE or ...|E django.core.exceptions.AppRegistryNotReady: Apps aren't loaded yet. | ERROR tests/migrations/test_autodetector.py - django.core.exceptions.AppRegis... | Traceback (most recent call last): | ModuleNotFoundError: No module named '_distutils_hack' | ERROR: not found: /testbed/tests/migrations/test_autodetector.py::Au...|Traceback (most recent call last): | ModuleNotFoundError: No module named '_distutils_hack' | ERROR: test_foo_together_and_field_removal (unittest.loader._FailedTest) | AttributeError: type object 'AutodetectorTests' has no attribute 'test_foo_together_and_field_removal' | FAILED (errors=1)",,1,1,0,/home/shashwatsuthar/research/openhands-adp-memory/analysis/contextbench_posthoc/20260606_220027/remote/execution_full_qwen36_65k_fix1_minimal/django__django-28916/memory
django__django-29123,no_memory,,"tests/middleware_exceptions/ | /testbed/tests/test_exceptions/|django/db/migrations/exceptions.py|327: raise ValueError(""Cannot resolve operation dependencies: %r"" % self.generated_operations)|327 raise ValueError(""Cannot resolve operation dependencies: %r"" % self.generated_operations)|425 raise ValueError(""Can't handle dependency %r"" % (dependency,))",Which results in an exception at step 6...|testapp.0002_broken_migration...Traceback|sqlite3.OperationalError,0,0,0,/home/shashwatsuthar/research/openhands-adp-memory/analysis/contextbench_posthoc/20260606_220027/remote/execution_full_qwen36_65k_fix1_minimal/django__django-29123/no_memory
django__django-29123,raw,"It will fail at django/db/backends/base/schema.py, line 378, in _delete_composed_index(), ValueError: Found wrong number (2) of constraints for as this one will find two constraints, the _uniq and the _idx one. No way...|411→ raise ValueError(""Found wrong number (%s) of constraints for %s(%s)"" % (|1175→ raise ValueError('Found wrong number (%s) of PK constra|SyntaxError: invalid syntax|Traceback (most recent call last):|AttributeError: 'NoneType' object has no attribute 'loader'|FAILED with error: Found wrong number (2) of constraints for test_app_testmodel(field1, field2)","tests/middleware_exceptions/ | /testbed/tests/test_exceptions/|django/db/migrations/exceptions.py|17 raise ValueError( | 276 raise ValueError(|425 raise ValueError(""Can't handle dependency %r"" % (dependency,))|16 raise ValueError('Cyclic dependency in graph: {}'.format(",Which results in an exception at step 6...|testapp.0002_broken_migration...Traceback|sqlite3.OperationalError,1,1,0,/home/shashwatsuthar/research/openhands-adp-memory/analysis/contextbench_posthoc/20260606_220027/remote/execution_full_qwen36_65k_fix1_minimal/django__django-29123/raw
django__django-29123,adp,"It will fail at django/db/backends/base/schema.py, line 378, in _delete_composed_index(), ValueError: Found wrong number (2) of constraints for as this one will find two constraints, the _uniq and the _idx one. No way...|411→ raise ValueError(""Found wrong number (%s) of constraints for %s(%s)"" % (|1175→ raise ValueError('Found wrong number (%s) of PK constra|SyntaxError: invalid syntax|Traceback (most recent call last):|AttributeError: 'NoneType' object has no attribute 'loader'|FAILED with error: Found wrong number (2) of constraints for test_app_testmodel(field1, field2)","tests/middleware_exceptions/ | /testbed/tests/test_exceptions/|django/db/migrations/exceptions.py|425 raise ValueError(""Can't handle dependency %r"" % (dependency,))|raise ValueError(""Cannot resolve operation dependencies: %r"" % self.generated_operations) | raise ValueError(""Can't handle dependency %r"" % (dependency,)) | except LookupError: | raise ValueError(""Cannot resolve operation dependencies: %r"" % self.generated_operations) | raise ValueError(""Can't handle dependency %r"" ...|E django.core.exceptions.ImproperlyConfigured: Requested setting INSTALLED_APPS, but settings are not configured. You must either define the environment variable DJANGO_SETTINGS_MODULE or call settings.configure() before accessing settings. | ERROR tests/migrations/test_autodetector.py - django.core.exceptions.Impro...|FAILED (errors=1)|Traceback (most recent call last): | ModuleNotFoundError: No module named '_distutils_hack' | ERROR: test_remove_field_and_foo_together (migrations.test_autodetector.AutodetectorTests) | Traceback (most recent call last): | ValueError: Cyclic dependency in graph: (<RemoveField model_name='book', name='newfield'>, {<...|tests/migrations/test_exceptions.py|side_effect=AssertionError(""Should not have prompted for not null addition"")) | side_effect=AssertionError(""Should not have prompted for not null addition"")) | side_effect=AssertionError(""Should not have prompted for not null addition"")) | side_effect=AssertionError(""Should not have prompted for not null addition""))...|Traceback (most recent call last): | ModuleNotFoundError: No module named '_distutils_hack' | ERROR: test_replace_field_and_foo_together (migrations.test_autodetector.AutodetectorTests) | Traceback (most recent call last): | ValueError: Cyclic dependency in graph: (<RemoveField model_name='book', name='foo_id'>, {<A...",Which results in an exception at step 6...|testapp.0002_broken_migration...Traceback|sqlite3.OperationalError,1,1,0,/home/shashwatsuthar/research/openhands-adp-memory/analysis/contextbench_posthoc/20260606_220027/remote/execution_full_qwen36_65k_fix1_minimal/django__django-29123/adp
django__django-29123,memory,"It will fail at django/db/backends/base/schema.py, line 378, in _delete_composed_index(), ValueError: Found wrong number (2) of constraints for as this one will find two constraints, the _uniq and the _idx one. No way...|- Traceback (most recent call last):|- FAILED with error: Found wrong number (2) of constraints for test_app_testmodel(field1, field2)|411→ raise ValueError(""Found wrong number (%s) of constraints for %s(%s)"" % (|SyntaxError: invalid syntax|Traceback (most recent call last):|AttributeError: 'NoneType' object has no attribute 'loader'|FAILED with error: Found wrong number (2) of constraints for test_app_testmodel(field1, field2)","tests/middleware_exceptions/ | /testbed/tests/test_exceptions/|django/db/migrations/exceptions.py|16 raise ValueError('Cyclic dependency in graph: {}'.format(|1 from django.core.exceptions import FieldDoesNotExist|17 raise ValueError( | 276 raise ValueError(|425 raise ValueError(""Can't handle dependency %r"" % (dependency,))|451 except LookupError:|test_exceptions.py|327 raise ValueError(""Cannot resolve operation dependencies: %r"" % self.generated_operations)|side_effect=AssertionError(""Should not have prompted for not null addition"")) | side_effect=AssertionError(""Should not have prompted for not null addition"")) | side_effect=AssertionError(""Should not have prompted for not null addition"")) | side_effect=AssertionError(""Should not have prompted for not null addition""))...",Which results in an exception at step 6...|testapp.0002_broken_migration...Traceback|sqlite3.OperationalError,1,1,0,/home/shashwatsuthar/research/openhands-adp-memory/analysis/contextbench_posthoc/20260606_220027/remote/execution_full_qwen36_65k_fix1_minimal/django__django-29123/memory
django__django-29124,no_memory,,"django/db/migrations/exceptions.py|425 raise ValueError(""Can't handle dependency %r"" % (dependency,))|16 raise ValueError('Cyclic dependency in graph: {}'.format(|Traceback (most recent call last): | ModuleNotFoundError: No module named '_distutils_hack'|E django.core.exceptions.ImproperlyConfigured: Requested setting INSTALLED_APPS, but settings are not configured. You must either define the environment variable DJANGO_SETTINGS_MODULE or call settings.configure() before accessing settings. | ERROR tests/migrations/test_autodetector.py - django.core.exceptions.Impro...|Traceback (most recent call last): | ModuleNotFoundError: No module named '_distutils_hack' | Traceback (most recent call last): | RuntimeError: Model class tests.migrations.models.ModelWithCustomBase doesn't declare an explicit app_label and isn't in an application in INSTALLED_APPS.|Traceback (most recent call last): | ModuleNotFoundError: No module named '_distutils_hack' | Traceback (most recent call last): | ImportError: cannot import name 'StateForwards' from 'django.db.migrations.state' (/testbed/django/db/migrations/state.py)|Traceback (most recent call last): | ModuleNotFoundError: No module named '_distutils_hack' | Traceback (most recent call last): | TypeError: cannot unpack non-iterable ModelState object|Traceback (most recent call last): | ModuleNotFoundError: No module named '_distutils_hack' | Traceback (most recent call last): | ValueError: too many values to unpack (expected 2)|115 except LookupError:","exception when creating/applying the migration.|Which results in an exception at step 6...|testapp.0002_broken_migration...Traceback|KeyError:|exception,|exception|Traceback|django.core.exceptions.FieldDoesNotExist",0,1,0,/home/shashwatsuthar/research/openhands-adp-memory/analysis/contextbench_posthoc/20260606_220027/remote/execution_full_qwen36_65k_fix1_minimal/django__django-29124/no_memory
django__django-29124,raw,"It will fail at django/db/backends/base/schema.py, line 378, in _delete_composed_index(), ValueError: Found wrong number (2) of constraints for as this one will find two constraints, the _uniq and the _idx one. No way...|411→ raise ValueError(""Found wrong number (%s) of constraints for %s(%s)"" % (|1175→ raise ValueError('Found wrong number (%s) of PK constra|SyntaxError: invalid syntax|Traceback (most recent call last):|AttributeError: 'NoneType' object has no attribute 'loader'|FAILED with error: Found wrong number (2) of constraints for test_app_testmodel(field1, field2)","tests/middleware_exceptions/ | /testbed/tests/test_exceptions/|451 except LookupError:|327 raise ValueError(""Cannot resolve operation dependencies: %r"" % self.generated_operations)|425 raise ValueError(""Can't handle dependency %r"" % (dependency,))|E django.core.exceptions.ImproperlyConfigured: Requested setting INSTALLED_APPS, but settings are not configured. You must either define the environment variable DJANGO_SETTINGS_MODULE or call settings.configure() before accessing settings. | ERROR tests/migrations/test_autodetector.py - django.core.exceptions.Impro...|17 raise ValueError(|raise ValueError( | raise ValueError( | raise ValueError( | raise ValueError(|raise ValueError(""Cannot resolve operation dependencies: %r"" % self.generated_operations) | raise ValueError(""Can't handle dependency %r"" % (dependency,)) | except LookupError: | raise ValueError(""Cannot resolve operation dependencies: %r"" % self.generated_operations) | raise ValueError(""Can't handle dependency %r"" ...","exception when creating/applying the migration.|Which results in an exception at step 6...|testapp.0002_broken_migration...Traceback|KeyError:|exception,|exception|Traceback|django.core.exceptions.FieldDoesNotExist",1,1,0,/home/shashwatsuthar/research/openhands-adp-memory/analysis/contextbench_posthoc/20260606_220027/remote/execution_full_qwen36_65k_fix1_minimal/django__django-29124/raw
django__django-29124,adp,"It will fail at django/db/backends/base/schema.py, line 378, in _delete_composed_index(), ValueError: Found wrong number (2) of constraints for as this one will find two constraints, the _uniq and the _idx one. No way...|411→ raise ValueError(""Found wrong number (%s) of constraints for %s(%s)"" % (|1175→ raise ValueError('Found wrong number (%s) of PK constra|SyntaxError: invalid syntax|Traceback (most recent call last):|AttributeError: 'NoneType' object has no attribute 'loader'|FAILED with error: Found wrong number (2) of constraints for test_app_testmodel(field1, field2)","tests/middleware_exceptions/ | /testbed/tests/test_exceptions/|django/db/migrations/exceptions.py|425 raise ValueError(""Can't handle dependency %r"" % (dependency,))|Traceback (most recent call last): | ModuleNotFoundError: No module named '_distutils_hack' | ERROR: MigrationAutodetectorTests (unittest.loader._FailedTest) | AttributeError: module 'migrations.test_autodetector' has no attribute 'MigrationAutodetectorTests' | FAILED (errors=1)|Traceback (most recent call last): | ModuleNotFoundError: No module named '_distutils_hack'|Traceback (most recent call last): | ModuleNotFoundError: No module named '_distutils_hack' | Traceback (most recent call last): | ValueError: too many values to unpack (expected 2)","exception when creating/applying the migration.|Which results in an exception at step 6...|testapp.0002_broken_migration...Traceback|KeyError:|exception,|exception|Traceback|django.core.exceptions.FieldDoesNotExist",1,1,0,/home/shashwatsuthar/research/openhands-adp-memory/analysis/contextbench_posthoc/20260606_220027/remote/execution_full_qwen36_65k_fix1_minimal/django__django-29124/adp
django__django-29124,memory,"It will fail at django/db/backends/base/schema.py, line 378, in _delete_composed_index(), ValueError: Found wrong number (2) of constraints for as this one will find two constraints, the _uniq and the _idx one. No way...|- Traceback (most recent call last):|- FAILED with error: Found wrong number (2) of constraints for test_app_testmodel(field1, field2)|411→ raise ValueError(""Found wrong number (%s) of constraints for %s(%s)"" % (|SyntaxError: invalid syntax|Traceback (most recent call last):|AttributeError: 'NoneType' object has no attribute 'loader'|FAILED with error: Found wrong number (2) of constraints for test_app_testmodel(field1, field2)","django/db/migrations/exceptions.py|16 raise ValueError('Cyclic dependency in graph: {}'.format(|17 raise ValueError( | 276 raise ValueError(|1 from django.core.exceptions import FieldDoesNotExist|Traceback (most recent call last): | ModuleNotFoundError: No module named '_distutils_hack' | Traceback (most recent call last): | django.core.exceptions.ImproperlyConfigured: Requested setting LOGGING_CONFIG, but settings are not configured. You must either define the environment variable DJANGO_SETTINGS_MODULE or ...|Traceback (most recent call last): | ModuleNotFoundError: No module named '_distutils_hack' | Traceback (most recent call last): | ModuleNotFoundError: No module named 'tests.settings|E django.core.exceptions.ImproperlyConfigured: Requested setting INSTALLED_APPS, but settings are not configured. You must either define the environment variable DJANGO_SETTINGS_MODULE or call settings.configure() before accessing settings. | ERROR tests/migrations/test_autodetector.py - django.core.exceptions.Impro...|print(""FAIL: result is None"") | print(f""FAIL: Wrong order. Expected [AlterUniqueTogether, RemoveField], got {[type(op).__name__ for op in result]}"") | print(f""FAIL: Wrong list length. Expected 2, got {len(result)}"") | print(f""FAIL: Unexpected result type: {type(result)}"") | print(""TESTS FAILED - This is the bug we n...|Traceback (most recent call last): | ModuleNotFoundError: No module named '_distutils_hack' | FAIL: Wrong order. Expected [AlterUniqueTogether, RemoveField], got ['RemoveField', 'AlterUniqueTogether'] | TESTS FAILED - This is the bug we need to fix!|raise ValueError( | raise ValueError( | raise ValueError( | raise ValueError(","exception when creating/applying the migration.|Which results in an exception at step 6...|testapp.0002_broken_migration...Traceback|KeyError:|exception,|exception|Traceback|django.core.exceptions.FieldDoesNotExist",1,1,0,/home/shashwatsuthar/research/openhands-adp-memory/analysis/contextbench_posthoc/20260606_220027/remote/execution_full_qwen36_65k_fix1_minimal/django__django-29124/memory
django__django-29838,no_memory,,tests/middleware_exceptions/ | /testbed/tests/test_exceptions/|22 class InvalidQuery(Exception): | 63 raise TypeError(other) | 303 raise ValueError('relation_name cannot be empty.') | 307 raise ValueError('condition argument must be a Q() instance.')|Traceback (most recent call last): | ModuleNotFoundError: No module named '_distutils_hack' | Traceback (most recent call last): | TypeError: unhashable type: 'list'|Traceback (most recent call last): | ModuleNotFoundError: No module named '_distutils_hack'|36 # that contain lists should not raise TypeError | # that contain lists should not raise TypeError,Traceback|TypeError,0,1,0,/home/shashwatsuthar/research/openhands-adp-memory/analysis/contextbench_posthoc/20260606_220027/remote/execution_full_qwen36_65k_fix1_minimal/django__django-29838/no_memory
django__django-29838,raw,"Currently ValidationErrors (django.core.exceptions.ValidationError) that have identical messages don't equal each other, which is counter-intuitive, and can make certain kinds of testing more complicated. Please add a...|file_path"": ""./swebench_9_15/testbed/django/core/exceptions.py|2→Global Django exception and warning classes.|6→class FieldDoesNotExist(Exception):|11→class AppRegistryNotReady(Exception):|16→class ObjectDoesNotExist(Exception):|21→class MultipleObjectsReturned(Exception):|26→class SuspiciousOperation(Exception):|66→class RequestAborted(Exception):|find testbed/tests -path ""*test*exception*"" -o -path ""*test*validation*","tests/middleware_exceptions/ | /testbed/tests/test_exceptions/|22 class InvalidQuery(Exception): | 63 raise TypeError(other) | 303 raise ValueError('relation_name cannot be empty.') | 307 raise ValueError('condition argument must be a Q() instance.')|25 with self.assertRaisesMessage(TypeError, str(obj)): | 27 with self.assertRaisesMessage(TypeError, str(obj))|except TypeError as e: | print('Error:', e) | Traceback (most recent call last): | ModuleNotFoundError: No module named '_distutils_hack' | Error: unhashable type: 'list'|Traceback (most recent call last): | ModuleNotFoundError: No module named '_distutils_hack'|with self.assertRaisesMessage(TypeError, str(obj)): | with self.assertRaisesMessage(TypeError, str(obj)): | with self.assertRaisesMessage(TypeError, str(obj)): | with self.assertRaisesMessage(TypeError, str(obj))|tests/migrations/test_exceptions.py|Fixed the bug where hashing Q objects with `__in` lookups raised a `TypeError: unhashable type: 'list'`.",Traceback|TypeError,1,1,0,/home/shashwatsuthar/research/openhands-adp-memory/analysis/contextbench_posthoc/20260606_220027/remote/execution_full_qwen36_65k_fix1_minimal/django__django-29838/raw
django__django-29838,adp,"Currently ValidationErrors (django.core.exceptions.ValidationError) that have identical messages don't equal each other, which is counter-intuitive, and can make certain kinds of testing more complicated. Please add a...|path: django/core/exceptions.py|file_path"": ""./swebench_9_15/testbed/django/core/exceptions.py|2→Global Django exception and warning classes.|6→class FieldDoesNotExist(Exception):|11→class AppRegistryNotReady(Exception):|16→class ObjectDoesNotExist(Exception):|21→class MultipleObjectsReturned(Exception):|26→class SuspiciousOperation(Exception):|66→class RequestAborted(Exception):","tests/middleware_exceptions/ | /testbed/tests/test_exceptions/|22 class InvalidQuery(Exception): | 63 raise TypeError(other) | 303 raise ValueError('relation_name cannot be empty.') | 307 raise ValueError('condition argument must be a Q() instance.')|except TypeError as e: | print('Hash failed:', e) | Traceback (most recent call last): | ModuleNotFoundError: No module named '_distutils_hack' | Hash failed: unhashable type: 'list'|except TypeError as e: | print('Hash failed:', e) | except TypeError as e: | print('Q hash failed:', e) | Traceback (most recent call last): | ModuleNotFoundError: No module named '_distutils_hack'|Traceback (most recent call last): | ModuleNotFoundError: No module named '_distutils_hack'|36 # that contain lists should not raise TypeError | # that contain lists should not raise TypeError|**Problem:** `Q(a__in=[1, 2]).__hash__()` raised `TypeError: unhashable type: 'list'` because the `Node.__hash__` method only handled top-level lists, not lists nested inside tuples (like `('a__in', [1, 2])`).",Traceback|TypeError,1,1,0,/home/shashwatsuthar/research/openhands-adp-memory/analysis/contextbench_posthoc/20260606_220027/remote/execution_full_qwen36_65k_fix1_minimal/django__django-29838/adp
django__django-29838,memory,"Currently ValidationErrors (django.core.exceptions.ValidationError) that have identical messages don't equal each other, which is counter-intuitive, and can make certain kinds of testing more complicated. Please add a...|- django/core/exceptions.py [Read: 1]|- tests/test_exceptions/test_validation_error.py [Read: 1]|- [diagnostic] find testbed/tests -path ""*test*exception*"" -o -path ""*test*validation*|grep -E ""/.py$|- [test] cd testbed && python3 -m pytest tests/test_exceptions/test_validation_error.py -v|- [test] python3 -m pytest tests/test_exceptions/test_validation_error.py -v|- Traceback (most recent call last):|- E RecursionError: maximum recursion depth exceeded|- E RecursionError: maximum recursion depth exceeded while calling a Python object","tests/middleware_exceptions/ | /testbed/tests/test_exceptions/|25 with self.assertRaisesMessage(TypeError, str(obj)): | 27 with self.assertRaisesMessage(TypeError, str(obj))|Traceback (most recent call last): | ModuleNotFoundError: No module named '_distutils_hack' | Traceback (most recent call last): | TypeError: unhashable type: 'list'|Traceback (most recent call last): | ModuleNotFoundError: No module named '_distutils_hack'|9 # Should not raise TypeError: unhashable type: 'list' | # Should not raise TypeError: unhashable type: 'list' | with self.assertRaisesMessage(TypeError, str(obj)): | with self.assertRaisesMessage(TypeError, str(obj)): | with self.assertRaisesMessage(TypeError, str(obj)): | with self.assertRaisesMessage(TypeError, ...|Traceback (most recent call last): | ModuleNotFoundError: No module named '_distutils_hack' | Traceback (most recent call last): | django.core.exceptions.ImproperlyConfigured: Requested setting TEST_RUNNER, but settings are not configured. You must either define the environment variable DJANGO_SETTINGS_MODULE or cal...|print('Success! No TypeError raised.') | Traceback (most recent call last): | ModuleNotFoundError: No module named '_distutils_hack' | Success! No TypeError raised.|When using `Q(a__in=[1, 2])`, calling `q.__hash__()` raised `TypeError: unhashable type: 'list'` because the list `[1, 2]` inside the child tuple was not being converted to a hashable type.",Traceback|TypeError,1,1,0,/home/shashwatsuthar/research/openhands-adp-memory/analysis/contextbench_posthoc/20260606_220027/remote/execution_full_qwen36_65k_fix1_minimal/django__django-29838/memory
django__django-30153,no_memory,,"django/contrib/admin/exceptions.py|15 from django.contrib.admin.exceptions import DisallowedModelAdminToField | 27 from django.core.exceptions import ( | 71 class IncorrectLookupParameters(Exception)|96 raise KeyError('Unknown media type ""%s""' % name) | 118 except ValueError: | 149 except AttributeError:|118 except ValueError:|9 from django.core.exceptions import ValidationError | 12 from django.urls.exceptions import NoReverseMatch | 181 except (ValueError, self.rel.model.DoesNotExist, ValidationError)",,0,0,0,/home/shashwatsuthar/research/openhands-adp-memory/analysis/contextbench_posthoc/20260606_220027/remote/execution_full_qwen36_65k_fix1_minimal/django__django-30153/no_memory
django__django-30153,raw,"SyntaxError: invalid syntax|Traceback (most recent call last):|ImportError: No module named django|AttributeError: 'NoneType' object has no attribute 'loader'|django.core.exceptions.ImproperlyConfigured: Requested setting USE_I18N, but settings are not configured. You must either define the environment variable DJANGO_SETTINGS_MODULE or call settings.configure() before acce...|django.core.exceptions.AppRegistryNotReady: Apps aren't loaded yet.|During handling of the above exception, another exception occurred:|raise AttributeError|runtests.py: error: argument -v/--verbosity: expected one argument|FAIL: test_combine_media (forms_tests.tests.test_media.FormsMediaTestCase)","tests/middleware_exceptions/ | /testbed/tests/test_exceptions/|96 raise KeyError('Unknown media type ""%s""' % name) | 118 except ValueError: | 149 except AttributeError: | 319 raise ValueError('empty_label list/tuple must have 3 elements.') | 387 except ValueError: | 425 except ValueError|15 from django.contrib.admin.exceptions import DisallowedModelAdminToField | 27 from django.core.exceptions import (|118 except ValueError:|print(f""/n✗ ERROR: inlines.js (index {inlines_index}) comes before jQuery (index {jquery_index})!"")|print(f""/n✗ ERROR: inlines.js (index {inlines_index}) comes before jQuery (index {jquery_index})!"") | print(f""/n✗ ERROR: inlines.js (index {inlines_index}) comes before jQuery (index {jquery_index})!"")|Traceback (most recent call last): | ModuleNotFoundError: No module named 'tests.settings",,1,1,0,/home/shashwatsuthar/research/openhands-adp-memory/analysis/contextbench_posthoc/20260606_220027/remote/execution_full_qwen36_65k_fix1_minimal/django__django-30153/raw
django__django-30153,adp,"SyntaxError: invalid syntax|Traceback (most recent call last):|ImportError: No module named django|AttributeError: 'NoneType' object has no attribute 'loader'|django.core.exceptions.ImproperlyConfigured: Requested setting USE_I18N, but settings are not configured. You must either define the environment variable DJANGO_SETTINGS_MODULE or call settings.configure() before acce...|django.core.exceptions.AppRegistryNotReady: Apps aren't loaded yet.|During handling of the above exception, another exception occurred:|raise AttributeError|runtests.py: error: argument -v/--verbosity: expected one argument|FAIL: test_combine_media (forms_tests.tests.test_media.FormsMediaTestCase)","96 raise KeyError('Unknown media type ""%s""' % name) | 118 except ValueError: | 149 except AttributeError: | 319 raise ValueError('empty_label list/tuple must have 3 elements.') | 387 except ValueError: | 425 except ValueError|9 from django.core.exceptions import ValidationError | 12 from django.urls.exceptions import NoReverseMatch|print(""/nFAIL: inlines.js comes BEFORE jquery.init.js!"") | print(""FAIL: custom-widget.js comes BEFORE jquery.init.js!"") | print(""/nFAIL: inlines.js comes BEFORE jquery.init.js!"") | print(""FAIL: custom-widget.js comes BEFORE jquery.init.js!"") | print(""/nFAIL: inlines.js comes BEFORE jquery.init.js!"")|Traceback (most recent call last): | ModuleNotFoundError: No module named 'tests.settings|print(""/nFAIL: inlines.js comes BEFORE jquery.init.js!"") | print(""FAIL: custom-widget.js comes BEFORE jquery.init.js!"") | print(""/nFAIL: inlines.js comes BEFORE jquery.init.js!"") | print(""FAIL: custom-widget.js comes BEFORE jquery.init.js!"") | print(""/nFAIL: inlines.js comes BEFORE jquery.init.js!"") | print(""/nFAIL:...|Traceback (most recent call last): | ImportError: cannot import name 'MediaOrderConflictWarning' from 'django.forms' (/testbed/django/forms/__init__.py)|96 raise KeyError('Unknown media type ""%s""' % name)|118 except ValueError: | 149 except AttributeError:|65 print(f""/nFAIL: jquery.init should come right after jquery, but there are {jquery_init_idx - jquery_idx - 1} elements between them!"") | 95 print(f""/nFAIL: jquery.init should come right after jquery, but there are {jquery_init_idx2 - jquery_idx2 - 1} elements between them!"") | 169 print(f""/nFAIL: jquery.init shoul...|print(f""/nFAIL: jquery.init should come right after jquery, but there are {jquery_init_idx - jquery_idx - 1} elements between them!"") | print(f""/nFAIL: jquery.init should come right after jquery, but there are {jquery_init_idx2 - jquery_idx2 - 1} elements between them!"") | print(f""/nFAIL: jquery.init should come rig...",,1,1,0,/home/shashwatsuthar/research/openhands-adp-memory/analysis/contextbench_posthoc/20260606_220027/remote/execution_full_qwen36_65k_fix1_minimal/django__django-30153/adp
django__django-30153,memory,"- Traceback (most recent call last):|- ImportError: No module named django|- E AttributeError: 'object' object has no attribute 'DATABASES'|- FAIL: test_combine_media (forms_tests.tests.test_media.FormsMediaTestCase)|- AssertionError: '<lin[424 chars]src=""/path/to/js4""></script>/n<script type=""te[63 chars]ipt>' != '<lin[424 chars]src=""https:/secure.other.com/path/to/js3""></s[63 chars]ipt>|- FAIL: test_construction (forms_tests.tests.test_media.FormsMediaTestCase)|- AssertionError: ""Medi[48 chars], js=['/path/to/js1', 'http:/media.other.com/[50 chars]3'])"" != ""Medi[48 chars], js=('/path/to/js1', 'http:/media.other.com/[50 chars]3'))|- FAIL: test_form_media (forms_tests.tests.test_media.FormsMediaTestCase)|- FAIL: test_multi_widget (forms_tests.tests.test_media.FormsMediaTestCase)|- FAILED (failures=4)","tests/middleware_exceptions/ | /testbed/tests/test_exceptions/|96 raise KeyError('Unknown media type ""%s""' % name) | 118 except ValueError: | 149 except AttributeError: | 319 raise ValueError('empty_label list/tuple must have 3 elements.') | 387 except ValueError: | 425 except ValueError|django/contrib/admin/exceptions.py|96 raise KeyError('Unknown media type ""%s""' % name)|118 except ValueError: | 149 except AttributeError:|E django.core.exceptions.ImproperlyConfigured: Requested setting INSTALLED_APPS, but settings are not configured. You must either define the environment variable DJANGO_SETTINGS_MODULE or call settings.configure() before accessing settings. | ERROR tests/admin_inlines/tests.py - django.core.exceptions.ImproperlyConf...|ERROR: test_inline_media (unittest.loader._FailedTest) | AttributeError: module 'admin_inlines.tests' has no attribute 'test_inline_media' | FAILED (errors=1)|9 from django.core.exceptions import ObjectDoesNotExist|print(f""/nERROR: inlines.min.js (index {inlines_idx}) comes before jquery.min.js (index {jquery_idx})!"") | print(f""ERROR: custom_widget.js (index {custom_idx}) comes before inlines.min.js (index {inlines_idx})!"") | print(f""/nERROR: inlines.min.js (index {inlines_idx}) comes before jquery.min.js (index {jquery_idx})!"")|116 print(f""/nERROR: inlines.min.js (index {inlines_idx}) comes before jquery.min.js (index {jquery_idx})!"") | 129 print(f""ERROR: custom_widget.js (index {custom_idx}) comes before inlines.min.js (index {inlines_idx})!"") | 187 print(f""/nERROR: inlines.min.js (index {inlines_idx}) comes before jquery.min.js (index {j...",,1,1,0,/home/shashwatsuthar/research/openhands-adp-memory/analysis/contextbench_posthoc/20260606_220027/remote/execution_full_qwen36_65k_fix1_minimal/django__django-30153/memory
django__django-30254,no_memory,,"tests/middleware_exceptions/ | /testbed/tests/test_exceptions/|django/db/migrations/exceptions.py|10 from django.core.exceptions import ( | 47 def subclass_exception(name, bases, module, attached_to): | 49 Create exception subclass. Used by ModelBase below. | 51 The exception is created in a way that allows it to be pickled, assuming | 52 that the returned exception class will be added as an attribute to the | 1...|104 raise RuntimeError( | 117 subclass_exception( | 126 subclass_exception( | 147 raise TypeError(""%s cannot proxy the swapped model '%s'."" % (name, base_meta.swapped)) | 167 raise TypeError( | 176 raise TypeError(""Proxy model '%s' has more than one non-abstract model base class."" % name) | 178 raise TypeError(""Prox...|ff09add274 Refs #18807 -- Removed unused exception handler from Client.request() .|from django.core.exceptions import ( | def subclass_exception(name, bases, module, attached_to): | Create exception subclass. Used by ModelBase below. | The exception is created in a way that allows it to be pickled, assuming | that the returned exception class will be added as an attribute to the | raise RuntimeErr...|print('ERROR: magic NOT in dct! dct keys: %s' % list(dct.keys())) | Traceback (most recent call last): | django.core.exceptions.ImproperlyConfigured: Requested setting INSTALLED_APPS, but settings are not configured. You must either define the environment variable DJANGO_SETTINGS_MODULE or call settings.configure() ...|print('ERROR: magic NOT in dct! dct keys: %s' % list(dct.keys())) | Traceback (most recent call last): | ModuleNotFoundError: No module named 'tests.test_settings|print('ERROR: magic NOT in dct! dct keys: %s' % list(dct.keys())) | Traceback (most recent call last): | ModuleNotFoundError: No module named 'test_sqlite|print('ERROR: magic NOT in dct! dct keys: %s' % list(dct.keys()))",,0,0,0,/home/shashwatsuthar/research/openhands-adp-memory/analysis/contextbench_posthoc/20260606_220027/remote/execution_full_qwen36_65k_fix1_minimal/django__django-30254/no_memory
django__django-30254,raw,"948- raise ValueError(""get_next/get_previous cannot be used on unsaved objects."")|SyntaxError: invalid syntax|Traceback (most recent call last):|AttributeError: 'module' object has no attribute 'lru_cache'|AttributeError: 'NoneType' object has no attribute 'loader'|Test FAILED: Override not working, default behavior used|AttributeError: 'super' object has no attribute 'get_status_display'","tests/middleware_exceptions/ | /testbed/tests/test_exceptions/|10 from django.core.exceptions import ( | 47 def subclass_exception(name, bases, module, attached_to): | 49 Create exception subclass. Used by ModelBase below. | 51 The exception is created in a way that allows it to be pickled, assuming | 52 that the returned exception class will be added as an attribute to the | 1...|104 raise RuntimeError( | 117 subclass_exception( | 126 subclass_exception( | 147 raise TypeError(""%s cannot proxy the swapped model '%s'."" % (name, base_meta.swapped))|print(""FAIL: 'magic' not found in captured attrs"") | print(""FAIL: 'magic' has wrong value: %s"" % captured_attrs['magic'])|Traceback (most recent call last): | ModuleNotFoundError: No module named 'tests.settings|55 print(""FAIL: 'magic' not found in captured attrs"") | 59 print(""FAIL: 'magic' has wrong value: %s"" % captured_attrs['magic']) | print(""FAIL: 'magic' not found in captured attrs"") | print(""FAIL: 'magic' has wrong value: %s"" % captured_attrs['magic']) | print(""FAIL: 'magic' not found in captured attrs"") | print(""FAI...|FAIL: 'magic' not found in captured attrs|from django.core.exceptions import ( | def subclass_exception(name, bases, module, attached_to): | Create exception subclass. Used by ModelBase below. | The exception is created in a way that allows it to be pickled, assuming | that the returned exception class will be added as an attribute to the | raise RuntimeErr...|The above exception was the direct cause of the following exception: | Traceback (most recent call last): | TypeError: can't pickle traceback objects|ERROR: test_init_subclass (model_inheritance.tests.ModelInheritanceTests) | Traceback (most recent call last): | TypeError: __init_subclass__() missing 1 required positional argument: 'cls' | FAILED (errors=1)",,1,1,1,/home/shashwatsuthar/research/openhands-adp-memory/analysis/contextbench_posthoc/20260606_220027/remote/execution_full_qwen36_65k_fix1_minimal/django__django-30254/raw
django__django-30254,adp,"948- raise ValueError(""get_next/get_previous cannot be used on unsaved objects."")|SyntaxError: invalid syntax|Traceback (most recent call last):|AttributeError: 'module' object has no attribute 'lru_cache'|AttributeError: 'NoneType' object has no attribute 'loader'|Test FAILED: Override not working, default behavior used|AttributeError: 'super' object has no attribute 'get_status_display'","tests/middleware_exceptions/ | /testbed/tests/test_exceptions/|10 from django.core.exceptions import ( | 47 def subclass_exception(name, bases, module, attached_to): | 49 Create exception subclass. Used by ModelBase below. | 51 The exception is created in a way that allows it to be pickled, assuming | 52 that the returned exception class will be added as an attribute to the | 1...|104 raise RuntimeError( | 117 subclass_exception( | 126 subclass_exception( | 147 raise TypeError(""%s cannot proxy the swapped model '%s'."" % (name, base_meta.swapped))|from django.core.exceptions import ( | def subclass_exception(name, bases, module, attached_to): | Create exception subclass. Used by ModelBase below. | The exception is created in a way that allows it to be pickled, assuming | that the returned exception class will be added as an attribute to the | raise RuntimeErr...|147 raise TypeError(""%s cannot proxy the swapped model '%s'."" % (name, base_meta.swapped)) | from django.core.exceptions import ( | def subclass_exception(name, bases, module, attached_to): | Create exception subclass. Used by ModelBase below. | The exception is created in a way that allows it to be pickled, assumin...|print(""FAILED: 'magic' attribute is NOT accessible in custom metaclass __init__"") | print(""FAILED: 'title' attribute is NOT accessible in custom metaclass __init__"")|Traceback (most recent call last): | ModuleNotFoundError: No module named 'tests.settings|print(""FAILED: 'magic' attribute is NOT accessible in custom metaclass __init__"") | print(""FAILED: 'title' attribute is NOT accessible in custom metaclass __init__"") | print(""FAILED: 'magic' attribute is NOT accessible in custom metaclass __init__"") | print(""FAILED: 'title' attribute is NOT accessible in custom meta...|ERROR: models (unittest.loader._FailedTest) | FAILED (errors=1)|50 assert 'magic' in captured_attrs and captured_attrs['magic'] is True, ""Test 1 FAILED"" | 56 assert page.title == ""Test Page"", ""Test 2 FAILED"" | 78 assert 'custom_attr' in captured_attrs2, ""Test 3 FAILED: custom_attr not found"" | 79 assert 'another_attr' in captured_attrs2, ""Test 3 FAILED: another_attr not found"" |...",,1,1,1,/home/shashwatsuthar/research/openhands-adp-memory/analysis/contextbench_posthoc/20260606_220027/remote/execution_full_qwen36_65k_fix1_minimal/django__django-30254/adp
django__django-30254,memory,"- Traceback (most recent call last):|948- raise ValueError(""get_next/get_previous cannot be used on unsaved objects."")|SyntaxError: invalid syntax|Traceback (most recent call last):|AttributeError: 'module' object has no attribute 'lru_cache'|AttributeError: 'NoneType' object has no attribute 'loader'|Test FAILED: Override not working, default behavior used|AttributeError: 'super' object has no attribute 'get_status_display'","tests/middleware_exceptions/ | /testbed/tests/test_exceptions/|10 from django.core.exceptions import ( | 47 def subclass_exception(name, bases, module, attached_to): | 49 Create exception subclass. Used by ModelBase below. | 51 The exception is created in a way that allows it to be pickled, assuming | 52 that the returned exception class will be added as an attribute to the | 1...|104 raise RuntimeError( | 117 subclass_exception( | 126 subclass_exception( | 147 raise TypeError(""%s cannot proxy the swapped model '%s'."" % (name, base_meta.swapped))|Traceback (most recent call last): | ModuleNotFoundError: No module named 'tests.settings",,1,1,0,/home/shashwatsuthar/research/openhands-adp-memory/analysis/contextbench_posthoc/20260606_220027/remote/execution_full_qwen36_65k_fix1_minimal/django__django-30254/memory
django__django-30651,no_memory,,"535 raise TypeError(""Model instances without primary key value are unhashable"")|363 with self.assertRaisesMessage(TypeError, msg): | 373 with self.assertRaisesMessage(TypeError, ""unhashable type: 'NoHash'"")|535 raise TypeError(""Model instances without primary key value are unhashable"") | from django.core.exceptions import ( | def subclass_exception(name, bases, module, attached_to): | Create exception subclass. Used by ModelBase below. | The exception is created in a way that allows it to be pickled, assuming | that th...|Traceback (most recent call last): | ModuleNotFoundError: No module named 'tests.settings|ERROR: ModelTests (unittest.loader._FailedTest) | AttributeError: module 'basic.tests' has no attribute 'ModelTests' | FAILED (errors=1)",,0,0,0,/home/shashwatsuthar/research/openhands-adp-memory/analysis/contextbench_posthoc/20260606_220027/remote/execution_full_qwen36_65k_fix1_minimal/django__django-30651/no_memory
django__django-30651,raw,"Currently ValidationErrors (django.core.exceptions.ValidationError) that have identical messages don't equal each other, which is counter-intuitive, and can make certain kinds of testing more complicated. Please add a...|file_path"": ""./swebench_9_15/testbed/django/core/exceptions.py|2→Global Django exception and warning classes.|6→class FieldDoesNotExist(Exception):|11→class AppRegistryNotReady(Exception):|16→class ObjectDoesNotExist(Exception):|21→class MultipleObjectsReturned(Exception):|26→class SuspiciousOperation(Exception):|66→class RequestAborted(Exception):|find testbed/tests -path ""*test*exception*"" -o -path ""*test*validation*","tests/middleware_exceptions/ | /testbed/tests/test_exceptions/|535 raise TypeError(""Model instances without primary key value are unhashable"")|Traceback (most recent call last): | django.core.exceptions.ImproperlyConfigured: Requested setting LOGGING_CONFIG, but settings are not configured. You must either define the environment variable DJANGO_SETTINGS_MODULE or call settings.configure() before accessing settings.|Traceback (most recent call last): | ModuleNotFoundError: No module named 'tests.settings|test_eq (unittest.loader._FailedTest) ... ERROR | ERROR: test_eq (unittest.loader._FailedTest) | ImportError: Failed to import test module: test_eq | Traceback (most recent call last): | ModuleNotFoundError: No module named 'model_inheritance.test_eq' | FAILED (errors=1)|535 raise TypeError(""Model instances without primary key value are unhashable"") | from django.core.exceptions import ( | def subclass_exception(name, bases, module, attached_to): | Create exception subclass. Used by ModelBase below. | The exception is created in a way that allows it to be pickled, assuming | that th...|ModuleNotFoundError: No module named 'model_fields.model_repr' | ERROR: test_repr (unittest.loader._FailedTest) | ImportError: Failed to import test module: test_repr | Traceback (most recent call last): | ModuleNotFoundError: No module named 'model_fields.test_repr' | FAILED (errors=2)|ERROR: models (unittest.loader._FailedTest) | ImportError: Failed to import test module: models | Traceback (most recent call last): | ModuleNotFoundError: No module named 'models' | FAILED (errors=1)",,1,1,0,/home/shashwatsuthar/research/openhands-adp-memory/analysis/contextbench_posthoc/20260606_220027/remote/execution_full_qwen36_65k_fix1_minimal/django__django-30651/raw
django__django-30651,adp,"Currently ValidationErrors (django.core.exceptions.ValidationError) that have identical messages don't equal each other, which is counter-intuitive, and can make certain kinds of testing more complicated. Please add a...|path: django/core/exceptions.py|file_path"": ""./swebench_9_15/testbed/django/core/exceptions.py|2→Global Django exception and warning classes.|6→class FieldDoesNotExist(Exception):|11→class AppRegistryNotReady(Exception):|16→class ObjectDoesNotExist(Exception):|21→class MultipleObjectsReturned(Exception):|26→class SuspiciousOperation(Exception):|66→class RequestAborted(Exception):","tests/middleware_exceptions/ | /testbed/tests/test_exceptions/|535 raise TypeError(""Model instances without primary key value are unhashable"")|535 raise TypeError(""Model instances without primary key value are unhashable"") | from django.core.exceptions import ( | def subclass_exception(name, bases, module, attached_to): | Create exception subclass. Used by ModelBase below. | The exception is created in a way that allows it to be pickled, assuming | that th...|Traceback (most recent call last): | ModuleNotFoundError: No module named 'tests.settings|test_eq (unittest.loader._FailedTest) ... ERROR | ERROR: test_eq (unittest.loader._FailedTest) | ImportError: Failed to import test module: test_eq | Traceback (most recent call last): | ModuleNotFoundError: No module named 'model_inheritance.test_eq' | FAILED (errors=1)",,1,1,0,/home/shashwatsuthar/research/openhands-adp-memory/analysis/contextbench_posthoc/20260606_220027/remote/execution_full_qwen36_65k_fix1_minimal/django__django-30651/adp
django__django-30651,memory,"Currently ValidationErrors (django.core.exceptions.ValidationError) that have identical messages don't equal each other, which is counter-intuitive, and can make certain kinds of testing more complicated. Please add a...|- django/core/exceptions.py [Read: 1]|- tests/test_exceptions/test_validation_error.py [Read: 1]|- [diagnostic] find testbed/tests -path ""*test*exception*"" -o -path ""*test*validation*|grep -E ""/.py$|- [test] cd testbed && python3 -m pytest tests/test_exceptions/test_validation_error.py -v|- [test] python3 -m pytest tests/test_exceptions/test_validation_error.py -v|- Traceback (most recent call last):|- E RecursionError: maximum recursion depth exceeded|- E RecursionError: maximum recursion depth exceeded while calling a Python object","tests/middleware_exceptions/ | /testbed/tests/test_exceptions/|535 raise TypeError(""Model instances without primary key value are unhashable"")|535 raise TypeError(""Model instances without primary key value are unhashable"") | from django.core.exceptions import ( | def subclass_exception(name, bases, module, attached_to): | Create exception subclass. Used by ModelBase below. | The exception is created in a way that allows it to be pickled, assuming | that th...|Traceback (most recent call last):|ERROR: ModelInheritanceTest (unittest.loader._FailedTest) | AttributeError: module 'model_inheritance.tests' has no attribute 'ModelInheritanceTest' | FAILED (errors=1)|Traceback (most recent call last): | django.core.exceptions.ImproperlyConfigured: Requested setting INSTALLED_APPS, but settings are not configured. You must either define the environment variable DJANGO_SETTINGS_MODULE or call settings.configure() before accessing settings.",,1,1,0,/home/shashwatsuthar/research/openhands-adp-memory/analysis/contextbench_posthoc/20260606_220027/remote/execution_full_qwen36_65k_fix1_minimal/django__django-30651/memory
django__django-30931,no_memory,,"tests/middleware_exceptions/ | /testbed/tests/test_exceptions/|948 raise ValueError(""get_next/get_previous cannot be used on unsaved objects."") | 959 except IndexError|4 from django.core.exceptions import ValidationError|19 except ImportError:",,0,0,0,/home/shashwatsuthar/research/openhands-adp-memory/analysis/contextbench_posthoc/20260606_220027/remote/execution_full_qwen36_65k_fix1_minimal/django__django-30931/no_memory
django__django-30931,raw,"954- raise ValueError(""get_next/get_previous cannot be used on unsaved objects."")|Traceback (most recent call last):|AttributeError: 'module' object has no attribute 'lru_cache'|AttributeError: 'NoneType' object has no attribute 'loader'|954→ raise ValueError(""get_next/get_previous cannot be used on unsaved objects."")|E django.core.exceptions.ImproperlyConfigured: Requested setting INSTALLED_APPS, but settings are not configured. You must either define the environment variable DJANGO_SETTINGS_MODULE or call settings.configure() bef...|ERROR tests/model_fields/tests.py - django.core.exceptions.ImproperlyConfigur...|FAIL: test_overriding_FIELD_display (model_fields.tests.GetFieldDisplayTests)|AssertionError: 'foo' != 'something'|FAILED (failures=1)","tests/middleware_exceptions/ | /testbed/tests/test_exceptions/|from django.core import checks, exceptions, validators | except (TypeError, ValueError): | except (TypeError, ValueError): | django.core.exceptions.ValidationError if the data can't be converted. | except exceptions.ValidationError as e: | raise exceptions.ValidationError(errors) | raise exceptions.ValidationError( ...|Traceback (most recent call last): | ModuleNotFoundError: No module named 'tests.settings|from django.core.exceptions import ValidationError | from django.core.exceptions import ValidationError",,1,1,1,/home/shashwatsuthar/research/openhands-adp-memory/analysis/contextbench_posthoc/20260606_220027/remote/execution_full_qwen36_65k_fix1_minimal/django__django-30931/raw
django__django-30931,adp,"954- raise ValueError(""get_next/get_previous cannot be used on unsaved objects."")|Traceback (most recent call last):|AttributeError: 'module' object has no attribute 'lru_cache'|AttributeError: 'NoneType' object has no attribute 'loader'|954→ raise ValueError(""get_next/get_previous cannot be used on unsaved objects."")|E django.core.exceptions.ImproperlyConfigured: Requested setting INSTALLED_APPS, but settings are not configured. You must either define the environment variable DJANGO_SETTINGS_MODULE or call settings.configure() bef...|ERROR tests/model_fields/tests.py - django.core.exceptions.ImproperlyConfigur...|FAIL: test_overriding_FIELD_display (model_fields.tests.GetFieldDisplayTests)|AssertionError: 'foo' != 'something'|FAILED (failures=1)","tests/middleware_exceptions/ | /testbed/tests/test_exceptions/|19 except ImportError:|from django.core import checks, exceptions, validators | except (TypeError, ValueError): | except (TypeError, ValueError): | django.core.exceptions.ValidationError if the data can't be converted. | except exceptions.ValidationError as e: | raise exceptions.ValidationError(errors) | raise exceptions.ValidationError( ...|print(""/n=== ALL TESTS PASSED ==="" if all([result == 'something', result2 == 'Active', result3 == 'output3']) else ""/n=== SOME TESTS FAILED ==="") | Traceback (most recent call last): | ModuleNotFoundError: No module named 'tests.settings|4 from django.core.exceptions import ValidationError|from django.core.exceptions import ValidationError | from django.core.exceptions import ValidationError",,1,1,0,/home/shashwatsuthar/research/openhands-adp-memory/analysis/contextbench_posthoc/20260606_220027/remote/execution_full_qwen36_65k_fix1_minimal/django__django-30931/adp
django__django-30931,memory,"- Traceback (most recent call last):|- E django.core.exceptions.ImproperlyConfigured: Requested setting INSTALLED_APPS, but settings are not configured. You must either define the environment variable DJANGO_SETTINGS_MODULE or call settings.configure() b...|- ERROR tests/model_fields/tests.py - django.core.exceptions.ImproperlyConfigur...|- FAIL: test_overriding_FIELD_display (model_fields.tests.GetFieldDisplayTests)|- AssertionError: 'foo' != 'something'|- FAILED (failures=1)|954- raise ValueError(""get_next/get_previous cannot be used on unsaved objects."")|Traceback (most recent call last):|AttributeError: 'module' object has no attribute 'lru_cache'|AttributeError: 'NoneType' object has no attribute 'loader'","tests/middleware_exceptions/ | /testbed/tests/test_exceptions/|943 raise exceptions.ValidationError(|948 raise ValueError(""get_next/get_previous cannot be used on unsaved objects."")|19 except ImportError:|print(""FAIL: Override does NOT work - the field's method replaced the custom one!"")|FAIL: Override does NOT work - the field's method replaced the custom one!|from django.core import checks, exceptions, validators | except (TypeError, ValueError): | except (TypeError, ValueError): | django.core.exceptions.ValidationError if the data can't be converted. | except exceptions.ValidationError as e: | raise exceptions.ValidationError(errors) | raise exceptions.ValidationError( ...|Traceback (most recent call last): | TypeError: can't pickle traceback objects | The above exception was the direct cause of the following exception: | Traceback (most recent call last): | TypeError: can't pickle traceback objects|runtests.py: error: unrecognized arguments: -j1|ERROR: test_choices_and_field_display (model_fields.tests.GetFieldDisplayTests) | ERROR: test_get_FIELD_display_translated (model_fields.tests.GetFieldDisplayTests) | FAIL: test_field_name (model_fields.tests.BasicFieldTests) | FAILED (failures=1, errors=2, skipped=48)",,1,1,0,/home/shashwatsuthar/research/openhands-adp-memory/analysis/contextbench_posthoc/20260606_220027/remote/execution_full_qwen36_65k_fix1_minimal/django__django-30931/memory
django__django-31051,no_memory,,"38 Stub serializer to hold exception raised during registration | 46 def __init__(self, exception): | 47 self.exception = exception | 50 raise self.exception | 71 except ImportError as exc: | 225 raise RuntimeError(|73 show_traceback = options['traceback'] | 108 except LookupError: | 119 except ValueError: | 190 except Exception as e: | 191 if show_traceback:|9 from django.core.exceptions import ImproperlyConfigured | 199 with self.assertRaisesMessage(ImportError, ""No module named 'unexistent'""): | 234 RuntimeError, | 242 RuntimeError, | 250 RuntimeError, | 317 RuntimeError|1050 raise ValueError(""Trying to compare non-ordered queryset ""|190 except Exception as e: | 191 if show_traceback:|raise RuntimeError(|raise RuntimeError($|Stub serializer to hold exception raised during registration | def __init__(self, exception): | self.exception = exception | raise self.exception | except ImportError as exc: | raise RuntimeError( | Stub serializer to hold exception raised during registration | def __init__(self, exception): | self.exception = excep...|233 raise RuntimeError( | Stub serializer to hold exception raised during registration | def __init__(self, exception): | self.exception = exception | raise self.exception | except ImportError as exc: | raise RuntimeError( | Stub serializer to hold exception raised during registration | def __init__(self, exception)...|show_traceback = options['traceback'] | except LookupError: | except ValueError: | except Exception as e: | if show_traceback: | show_traceback = options['traceback'] | except LookupError: | except ValueError: | except Exception as e: | if show_traceback:","function takes a list of apps and/or models, and resolves this into a sorted flat list of models, ready to be serialized in that order. This function is intended to make natural foreign keys work, by serializing model...|without natural keys enabled (which is the default). Even though natural keys might be defined in the models (which causes the sorting and exception), no natural keys will be present in the dumped data, so no ordering...|Also note that the circular-reference exception was already disabled for self-referencing models in|. The fix for that issue simply ignores self-referencing models for sorting, without taking any additional measures to sort instances to prevent problems in deserialization (this code was added when the deferred deser...",0,0,0,/home/shashwatsuthar/research/openhands-adp-memory/analysis/contextbench_posthoc/20260606_220027/remote/execution_full_qwen36_65k_fix1_minimal/django__django-31051/no_memory
django__django-31051,raw,"48→ self.assertEqual(len(connections[alias].queries_log), 0, 'Failed for alias %s' % alias)|SyntaxError: invalid syntax|SyntaxError: Non-ASCII character '/xe2' in file test_issue.py on line 112, but no encoding declared|see http:/www.python.org/peps/pep-0263.html for details|Traceback (most recent call last):|AttributeError: 'module' object has no attribute 'lru_cache'|AttributeError: 'NoneType' object has no attribute 'loader'|sqlite3.OperationalError: no such table: django_content_type|The above exception was the direct cause of the following exception:|ModuleNotFoundError: No module named 'test_app'","tests/middleware_exceptions/ | /testbed/tests/test_exceptions/|6 from django.core.exceptions import ObjectDoesNotExist | 12 class SerializerDoesNotExist(KeyError): | 17 class SerializationError(Exception): | 22 class DeserializationError(Exception): | 34 class M2MDeserializationError(Exception): | 246 except Exception as e: | 287 except TypeError as e: | 294 except Exception as e|38 Stub serializer to hold exception raised during registration | 46 def __init__(self, exception): | 47 self.exception = exception | 50 raise self.exception | 71 except ImportError as exc: | 225 raise RuntimeError(|54 # this, we will get an exception. | 177 except Exception as e: | 196 except Exception as e|73 show_traceback = options['traceback'] | 108 except LookupError: | 119 except ValueError: | 190 except Exception as e: | 191 if show_traceback:|9 from django.core.exceptions import ImproperlyConfigured | 199 with self.assertRaisesMessage(ImportError, ""No module named 'unexistent'""): | 234 RuntimeError, | 242 RuntimeError, | 250 RuntimeError, | 317 RuntimeError|SerializerDependencySortingTests (unittest.loader._FailedTest) ... ERROR | ERROR: SerializerDependencySortingTests (unittest.loader._FailedTest) | AttributeError: module 'fixtures_regress.tests' has no attribute 'SerializerDependencySortingTests' | FAILED (errors=1)|685 RuntimeError, | 693 RuntimeError, | 701 RuntimeError, | 709 RuntimeError,|Stub serializer to hold exception raised during registration | def __init__(self, exception): | self.exception = exception | raise self.exception | except ImportError as exc: | raise RuntimeError( | Stub serializer to hold exception raised during registration | def __init__(self, exception): | self.exception = excep...|230 raise RuntimeError(","function takes a list of apps and/or models, and resolves this into a sorted flat list of models, ready to be serialized in that order. This function is intended to make natural foreign keys work, by serializing model...|without natural keys enabled (which is the default). Even though natural keys might be defined in the models (which causes the sorting and exception), no natural keys will be present in the dumped data, so no ordering...|Also note that the circular-reference exception was already disabled for self-referencing models in|. The fix for that issue simply ignores self-referencing models for sorting, without taking any additional measures to sort instances to prevent problems in deserialization (this code was added when the deferred deser...",1,1,0,/home/shashwatsuthar/research/openhands-adp-memory/analysis/contextbench_posthoc/20260606_220027/remote/execution_full_qwen36_65k_fix1_minimal/django__django-31051/raw
django__django-31051,adp,"48→ self.assertEqual(len(connections[alias].queries_log), 0, 'Failed for alias %s' % alias)|SyntaxError: invalid syntax|SyntaxError: Non-ASCII character '/xe2' in file test_issue.py on line 112, but no encoding declared|see http:/www.python.org/peps/pep-0263.html for details|Traceback (most recent call last):|AttributeError: 'module' object has no attribute 'lru_cache'|AttributeError: 'NoneType' object has no attribute 'loader'|sqlite3.OperationalError: no such table: django_content_type|The above exception was the direct cause of the following exception:|ModuleNotFoundError: No module named 'test_app'","tests/middleware_exceptions/ | /testbed/tests/test_exceptions/|38 Stub serializer to hold exception raised during registration | 46 def __init__(self, exception): | 47 self.exception = exception | 50 raise self.exception | 71 except ImportError as exc: | 225 raise RuntimeError(|73 show_traceback = options['traceback'] | 108 except LookupError: | 119 except ValueError: | 190 except Exception as e: | 191 if show_traceback:|54 # this, we will get an exception. | 177 except Exception as e: | 196 except Exception as e|9 from django.core.exceptions import ImproperlyConfigured|685 RuntimeError, | 693 RuntimeError, | 701 RuntimeError, | 709 RuntimeError, | 776 RuntimeError,|raise RuntimeError(|raise RuntimeError($|167 added to the list in an arbitrary order rather than raising an exception. | Stub serializer to hold exception raised during registration | def __init__(self, exception): | self.exception = exception | raise self.exception | except ImportError as exc: | added to the list in an arbitrary order rather than raising ...|232 raise RuntimeError( | Stub serializer to hold exception raised during registration | def __init__(self, exception): | self.exception = exception | raise self.exception | except ImportError as exc: | added to the list in an arbitrary order rather than raising an exception. | raise RuntimeError( | Stub serializer ...","function takes a list of apps and/or models, and resolves this into a sorted flat list of models, ready to be serialized in that order. This function is intended to make natural foreign keys work, by serializing model...|without natural keys enabled (which is the default). Even though natural keys might be defined in the models (which causes the sorting and exception), no natural keys will be present in the dumped data, so no ordering...|Also note that the circular-reference exception was already disabled for self-referencing models in|. The fix for that issue simply ignores self-referencing models for sorting, without taking any additional measures to sort instances to prevent problems in deserialization (this code was added when the deferred deser...",1,1,0,/home/shashwatsuthar/research/openhands-adp-memory/analysis/contextbench_posthoc/20260606_220027/remote/execution_full_qwen36_65k_fix1_minimal/django__django-31051/adp
django__django-31051,memory,"- Traceback (most recent call last):|- ModuleNotFoundError: No module named 'test_app'|- E django.core.exceptions.ImproperlyConfigured: Requested setting INSTALLED_APPS, but settings are not configured. You must either define the environment variable DJANGO_SETTINGS_MODULE or call settings.configure() b...|- ERROR tests/test_utils/test_transactiontestcase.py - django.core.exceptions.I...|SyntaxError: invalid syntax|SyntaxError: Non-ASCII character '/xe2' in file test_issue.py on line 112, but no encoding declared|see http:/www.python.org/peps/pep-0263.html for details|Traceback (most recent call last):|AttributeError: 'module' object has no attribute 'lru_cache'|AttributeError: 'NoneType' object has no attribute 'loader'","38 Stub serializer to hold exception raised during registration | 46 def __init__(self, exception): | 47 self.exception = exception | 50 raise self.exception | 71 except ImportError as exc: | 225 raise RuntimeError(|73 show_traceback = options['traceback'] | 108 except LookupError: | 119 except ValueError: | 190 except Exception as e: | 191 if show_traceback:|54 # this, we will get an exception. | 177 except Exception as e: | 196 except Exception as e|9 from django.core.exceptions import ImproperlyConfigured | 199 with self.assertRaisesMessage(ImportError, ""No module named 'unexistent'""): | 234 RuntimeError, | 242 RuntimeError, | 250 RuntimeError, | 317 RuntimeError|raise RuntimeError(|225 raise RuntimeError(|168 RuntimeError is raised if circular dependencies are detected. | Stub serializer to hold exception raised during registration | def __init__(self, exception): | self.exception = exception | raise self.exception | except ImportError as exc: | RuntimeError is raised if circular dependencies are detected. | raise Ru...|229 raise RuntimeError(|233 raise RuntimeError( | Stub serializer to hold exception raised during registration | def __init__(self, exception): | self.exception = exception | raise self.exception | except ImportError as exc: | RuntimeError is raised if circular dependencies are detected. | raise RuntimeError( | Stub serializer to hold exce...|show_traceback = options['traceback'] | except LookupError: | except ValueError: | except Exception as e: | if show_traceback: | show_traceback = options['traceback'] | except LookupError: | except ValueError: | except Exception as e: | if show_traceback:","function takes a list of apps and/or models, and resolves this into a sorted flat list of models, ready to be serialized in that order. This function is intended to make natural foreign keys work, by serializing model...|without natural keys enabled (which is the default). Even though natural keys might be defined in the models (which causes the sorting and exception), no natural keys will be present in the dumped data, so no ordering...|Also note that the circular-reference exception was already disabled for self-referencing models in|. The fix for that issue simply ignores self-referencing models for sorting, without taking any additional measures to sort instances to prevent problems in deserialization (this code was added when the deferred deser...",1,1,0,/home/shashwatsuthar/research/openhands-adp-memory/analysis/contextbench_posthoc/20260606_220027/remote/execution_full_qwen36_65k_fix1_minimal/django__django-31051/memory
django__django-31181,no_memory,,"django/contrib/admin/exceptions.py|tests/middleware_exceptions/ | /testbed/tests/test_exceptions/|9 from django.core.exceptions import ValidationError | 13 from django.urls.exceptions import NoReverseMatch | 177 except (ValueError, self.rel.model.DoesNotExist, ValidationError): | 308 except ValidationError|8 from django.core.exceptions import ObjectDoesNotExist | 195 except (AttributeError, ValueError, ObjectDoesNotExist)|5 from django.core.exceptions import FieldDoesNotExist | 22 class FieldIsAForeignKeyColumnName(Exception): | 113 except IndexError: | 229 raise AttributeError(message) | 290 except TypeError: | 317 class NotRelationField(Exception): | 433 except KeyError|1681 except ValidationError: | 1716 action_failed = False | 1728 action_failed = True | 1733 action_failed = True | 1744 action_failed = True | 1746 if action_failed:|from django.core.exceptions import ObjectDoesNotExist | except (AttributeError, ValueError, ObjectDoesNotExist): | from django.core.exceptions import ObjectDoesNotExist | except (AttributeError, ValueError, ObjectDoesNotExist)|199 except (AttributeError, ValueError, ObjectDoesNotExist):|200 except (AttributeError, ValueError, ObjectDoesNotExist):|200 except (AttributeError, ValueError, ObjectDoesNotExist): | from django.core.exceptions import ObjectDoesNotExist | except (AttributeError, ValueError, ObjectDoesNotExist): | from django.core.exceptions import ObjectDoesNotExist | except (AttributeError, ValueError, ObjectDoesNotExist)",,0,0,0,/home/shashwatsuthar/research/openhands-adp-memory/analysis/contextbench_posthoc/20260606_220027/remote/execution_full_qwen36_65k_fix1_minimal/django__django-31181/no_memory
django__django-31181,raw,"8→from django.core.exceptions import ObjectDoesNotExist|SyntaxError: invalid syntax|Traceback (most recent call last):|AttributeError: 'NoneType' object has no attribute 'loader'|django.core.exceptions.ImproperlyConfigured: Requested setting INSTALLED_APPS, but settings are not configured. You must either define the environment variable DJANGO_SETTINGS_MODULE or call settings.configure() befor...|No matches found|ReadOnlyTest (unittest.loader._FailedTest) ... ERROR|ERROR: ReadOnlyTest (unittest.loader._FailedTest)|AttributeError: module 'admin_views.tests' has no attribute 'ReadOnlyTest|FAILED (errors=1)","tests/middleware_exceptions/ | /testbed/tests/test_exceptions/|8 from django.core.exceptions import ObjectDoesNotExist | 195 except (AttributeError, ValueError, ObjectDoesNotExist)|9 from django.core.exceptions import ValidationError | 13 from django.urls.exceptions import NoReverseMatch | 177 except (ValueError, self.rel.model.DoesNotExist, ValidationError): | 308 except ValidationError|5 from django.core.exceptions import FieldDoesNotExist | 22 class FieldIsAForeignKeyColumnName(Exception): | 113 except IndexError: | 229 raise AttributeError(message) | 290 except TypeError: | 317 class NotRelationField(Exception): | 433 except KeyError|195 except (AttributeError, ValueError, ObjectDoesNotExist):|15 from django.contrib.admin.exceptions import DisallowedModelAdminToField | 27 from django.core.exceptions import (|from django.core.exceptions import ObjectDoesNotExist | except (AttributeError, ValueError, ObjectDoesNotExist): | from django.core.exceptions import ObjectDoesNotExist | except (AttributeError, ValueError, ObjectDoesNotExist)|199 except (AttributeError, ValueError, ObjectDoesNotExist):|199 from django.urls.exceptions import NoReverseMatch | 204 except (AttributeError, ValueError, ObjectDoesNotExist): | 243 from django.urls.exceptions import NoReverseMatch | 275 from django.urls.exceptions import NoReverseMatch | from django.core.exceptions import ObjectDoesNotExist | from django.urls.exceptions im...|from django.contrib.admin.exceptions import DisallowedModelAdminToField | from django.core.exceptions import ( | class IncorrectLookupParameters(Exception): | except AttributeError: | except (model.DoesNotExist, ValidationError, ValueError): | except KeyError: | except AttributeError: | raise ValueError( | except Va...",,1,1,0,/home/shashwatsuthar/research/openhands-adp-memory/analysis/contextbench_posthoc/20260606_220027/remote/execution_full_qwen36_65k_fix1_minimal/django__django-31181/raw
django__django-31181,adp,"8→from django.core.exceptions import ObjectDoesNotExist|SyntaxError: invalid syntax|Traceback (most recent call last):|AttributeError: 'NoneType' object has no attribute 'loader'|django.core.exceptions.ImproperlyConfigured: Requested setting INSTALLED_APPS, but settings are not configured. You must either define the environment variable DJANGO_SETTINGS_MODULE or call settings.configure() befor...|No matches found|ReadOnlyTest (unittest.loader._FailedTest) ... ERROR|ERROR: ReadOnlyTest (unittest.loader._FailedTest)|AttributeError: module 'admin_views.tests' has no attribute 'ReadOnlyTest|FAILED (errors=1)","tests/middleware_exceptions/ | /testbed/tests/test_exceptions/|8 from django.core.exceptions import ObjectDoesNotExist | 195 except (AttributeError, ValueError, ObjectDoesNotExist)|5 from django.core.exceptions import FieldDoesNotExist | 22 class FieldIsAForeignKeyColumnName(Exception): | 113 except IndexError: | 229 raise AttributeError(message) | 290 except TypeError: | 317 class NotRelationField(Exception): | 433 except KeyError|15 from django.contrib.admin.exceptions import DisallowedModelAdminToField | 27 from django.core.exceptions import (|from django.core.exceptions import ObjectDoesNotExist | except (AttributeError, ValueError, ObjectDoesNotExist): | from django.core.exceptions import ObjectDoesNotExist | except (AttributeError, ValueError, ObjectDoesNotExist)|199 except (AttributeError, ValueError, ObjectDoesNotExist):|200 except (AttributeError, ValueError, ObjectDoesNotExist):|203 except (AttributeError, ValueError, ObjectDoesNotExist): | from django.core.exceptions import ObjectDoesNotExist | except (AttributeError, ValueError, ObjectDoesNotExist): | from django.core.exceptions import ObjectDoesNotExist | except (AttributeError, ValueError, ObjectDoesNotExist)|except (AttributeError, ValueError, ObjectDoesNotExist):|203 except (AttributeError, ValueError, ObjectDoesNotExist):",,1,1,0,/home/shashwatsuthar/research/openhands-adp-memory/analysis/contextbench_posthoc/20260606_220027/remote/execution_full_qwen36_65k_fix1_minimal/django__django-31181/adp
django__django-31181,memory,- Traceback (most recent call last):|- RuntimeError: Conflicting 'author' models in application 'test_app': <class '__main__.Author'> and <class 'test_issue.Author'>.|- ERROR: ReadOnlyTest (unittest.loader._FailedTest)|- FAILED (errors=1)|8→from django.core.exceptions import ObjectDoesNotExist|SyntaxError: invalid syntax|Traceback (most recent call last):|AttributeError: 'NoneType' object has no attribute 'loader'|No matches found,"tests/middleware_exceptions/ | /testbed/tests/test_exceptions/|8 from django.core.exceptions import ObjectDoesNotExist | 195 except (AttributeError, ValueError, ObjectDoesNotExist)|404 except TypeError:|195 except (AttributeError, ValueError, ObjectDoesNotExist):|5 from django.core.exceptions import FieldDoesNotExist | 22 class FieldIsAForeignKeyColumnName(Exception)|22:class FieldIsAForeignKeyColumnName(Exception):|177 except (ValueError, self.rel.model.DoesNotExist, ValidationError)|1076 except AttributeError: | 1079 raise ValueError(|11 from django.core.exceptions import ValidationError|8 from django.core.exceptions import ObjectDoesNotExist",,1,1,1,/home/shashwatsuthar/research/openhands-adp-memory/analysis/contextbench_posthoc/20260606_220027/remote/execution_full_qwen36_65k_fix1_minimal/django__django-31181/memory
django__django-31864,no_memory,,"tests/middleware_exceptions/ | /testbed/tests/test_exceptions/|c7e7f176c1 Fixed #26977 -- Made abstract models raise TypeError when instantiating.|django/contrib/sessions/exceptions.py|8 from django.contrib.sessions.exceptions import SuspiciousSession | 10 from django.core.exceptions import SuspiciousOperation | 24 class CreateError(Exception): | 26 Used internally as a consistent exception type to catch from save (see the | 32 class UpdateError(Exception): | 120 # exceptions similar to what _lega...|14 If the signature fails, a BadSignature exception is raised. | 20 BadSignature: Signature failed: ImhlbGxvIg:1QaUZC:YIye-ze3TTx7gtSv422nZA4sgmk-modified | 52 class BadSignature(Exception): | 154 raise ValueError(|from django.contrib.sessions.exceptions import SuspiciousSession | from django.core.exceptions import SuspiciousOperation",,0,0,0,/home/shashwatsuthar/research/openhands-adp-memory/analysis/contextbench_posthoc/20260606_220027/remote/execution_full_qwen36_65k_fix1_minimal/django__django-31864/no_memory
django__django-31864,raw,"Internal Server Error: /overview/|Traceback (most recent call last):|AttributeError: 'SessionStore' object has no attribute '_session_cache'|During handling of the above exception, another exception occurred:|File ""/usr/local/lib/python3.8/site-packages/django/core/handlers/exception.py"", line 47, in inner|binascii.Error: Incorrect padding|8→from django.contrib.sessions.exceptions import SuspiciousSession|10→from django.core.exceptions import SuspiciousOperation|24→class CreateError(Exception):|26→ Used internally as a consistent exception type to catch from save (see the",tests/middleware_exceptions/ | /testbed/tests/test_exceptions/|8 from django.contrib.sessions.exceptions import SuspiciousSession | 10 from django.core.exceptions import SuspiciousOperation | 24 class CreateError(Exception): | 26 Used internally as a consistent exception type to catch from save (see the | 32 class UpdateError(Exception): | 120 # exceptions similar to what _lega...|c7e7f176c1 Fixed #26977 -- Made abstract models raise TypeError when instantiati ng.,,1,1,0,/home/shashwatsuthar/research/openhands-adp-memory/analysis/contextbench_posthoc/20260606_220027/remote/execution_full_qwen36_65k_fix1_minimal/django__django-31864/raw
django__django-31864,adp,"Internal Server Error: /overview/|Traceback (most recent call last):|AttributeError: 'SessionStore' object has no attribute '_session_cache'|During handling of the above exception, another exception occurred:|File ""/usr/local/lib/python3.8/site-packages/django/core/handlers/exception.py"", line 47, in inner|8→from django.contrib.sessions.exceptions import SuspiciousSession|10→from django.core.exceptions import SuspiciousOperation|24→class CreateError(Exception):|26→ Used internally as a consistent exception type to catch from save (see the|32→class UpdateError(Exception):",tests/middleware_exceptions/ | /testbed/tests/test_exceptions/|8 from django.contrib.sessions.exceptions import SuspiciousSession | 10 from django.core.exceptions import SuspiciousOperation | 24 class CreateError(Exception): | 26 Used internally as a consistent exception type to catch from save (see the | 32 class UpdateError(Exception): | 120 # exceptions similar to what _lega...,,1,1,0,/home/shashwatsuthar/research/openhands-adp-memory/analysis/contextbench_posthoc/20260606_220027/remote/execution_full_qwen36_65k_fix1_minimal/django__django-31864/adp
django__django-31864,memory,"Internal Server Error: /overview/|Traceback (most recent call last):|AttributeError: 'SessionStore' object has no attribute '_session_cache'|During handling of the above exception, another exception occurred:|File ""/usr/local/lib/python3.8/site-packages/django/core/handlers/exception.py"", line 47, in inner|- Traceback (most recent call last):|8→from django.contrib.sessions.exceptions import SuspiciousSession|10→from django.core.exceptions import SuspiciousOperation|24→class CreateError(Exception):|26→ Used internally as a consistent exception type to catch from save (see the","tests/middleware_exceptions/ | /testbed/tests/test_exceptions/|8 from django.contrib.sessions.exceptions import SuspiciousSession | 10 from django.core.exceptions import SuspiciousOperation | 24 class CreateError(Exception): | 26 Used internally as a consistent exception type to catch from save (see the | 32 class UpdateError(Exception): | 120 # exceptions similar to what _lega...|22 from django.contrib.sessions.exceptions import InvalidSessionKey | 31 from django.core.exceptions import ImproperlyConfigured, SuspiciousOperation | 91 def test_pop_no_default_keyerror_raised(self): | 92 with self.assertRaises(KeyError): | 386 def test_unpickling_exception(self): | 387 # signed_cookies backend sh...|330: # The failed decode is logged.|330 # The failed decode is logged.|c7e7f176c1 Fixed #26977 -- Made abstract models raise TypeError when instantiati ng.",,1,1,0,/home/shashwatsuthar/research/openhands-adp-memory/analysis/contextbench_posthoc/20260606_220027/remote/execution_full_qwen36_65k_fix1_minimal/django__django-31864/memory
django__django-32260,no_memory,,"django/urls/exceptions.py|20 from django.core.exceptions import ImproperlyConfigured, ViewDoesNotExist | 28 from .exceptions import NoReverseMatch, Resolver404 | 308 except TypeError as e: | 331 raise ValueError(""Don't mix *args and **kwargs in call to reverse()!"") | 357 except ValueError|426 # All handlers take (request, exception) arguments except handler500 | 431 except (ImportError, ViewDoesNotExist) as e: | 442 except TypeError: | 449 args='request, exception' if num_parameters == 2 else 'request',|4 from django.core.exceptions import ImproperlyConfigured | 53 raise TypeError( | 58 raise TypeError(""%s() received an invalid keyword %r. as_view "" | 66 raise AttributeError(|9 def good_handler(request, exception=None, foo='bar'):|73 with self.assertRaisesMessage(TypeError, msg): | 89 with self.assertRaisesMessage(TypeError, msg): | 152 with self.assertRaisesMessage(TypeError, msg)|11 from django.core.exceptions import ImproperlyConfigured, ViewDoesNotExist | 223 with self.assertRaisesMessage(TypeError, 'view must be a callable'): | 243 def test_attributeerror_not_hidden(self): | 245 with self.assertRaisesMessage(AttributeError, msg): | 255 with self.assertRaisesMessage(ImportError, msg): | 25...|1087 with self.assertRaisesMessage(ValueError, msg): | 1095 def test_no_handler_exception(self)|Traceback (most recent call last): | ModuleNotFoundError: No module named 'tests.settings|Traceback (most recent call last): | ImportError: cannot import name 'RegexPattern' from 'django.urls' (/testbed/django/urls/__init__.py)","SystemCheckError: System check identified some issues:|. The signature variable in this function is expected to match (request, exception) for all handlers except for handler500 which is expected to have only (request). A positional argument, template_name is also present.",0,1,0,/home/shashwatsuthar/research/openhands-adp-memory/analysis/contextbench_posthoc/20260606_220027/remote/execution_full_qwen36_65k_fix1_minimal/django__django-32260/no_memory
django__django-32260,raw,"except Exception as e:|This results in the following exception|AttributeError: 'functools.partial' object has no attribute '__name__|9→ raise AttributeError(""This method is available only on the class, not on instances."")|SyntaxError: invalid syntax|Error: 'functools.partial' object has no attribute '__name__|Traceback (most recent call last):|AttributeError: 'NoneType' object has no attribute 'loader'","tests/middleware_exceptions/ | /testbed/tests/test_exceptions/|-rw-r--r-- 1 1007 1008 115 Mar 19 03:04 exceptions.py|20 from django.core.exceptions import ImproperlyConfigured, ViewDoesNotExist | 28 from .exceptions import NoReverseMatch, Resolver404 | 308 except TypeError as e: | 331 raise ValueError(""Don't mix *args and **kwargs in call to reverse()!"") | 357 except ValueError|426 # All handlers take (request, exception) arguments except handler500 | 431 except (ImportError, ViewDoesNotExist) as e: | 442 except TypeError: | 449 args='request, exception' if num_parameters == 2 else 'request',|1087 with self.assertRaisesMessage(ValueError, msg): | 1095 def test_no_handler_exception(self)|tests/check_framework/urls/good_error_handlers.py:9:def good_handler(request, exception=None, foo='bar')|except TypeError as e: | print('Binding 1 arg: FAILED -', e) | except TypeError as e: | print('Binding 2 args: FAILED -', e)|442 except TypeError: | from django.core.exceptions import ImproperlyConfigured, ViewDoesNotExist | from .exceptions import NoReverseMatch, Resolver404 | except KeyError as e: | except ValueError: | # All handlers take (request, exception) arguments except handler500 | except (ImportError, ViewDoesNotExist) as e: | ...|print('FAIL: Got E007 errors:') | Traceback (most recent call last): | ModuleNotFoundError: No module named 'tests.settings|print('FAIL: Got E007 errors:')","SystemCheckError: System check identified some issues:|. The signature variable in this function is expected to match (request, exception) for all handlers except for handler500 which is expected to have only (request). A positional argument, template_name is also present.",1,1,0,/home/shashwatsuthar/research/openhands-adp-memory/analysis/contextbench_posthoc/20260606_220027/remote/execution_full_qwen36_65k_fix1_minimal/django__django-32260/raw
django__django-32260,adp,"except Exception as e:|This results in the following exception|AttributeError: 'functools.partial' object has no attribute '__name__|9→ raise AttributeError(""This method is available only on the class, not on instances."")|SyntaxError: invalid syntax|Error: 'functools.partial' object has no attribute '__name__|Traceback (most recent call last):|AttributeError: 'NoneType' object has no attribute 'loader'","tests/middleware_exceptions/ | /testbed/tests/test_exceptions/|django/urls/exceptions.py|426 # All handlers take (request, exception) arguments except handler500 | 431 except (ImportError, ViewDoesNotExist) as e: | 442 except TypeError: | 449 args='request, exception' if num_parameters == 2 else 'request',|631 raise ValueError(""Don't mix *args and **kwargs in call to reverse()!"") | 657 except ValueError:|4 from django.core.exceptions import ViewDoesNotExist | 14 import that callable and return it, otherwise raise an exception | 15 (ImportError or ViewDoesNotExist). | 25 raise ImportError(""Could not import '%s'. The path must be fully qualified."" % lookup_view) | 29 except ImportError: | 41 except AttributeError: | 6...|180 .format(code, ', exception' if num_params == 2 else '')|9 def good_handler(request, exception=None, foo='bar'):|def get(self, request, exception=None):|Traceback (most recent call last): | ModuleNotFoundError: No module named 'tests.settings|20 from django.core.exceptions import ImproperlyConfigured, ViewDoesNotExist | 28 from .exceptions import NoReverseMatch, Resolver404","SystemCheckError: System check identified some issues:|. The signature variable in this function is expected to match (request, exception) for all handlers except for handler500 which is expected to have only (request). A positional argument, template_name is also present.",1,1,0,/home/shashwatsuthar/research/openhands-adp-memory/analysis/contextbench_posthoc/20260606_220027/remote/execution_full_qwen36_65k_fix1_minimal/django__django-32260/adp
django__django-32260,memory,"except Exception as e:|This results in the following exception|AttributeError: 'functools.partial' object has no attribute '__name__|- Traceback (most recent call last):|- E django.core.exceptions.ImproperlyConfigured: Requested setting DATABASES, but settings are not configured. You must either define the environment variable DJANGO_SETTINGS_MODULE or call settings.configure() before...|9→ raise AttributeError(""This method is available only on the class, not on instances."")|SyntaxError: invalid syntax|Error: 'functools.partial' object has no attribute '__name__|Traceback (most recent call last):|AttributeError: 'NoneType' object has no attribute 'loader'","tests/middleware_exceptions/ | /testbed/tests/test_exceptions/|20 from django.core.exceptions import ImproperlyConfigured, ViewDoesNotExist | 28 from .exceptions import NoReverseMatch, Resolver404 | 308 except TypeError as e: | 331 raise ValueError(""Don't mix *args and **kwargs in call to reverse()!"") | 357 except ValueError|426 # All handlers take (request, exception) arguments except handler500 | 431 except (ImportError, ViewDoesNotExist) as e: | 442 except TypeError: | 449 args='request, exception' if num_parameters == 2 else 'request',|1087 with self.assertRaisesMessage(ValueError, msg): | 1095 def test_no_handler_exception(self)|53 raise TypeError( | 58 raise TypeError(""%s() received an invalid keyword %r. as_view "" | 66 raise AttributeError(|def view_2args(request, exception): | except TypeError as e: | except TypeError as e: | view_2args: (request, exception) | -> accepts 1 arg: NO (missing a required argument: 'exception')|tests/logging_tests/tests.py:418: self.assertEqual(admin_email_handler.reporter_class, ExceptionReporter) | /testbed/tests/logging_tests/tests.py:424: handler = AdminEmailHandler(reporter_class='logging_tests.logconfig.CustomExceptionReporter')|180 .format(code, ', exception' if num_params == 2 else '')|9 def good_handler(request, exception=None, foo='bar'):|442 except TypeError: | from django.core.exceptions import ImproperlyConfigured, ViewDoesNotExist | from .exceptions import NoReverseMatch, Resolver404 | except KeyError as e: | except ValueError: | # All handlers take (request, exception) arguments except handler500 | except (ImportError, ViewDoesNotExist) as e: | ...","SystemCheckError: System check identified some issues:|. The signature variable in this function is expected to match (request, exception) for all handlers except for handler500 which is expected to have only (request). A positional argument, template_name is also present.",1,1,0,/home/shashwatsuthar/research/openhands-adp-memory/analysis/contextbench_posthoc/20260606_220027/remote/execution_full_qwen36_65k_fix1_minimal/django__django-32260/memory
django__django-32450,no_memory,,"13 from django.core.exceptions import FieldError | 45 raise TypeError(other) | 289 raise ValueError('relation_name cannot be empty.') | 293 raise ValueError('condition argument must be a Q() instance.')|Traceback (most recent call last): | TypeError: cannot pickle 'dict_keys' object|685 # An EmptyQuerySet should not raise exceptions if it is filtered. | 703 with self.assertRaisesMessage(AssertionError, 'Cannot change a query once a slice has been taken'): | 730 with self.assertRaisesMessage(TypeError, 'Cannot use multi-field values as a filter value.')|25 with self.assertRaisesMessage(TypeError, str(obj)): | 27 with self.assertRaisesMessage(TypeError, str(obj))|except TypeError as e: | print('Deepcopy failed:', e) | Deepcopy failed: cannot pickle 'dict_keys' object|45 raise TypeError(other) | from django.core.exceptions import FieldError | raise TypeError(other) | raise ValueError('relation_name cannot be empty.') | raise ValueError('condition argument must be a Q() instance.') | from django.core.exceptions import FieldError | raise TypeError(other) | raise ValueError('relatio...|E django.core.exceptions.ImproperlyConfigured: Requested setting DATABASES, but settings are not configured. You must either define the environment variable DJANGO_SETTINGS_MODULE or call settings.configure() before accessing settings. | E django.core.exceptions.ImproperlyConfigured: Requested setting DATABASES, but...|Traceback (most recent call last): | ModuleNotFoundError: No module named 'tests.settings|24 # should not raise TypeError when combined with | or & operators. | 34 with self.assertRaisesMessage(TypeError, str(obj)): | # should not raise TypeError when combined with | or & operators. | with self.assertRaisesMessage(TypeError, str(obj)): | with self.assertRaisesMessage(TypeError, str(obj)): | with self.ass...|QTest (unittest.loader._FailedTest) ... ERROR | ERROR: QTest (unittest.loader._FailedTest) | AttributeError: module 'queries.tests' has no attribute 'QTest' | FAILED (errors=1)","""TypeError: cannot pickle"" when applying | operator to a Q object|operator fail:|Traceback (most recent call last):|TypeError: cannot pickle 'dict_keys' object",0,1,1,/home/shashwatsuthar/research/openhands-adp-memory/analysis/contextbench_posthoc/20260606_220027/remote/execution_full_qwen36_65k_fix1_minimal/django__django-32450/no_memory
django__django-32450,raw,"Q(...) & Exists(...) raises a TypeError|Exists(...) & Q(...) works, but Q(...) & Exists(...) raise a TypeError|TypeError Traceback (most recent call last)|---> 73 raise TypeError(other)|TypeError: <django.db.models.expressions.Exists object at 0x7fc18dd21400>|12→from django.core.exceptions import FieldError|44→ raise TypeError(other)|1191- raise ValueError('nulls_first and nulls_last are mutually exclusive')|1196- raise ValueError('expression must be an expression type')|except Exception as e:","tests/middleware_exceptions/ | /testbed/tests/test_exceptions/|13 from django.core.exceptions import FieldError | 45 raise TypeError(other) | 289 raise ValueError('relation_name cannot be empty.') | 293 raise ValueError('condition argument must be a Q() instance.')|except Exception as e: | print(f' Failed: {type(e).__name__}: {e}') | except Exception as e: | print(f' Failed: {type(e).__name__}: {e}') | Failed: TypeError: cannot pickle 'dict_keys' object | Failed: TypeError: cannot pickle 'dict_keys' object|except Exception as e: | print(f' Failed: {type(e).__name__}: {e}') | Failed: TypeError: cannot pickle 'dict_keys' object|25 with self.assertRaisesMessage(TypeError, str(obj)): | 27 with self.assertRaisesMessage(TypeError, str(obj))|13 from django.core.exceptions import FieldError | 45 raise TypeError(other)|45 raise TypeError(other) | from django.core.exceptions import FieldError | raise TypeError(other) | raise ValueError('relation_name cannot be empty.') | raise ValueError('condition argument must be a Q() instance.') | from django.core.exceptions import FieldError | raise TypeError(other) | raise ValueError('relatio...|12 from django.core.exceptions import FieldError | from django.core.exceptions import FieldError | raise TypeError(other) | raise ValueError('relation_name cannot be empty.') | raise ValueError('condition argument must be a Q() instance.') | from django.core.exceptions import FieldError | raise TypeError(other) | ra...|except Exception as e: | print(f' Failed: {type(e).__name__}: {e}') | except Exception as e: | print(f' Failed: {type(e).__name__}: {e}') | except Exception as e: | print(f' Failed: {type(e).__name__}: {e}') | except Exception as e: | print(f' Failed: {type(e).__name__}: {e}')|with self.assertRaisesMessage(TypeError, str(obj)): | with self.assertRaisesMessage(TypeError, str(obj)): | with self.assertRaisesMessage(TypeError, str(obj)): | with self.assertRaisesMessage(TypeError, str(obj))","""TypeError: cannot pickle"" when applying | operator to a Q object|operator fail:|Traceback (most recent call last):|TypeError: cannot pickle 'dict_keys' object",1,1,1,/home/shashwatsuthar/research/openhands-adp-memory/analysis/contextbench_posthoc/20260606_220027/remote/execution_full_qwen36_65k_fix1_minimal/django__django-32450/raw
django__django-32450,adp,"Q(...) & Exists(...) raises a TypeError|Exists(...) & Q(...) works, but Q(...) & Exists(...) raise a TypeError|TypeError Traceback (most recent call last)|---> 73 raise TypeError(other)|TypeError: <django.db.models.expressions.Exists object at 0x7fc18dd21400>|12→from django.core.exceptions import FieldError|44→ raise TypeError(other)|1191- raise ValueError('nulls_first and nulls_last are mutually exclusive')|1196- raise ValueError('expression must be an expression type')|except Exception as e:","tests/middleware_exceptions/ | /testbed/tests/test_exceptions/|13 from django.core.exceptions import FieldError | 45 raise TypeError(other) | 289 raise ValueError('relation_name cannot be empty.') | 293 raise ValueError('condition argument must be a Q() instance.')|25 with self.assertRaisesMessage(TypeError, str(obj)): | 27 with self.assertRaisesMessage(TypeError, str(obj))|except Exception as e: | print(f' Failed: {type(e).__name__}: {e}') | except Exception as e: | print(f' Failed: {type(e).__name__}: {e}') | Failed: TypeError: cannot pickle 'dict_keys' object | Failed: TypeError: cannot pickle 'dict_keys' object|except TypeError as e: | except TypeError as e: | except TypeError as e:|13 from django.core.exceptions import FieldError | 45 raise TypeError(other)|68 raise TypeError(other) | from django.core.exceptions import FieldError | raise TypeError(other) | raise ValueError('relation_name cannot be empty.') | raise ValueError('condition argument must be a Q() instance.') | from django.core.exceptions import FieldError | raise TypeError(other) | raise ValueError('relatio...|from django.core.exceptions import FieldError | raise TypeError(other) | raise ValueError('relation_name cannot be empty.') | raise ValueError('condition argument must be a Q() instance.') | from django.core.exceptions import FieldError | raise TypeError(other) | raise ValueError('relation_name cannot be empty.') | ...|except Exception as e: | print(f' Failed: {type(e).__name__}: {e}') | except Exception as e: | print(f' Failed: {type(e).__name__}: {e}') | except Exception as e: | print(f' Failed: {type(e).__name__}: {e}') | except Exception as e: | print(f' Failed: {type(e).__name__}: {e}')|except Exception as e: | print(' Failed:', type(e).__name__, str(e)) | except Exception as e: | print(' Failed:', type(e).__name__, str(e)) | except Exception as e: | print(' Failed:', type(e).__name__, str(e)) | Traceback (most recent call last): | AttributeError: 'set' object has no attribute 'keys","""TypeError: cannot pickle"" when applying | operator to a Q object|operator fail:|Traceback (most recent call last):|TypeError: cannot pickle 'dict_keys' object",1,1,1,/home/shashwatsuthar/research/openhands-adp-memory/analysis/contextbench_posthoc/20260606_220027/remote/execution_full_qwen36_65k_fix1_minimal/django__django-32450/adp
django__django-32450,memory,"Q(...) & Exists(...) raises a TypeError|Exists(...) & Q(...) works, but Q(...) & Exists(...) raise a TypeError|TypeError Traceback (most recent call last)|---> 73 raise TypeError(other)|TypeError: <django.db.models.expressions.Exists object at 0x7fc18dd21400>|except Exception as e:|print(f' Failed: {type(e).__name__}: {e}')|- Traceback (most recent call last):|- ERROR: found no collectors for ./swebench_9_15/testbed/tests/queries/test_q.py::QWithExistsTests|- E django.core.exceptions.ImproperlyConfigured: Requested setting INSTALLED_APPS, but settings are not configured. You must either define the environment variable DJANGO_SETTINGS_MODULE or call settings.configure() b...","tests/middleware_exceptions/ | /testbed/tests/test_exceptions/|13 from django.core.exceptions import FieldError | 45 raise TypeError(other) | 289 raise ValueError('relation_name cannot be empty.') | 293 raise ValueError('condition argument must be a Q() instance.')|25 with self.assertRaisesMessage(TypeError, str(obj)): | 27 with self.assertRaisesMessage(TypeError, str(obj))|except Exception as e: | print(f' Failed: {type(e).__name__}: {e}') | except Exception as e: | print(f' Failed: {type(e).__name__}: {e}') | Failed: TypeError: cannot pickle 'dict_keys' object | Failed: TypeError: cannot pickle 'dict_keys' object|45 raise TypeError(other)|45 raise TypeError(other) | from django.core.exceptions import FieldError | raise TypeError(other) | raise ValueError('relation_name cannot be empty.') | raise ValueError('condition argument must be a Q() instance.') | from django.core.exceptions import FieldError | raise TypeError(other) | raise ValueError('relatio...|except Exception as e: | print(f' Failed: {type(e).__name__}: {e}') | except Exception as e: | print(f' Failed: {type(e).__name__}: {e}') | except Exception as e: | print(f' Failed: {type(e).__name__}: {e}') | except Exception as e: | print(f' Failed: {type(e).__name__}: {e}')|/opt/conda/envs/testbed/bin/python: Error while finding module specification for 'django.test.utils.get_runner' (ModuleNotFoundError: __path__ attribute not found on 'django.test.utils' while trying to find 'django.test.utils.get_runner')|12 from django.core.exceptions import FieldError | from django.core.exceptions import FieldError | raise TypeError(other) | raise ValueError('relation_name cannot be empty.') | raise ValueError('condition argument must be a Q() instance.') | from django.core.exceptions import FieldError | raise TypeError(other) | ra...|12 from django.core.exceptions import FieldError | 44 raise TypeError(other)","""TypeError: cannot pickle"" when applying | operator to a Q object|operator fail:|Traceback (most recent call last):|TypeError: cannot pickle 'dict_keys' object",1,1,1,/home/shashwatsuthar/research/openhands-adp-memory/analysis/contextbench_posthoc/20260606_220027/remote/execution_full_qwen36_65k_fix1_minimal/django__django-32450/memory
django__django-33461,no_memory,,"6 <title>{% if exception_type %}{{ exception_type }}{% else %}Report{% endif %} | 33 ul.traceback { list-style-type:none; color: #222; } | 34 ul.traceback li.cause { word-break: break-word; } | 35 ul.traceback li.frame { padding-bottom:1em; color:#4f4f4f; } | 36 ul.traceback li.user { background-color:#e0e0e0; color...|202: e.template_debug = self.get_exception_info(e, e.token) | 205: def get_exception_info(self, exception, token): | 949: e.template_debug = context.render_context.template.get_exception_info(|200 except Exception as e: | 202 e.template_debug = self.get_exception_info(e, e.token) | 205 def get_exception_info(self, exception, token): | 208 the exception occurred in the template. The following information is | 212 The message of the exception raised. | 215 The lines before, after, and including the line the...|264 message = str(exception.args[0]) | 266 message = '(Could not get exception message)' | 306 in the template source. This is used for traceback information|33 with a context. In the compilation stage, the TemplateSyntaxError exception|69:from .exceptions import TemplateSyntaxError|264 message = escape(str(exception.args[0])) | 266 message = '(Could not get exception message)' | with a context. In the compilation stage, the TemplateSyntaxError exception | from .exceptions import TemplateSyntaxError | class VariableDoesNotExist(Exception): | is True and an exception occurs during parsing, the e...|65: debug = e.exception.template_debug | 104: debug = e.exception.template_debug | 119: self.assertEqual(e.exception.template_debug['during'], '{% badtag %}') | 130: self.assertEqual(e.exception.template_debug['during'], '{% badtag %}') | 142: self.assertEqual(e.exception.template_debug['during'], '{% badtag %}') | ...|38 exception. | 50 self.assertGreater(depth, 5, ""The traceback context was lost when reraising the traceback."") | 52 def test_no_wrapped_exception(self): | 54 # 16770 -- The template system doesn't wrap exceptions, but annotates | 65 debug = e.exception.template_debug | 104 debug = e.exception.template_debug | 116 w...|tests/template_tests/tests.py:65: debug = e.exception.template_debug | /testbed/tests/template_tests/tests.py:104: debug = e.exception.template_debug | /testbed/tests/template_tests/tests.py:119: self.assertEqual(e.exception.template_debug['during'], '{% badtag %}') | /testbed/tests/template_tests/tests.py:...","Unescaped HTML rendering in the technical 500 response via SafeString usage in Exception instance's args.|Template.get_exception_info|str(exception.args[0])|of an exception that is caught and passes through|get_exception_info|str(exception.args[0]).strip()|is the correct solution, the latter would make the escaping consistent in both the text and HTML exception reporters, while the|failed to find a match in the template filter, and at least in Python 3.9 returns the original str as the LHS of the partition tuple, rather than a copy - which means its still a trusted",0,1,1,/home/shashwatsuthar/research/openhands-adp-memory/analysis/contextbench_posthoc/20260606_220027/remote/execution_full_qwen36_65k_fix1_minimal/django__django-33461/no_memory
django__django-33461,raw,6→from django.core.exceptions import SuspiciousFileOperation|14→ Raise ValueError if the final path isn't located inside of the base path|SyntaxError: invalid syntax|Traceback (most recent call last):|AttributeError: 'NoneType' object has no attribute 'loader'|280- except FileNotFoundError:|No matches found|62- global _exception|402→ except OSError:|413→class WatchmanUnavailable(RuntimeError):,"tests/middleware_exceptions/ | /testbed/tests/test_exceptions/|6 <title>{% if exception_type %}{{ exception_type }}{% else %}Report{% endif %} | 33 ul.traceback { list-style-type:none; color: #222; } | 34 ul.traceback li.cause { word-break: break-word; } | 35 ul.traceback li.frame { padding-bottom:1em; color:#4f4f4f; } | 36 ul.traceback li.user { background-color:#e0e0e0; color...|django/template/base.py:202: e.template_debug = self.get_exception_info(e, e.token) | /testbed/django/template/base.py:205: def get_exception_info(self, exception, token): | /testbed/django/template/base.py:949: e.template_debug = context.render_context.template.get_exception_info( | /testbed/django/templat...|200 except Exception as e: | 202 e.template_debug = self.get_exception_info(e, e.token) | 205 def get_exception_info(self, exception, token): | 208 the exception occurred in the template. The following information is | 212 The message of the exception raised. | 215 The lines before, after, and including the line the...|264 message = str(exception.args[0]) | 266 message = '(Could not get exception message)|33 with a context. In the compilation stage, the TemplateSyntaxError exception|69 from .exceptions import TemplateSyntaxError|tests/view_tests/views.py:16: ExceptionReporter, SafeExceptionReporterFilter, technical_500_response|26 CallableSettingWrapper, ExceptionCycleWarning, ExceptionReporter, | 27 Path as DebugPath, SafeExceptionReporterFilter, default_urlconf, | 28 get_default_exception_reporter_filter, technical_404_response, | 36 custom_exception_reporter_filter_view, index_page, | 113 '403.html': 'This is a test template for a 403 e...|91 def get_exception_info(exception): | 93 Format exception information for display on the debug page using the | 97 lineno = exception.lineno | 98 source = exception.source | 100 exception_file = Path(exception.filename) | 101 if exception_file.exists(): | 102 source = exception_file.read_text() | 114 'name': excep...","Unescaped HTML rendering in the technical 500 response via SafeString usage in Exception instance's args.|Template.get_exception_info|str(exception.args[0])|of an exception that is caught and passes through|get_exception_info|str(exception.args[0]).strip()|is the correct solution, the latter would make the escaping consistent in both the text and HTML exception reporters, while the|failed to find a match in the template filter, and at least in Python 3.9 returns the original str as the LHS of the partition tuple, rather than a copy - which means its still a trusted",1,1,1,/home/shashwatsuthar/research/openhands-adp-memory/analysis/contextbench_posthoc/20260606_220027/remote/execution_full_qwen36_65k_fix1_minimal/django__django-33461/raw
django__django-33461,adp,6→from django.core.exceptions import SuspiciousFileOperation|14→ Raise ValueError if the final path isn't located inside of the base path|SyntaxError: invalid syntax|Traceback (most recent call last):|AttributeError: 'NoneType' object has no attribute 'loader'|280- except FileNotFoundError:|No matches found|62- global _exception|402→ except OSError:|413→class WatchmanUnavailable(RuntimeError):,"tests/middleware_exceptions/ | /testbed/tests/test_exceptions/|6 <title>{% if exception_type %}{{ exception_type }}{% else %}Report{% endif %} | 33 ul.traceback { list-style-type:none; color: #222; } | 34 ul.traceback li.cause { word-break: break-word; } | 35 ul.traceback li.frame { padding-bottom:1em; color:#4f4f4f; } | 36 ul.traceback li.user { background-color:#e0e0e0; color...|202: e.template_debug = self.get_exception_info(e, e.token) | 205: def get_exception_info(self, exception, token): | 949: e.template_debug = context.render_context.template.get_exception_info(|200 except Exception as e: | 202 e.template_debug = self.get_exception_info(e, e.token) | 205 def get_exception_info(self, exception, token): | 208 the exception occurred in the template. The following information is | 212 The message of the exception raised. | 215 The lines before, after, and including the line the...|264 message = str(exception.args[0]) | 266 message = '(Could not get exception message)' | 306 in the template source. This is used for traceback information|33 with a context. In the compilation stage, the TemplateSyntaxError exception|69 from .exceptions import TemplateSyntaxError|65: debug = e.exception.template_debug | 104: debug = e.exception.template_debug | 119: self.assertEqual(e.exception.template_debug['during'], '{% badtag %}') | 130: self.assertEqual(e.exception.template_debug['during'], '{% badtag %}') | 142: self.assertEqual(e.exception.template_debug['during'], '{% badtag %}') | ...|38 exception. | 50 self.assertGreater(depth, 5, ""The traceback context was lost when reraising the traceback."") | 52 def test_no_wrapped_exception(self): | 54 # 16770 -- The template system doesn't wrap exceptions, but annotates | 65 debug = e.exception.template_debug | 104 debug = e.exception.template_debug | 116 w...|264 message = escape(str(exception.args[0])) | 266 message = '(Could not get exception message)' | with a context. In the compilation stage, the TemplateSyntaxError exception | from .exceptions import TemplateSyntaxError | class VariableDoesNotExist(Exception): | is True and an exception occurs during parsing, the e...","Unescaped HTML rendering in the technical 500 response via SafeString usage in Exception instance's args.|Template.get_exception_info|str(exception.args[0])|of an exception that is caught and passes through|get_exception_info|str(exception.args[0]).strip()|is the correct solution, the latter would make the escaping consistent in both the text and HTML exception reporters, while the|failed to find a match in the template filter, and at least in Python 3.9 returns the original str as the LHS of the partition tuple, rather than a copy - which means its still a trusted",1,1,1,/home/shashwatsuthar/research/openhands-adp-memory/analysis/contextbench_posthoc/20260606_220027/remote/execution_full_qwen36_65k_fix1_minimal/django__django-33461/adp
django__django-33461,memory,- Traceback (most recent call last):|6→from django.core.exceptions import SuspiciousFileOperation|14→ Raise ValueError if the final path isn't located inside of the base path|SyntaxError: invalid syntax|Traceback (most recent call last):|AttributeError: 'NoneType' object has no attribute 'loader'|280- except FileNotFoundError:|No matches found|62- global _exception,"tests/middleware_exceptions/ | /testbed/tests/test_exceptions/|40 class ExceptionCycleWarning(UserWarning): | 63 reporter = get_exception_reporter_class(request)(request, exc_type, exc_value, tb) | 65 html = reporter.get_traceback_html() | 68 text = reporter.get_traceback_text() | 73 def get_default_exception_reporter_filter(): | 75 return import_string(settings.DEFAULT_EXCEPTI...|6 <title>{% if exception_type %}{{ exception_type }}{% else %}Report{% endif %} | 33 ul.traceback { list-style-type:none; color: #222; } | 34 ul.traceback li.cause { word-break: break-word; } | 35 ul.traceback li.frame { padding-bottom:1em; color:#4f4f4f; } | 36 ul.traceback li.user { background-color:#e0e0e0; color...|298: def get_traceback_data(self): | 377: c = Context(self.get_traceback_data(), use_l10n=False) | 384: c = Context(self.get_traceback_data(), autoescape=False, use_l10n=False)|277 self.filter = get_exception_reporter_filter(self.request) | 298 def get_traceback_data(self): | 299 """"""Return a dictionary containing traceback information."""""" | 304 frames = self.get_traceback_frames() | 334 except Exception: | 364 # Check whether exception info is available | 366 c['exception_type'] = self.exc...|1 {% firstof exception_type 'Report' %}{% if request %} at {{ request.path_info }}{% endif %} | 2 {% firstof exception_value 'No exception message supplied' %} | 25 Template error: | 30 Traceback (most recent call last): | 32 {% if frame.exc_cause_explicit %}The above exception ({{ frame.exc_cause }}) was the direct...|26 CallableSettingWrapper, ExceptionCycleWarning, ExceptionReporter, | 27 Path as DebugPath, SafeExceptionReporterFilter, default_urlconf, | 28 get_default_exception_reporter_filter, technical_404_response, | 36 custom_exception_reporter_filter_view, index_page, | 113 '403.html': 'This is a test template for a 403 e...|620: raise AttributeError(mark_safe('<p>Top level</p>')) | 623: raise ValueError(mark_safe('<p>Second exception</p>')) from explicit | 625: raise IndexError(mark_safe('<p>Final exception</p>'))|601 'During handling of the above exception (Inner Oops), another ' | 602 'exception occurred:/n Traceback: None', | 606 text = reporter.get_traceback_text() | 607 self.assertIn('Exception Type: RuntimeError', text) | 608 self.assertIn('Exception Value: Oops', text) | 609 self.assertIn('Traceback (most recent call l...|django/template/base.py:202: e.template_debug = self.get_exception_info(e, e.token) | /testbed/django/template/base.py:949: e.template_debug = context.render_context.template.get_exception_info( | /testbed/django/template/backends/jinja2.py:46: new.template_debug = get_exception_info(exc) | /testbed/django/...","Unescaped HTML rendering in the technical 500 response via SafeString usage in Exception instance's args.|Template.get_exception_info|str(exception.args[0])|of an exception that is caught and passes through|get_exception_info|str(exception.args[0]).strip()|is the correct solution, the latter would make the escaping consistent in both the text and HTML exception reporters, while the|failed to find a match in the template filter, and at least in Python 3.9 returns the original str as the LHS of the partition tuple, rather than a copy - which means its still a trusted",1,1,0,/home/shashwatsuthar/research/openhands-adp-memory/analysis/contextbench_posthoc/20260606_220027/remote/execution_full_qwen36_65k_fix1_minimal/django__django-33461/memory
django__django-33871,no_memory,,"django/contrib/sessions/exceptions.py|234 except ValidationError:|1355 except json.JSONDecodeError: | 1373 except json.JSONDecodeError|149 except ValidationError:|3 from django.core.exceptions import ValidationError | 69 raise TypeError(|12 from django.core.exceptions import ObjectDoesNotExist|4 from django.core import checks, exceptions | 39 raise ValueError(""The encoder parameter must be a callable object."") | 41 raise ValueError(""The decoder parameter must be a callable object."") | 93 except json.JSONDecodeError: | 119 except TypeError: | 120 raise exceptions.ValidationError( | 145 except ValueError: #...|304 Raise an AttributeError if ordering is not allowed. | 307 raise AttributeError(|3 from django.core.exceptions import ValidationError|278 raise AttributeError( | 304 Raise an AttributeError if ordering is not allowed. | 307 raise AttributeError(",,0,0,0,/home/shashwatsuthar/research/openhands-adp-memory/analysis/contextbench_posthoc/20260606_220027/remote/execution_full_qwen36_65k_fix1_minimal/django__django-33871/no_memory
django__django-33871,raw,No matches found|django/forms/fields.py-234- except ValidationError|149→ except ValidationError:|2→from django.core.exceptions import ValidationError|69- raise TypeError(|6→from django.core.exceptions import (|SyntaxError: invalid syntax|TEST FAILED: The bug still exists!|Traceback (most recent call last):|AttributeError: 'NoneType' object has no attribute 'loader',"4 from django.core import checks, exceptions | 39 raise ValueError(""The encoder parameter must be a callable object."") | 41 raise ValueError(""The decoder parameter must be a callable object."") | 93 except json.JSONDecodeError: | 119 except TypeError: | 120 raise exceptions.ValidationError( | 145 except ValueError: #...|1355- except json.JSONDecodeError: | 1373- except json.JSONDecodeError|1355 except json.JSONDecodeError: | 1373 except json.JSONDecodeError|4 from django.core.exceptions import ValidationError|ModuleNotFoundError: No module named 'tests.settings|from django.core.exceptions import ImproperlyConfigured|"" 2>&1 | grep -v ""Error processing\|Remainder of\|Traceback\|File \|AttributeError\|import\|exec\|No sympy""|from django.core import checks, exceptions | raise ValueError(""The encoder parameter must be a callable object."") | raise ValueError(""The decoder parameter must be a callable object."") | except json.JSONDecodeError: | except TypeError: | raise exceptions.ValidationError( | except ValueError: # non-integer | except V...|from django.core.exceptions import ValidationError | with self.assertRaisesMessage(TypeError, msg): | with self.assertRaisesMessage(TypeError, msg): | with self.assertRaisesMessage(ValueError, msg): | with self.assertRaisesMessage(ValueError, msg): | with self.assertRaisesMessage(ValueError, msg): | with self.assert...|E django.core.exceptions.ImproperlyConfigured: Requested setting INSTALLED_APPS, but settings are not configured. You must either define the environment variable DJANGO_SETTINGS_MODULE or call settings.configure() before accessing settings. | ERROR tests/model_fields/test_jsonfield.py - django.core.exceptions.Improp...",,1,1,0,/home/shashwatsuthar/research/openhands-adp-memory/analysis/contextbench_posthoc/20260606_220027/remote/execution_full_qwen36_65k_fix1_minimal/django__django-33871/raw
django__django-33871,adp,No matches found|django/forms/fields.py-234- except ValidationError|149→ except ValidationError:|2→from django.core.exceptions import ValidationError|69- raise TypeError(|6→from django.core.exceptions import (|SyntaxError: invalid syntax|TEST FAILED: The bug still exists!|Traceback (most recent call last):|AttributeError: 'NoneType' object has no attribute 'loader',"tests/middleware_exceptions/ | /testbed/tests/test_exceptions/|4 from django.core import checks, exceptions | 39 raise ValueError(""The encoder parameter must be a callable object."") | 41 raise ValueError(""The decoder parameter must be a callable object."") | 93 except json.JSONDecodeError: | 119 except TypeError: | 120 raise exceptions.ValidationError( | 145 except ValueError: #...|1355 except json.JSONDecodeError: | 1373 except json.JSONDecodeError|234 except ValidationError:|7 from django.core.exceptions import ValidationError | 47 with self.assertRaisesMessage(TypeError, msg): | 101 with self.assertRaisesMessage(TypeError, msg): | 108 with self.assertRaisesMessage(ValueError, msg): | 113 with self.assertRaisesMessage(ValueError, msg): | 430 with self.assertRaisesMessage(ValueError, msg...",,1,1,0,/home/shashwatsuthar/research/openhands-adp-memory/analysis/contextbench_posthoc/20260606_220027/remote/execution_full_qwen36_65k_fix1_minimal/django__django-33871/adp
django__django-33871,memory,- Traceback (most recent call last):|- FAILED (failures=1)|- FAIL: test_callable_field_default (model_forms.tests.OtherModelFormTests)|- AssertionError: False is not true|No matches found|django/forms/fields.py-234- except ValidationError|149→ except ValidationError:|2→from django.core.exceptions import ValidationError|69- raise TypeError(|6→from django.core.exceptions import (,"tests/middleware_exceptions/ | /testbed/tests/test_exceptions/|4 from django.core import checks, exceptions | 39 raise ValueError(""The encoder parameter must be a callable object."") | 41 raise ValueError(""The decoder parameter must be a callable object."") | 93 except json.JSONDecodeError: | 119 except TypeError: | 120 raise exceptions.ValidationError( | 145 except ValueError: #...|1082 raise exceptions.ValidationError(|1355 except json.JSONDecodeError: | 1373 except json.JSONDecodeError|Traceback (most recent call last): | ModuleNotFoundError: No module named 'tests.settings|from django.core.exceptions import ValidationError | except AssertionError as e: | print(f""FAILED: {e}"")|Traceback (most recent call last): | AttributeError: 'BoundField' object has no attribute 'has_changed'|from django.core.exceptions import ValidationError | except AssertionError as e: | print(f""FAILED: {e}"") | from django.core.exceptions import ValidationError | except AssertionError as e: | print(f""FAILED: {e}"")|Traceback (most recent call last): | django.core.exceptions.ImproperlyConfigured: settings.DATABASES is improperly configured. Please supply the NAME value.|234 except ValidationError:",,1,1,1,/home/shashwatsuthar/research/openhands-adp-memory/analysis/contextbench_posthoc/20260606_220027/remote/execution_full_qwen36_65k_fix1_minimal/django__django-33871/memory
django__django-34176,no_memory,,"8 from django.core.exceptions import FieldError | 197 Regression test for #12822: DatabaseError: aggregates not allowed in | 204 failed in 1.2-beta (trunk). | 217 Regression test for #12822: DatabaseError: aggregates not allowed in | 223 Before the corresponding fix for this bug, this test failed in both | 386 with ...",ERROR: test_aggregate_and_annotate_duplicate_columns (aggregation_regress.tests.AggregationTests)|Traceback (most recent call last):|sqlite3.OperationalError: ambiguous column name: name,0,0,0,/home/shashwatsuthar/research/openhands-adp-memory/analysis/contextbench_posthoc/20260606_220027/remote/execution_full_qwen36_65k_fix1_minimal/django__django-34176/no_memory
django__django-34176,raw,"django.db.utils.ProgrammingError: column reference ""status"" is ambiguous|(eval):1: no matches found: testbed/setup.*|SyntaxError: invalid syntax|Traceback (most recent call last):|ImportError: No module named django|AttributeError: 'NoneType' object has no attribute 'loader'|python3 test_issue.py 2>&1|grep -v ""matplotlib""|grep -v ""AttributeError""|grep -v ""Remainder",6 from django.core.exceptions import FieldError,ERROR: test_aggregate_and_annotate_duplicate_columns (aggregation_regress.tests.AggregationTests)|Traceback (most recent call last):|sqlite3.OperationalError: ambiguous column name: name,1,1,0,/home/shashwatsuthar/research/openhands-adp-memory/analysis/contextbench_posthoc/20260606_220027/remote/execution_full_qwen36_65k_fix1_minimal/django__django-34176/raw
django__django-34176,adp,"django.db.utils.ProgrammingError: column reference ""status"" is ambiguous|(eval):1: no matches found: testbed/setup.*|SyntaxError: invalid syntax|Traceback (most recent call last):|ImportError: No module named django|AttributeError: 'NoneType' object has no attribute 'loader'|python3 test_issue.py 2>&1|grep -v ""matplotlib""|grep -v ""AttributeError""|grep -v ""Remainder",tests/middleware_exceptions/ | /testbed/tests/test_exceptions/,ERROR: test_aggregate_and_annotate_duplicate_columns (aggregation_regress.tests.AggregationTests)|Traceback (most recent call last):|sqlite3.OperationalError: ambiguous column name: name,0,0,0,/home/shashwatsuthar/research/openhands-adp-memory/analysis/contextbench_posthoc/20260606_220027/remote/execution_full_qwen36_65k_fix1_minimal/django__django-34176/adp
django__django-34176,memory,"django.db.utils.ProgrammingError: column reference ""status"" is ambiguous|- [test] python3 test_issue.py 2>&1|grep -v ""matplotlib""|grep -v ""AttributeError""|grep -v ""Remainder|grep -v ""Remainder""|grep -v ""Error processing|- Traceback (most recent call last):|- E django.core.exceptions.ImproperlyConfigured: Requested setting INSTALLED_APPS, but settings are not configured. You must either define the environment variable DJANGO_SETTINGS_MODULE or call settings.configure() b...|- ERROR tests/aggregation/test_issue_12589.py - django.core.exceptions.Improper...","tests/middleware_exceptions/ | /testbed/tests/test_exceptions/|8 from django.core.exceptions import FieldError | 197 Regression test for #12822: DatabaseError: aggregates not allowed in | 204 failed in 1.2-beta (trunk). | 217 Regression test for #12822: DatabaseError: aggregates not allowed in | 223 Before the corresponding fix for this bug, this test failed in both | 386 with ...|except Exception as e: | print(f""ERROR: {type(e).__name__}: {e}"") | import traceback | traceback.print_exc()",ERROR: test_aggregate_and_annotate_duplicate_columns (aggregation_regress.tests.AggregationTests)|Traceback (most recent call last):|sqlite3.OperationalError: ambiguous column name: name,1,1,0,/home/shashwatsuthar/research/openhands-adp-memory/analysis/contextbench_posthoc/20260606_220027/remote/execution_full_qwen36_65k_fix1_minimal/django__django-34176/memory
django__django-34481,no_memory,,"8 from django.core.exceptions import FieldDoesNotExist | 20 issubclass() variant that doesn't raise an exception if cls isn't a | 25 except TypeError: | 38 except ImportError: | 39 # ImportErrors are raised elsewhere. | 377 except ValueError as e|903 except AttributeError:|668 except KeyError: | 670 # unavailable, therefore we throw a FieldDoesNotExist exception. | 682 except KeyError|8 from django.core.exceptions import FieldDoesNotExist | 20 issubclass() variant that doesn't raise an exception if cls isn't a|Traceback (most recent call last): | django.core.exceptions.ImproperlyConfigured: Requested setting LOGGING_CONFIG, but settings are not configured. You must either define the environment variable DJANGO_SETTINGS_MODULE or call settings.configure() before accessing settings.|Traceback (most recent call last): | ModuleNotFoundError: No module named 'tests.settings|collecting ... ERROR: found no collectors for /testbed/tests/modeladmin/test_checks.py::ListDisplayTests | E django.core.exceptions.ImproperlyConfigured: Requested setting INSTALLED_APPS, but settings are not configured. You must either define the environment variable DJANGO_SETTINGS_MODULE or call settings.configur...|Traceback (most recent call last): | raise RuntimeError( | RuntimeError: Model class django.contrib.contenttypes.models.ContentType doesn't declare an explicit app_label and isn't in an application in INSTALLED_APPS.|8 from django.core.exceptions import FieldDoesNotExist | 20 issubclass() variant that doesn't raise an exception if cls isn't a | 25 except TypeError: | 38 except ImportError: | 39 # ImportErrors are raised elsewhere.|8 from django.core.exceptions import FieldDoesNotExist | from django.core.exceptions import FieldDoesNotExist | issubclass() variant that doesn't raise an exception if cls isn't a | except TypeError: | except ImportError: | # ImportErrors are raised elsewhere. | except AttributeError: | except AttributeError: | exce...","and visiting the admin site for the relevant model results in the following error:|TypeError: create_reverse_many_to_one_manager.<locals>.RelatedManager.__call__() missing 1 required keyword-only argument: 'manager|and the following traceback is returned:|Internal Server Error: /admin/testapp/question/|Traceback (most recent call last):|KeyError: 'choice_set'|During handling of the above exception, another exception occurred:|django.core.exceptions.FieldDoesNotExist: Question has no field named 'choice_set|File ""/some/path/django/django/core/handlers/exception.py"", line 55, in inner",0,1,0,/home/shashwatsuthar/research/openhands-adp-memory/analysis/contextbench_posthoc/20260606_220027/remote/execution_full_qwen36_65k_fix1_minimal/django__django-34481/no_memory
django__django-34481,raw,"Internal Server Error: /admin/polls/question/|Traceback (most recent call last):|django.core.exceptions.FieldDoesNotExist|During handling of the above exception, another exception occurred:|File ""/some/path/django/core/handlers/exception.py"", line 55, in inner|raise AttributeError(message)|AttributeError: Unable to lookup 'choice' on Question or QuestionAdmin|8→from django.core.exceptions import FieldDoesNotExist|20→ issubclass() variant that doesn't raise an exception if cls isn't a|25→ except TypeError:","tests/middleware_exceptions/ | /testbed/tests/test_exceptions/|8 from django.core.exceptions import FieldDoesNotExist | 20 issubclass() variant that doesn't raise an exception if cls isn't a | 25 except TypeError: | 38 except ImportError: | 39 # ImportErrors are raised elsewhere. | 377 except ValueError as e|903 except AttributeError:|568 raise AttributeError()|except Exception as e: | Traceback (most recent call last): | django.core.exceptions.ImproperlyConfigured: Requested setting LOGGING_CONFIG, but settings are not configured. You must either define the environment variable DJANGO_SETTINGS_MODULE or call settings.configure() before accessing settings.|except Exception as e: | Traceback (most recent call last): | ModuleNotFoundError: No module named 'tests.settings|except Exception as e: | Traceback (most recent call last): | raise RuntimeError( | RuntimeError: Model class django.contrib.contenttypes.models.ContentType doesn't declare an explicit app_label and isn't in an application in INSTALLED_APPS.|8 from django.core.exceptions import FieldDoesNotExist | 20 issubclass() variant that doesn't raise an exception if cls isn't a|8 from django.core.exceptions import FieldDoesNotExist | from django.core.exceptions import FieldDoesNotExist | issubclass() variant that doesn't raise an exception if cls isn't a | except TypeError: | except ImportError: | # ImportErrors are raised elsewhere. | except AttributeError: | except AttributeError: | exce...|908 except AttributeError:","and visiting the admin site for the relevant model results in the following error:|TypeError: create_reverse_many_to_one_manager.<locals>.RelatedManager.__call__() missing 1 required keyword-only argument: 'manager|and the following traceback is returned:|Internal Server Error: /admin/testapp/question/|Traceback (most recent call last):|KeyError: 'choice_set'|During handling of the above exception, another exception occurred:|django.core.exceptions.FieldDoesNotExist: Question has no field named 'choice_set|File ""/some/path/django/django/core/handlers/exception.py"", line 55, in inner",1,1,0,/home/shashwatsuthar/research/openhands-adp-memory/analysis/contextbench_posthoc/20260606_220027/remote/execution_full_qwen36_65k_fix1_minimal/django__django-34481/raw
django__django-34481,adp,"Internal Server Error: /admin/polls/question/|Traceback (most recent call last):|django.core.exceptions.FieldDoesNotExist|During handling of the above exception, another exception occurred:|File ""/some/path/django/core/handlers/exception.py"", line 55, in inner|8→from django.core.exceptions import FieldDoesNotExist|20→ issubclass() variant that doesn't raise an exception if cls isn't a|25→ except TypeError:|38→ except ImportError:|39→ # ImportErrors are raised elsewhere.",tests/middleware_exceptions/ | /testbed/tests/test_exceptions/|8 from django.core.exceptions import FieldDoesNotExist | 20 issubclass() variant that doesn't raise an exception if cls isn't a | 25 except TypeError: | 38 except ImportError: | 39 # ImportErrors are raised elsewhere. | 377 except ValueError as e|903 except AttributeError:|568 raise AttributeError()|8 from django.core.exceptions import FieldDoesNotExist | 20 issubclass() variant that doesn't raise an exception if cls isn't a|8 from django.core.exceptions import FieldDoesNotExist | from django.core.exceptions import FieldDoesNotExist | issubclass() variant that doesn't raise an exception if cls isn't a | except TypeError: | except ImportError: | # ImportErrors are raised elsewhere. | except AttributeError: | except AttributeError: | exce...|904 except AttributeError:|from django.core.exceptions import FieldDoesNotExist | issubclass() variant that doesn't raise an exception if cls isn't a | except TypeError: | except ImportError: | # ImportErrors are raised elsewhere. | except AttributeError: | except AttributeError: | except ValueError as e: | from django.core.exceptions import ...|raise AttributeError() | raise AttributeError()|Traceback (most recent call last): | ModuleNotFoundError: No module named 'tests.settings,"and visiting the admin site for the relevant model results in the following error:|TypeError: create_reverse_many_to_one_manager.<locals>.RelatedManager.__call__() missing 1 required keyword-only argument: 'manager|and the following traceback is returned:|Internal Server Error: /admin/testapp/question/|Traceback (most recent call last):|KeyError: 'choice_set'|During handling of the above exception, another exception occurred:|django.core.exceptions.FieldDoesNotExist: Question has no field named 'choice_set|File ""/some/path/django/django/core/handlers/exception.py"", line 55, in inner",1,1,0,/home/shashwatsuthar/research/openhands-adp-memory/analysis/contextbench_posthoc/20260606_220027/remote/execution_full_qwen36_65k_fix1_minimal/django__django-34481/adp
django__django-34481,memory,"Internal Server Error: /admin/polls/question/|Traceback (most recent call last):|django.core.exceptions.FieldDoesNotExist|During handling of the above exception, another exception occurred:|File ""/some/path/django/core/handlers/exception.py"", line 55, in inner|- Traceback (most recent call last):|8→from django.core.exceptions import FieldDoesNotExist|20→ issubclass() variant that doesn't raise an exception if cls isn't a|25→ except TypeError:|SyntaxError: invalid syntax","tests/middleware_exceptions/ | /testbed/tests/test_exceptions/|8 from django.core.exceptions import FieldDoesNotExist | 20 issubclass() variant that doesn't raise an exception if cls isn't a | 25 except TypeError: | 38 except ImportError: | 39 # ImportErrors are raised elsewhere. | 377 except ValueError as e|903 except AttributeError:|9:from django.core.exceptions import FieldDoesNotExist, ImproperlyConfigured | 670: # unavailable, therefore we throw a FieldDoesNotExist exception.|668 except KeyError: | 670 # unavailable, therefore we throw a FieldDoesNotExist exception. | 682 except KeyError|13 from django.core import exceptions|310 raise exceptions.FieldDoesNotExist(|656 except AttributeError: | 668 except KeyError: | 670 # unavailable, therefore we throw a FieldDoesNotExist exception. | 682 except KeyError|568 raise AttributeError()|from django.core.exceptions import FieldDoesNotExist | issubclass() variant that doesn't raise an exception if cls isn't a | except TypeError: | except ImportError: | # ImportErrors are raised elsewhere. | except AttributeError: | except AttributeError: | except ValueError as e: | from django.core.exceptions import ...","and visiting the admin site for the relevant model results in the following error:|TypeError: create_reverse_many_to_one_manager.<locals>.RelatedManager.__call__() missing 1 required keyword-only argument: 'manager|and the following traceback is returned:|Internal Server Error: /admin/testapp/question/|Traceback (most recent call last):|KeyError: 'choice_set'|During handling of the above exception, another exception occurred:|django.core.exceptions.FieldDoesNotExist: Question has no field named 'choice_set|File ""/some/path/django/django/core/handlers/exception.py"", line 55, in inner",1,1,0,/home/shashwatsuthar/research/openhands-adp-memory/analysis/contextbench_posthoc/20260606_220027/remote/execution_full_qwen36_65k_fix1_minimal/django__django-34481/memory
django__django-34525,no_memory,,"tests/middleware_exceptions/ | /testbed/tests/test_exceptions/|9 from django.core.exceptions import FieldDoesNotExist, ImproperlyConfigured | 71 raise TypeError | 77 except TypeError: | 278 raise TypeError( | 299 except KeyError|753 raise ValueError( | 780 except TypeError as e: | 781 raise TypeError( | 794 except TypeError as e: | 795 raise TypeError(|django/db/migrations/exceptions.py|4 from django.db.migrations.exceptions import InvalidBasesError|216 raise ValueError( | 225 except ImportError: | 230 except ValueError: | 250 except (ImportError, ValueError): | 255 except ValueError: | 260 raise ValueError(|10 from django.core.exceptions import FieldDoesNotExist | 21 from .exceptions import InvalidBasesError|944 except LookupError:|944 except LookupError: | 962 raise ValueError(""No index named %s on model %s"" % (name, self.name)) | 968 raise ValueError(""No constraint named %s on model %s"" % (name, self.name))|Traceback (most recent call last): | ModuleNotFoundError: No module named 'tests.settings",,0,0,0,/home/shashwatsuthar/research/openhands-adp-memory/analysis/contextbench_posthoc/20260606_220027/remote/execution_full_qwen36_65k_fix1_minimal/django__django-34525/no_memory
django__django-34525,raw,"31→ raise TypeError(""app_label must be a str."")|15→ raise ValueError(|232→ raise TypeError(|33→ raise self.failureException(|38→ raise self.failureException(|918→ raise ValueError(|923→ raise ValueError(|(eval):1: no matches found: testbed/tests/migrations/test_optim*|SyntaxError: invalid syntax|SyntaxError: Non-ASCII character '/xe2' in file test_issue.py on line 62, but no encoding declared","tests/middleware_exceptions/ | /testbed/tests/test_exceptions/|15 raise ValueError( | 288 raise ValueError(|31 raise TypeError(""app_label must be a str."")|817 raise ValueError( | 918 raise ValueError(|print(f""\n❌ FAIL: index_together still present in CreateModel!"") | print(f""\n❌ FAIL: AlterIndexTogether still present!"") | print(f""\n❌ FAIL: AlterIndexTogether still present!"") | Traceback (most recent call last): | ModuleNotFoundError: No module named 'test_sqlite'|print(f""\nFAIL: index_together still present in CreateModel!"") | print(f""\nFAIL: AlterIndexTogether still present!"") | print(f""\nFAIL: AlterIndexTogether still present!"")|FAIL: index_together still present in CreateModel! | FAIL: AlterIndexTogether still present! | FAIL: AlterIndexTogether still present!|15 raise ValueError(|raise ValueError( | raise ValueError( | raise ValueError( | raise ValueError( | raise ValueError( | raise ValueError( | raise ValueError( | raise ValueError( | raise ValueError( | raise ValueError(|FAIL: AlterIndexTogether still present!",,1,1,0,/home/shashwatsuthar/research/openhands-adp-memory/analysis/contextbench_posthoc/20260606_220027/remote/execution_full_qwen36_65k_fix1_minimal/django__django-34525/raw
django__django-34525,adp,"31→ raise TypeError(""app_label must be a str."")|15→ raise ValueError(|232→ raise TypeError(|33→ raise self.failureException(|38→ raise self.failureException(|918→ raise ValueError(|923→ raise ValueError(|(eval):1: no matches found: testbed/tests/migrations/test_optim*|SyntaxError: invalid syntax|SyntaxError: Non-ASCII character '/xe2' in file test_issue.py on line 62, but no encoding declared","tests/middleware_exceptions/ | /testbed/tests/test_exceptions/|15 raise ValueError( | 288 raise ValueError(|31 raise TypeError(""app_label must be a str."")|817 raise ValueError( | 918 raise ValueError( | 923 raise ValueError(|print(f""/n ❌ FAIL: index_together still present in CreateModel!"") | print(""/n❌ FAIL: index_together should be removed from CreateModel options!"") | print(f""/n ❌ FAIL: index_together still present in CreateModel!"") | print(""/n❌ FAIL: index_together should be removed from CreateModel options!"") | print(""/n❌ FAIL: inde...|❌ FAIL: index_together still present in CreateModel! | ❌ FAIL: index_together should be removed from CreateModel options! | ❌ FAIL: index_together still present in CreateModel! | ❌ FAIL: index_together should be removed from CreateModel options! | ❌ Some tests failed!|817 raise ValueError(",,1,1,0,/home/shashwatsuthar/research/openhands-adp-memory/analysis/contextbench_posthoc/20260606_220027/remote/execution_full_qwen36_65k_fix1_minimal/django__django-34525/adp
django__django-34525,memory,"- Traceback (most recent call last):|- ModuleNotFoundError: No module named 'asgiref'|- ModuleNotFoundError: No module named 'django'|- RuntimeError: Django module not found, reference tests/README.rst for instructions.|15→ raise ValueError(|918→ raise ValueError(|923→ raise ValueError(|(eval):1: no matches found: testbed/tests/migrations/test_optim*","tests/middleware_exceptions/ | /testbed/tests/test_exceptions/|10 from django.core.exceptions import FieldDoesNotExist | 21 from .exceptions import InvalidBasesError|9 from django.core.exceptions import FieldDoesNotExist, ImproperlyConfigured | 71 raise TypeError | 77 except TypeError|355 except LookupError: | 384 except LookupError: | 429 except KeyError:|736 raise ValueError( | 741 raise ValueError( | 746 raise ValueError( | 753 raise ValueError( | 780 except TypeError as e: | 781 raise TypeError( | 794 except TypeError as e: | 795 raise TypeError(|944 except LookupError: | 962 raise ValueError(""No index named %s on model %s"" % (name, self.name)) | 968 raise ValueError(""No constraint named %s on model %s"" % (name, self.name))|print(""FAIL: Got deprecation warning(s):"") | print(""FAIL: Should have gotten deprecation warning"")|Traceback (most recent call last): | ModuleNotFoundError: No module named 'tests.settings|print(""FAIL: Got deprecation warning(s):"") | print(""FAIL: Should have gotten deprecation warning"") | print(""FAIL: Got deprecation warning(s):"") | print(""FAIL: Should have gotten deprecation warning"")|from django.core.exceptions import FieldDoesNotExist, ImproperlyConfigured | raise TypeError | except TypeError: | raise TypeError( | except ImportError as e: | raise ValueError( | except AttributeError: | except ValueError: | except KeyError: | raise ValueError( | except KeyError: | raise ValueError( | except Attri...",,1,1,0,/home/shashwatsuthar/research/openhands-adp-memory/analysis/contextbench_posthoc/20260606_220027/remote/execution_full_qwen36_65k_fix1_minimal/django__django-34525/memory
django__django-34570,no_memory,,tests/middleware_exceptions/ | /testbed/tests/test_exceptions/|13 from django.core import exceptions,QuerySet.defer() raises an AttributeError when the field is ManyToManyField or GenericForeignKey|Traceback from a ManyToManyField:|Traceback (most recent call last):|AttributeError: 'ManyToManyField' object has no attribute 'field'|Traceback from defering a GenericForeignKey:|AttributeError: 'GenericForeignKey' object has no attribute 'field'|AttributeError,0,0,0,/home/shashwatsuthar/research/openhands-adp-memory/analysis/contextbench_posthoc/20260606_220027/remote/execution_full_qwen36_65k_fix1_minimal/django__django-34570/no_memory
django__django-34570,raw,"1736- raise TypeError(""Cannot call only() after .values() or .values_list()"")|1740- raise TypeError(""Cannot pass None as an argument to only()."")|1744- raise ValueError(""only() is not supported with FilteredRelation."")|SyntaxError: Non-ASCII character '/xe2' in file test_issue.py on line 98, but no encoding declared|see http:/www.python.org/peps/pep-0263.html for details|SyntaxError: invalid syntax|Traceback (most recent call last):|AttributeError: 'NoneType' object has no attribute 'loader'|AttributeError: module 'functools' has no attribute 'cache'","tests/middleware_exceptions/ | /testbed/tests/test_exceptions/|9 from django.core.exceptions import FieldDoesNotExist, ObjectDoesNotExist|13 from django.core import exceptions",QuerySet.defer() raises an AttributeError when the field is ManyToManyField or GenericForeignKey|Traceback from a ManyToManyField:|Traceback (most recent call last):|AttributeError: 'ManyToManyField' object has no attribute 'field'|Traceback from defering a GenericForeignKey:|AttributeError: 'GenericForeignKey' object has no attribute 'field'|AttributeError,0,0,0,/home/shashwatsuthar/research/openhands-adp-memory/analysis/contextbench_posthoc/20260606_220027/remote/execution_full_qwen36_65k_fix1_minimal/django__django-34570/raw
django__django-34570,adp,"1736- raise TypeError(""Cannot call only() after .values() or .values_list()"")|1740- raise TypeError(""Cannot pass None as an argument to only()."")|1744- raise ValueError(""only() is not supported with FilteredRelation."")|SyntaxError: Non-ASCII character '/xe2' in file test_issue.py on line 98, but no encoding declared|see http:/www.python.org/peps/pep-0263.html for details|SyntaxError: invalid syntax|Traceback (most recent call last):|AttributeError: 'NoneType' object has no attribute 'loader'|AttributeError: module 'functools' has no attribute 'cache'","tests/middleware_exceptions/ | /testbed/tests/test_exceptions/|1 from django.core.exceptions import FieldDoesNotExist, FieldError | 81 with self.assertRaisesMessage(TypeError, msg)",QuerySet.defer() raises an AttributeError when the field is ManyToManyField or GenericForeignKey|Traceback from a ManyToManyField:|Traceback (most recent call last):|AttributeError: 'ManyToManyField' object has no attribute 'field'|Traceback from defering a GenericForeignKey:|AttributeError: 'GenericForeignKey' object has no attribute 'field'|AttributeError,1,1,0,/home/shashwatsuthar/research/openhands-adp-memory/analysis/contextbench_posthoc/20260606_220027/remote/execution_full_qwen36_65k_fix1_minimal/django__django-34570/adp
django__django-34570,memory,"- Traceback (most recent call last):|1736- raise TypeError(""Cannot call only() after .values() or .values_list()"")|1740- raise TypeError(""Cannot pass None as an argument to only()."")|1744- raise ValueError(""only() is not supported with FilteredRelation."")|SyntaxError: Non-ASCII character '/xe2' in file test_issue.py on line 98, but no encoding declared|see http:/www.python.org/peps/pep-0263.html for details|SyntaxError: invalid syntax|Traceback (most recent call last):|AttributeError: 'NoneType' object has no attribute 'loader'|AttributeError: module 'functools' has no attribute 'cache'","tests/middleware_exceptions/ | /testbed/tests/test_exceptions/|1360 except AttributeError: | 1362 raise TypeError( | 1376 raise ValueError(|1 from django.core.exceptions import FieldDoesNotExist, FieldError | 81 with self.assertRaisesMessage(TypeError, msg)|from django.core.exceptions import FieldDoesNotExist, FieldError | raise RuntimeError(""Unexpected params type: %s"" % params_type) | raise ValueError(""Need either using or connection"") | raise TypeError(""%s is not an aggregate expression"" % alias) | raise ValueError(f""Invalid option name: {option_name!r}."") | raise T...|# This should not raise AttributeError | except AttributeError as e: | print(f"" ✗ AttributeError: {e}"") | except Exception as e: | return True # Not an AttributeError, so the fix works | # This should not raise AttributeError | except AttributeError as e: | print(f"" ✗ AttributeError: {e}"") | except Exception as e: |...|Traceback (most recent call last): | ModuleNotFoundError: No module named 'tests.settings|except ImportError as e: | raise RuntimeError( | from django.core.exceptions import ImproperlyConfigured | except ImportError|311 # defer() with ManyToManyField should not raise AttributeError. | 315 # This should not raise AttributeError. | # defer() with ManyToManyField should not raise AttributeError. | # This should not raise AttributeError.|21 Exception, ""Impossible arguments to GFK.get_content_type!"" | 27 ValueError, ""Custom queryset can't be used for this lookup.|55 # defer() with GenericForeignKey should not raise AttributeError. | 59 # This should not raise AttributeError. | Exception, ""Impossible arguments to GFK.get_content_type!"" | ValueError, ""Custom queryset can't be used for this lookup."" | # defer() with GenericForeignKey should not raise AttributeError. | # This sh...",QuerySet.defer() raises an AttributeError when the field is ManyToManyField or GenericForeignKey|Traceback from a ManyToManyField:|Traceback (most recent call last):|AttributeError: 'ManyToManyField' object has no attribute 'field'|Traceback from defering a GenericForeignKey:|AttributeError: 'GenericForeignKey' object has no attribute 'field'|AttributeError,1,1,1,/home/shashwatsuthar/research/openhands-adp-memory/analysis/contextbench_posthoc/20260606_220027/remote/execution_full_qwen36_65k_fix1_minimal/django__django-34570/memory
django__django-35356,no_memory,,"tests/middleware_exceptions/ | /testbed/tests/test_exceptions/|1 from django.core.exceptions import FieldDoesNotExist, FieldError | 82 with self.assertRaisesMessage(TypeError, msg)|14 from django.core.exceptions import FieldError | 60 raise TypeError(other) | 203 raise AttributeError( | 405 raise ValueError(""relation_name cannot be empty."") | 409 raise ValueError(""condition argument must be a Q() instance."")",It throws the following error:|django.core.exceptions.FieldError: Field Example.source cannot be both deferred and traversed using select_related at the same time.|without an exception occurring as the,0,1,0,/home/shashwatsuthar/research/openhands-adp-memory/analysis/contextbench_posthoc/20260606_220027/remote/execution_full_qwen36_65k_fix1_minimal/django__django-35356/no_memory
django__django-35356,raw,"1736- raise TypeError(""Cannot call only() after .values() or .values_list()"")|1740- raise TypeError(""Cannot pass None as an argument to only()."")|1744- raise ValueError(""only() is not supported with FilteredRelation."")|SyntaxError: Non-ASCII character '/xe2' in file test_issue.py on line 98, but no encoding declared|see http:/www.python.org/peps/pep-0263.html for details|SyntaxError: invalid syntax|Traceback (most recent call last):|AttributeError: 'NoneType' object has no attribute 'loader'|AttributeError: module 'functools' has no attribute 'cache'","tests/middleware_exceptions/ | /testbed/tests/test_exceptions/|1 from django.core.exceptions import FieldDoesNotExist, FieldError|1 from django.core.exceptions import FieldError|except Exception as e: | print(f""ERROR: {type(e).__name__}: {e}"") | ERROR: FieldDoesNotExist: Example has no field named 'destination|except Exception as e: | print(f""ERROR: {type(e).__name__}: {e}"")|ERROR: FieldDoesNotExist: Example has no field named 'destination'|except Exception as e: | print(f' ERROR: {type(e).__name__}: {e}') | except Exception as e: | print(f' ERROR: {type(e).__name__}: {e}') | except Exception as e: | print(f' ERROR: {type(e).__name__}: {e}') | ERROR: FieldDoesNotExist: Example has no field named 'destination' | ERROR: FieldDoesNotExist: Example has no ...|except Exception as e: | print(f' ERROR: {type(e).__name__}: {e}') | ERROR: FieldError: Invalid field name(s) given in select_related: 'destination'. Choices are: source|Traceback (most recent call last): | raise RuntimeError( | RuntimeError: Model class tests.select_related_onetoone.models.User doesn't declare an explicit app_label and isn't in an application in INSTALLED_APPS.|Traceback (most recent call last): | ModuleNotFoundError: No module named 'select_related_onetoone'",It throws the following error:|django.core.exceptions.FieldError: Field Example.source cannot be both deferred and traversed using select_related at the same time.|without an exception occurring as the,1,1,0,/home/shashwatsuthar/research/openhands-adp-memory/analysis/contextbench_posthoc/20260606_220027/remote/execution_full_qwen36_65k_fix1_minimal/django__django-35356/raw
django__django-35356,adp,"1736- raise TypeError(""Cannot call only() after .values() or .values_list()"")|1740- raise TypeError(""Cannot pass None as an argument to only()."")|1744- raise ValueError(""only() is not supported with FilteredRelation."")|SyntaxError: Non-ASCII character '/xe2' in file test_issue.py on line 98, but no encoding declared|see http:/www.python.org/peps/pep-0263.html for details|SyntaxError: invalid syntax|Traceback (most recent call last):|AttributeError: 'NoneType' object has no attribute 'loader'|AttributeError: module 'functools' has no attribute 'cache'","tests/middleware_exceptions/ | /testbed/tests/test_exceptions/|1 from django.core.exceptions import FieldError|except Exception as e: | print(f'Error: {type(e).__name__}: {e}') | Traceback (most recent call last): | django.core.exceptions.ImproperlyConfigured: Requested setting LOGGING_CONFIG, but settings are not configured. You must either define the environment variable DJANGO_SETTINGS_MODULE or call settings.configure() ...|from django.core.exceptions import FieldError | print(f'FieldError: {e}') | except Exception as e: | except Exception as e: | except Exception as e|63 print(f'FieldError: {e}') | 64 import traceback | 65 traceback.print_exc() | 66 except Exception as e: | 68 import traceback | 69 traceback.print_exc() | from django.core.exceptions import FieldError | print(f'FieldError: {e}') | import traceback | traceback.print_exc() | except Exception as e: | import traceback...|Traceback (most recent call last): | KeyError: 'destination' | During handling of the above exception, another exception occurred: | Traceback (most recent call last): | django.core.exceptions.FieldDoesNotExist: Example has no field named 'destination|dd23821208 Fixed backends.oracle.tests.TransactionalTests.test_hidden_no_data_fo und_exception() on oracledb >= 2.1.2.",It throws the following error:|django.core.exceptions.FieldError: Field Example.source cannot be both deferred and traversed using select_related at the same time.|without an exception occurring as the,1,1,0,/home/shashwatsuthar/research/openhands-adp-memory/analysis/contextbench_posthoc/20260606_220027/remote/execution_full_qwen36_65k_fix1_minimal/django__django-35356/adp
django__django-35356,memory,"- Traceback (most recent call last):|1736- raise TypeError(""Cannot call only() after .values() or .values_list()"")|1740- raise TypeError(""Cannot pass None as an argument to only()."")|1744- raise ValueError(""only() is not supported with FilteredRelation."")|SyntaxError: Non-ASCII character '/xe2' in file test_issue.py on line 98, but no encoding declared|see http:/www.python.org/peps/pep-0263.html for details|SyntaxError: invalid syntax|Traceback (most recent call last):|AttributeError: 'NoneType' object has no attribute 'loader'|AttributeError: module 'functools' has no attribute 'cache'",tests/middleware_exceptions/ | /testbed/tests/test_exceptions/|771 raise ValueError(|dd23821208 Fixed backends.oracle.tests.TransactionalTests.test_hidden_no_data_fo und_exception() on oracledb >= 2.1.2.,It throws the following error:|django.core.exceptions.FieldError: Field Example.source cannot be both deferred and traversed using select_related at the same time.|without an exception occurring as the,1,1,0,/home/shashwatsuthar/research/openhands-adp-memory/analysis/contextbench_posthoc/20260606_220027/remote/execution_full_qwen36_65k_fix1_minimal/django__django-35356/memory
matplotlib__matplotlib-10050,no_memory,,"66 raise ValueError(""update parameter '%s' is not supported."" % | 83 raise RuntimeError(""update parameter '%s' is not supported."" % | 429 raise TypeError('Invalid arguments to legend.')|451 raise ValueError(""numpoints must be > 0; it was %d"" % numpoints) | 475 raise TypeError(""Legend needs either Axes or Figure as parent"")|178 except (AttributeError, TypeError): | 180 # TypeError occurs on PyPy|raise ValueError(""update parameter '%s' is not supported."" % | raise RuntimeError(""update parameter '%s' is not supported."" % | raise ValueError(""numpoints must be > 0; it was %d"" % numpoints) | raise TypeError(""Legend needs either Axes or Figure as parent"") | except KeyError: | except KeyError: | except ValueError:...|No matches found|280 # Exception | 283 with pytest.raises(Exception)|# Exception | with pytest.raises(Exception): | # Exception | with pytest.raises(Exception)|INTERNALERROR> Traceback (most recent call last): | INTERNALERROR> raise ex[1].with_traceback(ex[2]) | INTERNALERROR> ImportError: cannot import name 'ft2font|Traceback (most recent call last): | ImportError: cannot import name '_path'|ERROR: Command errored out with exit status 1: /opt/conda/envs/testbed/bin/python3.6 -c 'import io, os, sys, setuptools, tokenize; sys.argv[0] = '""'""'/testbed/setup.py'""'""'; __file__='""'""'/testbed/setup.py'""'""';f = getattr(tokenize, '""'""'open'""'""', open)(__file__) if os.path.exists(__file__) else io.StringIO('""'""'fr...",,0,0,1,/home/shashwatsuthar/research/openhands-adp-memory/analysis/contextbench_posthoc/20260606_220027/remote/execution_full_qwen36_65k_fix1_minimal/matplotlib__matplotlib-10050/no_memory
matplotlib__matplotlib-10050,raw,"ERROR: pip's dependency resolver does not currently take into account all the packages that are installed. This behaviour is the source of the following dependency conflicts.|565→ except AttributeError:|576→ raise ValueError(f""Invalid labelcolor: {labelcolor!r}"")|SyntaxError: Non-ASCII character '/xe2' in file ../test_draggable.py on line 14, but no encoding declared|see http:/www.python.org/peps/pep-0263.html for details|Traceback (most recent call last):|ImportError: dlopen(/Applications/ADFRsuite-1.0/lib/python2.7/site-packages/matplotlib/_png.so, 0x0002): Library not loaded: /usr/local/lib/libpng12.0.dylib","src/py_exceptions.h|66 raise ValueError(""update parameter '%s' is not supported."" % | 83 raise RuntimeError(""update parameter '%s' is not supported."" % | 429 raise TypeError('Invalid arguments to legend.')|451 raise ValueError(""numpoints must be > 0; it was %d"" % numpoints) | 475 raise TypeError(""Legend needs either Axes or Figure as parent"")|727 except KeyError: | 733 except KeyError:|906 except ValueError:|178 except (AttributeError, TypeError): | 180 # TypeError occurs on PyPy|raise ValueError(""update parameter '%s' is not supported."" % | raise RuntimeError(""update parameter '%s' is not supported."" % | raise ValueError(""numpoints must be > 0; it was %d"" % numpoints) | raise TypeError(""Legend needs either Axes or Figure as parent"") | except KeyError: | except KeyError: | except ValueError:...|Traceback (most recent call last): | ImportError: cannot import name '_path'|E AttributeError: 'bool' object has no attribute 'args' | ERROR lib/matplotlib/tests/test_legend.py::test_fancy[png] - AttributeError: ... | ERROR lib/matplotlib/tests/test_legend.py::test_rc[png] - AttributeError: 'bo...",,1,1,1,/home/shashwatsuthar/research/openhands-adp-memory/analysis/contextbench_posthoc/20260606_220027/remote/execution_full_qwen36_65k_fix1_minimal/matplotlib__matplotlib-10050/raw
matplotlib__matplotlib-10050,adp,"ERROR: pip's dependency resolver does not currently take into account all the packages that are installed. This behaviour is the source of the following dependency conflicts.|565→ except AttributeError:|576→ raise ValueError(f""Invalid labelcolor: {labelcolor!r}"")|SyntaxError: Non-ASCII character '/xe2' in file ../test_draggable.py on line 14, but no encoding declared|see http:/www.python.org/peps/pep-0263.html for details|Traceback (most recent call last):|ImportError: dlopen(/Applications/ADFRsuite-1.0/lib/python2.7/site-packages/matplotlib/_png.so, 0x0002): Library not loaded: /usr/local/lib/libpng12.0.dylib","66 raise ValueError(""update parameter '%s' is not supported."" % | 83 raise RuntimeError(""update parameter '%s' is not supported."" % | 429 raise TypeError('Invalid arguments to legend.')|451 raise ValueError(""numpoints must be > 0; it was %d"" % numpoints) | 475 raise TypeError(""Legend needs either Axes or Figure as parent"")|Traceback (most recent call last): | ModuleNotFoundError: No module named 'matplotlib._api|lib/matplotlib/testing/exceptions.py|178 except (AttributeError, TypeError): | 180 # TypeError occurs on PyPy|raise ValueError(""update parameter '%s' is not supported."" % | raise RuntimeError(""update parameter '%s' is not supported."" % | raise ValueError(""numpoints must be > 0; it was %d"" % numpoints) | raise TypeError(""Legend needs either Axes or Figure as parent"") | except KeyError: | except KeyError: | except ValueError:...|Traceback (most recent call last): | ImportError: cannot import name '_path'|error: can't create or remove files in install directory | ERROR: Command errored out with exit status 1: /opt/conda/envs/testbed/bin/python3.6 -c 'import io, os, sys, setuptools, tokenize; sys.argv[0] = '""'""'/testbed/setup.py'""'""'; __file__='""'""'/testbed/setup.py'""'""';f = getattr(tokenize, '""'""'open'""'""', open)(__f...|assert leg.get_draggable() == True, 'set_draggable(True) failed' | assert leg.get_draggable() == False, 'set_draggable(False) failed|E AttributeError: 'bool' object has no attribute 'args' | lib/matplotlib/testing/conftest.py:35: AttributeError",,1,1,1,/home/shashwatsuthar/research/openhands-adp-memory/analysis/contextbench_posthoc/20260606_220027/remote/execution_full_qwen36_65k_fix1_minimal/matplotlib__matplotlib-10050/adp
matplotlib__matplotlib-10050,memory,"- Traceback (most recent call last):|- ImportError: dlopen(/Applications/ADFRsuite-1.0/lib/python2.7/site-packages/matplotlib/_png.so, 0x0002): Library not loaded: /usr/local/lib/libpng12.0.dylib|565→ except AttributeError:|576→ raise ValueError(f""Invalid labelcolor: {labelcolor!r}"")|SyntaxError: Non-ASCII character '/xe2' in file ../test_draggable.py on line 14, but no encoding declared|see http:/www.python.org/peps/pep-0263.html for details|Traceback (most recent call last):|ImportError: dlopen(/Applications/ADFRsuite-1.0/lib/python2.7/site-packages/matplotlib/_png.so, 0x0002): Library not loaded: /usr/local/lib/libpng12.0.dylib","src/py_exceptions.h|66 raise ValueError(""update parameter '%s' is not supported."" % | 83 raise RuntimeError(""update parameter '%s' is not supported."" % | 429 raise TypeError('Invalid arguments to legend.')|Traceback (most recent call last): | ImportError: cannot import name '_path'|ERROR: Command errored out with exit status 1: /opt/conda/envs/testbed/bin/python3.6 -c 'import io, os, sys, setuptools, tokenize; sys.argv[0] = '""'""'/testbed/setup.py'""'""'; __file__='""'""'/testbed/setup.py'""'""';f = getattr(tokenize, '""'""'open'""'""', open)(__file__) if os.path.exists(__file__) else io.StringIO('""'""'fr...|Traceback (most recent call last): | NameError: name '_api' is not defined|Traceback (most recent call last): | NameError: name 'cbook' is not defined|Traceback (most recent call last): | AssertionError",,1,1,1,/home/shashwatsuthar/research/openhands-adp-memory/analysis/contextbench_posthoc/20260606_220027/remote/execution_full_qwen36_65k_fix1_minimal/matplotlib__matplotlib-10050/memory
matplotlib__matplotlib-18294,no_memory,,"lib/matplotlib/testing/exceptions.py|src/py_exceptions.h|140 except KeyError: | 141 raise KeyError(f""{item!r} is not a known color sequence name"") | 174 raise ValueError(f""{name!r} is a reserved name for a builtin "" | 181 except ValueError: | 182 raise ValueError( | 196 raise ValueError( | 209 except AttributeError: | 226 except ValueError: | 244 raise ValueError(f""{v!r} ...|1352 raise ValueError(""minvalue must be less than or equal to maxvalue"") | 1369 raise ValueError(""Not invertible until both vmin and vmax are set"")|Traceback (most recent call last): | ImportError: cannot import name '_c_internal_utils' from partially initialized module 'matplotlib' (most likely due to a circular import) (/testbed/lib/matplotlib/__init__.py)|ERROR: Failed building editable for matplotlib | error: failed-wheel-build-for-install | × Failed to build installable wheels for some pyproject.toml based projects|error: Failed to download any of the following: ['http:/www.qhull.org/download/qhull-2020-src-8.0.2.tgz']. Please download one of these urls and extract it into 'build/' at the top-level of the source repository.|ERROR: Exception: | Traceback (most recent call last): | OSError: [Errno 18] Invalid cross-device link: '/opt/conda/envs/testbed/lib/python3.9/site-packages/__editable__.matplotlib-3.8.0.dev824+ge8101f17d.pth' -> '/contextbench_run/.tmp/pip-uninstall-qi0ns1ua/__editable__.matplotlib-3.8.0.dev824+ge8101f17d.pth' | Du...|except KeyError: | raise KeyError(f""{item!r} is not a known color sequence name"") | raise ValueError(f""{name!r} is a reserved name for a builtin "" | except ValueError: | raise ValueError( | raise ValueError( | except AttributeError: | except ValueError: | raise ValueError(f""{v!r} is not a valid value for {k}"") | rai...|import traceback | def _exception_printer(exc): | traceback.print_exc()","This is difficult to hide since since the warning is not thrown when the figure is being constructed, but when it is shown. Here's a full traceback to show this|<summary> Full traceback </summary>|File ""<stdin>"", line 3, in warn_with_traceback",0,0,0,/home/shashwatsuthar/research/openhands-adp-memory/analysis/contextbench_posthoc/20260606_220027/remote/execution_full_qwen36_65k_fix1_minimal/matplotlib__matplotlib-18294/no_memory
matplotlib__matplotlib-18294,raw,"ax.bar` raises an exception in 3.6.1 when passed only nan data. This irrevocably breaks seaborn's histogram function (which draws and then removes a ""phantom"" bar to trip the color cycle).|```python-traceback|StopIteration Traceback (most recent call last)|2183 except (TypeError, IndexError, KeyError):|1746 raise RuntimeError(""matplotlib does not ""|print(f""UNEXPECTED ERROR: {type(e).__name__}: {e}"")|SyntaxError: invalid syntax|Traceback (most recent call last):|ImportError: dlopen(/Applications/ADFRsuite-1.0/lib/python2.7/site-packages/matplotlib/_png.so, 0x0002): Library not loaded: /usr/local/lib/libpng12.0.dylib|AttributeError: 'NoneType' object has no attribute 'loader'","src/py_exceptions.h|1053 raise ValueError('colors must be iterable')|1352 raise ValueError(""minvalue must be less than or equal to maxvalue"") | 1369 raise ValueError(""Not invertible until both vmin and vmax are set"")|Traceback (most recent call last): | ImportError: cannot import name '_c_internal_utils' from partially initialized module 'matplotlib' (most likely due to a circular import) (/testbed/lib/matplotlib/__init__.py)|error: Failed to download any of the following: ['http:/www.qhull.org/download/qhull-2020-src-8.0.2.tgz']. Please download one of these urls and extract it into 'build/' at the top-level of the source repository. | ERROR: Failed building editable for matplotlib | Failed to build matplotlib | error: failed-wheel-bui...|Traceback (most recent call last): | ModuleNotFoundError: No module named 'matplotlib'|error: Failed to download any of the following: ['http:/www.qhull.org/download/qhull-2020-src-8.0.2.tgz']. Please download one of these urls and extract it into 'build/' at the top-level of the source repository.|except KeyError: | raise KeyError(f""{item!r} is not a known color sequence name"") | raise ValueError(f""{name!r} is a reserved name for a builtin "" | except ValueError: | raise ValueError( | raise ValueError( | except AttributeError: | except ValueError: | raise ValueError(f""{v!r} is not a valid value for {k}"") | rai...|Traceback (most recent call last): | ModuleNotFoundError: No module named 'numpy'|ERROR: Could not find a version that satisfies the requirement qhull (from versions: none) | ERROR: No matching distribution found for qhull","This is difficult to hide since since the warning is not thrown when the figure is being constructed, but when it is shown. Here's a full traceback to show this|<summary> Full traceback </summary>|File ""<stdin>"", line 3, in warn_with_traceback",1,1,0,/home/shashwatsuthar/research/openhands-adp-memory/analysis/contextbench_posthoc/20260606_220027/remote/execution_full_qwen36_65k_fix1_minimal/matplotlib__matplotlib-18294/raw
matplotlib__matplotlib-18294,adp,"ax.bar` raises an exception in 3.6.1 when passed only nan data. This irrevocably breaks seaborn's histogram function (which draws and then removes a ""phantom"" bar to trip the color cycle).|```python-traceback|StopIteration Traceback (most recent call last)|print(f""UNEXPECTED ERROR: {type(e).__name__}: {e}"")|SyntaxError: invalid syntax|Traceback (most recent call last):|ImportError: dlopen(/Applications/ADFRsuite-1.0/lib/python2.7/site-packages/matplotlib/_png.so, 0x0002): Library not loaded: /usr/local/lib/libpng12.0.dylib|AttributeError: 'NoneType' object has no attribute 'loader'|1746→ raise RuntimeError(""matplotlib does not ""|1724- except TypeError:",src/py_exceptions.h|lib/matplotlib/testing/exceptions.py|1053 raise ValueError('colors must be iterable')|Traceback (most recent call last): | ImportError: cannot import name '_c_internal_utils' from partially initialized module 'matplotlib' (most likely due to a circular import) (/testbed/lib/matplotlib/__init__.py)|error: Failed to download any of the following: ['http:/www.qhull.org/download/qhull-2020-src-8.0.2.tgz']. Please download one of these urls and extract it into 'build/' at the top-level of the source repository. | ERROR: Failed building editable for matplotlib | Failed to build matplotlib | error: failed-wheel-bui...|error: Failed to download any of the following: ['http:/www.qhull.org/download/qhull-2020-src-8.0.2.tgz']. Please download one of these urls and extract it into 'build/' at the top-level of the source repository.,"This is difficult to hide since since the warning is not thrown when the figure is being constructed, but when it is shown. Here's a full traceback to show this|<summary> Full traceback </summary>|File ""<stdin>"", line 3, in warn_with_traceback",1,1,0,/home/shashwatsuthar/research/openhands-adp-memory/analysis/contextbench_posthoc/20260606_220027/remote/execution_full_qwen36_65k_fix1_minimal/matplotlib__matplotlib-18294/adp
matplotlib__matplotlib-18294,memory,"ax.bar` raises an exception in 3.6.1 when passed only nan data. This irrevocably breaks seaborn's histogram function (which draws and then removes a ""phantom"" bar to trip the color cycle).|```python-traceback|StopIteration Traceback (most recent call last)|2183 except (TypeError, IndexError, KeyError):|1746 raise RuntimeError(""matplotlib does not ""|- Traceback (most recent call last):|- ImportError: dlopen(/Applications/ADFRsuite-1.0/lib/python2.7/site-packages/matplotlib/_png.so, 0x0002): Library not loaded: /usr/local/lib/libpng12.0.dylib|print(f""UNEXPECTED ERROR: {type(e).__name__}: {e}"")|SyntaxError: invalid syntax|Traceback (most recent call last):","src/py_exceptions.h|1053 raise ValueError('colors must be iterable')|Traceback (most recent call last): | ImportError: cannot import name '_c_internal_utils' from partially initialized module 'matplotlib' (most likely due to a circular import) (/testbed/lib/matplotlib/__init__.py)|error: Failed to download any of the following: ['http:/www.qhull.org/download/qhull-2020-src-8.0.2.tgz']. Please download one of these urls and extract it into 'build/' at the top-level of the source repository. | ERROR: Failed building editable for matplotlib | Failed to build matplotlib | error: failed-wheel-bui...|ERROR: Could not install packages due to an OSError: [Errno 13] Permission denied: '/opt/conda/envs/testbed/lib/python3.9/site-packages/__editable__.matplotlib-3.8.0.dev824+ge8101f17d.pth|PermissionError: [Errno 13] Permission denied: '/opt/conda/envs/testbed/lib/python3.9/site-packages/__editable__.matplotlib-3.8.0.dev824+ge8101f17d.pth' | ERROR: Could not install packages due to an OSError: [Errno 13] Permission denied: '/opt/conda/envs/testbed/lib/python3.9/site-packages/__editable__.matplotlib-3....|PermissionError: [Errno 13] Permission denied: '/opt/conda/envs/testbed/lib/python3.9/site-packages/__editable__.matplotlib-3.8.0.dev824+ge8101f17d.pth|except KeyError: | raise KeyError(f""{item!r} is not a known color sequence name"") | raise ValueError(f""{name!r} is a reserved name for a builtin "" | except ValueError: | raise ValueError( | raise ValueError( | except AttributeError: | except ValueError: | raise ValueError(f""{v!r} is not a valid value for {k}"") | rai...|print(f""FAIL: Got {len(nan_warnings)} masked element warnings"") | print(f""FAIL: Got {len(nan_warnings)} masked element warnings"") | print(f""FAIL: Got {len(nan_warnings)} masked element warnings"") | print(f""FAIL: Got {len(nan_warnings)} masked element warnings"")|ERROR: Could not install packages due to an OSError: [Errno 13] Permission denied: 'INSTALLER'","This is difficult to hide since since the warning is not thrown when the figure is being constructed, but when it is shown. Here's a full traceback to show this|<summary> Full traceback </summary>|File ""<stdin>"", line 3, in warn_with_traceback",1,1,0,/home/shashwatsuthar/research/openhands-adp-memory/analysis/contextbench_posthoc/20260606_220027/remote/execution_full_qwen36_65k_fix1_minimal/matplotlib__matplotlib-18294/memory
matplotlib__matplotlib-22482,no_memory,,"src/py_exceptions.h|4 import traceback | 102 raise RuntimeError('Invalid DISPLAY variable') | 113 raise RuntimeError(""Should never be here"") | 130 except AttributeError: # Only for Qt>=5.6, <6. | 135 except AttributeError: # Only for Qt>=5.14. | 167 except BlockingIOError|117 except OverflowError: | 132 except OverflowError: | 294 raise ValueError(""metadata not supported for raw/rgba"")|44 raise ValueError('already locked') | 50 raise ValueError('you do not own this lock')|276 raise ValueError('Sliders cannot be added to 3D Axes') | 321 raise ValueError(|443 raise ValueError( | 446 raise ValueError(|246 except RecursionError: | 247 print('rrulewrapper pickling test failed')|except Exception as e: | print(f'FAILED: {type(e).__name__}: {e}')|except Exception as e: | print(f'FAILED: {type(e).__name__}: {e}') | Traceback (most recent call last): | raise ImportError( | ImportError: Failed to import any of the following Qt binding modules: PyQt5, PySide2|except ImportError:",Traceback (most recent call last):|TypeError: cannot pickle 'FigureCanvasQTAgg' object,0,1,1,/home/shashwatsuthar/research/openhands-adp-memory/analysis/contextbench_posthoc/20260606_220027/remote/execution_full_qwen36_65k_fix1_minimal/matplotlib__matplotlib-22482/no_memory
matplotlib__matplotlib-22482,raw,TypeError: cannot pickle 'weakref.ReferenceType' object|Traceback (most recent call last):|AttributeError: 'NoneType' object has no attribute 'loader'|TypeError: cannot pickle 'weakref' object|FAILURE: TypeError: cannot pickle 'weakref' object|ImportError: cannot import name '_c_internal_utils' from partially initialized module 'matplotlib' (most likely due to a circular import) (./swebench_9_15/testbed/lib/matplotlib/__init__.py)|AttributeError: module 'functools' has no attribute 'cache'|✗ Some grouping tests failed!,"raise ValueError('already locked') | raise ValueError('you do not own this lock')|lib/matplotlib/testing/exceptions.py|44 raise ValueError('already locked') | 50 raise ValueError('you do not own this lock')|276 raise ValueError('Sliders cannot be added to 3D Axes') | 321 raise ValueError( | 443 raise ValueError( | 446 raise ValueError(|246 except RecursionError: | 247 print('rrulewrapper pickling test failed')|except Exception as e: | print(f""✗ FAILED: {e}"") | except Exception as e: | print(f""✗ FAILED: {e}"")|except Exception as e: | print(f'FAILED: {e}')|pytest.xfail(""Callback exceptions are not raised otherwise."")|raise ValueError('already locked') | raise ValueError('you do not own this lock') | raise ValueError('Sliders cannot be added to 3D Axes') | raise ValueError( | raise ValueError( | raise ValueError( | ValueError | TypeError | raise ValueError(f'Invalid CheckButton index: {index}') | ValueError | raise ValueError(f'I...|Traceback (most recent call last): | AssertionError: Slider not found in unpickled figure",Traceback (most recent call last):|TypeError: cannot pickle 'FigureCanvasQTAgg' object,1,1,0,/home/shashwatsuthar/research/openhands-adp-memory/analysis/contextbench_posthoc/20260606_220027/remote/execution_full_qwen36_65k_fix1_minimal/matplotlib__matplotlib-22482/raw
matplotlib__matplotlib-22482,adp,TypeError: cannot pickle 'weakref.ReferenceType' object|Traceback (most recent call last):|AttributeError: 'NoneType' object has no attribute 'loader'|TypeError: cannot pickle 'weakref' object|FAILURE: TypeError: cannot pickle 'weakref' object|ImportError: cannot import name '_c_internal_utils' from partially initialized module 'matplotlib' (most likely due to a circular import) (./swebench_9_15/testbed/lib/matplotlib/__init__.py)|AttributeError: module 'functools' has no attribute 'cache'|✗ Some grouping tests failed!,src/py_exceptions.h|except Exception as e:|except Exception as e: | import traceback | traceback.print_exc()|44 raise ValueError('already locked') | 50 raise ValueError('you do not own this lock')|276 raise ValueError('Sliders cannot be added to 3D Axes') | 321 raise ValueError( | 443 raise ValueError( | 446 raise ValueError(|443 raise ValueError( | 446 raise ValueError(|raise ValueError('already locked') | raise ValueError('you do not own this lock') | raise ValueError('Sliders cannot be added to 3D Axes') | raise ValueError( | raise ValueError( | raise ValueError( | ValueError | TypeError | raise ValueError(f'Invalid CheckButton index: {index}') | ValueError | raise ValueError(f'I...|Traceback (most recent call last): | AssertionError|Traceback (most recent call last): | TypeError: __init__() takes 5 positional arguments but 6 were given|Traceback (most recent call last): | AssertionError: Slider should be attached to same figure,Traceback (most recent call last):|TypeError: cannot pickle 'FigureCanvasQTAgg' object,1,1,0,/home/shashwatsuthar/research/openhands-adp-memory/analysis/contextbench_posthoc/20260606_220027/remote/execution_full_qwen36_65k_fix1_minimal/matplotlib__matplotlib-22482/adp
matplotlib__matplotlib-22482,memory,TypeError: cannot pickle 'weakref.ReferenceType' object|- Traceback (most recent call last):|- TypeError: cannot pickle 'weakref' object|- ImportError: cannot import name '_c_internal_utils' from partially initialized module 'matplotlib' (most likely due to a circular import) (./swebench_9_15/testbed/lib/matplotlib/__init__.py)|Traceback (most recent call last):|AttributeError: 'NoneType' object has no attribute 'loader'|TypeError: cannot pickle 'weakref' object|FAILURE: TypeError: cannot pickle 'weakref' object|AttributeError: module 'functools' has no attribute 'cache'|✗ Some grouping tests failed!,"src/py_exceptions.h|44 raise ValueError('already locked') | 50 raise ValueError('you do not own this lock')|276 raise ValueError('Sliders cannot be added to 3D Axes') | 321 raise ValueError(|443 raise ValueError( | 446 raise ValueError(|except Exception as e: | Traceback (most recent call last): | raise ValueError(""/n"" + ParseException.explain(err, 0)) from None | ValueError: | ParseException: Expected end of text, found '$' (at char 0), (line:1, col:1)|Traceback (most recent call last): | ImportError: cannot import name '_c_internal_utils' from partially initialized module 'matplotlib' (most likely due to a circular import) (/testbed/lib/matplotlib/__init__.py)|ERROR: Could not install packages due to an OSError: [Errno 13] Permission denied: '/opt/conda/envs/testbed/lib/python3.9/site-packages/__pycache__/pylab.cpython-39.pyc|except Exception as e:|except Exception as e: | Traceback (most recent call last): | raise ImportError( | ImportError: Failed to import any of the following Qt binding modules: PyQt5, PySide2|raise ValueError('already locked') | raise ValueError('you do not own this lock') | raise ValueError('Sliders cannot be added to 3D Axes') | raise ValueError( | raise ValueError( | raise ValueError( | ValueError | TypeError | raise ValueError(f'Invalid CheckButton index: {index}') | ValueError | raise ValueError(f'I...",Traceback (most recent call last):|TypeError: cannot pickle 'FigureCanvasQTAgg' object,1,1,0,/home/shashwatsuthar/research/openhands-adp-memory/analysis/contextbench_posthoc/20260606_220027/remote/execution_full_qwen36_65k_fix1_minimal/matplotlib__matplotlib-22482/memory
matplotlib__matplotlib-22686,no_memory,,"42 raise ValueError('already locked') | 48 raise ValueError('you do not own this lock')|Traceback (most recent call last): | ImportError: cannot import name '_c_internal_utils' from partially initialized module 'matplotlib' (most likely due to a circular import) (/testbed/lib/matplotlib/__init__.py)|print('IndexError:', e) | IndexError: index 4 is out of bounds for axis 0 with size 4|raise ValueError('already locked') | raise ValueError('you do not own this lock') | raise ValueError('Sliders cannot be added to 3D Axes') | raise ValueError( | raise ValueError( | raise ValueError( | ValueError | raise ValueError(f'Invalid CheckButton index: {index}') | raise ValueError(f'Invalid RadioButton index:...|ImportError while loading conftest '/testbed/lib/matplotlib/tests/conftest.py'. | E ImportError: cannot import name '_c_internal_utils' from partially initialized module 'matplotlib' (most likely due to a circular import) (/testbed/lib/matplotlib/__init__.py)|ERROR: setuptools==59.8.0 is used in combination with setuptools-scm>=8.x | error: Failed to download any of the following: ['http:/www.qhull.org/download/qhull-2020-src-8.0.2.tgz']. Please download one of these urls and extract it into 'build/' at the top-level of the source repository.|error: Failed to download any of the following: ['http:/www.qhull.org/download/qhull-2020-src-8.0.2.tgz']. Please download one of these urls and extract it into 'build/' at the top-level of the source repository. | ERROR: Failed building wheel for matplotlib | Failed to build matplotlib | ERROR: ERROR: Failed to bu...|_backend_agg.h _image_resample.h py_exceptions.h|Traceback (most recent call last): | ModuleNotFoundError: No module named 'matplotlib._path|src/numpy_cpp.h:41:10: fatal error: numpy/ndarrayobject.h: No such file or directory | cc1plus: fatal error: src/numpy_cpp.cpp: No such file or directory",IndexError: index 4 is out of bounds for axis 0 with size 4|raise ValueError(,0,1,1,/home/shashwatsuthar/research/openhands-adp-memory/analysis/contextbench_posthoc/20260606_220027/remote/execution_full_qwen36_65k_fix1_minimal/matplotlib__matplotlib-22686/no_memory
matplotlib__matplotlib-22686,raw,IndexError: index 4 is out of bounds for axis 0 with size 4|raise ValueError(|SyntaxError: invalid syntax,Traceback (most recent call last): | ImportError: cannot import name '_c_internal_utils' from partially initialized module 'matplotlib' (most likely due to a circular import) (/testbed/lib/matplotlib/__init__.py)|error: subprocess-exited-with-error|ERROR: setuptools==59.8.0 is used in combination with setuptools-scm>=8.x | error: Failed to download any of the following: ['http:/www.qhull.org/download/qhull-2020-src-8.0.2.tgz']. Please download one of these urls and extract it into 'build/' at the top-level of the source repository.|raise ValueError('already locked') | raise ValueError('you do not own this lock') | raise ValueError('Sliders cannot be added to 3D Axes') | raise ValueError( | raise ValueError( | raise ValueError( | ValueError | raise ValueError(f'Invalid CheckButton index: {index}') | raise ValueError(f'Invalid RadioButton index:...|error: Failed to download any of the following: ['http:/www.qhull.org/download/qhull-2020-src-8.0.2.tgz']. Please download one of these urls and extract it into 'build/' at the top-level of the source repository. | ERROR: Failed building wheel for matplotlib | Failed to build matplotlib | ERROR: ERROR: Failed to bu...,IndexError: index 4 is out of bounds for axis 0 with size 4|raise ValueError(,1,1,1,/home/shashwatsuthar/research/openhands-adp-memory/analysis/contextbench_posthoc/20260606_220027/remote/execution_full_qwen36_65k_fix1_minimal/matplotlib__matplotlib-22686/raw
matplotlib__matplotlib-22686,adp,SyntaxError: invalid syntax,"src/py_exceptions.h|Traceback (most recent call last): | ImportError: cannot import name '_c_internal_utils' from partially initialized module 'matplotlib' (most likely due to a circular import) (/testbed/lib/matplotlib/__init__.py)|ERROR: setuptools==59.8.0 is used in combination with setuptools-scm>=8.x | error: Failed to download any of the following: ['http:/www.qhull.org/download/qhull-2020-src-8.0.2.tgz']. Please download one of these urls and extract it into 'build/' at the top-level of the source repository.|raise ValueError('already locked') | raise ValueError('you do not own this lock') | raise ValueError('Sliders cannot be added to 3D Axes') | raise ValueError( | raise ValueError( | raise ValueError( | ValueError | raise ValueError(f'Invalid CheckButton index: {index}') | raise ValueError(f'Invalid RadioButton index:...|Traceback (most recent call last): | ModuleNotFoundError: No module named 'matplotlib'|ERROR: Could not install packages due to an OSError: [Errno 13] Permission denied: '/opt/conda/envs/testbed/lib/python3.8/site-packages/zipp|38 raise AssertionError(""Could not find RangeSlider.set_val method"") | 67 raise AssertionError(""Could not find RangeSlider.set_val method"") | raise AssertionError(""Could not find RangeSlider.set_val method"") | raise AssertionError(""Could not find RangeSlider.set_val method"")|The `set_val` method in `RangeSlider` class was trying to access `xy[4]` (line 914 for vertical, line 923 for horizontal), but the polygon created by `ax.axvspan()` or `ax.axhspan()` only has 4 vertices (indices 0-3). This caused an `IndexError: index 4 is out of bounds for axis 0 with size 4` when trying to initial...",IndexError: index 4 is out of bounds for axis 0 with size 4|raise ValueError(,0,1,1,/home/shashwatsuthar/research/openhands-adp-memory/analysis/contextbench_posthoc/20260606_220027/remote/execution_full_qwen36_65k_fix1_minimal/matplotlib__matplotlib-22686/adp
matplotlib__matplotlib-22686,memory,IndexError: index 4 is out of bounds for axis 0 with size 4|raise ValueError(|SyntaxError: invalid syntax,"src/py_exceptions.h|Traceback (most recent call last): | ImportError: cannot import name '_c_internal_utils' from partially initialized module 'matplotlib' (most likely due to a circular import) (/testbed/lib/matplotlib/__init__.py)|ERROR: Could not install packages due to an OSError: [Errno 13] Permission denied: '/opt/conda/envs/testbed/lib/python3.8/site-packages/zipp|Traceback (most recent call last): | ModuleNotFoundError: No module named 'matplotlib'|ERROR: setuptools==59.8.0 is used in combination with setuptools-scm>=8.x | error: Failed to download any of the following: ['http:/www.qhull.org/download/qhull-2020-src-8.0.2.tgz']. Please download one of these urls and extract it into 'build/' at the top-level of the source repository.|raise ValueError('already locked') | raise ValueError('you do not own this lock') | raise ValueError('Sliders cannot be added to 3D Axes') | raise ValueError( | raise ValueError( | raise ValueError( | ValueError | raise ValueError(f'Invalid CheckButton index: {index}') | raise ValueError(f'Invalid RadioButton index:...|Traceback (most recent call last): | ImportError: cannot import name 'rcParams' from 'matplotlib.axes' (/contextbench_run/.openhands_home/.local/lib/python3.8/site-packages/matplotlib/axes/__init__.py)|**Problem:** The `RangeSlider.set_val` method tried to access `xy[4]` (5th element) to close the polygon loop, but `self.poly.xy` from `ax.axhspan()`/`ax.axvspan()` only has 4 vertices (a rectangle), causing an `IndexError: index 4 is out of bounds for axis 0 with size 4`.",IndexError: index 4 is out of bounds for axis 0 with size 4|raise ValueError(,1,1,1,/home/shashwatsuthar/research/openhands-adp-memory/analysis/contextbench_posthoc/20260606_220027/remote/execution_full_qwen36_65k_fix1_minimal/matplotlib__matplotlib-22686/memory
matplotlib__matplotlib-22706,no_memory,,"42 raise ValueError('already locked') | 48 raise ValueError('you do not own this lock')|244 raise ValueError('Sliders cannot be added to 3D Axes') | 289 raise ValueError(|raise ValueError('already locked') | raise ValueError('you do not own this lock') | raise ValueError('Sliders cannot be added to 3D Axes') | raise ValueError( | raise ValueError( | raise ValueError( | ValueError | raise ValueError(f'Invalid CheckButton index: {index}') | raise ValueError(f'Invalid RadioButton index:...|Traceback (most recent call last): | ImportError: cannot import name '_c_internal_utils' from partially initialized module 'matplotlib' (most likely due to a circular import) (/testbed/lib/matplotlib/__init__.py)|ERROR: setuptools==59.8.0 is used in combination with setuptools-scm>=8.x | error: Failed to download any of the following: ['http:/www.qhull.org/download/qhull-2020-src-8.0.2.tgz']. Please download one of these urls and extract it into 'build/' at the top-level of the source repository.|ERROR: Could not install packages due to an OSError: [Errno 13] Permission denied: '/opt/conda/envs/testbed/lib/python3.8/site-packages/zipp|Traceback (most recent call last): | ModuleNotFoundError: No module named 'matplotlib'|Traceback (most recent call last): | ModuleNotFoundError: No module named 'numpy'|with pytest.raises(ValueError): | with pytest.raises(ValueError): | with pytest.raises(ValueError): | with pytest.raises(ValueError): | with pytest.raises(ValueError): | with pytest.raises(ValueError): | with pytest.raises(ValueError): | with pytest.raises(ValueError): | @pytest.mark.backend('QtAgg', skip_on_importe...|error: subprocess-exited-with-error | ERROR: setuptools==59.8.0 is used in combination with setuptools-scm>=8.x | error: can't create or remove files in install directory | error: subprocess-exited-with-error | ERROR: setuptools==59.8.0 is used in combination with setuptools-scm>=8.x | error: can't create or remove ...",,0,0,1,/home/shashwatsuthar/research/openhands-adp-memory/analysis/contextbench_posthoc/20260606_220027/remote/execution_full_qwen36_65k_fix1_minimal/matplotlib__matplotlib-22706/no_memory
matplotlib__matplotlib-22706,raw,IndexError: index 4 is out of bounds for axis 0 with size 4|raise ValueError(|SyntaxError: invalid syntax,src/py_exceptions.h|lib/matplotlib/testing/exceptions.py|raise ValueError('already locked') | raise ValueError('you do not own this lock') | raise ValueError('Sliders cannot be added to 3D Axes') | raise ValueError( | raise ValueError( | raise ValueError( | ValueError | raise ValueError(f'Invalid CheckButton index: {index}') | raise ValueError(f'Invalid RadioButton index:...|Traceback (most recent call last): | ImportError: cannot import name '_c_internal_utils' from partially initialized module 'matplotlib' (most likely due to a circular import) (/testbed/lib/matplotlib/__init__.py)|exceptiongroup 1.3.1|ERROR: setuptools==59.8.0 is used in combination with setuptools-scm>=8.x | error: Failed to download any of the following: ['http:/www.qhull.org/download/qhull-2020-src-8.0.2.tgz']. Please download one of these urls and extract it into 'build/' at the top-level of the source repository.|ERROR: Could not install packages due to an OSError: [Errno 13] Permission denied: '/opt/conda/envs/testbed/lib/python3.8/site-packages/zipp|CondaValueError: No packages match 'matplotlib'.|faaae2a14c Fix issue with unhandled Done exception,,1,1,1,/home/shashwatsuthar/research/openhands-adp-memory/analysis/contextbench_posthoc/20260606_220027/remote/execution_full_qwen36_65k_fix1_minimal/matplotlib__matplotlib-22706/raw
matplotlib__matplotlib-22706,adp,SyntaxError: invalid syntax,42 raise ValueError('already locked') | 48 raise ValueError('you do not own this lock')|raise ValueError('already locked') | raise ValueError('you do not own this lock') | raise ValueError('Sliders cannot be added to 3D Axes') | raise ValueError( | raise ValueError( | raise ValueError( | ValueError | raise ValueError(f'Invalid CheckButton index: {index}') | raise ValueError(f'Invalid RadioButton index:...|Traceback (most recent call last): | ImportError: cannot import name '_c_internal_utils' from partially initialized module 'matplotlib' (most likely due to a circular import) (/testbed/lib/matplotlib/__init__.py)|ERROR: setuptools==59.8.0 is used in combination with setuptools-scm>=8.x | error: Failed to download any of the following: ['http:/www.qhull.org/download/qhull-2020-src-8.0.2.tgz']. Please download one of these urls and extract it into 'build/' at the top-level of the source repository.|ERROR: Could not install packages due to an OSError: [Errno 13] Permission denied: '/opt/conda/envs/testbed/lib/python3.8/site-packages/zipp|Traceback (most recent call last): | ModuleNotFoundError: No module named 'matplotlib',,0,0,1,/home/shashwatsuthar/research/openhands-adp-memory/analysis/contextbench_posthoc/20260606_220027/remote/execution_full_qwen36_65k_fix1_minimal/matplotlib__matplotlib-22706/adp
matplotlib__matplotlib-22706,memory,IndexError: index 4 is out of bounds for axis 0 with size 4|raise ValueError(|SyntaxError: invalid syntax,"src/py_exceptions.h|Traceback (most recent call last): | ImportError: cannot import name '_c_internal_utils' from partially initialized module 'matplotlib' (most likely due to a circular import) (/testbed/lib/matplotlib/__init__.py)|ERROR: Could not install packages due to an OSError: [Errno 13] Permission denied: '/opt/conda/envs/testbed/lib/python3.8/site-packages/zipp|Traceback (most recent call last): | ModuleNotFoundError: No module named 'matplotlib'|ERROR: setuptools==59.8.0 is used in combination with setuptools-scm>=8.x | error: Failed to download any of the following: ['http:/www.qhull.org/download/qhull-2020-src-8.0.2.tgz']. Please download one of these urls and extract it into 'build/' at the top-level of the source repository.|raise ValueError('already locked') | raise ValueError('you do not own this lock') | raise ValueError('Sliders cannot be added to 3D Axes') | raise ValueError( | raise ValueError( | raise ValueError( | ValueError | raise ValueError(f'Invalid CheckButton index: {index}') | raise ValueError(f'Invalid RadioButton index:...|with pytest.raises(ValueError): | with pytest.raises(ValueError): | with pytest.raises(ValueError): | with pytest.raises(ValueError): | with pytest.raises(ValueError): | with pytest.raises(ValueError): | with pytest.raises(ValueError): | with pytest.raises(ValueError): | @pytest.mark.backend('QtAgg', skip_on_importe...",,1,1,1,/home/shashwatsuthar/research/openhands-adp-memory/analysis/contextbench_posthoc/20260606_220027/remote/execution_full_qwen36_65k_fix1_minimal/matplotlib__matplotlib-22706/memory
matplotlib__matplotlib-23098,no_memory,,,,0,0,0,/home/shashwatsuthar/research/openhands-adp-memory/analysis/contextbench_posthoc/20260606_220027/remote/execution_full_qwen36_65k_fix1_minimal/matplotlib__matplotlib-23098/no_memory
matplotlib__matplotlib-23098,raw,"raise ValueError(""BoundaryNorm is not invertible"")|ValueError: BoundaryNorm is not invertible|1262- raise ValueError(""Not invertible until both vmin and vmax are set"")|1373- raise ValueError(""Not invertible until both vmin and vmax are set"")|1584- raise ValueError(""Not invertible until scaled"")|1586- raise ValueError(""vmin must be less or equal to vmax"")|1776- raise ValueError(""Not invertible until scaled"")|1908- ValueError|1908→ ValueError|1912→ raise ValueError(""BoundaryNorm is not invertible"")","src/py_exceptions.h|1317 except (TypeError, IndexError):|except ValueError as e: | print(f'Error: {e}') | Traceback (most recent call last): | ImportError: cannot import name '_c_internal_utils' from partially initialized module 'matplotlib' (most likely due to a circular import) (/testbed/lib/matplotlib/__init__.py)|Traceback (most recent call last): | ImportError: cannot import name '_c_internal_utils' from partially initialized module 'matplotlib' (most likely due to a circular import) (/testbed/lib/matplotlib/__init__.py)|exceptiongroup 1.3.1|ERROR: setuptools==59.8.0 is used in combination with setuptools-scm>=8.x | error: Failed to download any of the following: ['http:/www.qhull.org/download/qhull-2020-src-8.0.2.tgz']. Please download one of these urls and extract it into 'build/' at the top-level of the source repository.|ERROR: Could not install packages due to an OSError: [Errno 13] Permission denied: '/opt/conda/envs/testbed/lib/python3.8/site-packages/zipp|1312 except ValueError: | except AttributeError: | raise ValueError(""Can not reset the axes. You are probably "" | raise RuntimeError(""Can not put single artist in "" | raise TypeError( | raise TypeError( | raise ValueError(f'alpha ({alpha}) is outside 0-1 range') | raise TypeError(""alpha must be numeric or None, not ...|except ValueError as e: | print(f'Error: {e}') | Traceback (most recent call last): | ModuleNotFoundError: No module named 'matplotlib'|except ValueError as e: | print(f'Error: {e}') | Traceback (most recent call last): | ModuleNotFoundError: No module named 'inspect'",,1,1,0,/home/shashwatsuthar/research/openhands-adp-memory/analysis/contextbench_posthoc/20260606_220027/remote/execution_full_qwen36_65k_fix1_minimal/matplotlib__matplotlib-23098/raw
matplotlib__matplotlib-23098,adp,"raise ValueError(""BoundaryNorm is not invertible"")|ValueError: BoundaryNorm is not invertible|1262- raise ValueError(""Not invertible until both vmin and vmax are set"")|1373- raise ValueError(""Not invertible until both vmin and vmax are set"")|1584- raise ValueError(""Not invertible until scaled"")|1586- raise ValueError(""vmin must be less or equal to vmax"")|1776- raise ValueError(""Not invertible until scaled"")|1908- ValueError|1908→ ValueError|1912→ raise ValueError(""BoundaryNorm is not invertible"")","1317 except (TypeError, IndexError):|1837 raise ValueError(""'clip=True' is not compatible with 'extend'"") | 1842 raise ValueError(""You must provide at least 2 boundaries "" | 1857 raise ValueError(f""There are {self._n_regions} color bins "" | 1908 ValueError | 1912 raise ValueError(""BoundaryNorm is not invertible"")|except ValueError as e: | print(f"" FAILED: format_cursor_data() raised ValueError: {e}"") | except ValueError as e: | print(f"" FAILED: format_cursor_data({val}) raised ValueError: {e}"") | except ValueError as e: | print(f"" FAILED: format_cursor_data() raised ValueError: {e}"") | except ValueError as e: | print(f"" FAIL...|Traceback (most recent call last): | ImportError: cannot import name '_c_internal_utils' from partially initialized module 'matplotlib' (most likely due to a circular import) (/testbed/lib/matplotlib/__init__.py)|ERROR: setuptools==59.8.0 is used in combination with setuptools-scm>=8.x | error: Failed to download any of the following: ['http:/www.qhull.org/download/qhull-2020-src-8.0.2.tgz']. Please download one of these urls and extract it into 'build/' at the top-level of the source repository.|1312 except ValueError: | except AttributeError: | raise ValueError(""Can not reset the axes. You are probably "" | raise RuntimeError(""Can not put single artist in "" | raise TypeError( | raise TypeError( | raise ValueError(f'alpha ({alpha}) is outside 0-1 range') | raise TypeError(""alpha must be numeric or None, not ...|1312 except ValueError: | 1321 except (TypeError, IndexError):|ERROR: Could not install packages due to an OSError: [Errno 13] Permission denied: '/opt/conda/envs/testbed/lib/python3.8/site-packages/zipp|Traceback (most recent call last): | ModuleNotFoundError: No module named 'matplotlib'|exceptiongroup 1.3.1",,1,1,0,/home/shashwatsuthar/research/openhands-adp-memory/analysis/contextbench_posthoc/20260606_220027/remote/execution_full_qwen36_65k_fix1_minimal/matplotlib__matplotlib-23098/adp
matplotlib__matplotlib-23098,memory,"raise ValueError(""BoundaryNorm is not invertible"")|ValueError: BoundaryNorm is not invertible|- Traceback (most recent call last):|- ImportError: dlopen(/Applications/ADFRsuite-1.0/lib/python2.7/site-packages/matplotlib/_png.so, 0x0002): Library not loaded: /usr/local/lib/libpng12.0.dylib|1262- raise ValueError(""Not invertible until both vmin and vmax are set"")|1373- raise ValueError(""Not invertible until both vmin and vmax are set"")|1584- raise ValueError(""Not invertible until scaled"")|1586- raise ValueError(""vmin must be less or equal to vmax"")|1776- raise ValueError(""Not invertible until scaled"")|1908→ ValueError",src/py_exceptions.h,,1,1,0,/home/shashwatsuthar/research/openhands-adp-memory/analysis/contextbench_posthoc/20260606_220027/remote/execution_full_qwen36_65k_fix1_minimal/matplotlib__matplotlib-23098/memory
matplotlib__matplotlib-23172,no_memory,,"lib/matplotlib/testing/exceptions.py|449 def __exit__(self, exc_type, exc_value, traceback):|1126 If True (the default), raise an `ImportError` if the backend cannot be|except Exception:|Traceback (most recent call last): | ImportError: cannot import name '_c_internal_utils' from partially initialized module 'matplotlib' (most likely due to a circular import) (/testbed/lib/matplotlib/__init__.py)|ERROR: setuptools==59.8.0 is used in combination with setuptools-scm>=8.x | error: Failed to download any of the following: ['http:/www.qhull.org/download/qhull-2020-src-8.0.2.tgz']. Please download one of these urls and extract it into 'build/' at the top-level of the source repository.|ERROR: Could not install packages due to an OSError: [Errno 13] Permission denied: '/opt/conda/envs/testbed/lib/python3.8/site-packages/zipp|error: Failed to download any of the following: ['http:/www.qhull.org/download/qhull-2020-src-8.0.2.tgz']. Please download one of these urls and extract it into 'build/' at the top-level of the source repository.|SyntaxError: invalid syntax|src/_c_internal_utils.c:2:10: fatal error: Python.h: No such file or directory",,0,0,0,/home/shashwatsuthar/research/openhands-adp-memory/analysis/contextbench_posthoc/20260606_220027/remote/execution_full_qwen36_65k_fix1_minimal/matplotlib__matplotlib-23172/no_memory
matplotlib__matplotlib-23172,raw,"AssertionError Traceback (most recent call last)|AssertionError:|SyntaxError: invalid syntax|Traceback (most recent call last):|ImportError: dlopen(/Applications/ADFRsuite-1.0/lib/python2.7/site-packages/matplotlib/_png.so, 0x0002): Library not loaded: /usr/local/lib/libpng12.0.dylib|251- except ImportError:|258- # exception propagate out.|AttributeError: 'RcParams' object has no attribute '_dict'","src/py_exceptions.h|lib/matplotlib/testing/exceptions.py|251 except ImportError: | 258 # exception propagate out. | 272 raise ImportError(|650 except ValueError as ve: | 651 raise ValueError(f""Key {key}: {ve}"") from None | 653 except KeyError as err: | 654 raise KeyError(|449 def __exit__(self, exc_type, exc_value, traceback):|Traceback (most recent call last): | ImportError: cannot import name '_c_internal_utils' from partially initialized module 'matplotlib' (most likely due to a circular import) (/testbed/lib/matplotlib/__init__.py)|ERROR: setuptools==59.8.0 is used in combination with setuptools-scm>=8.x | error: Failed to download any of the following: ['http:/www.qhull.org/download/qhull-2020-src-8.0.2.tgz']. Please download one of these urls and extract it into 'build/' at the top-level of the source repository.|ERROR: Could not install packages due to an OSError: [Errno 13] Permission denied: '/opt/conda/envs/testbed/lib/python3.8/site-packages/zipp|Traceback (most recent call last): | ModuleNotFoundError: No module named 'matplotlib'|error: can't create or remove files in install directory",,1,1,0,/home/shashwatsuthar/research/openhands-adp-memory/analysis/contextbench_posthoc/20260606_220027/remote/execution_full_qwen36_65k_fix1_minimal/matplotlib__matplotlib-23172/raw
matplotlib__matplotlib-23172,adp,"AssertionError Traceback (most recent call last)|AssertionError:|SyntaxError: invalid syntax|Traceback (most recent call last):|ImportError: dlopen(/Applications/ADFRsuite-1.0/lib/python2.7/site-packages/matplotlib/_png.so, 0x0002): Library not loaded: /usr/local/lib/libpng12.0.dylib|251- except ImportError:|258- # exception propagate out.|AttributeError: 'RcParams' object has no attribute '_dict'","src/py_exceptions.h|449 def __exit__(self, exc_type, exc_value, traceback):|251 except ImportError: | 258 # exception propagate out.|272 raise ImportError(",,1,1,0,/home/shashwatsuthar/research/openhands-adp-memory/analysis/contextbench_posthoc/20260606_220027/remote/execution_full_qwen36_65k_fix1_minimal/matplotlib__matplotlib-23172/adp
matplotlib__matplotlib-23172,memory,"AssertionError Traceback (most recent call last)|AssertionError:|- Traceback (most recent call last):|- ImportError: dlopen(/Applications/ADFRsuite-1.0/lib/python2.7/site-packages/matplotlib/_png.so, 0x0002): Library not loaded: /usr/local/lib/libpng12.0.dylib|Traceback (most recent call last):|AttributeError: 'RcParams' object has no attribute '_dict'","lib/matplotlib/testing/exceptions.py|1126 If True (the default), raise an `ImportError` if the backend cannot be|251 except ImportError: | 258 # exception propagate out. | 272 raise ImportError(|Traceback (most recent call last): | ImportError: cannot import name '_c_internal_utils' from partially initialized module 'matplotlib' (most likely due to a circular import) (/testbed/lib/matplotlib/__init__.py)|ERROR: setuptools==59.8.0 is used in combination with setuptools-scm>=8.x | error: Failed to download any of the following: ['http:/www.qhull.org/download/qhull-2020-src-8.0.2.tgz']. Please download one of these urls and extract it into 'build/' at the top-level of the source repository.|ERROR: Could not install packages due to an OSError: [Errno 13] Permission denied: '/opt/conda/envs/testbed/lib/python3.8/site-packages/pyproject_metadata|ERROR: Could not install packages due to an OSError: [Errno 13] Permission denied: '/opt/conda/envs/testbed/lib/python3.8/site-packages/zipp",,1,1,0,/home/shashwatsuthar/research/openhands-adp-memory/analysis/contextbench_posthoc/20260606_220027/remote/execution_full_qwen36_65k_fix1_minimal/matplotlib__matplotlib-23172/memory
matplotlib__matplotlib-23687,no_memory,,src/py_exceptions.h|2402 raise ValueError(f'number of labels ({len(patch_labels)}) ' | 2425 except TypeError as e: | 2426 raise TypeError(f'the dtypes of parameters x ({x.dtype}) ' | 2433 except TypeError as e: | 2434 raise TypeError(f'the dtypes of parameters y ({y.dtype}) |Traceback (most recent call last): | ImportError: cannot import name '_c_internal_utils' from partially initialized module 'matplotlib' (most likely due to a circular import) (/testbed/lib/matplotlib/__init__.py)|error: Failed to download any of the following: ['http:/www.qhull.org/download/qhull-2020-src-8.0.2.tgz']. Please download one of these urls and extract it into 'build/' at the top-level of the source repository.|ERROR: Could not install packages due to an OSError: [Errno 13] Permission denied: '/opt/conda/envs/testbed/lib/python3.8/site-packages/zipp|Traceback (most recent call last): | ModuleNotFoundError: No module named 'matplotlib'|Traceback (most recent call last): | ModuleNotFoundError: No module named 'numpy'|Traceback (most recent call last): | ModuleNotFoundError: No module named 'enum'|error: can't create or remove files in install directory|897 raise ValueError(f'unknown value for which: {which!r}'),,0,0,0,/home/shashwatsuthar/research/openhands-adp-memory/analysis/contextbench_posthoc/20260606_220027/remote/execution_full_qwen36_65k_fix1_minimal/matplotlib__matplotlib-23687/no_memory
matplotlib__matplotlib-23687,raw,"ax.bar` raises an exception in 3.6.1 when passed only nan data. This irrevocably breaks seaborn's histogram function (which draws and then removes a ""phantom"" bar to trip the color cycle).|```python-traceback|StopIteration Traceback (most recent call last)|2183 except (TypeError, IndexError, KeyError):|1746 raise RuntimeError(""matplotlib does not ""|print(f""UNEXPECTED ERROR: {type(e).__name__}: {e}"")|SyntaxError: invalid syntax|Traceback (most recent call last):|ImportError: dlopen(/Applications/ADFRsuite-1.0/lib/python2.7/site-packages/matplotlib/_png.so, 0x0002): Library not loaded: /usr/local/lib/libpng12.0.dylib|AttributeError: 'NoneType' object has no attribute 'loader'","src/py_exceptions.h|2183 except (TypeError, IndexError, KeyError): | 2188 except (TypeError, IndexError, KeyError): | 2198 except (ValueError, TypeError, AttributeError):|2402 raise ValueError(f'number of labels ({len(patch_labels)}) ' | 2425 except TypeError as e: | 2426 raise TypeError(f'the dtypes of parameters x ({x.dtype}) ' | 2433 except TypeError as e: | 2434 raise TypeError(f'the dtypes of parameters y ({y.dtype}) |1696 raise ValueError('Input could not be cast to an at-least-1D NumPy array') | 1727 except TypeError: | 1729 raise RuntimeError(""matplotlib does not support generators "" | 1735 raise RuntimeError(""matplotlib does not ""|Traceback (most recent call last): | ImportError: cannot import name '_c_internal_utils' from partially initialized module 'matplotlib' (most likely due to a circular import) (/testbed/lib/matplotlib/__init__.py)|error: Failed to download any of the following: ['http:/www.qhull.org/download/qhull-2020-src-8.0.2.tgz']. Please download one of these urls and extract it into 'build/' at the top-level of the source repository.|ERROR: Could not install packages due to an OSError: [Errno 13] Permission denied: '/opt/conda/envs/testbed/lib/python3.8/site-packages/zipp|Traceback (most recent call last): | ModuleNotFoundError: No module named 'matplotlib'|1727 except TypeError: | 1729 raise RuntimeError(""matplotlib does not support generators "" | 1735 raise RuntimeError(""matplotlib does not ""|94 def _exception_printer(exc):",,1,1,0,/home/shashwatsuthar/research/openhands-adp-memory/analysis/contextbench_posthoc/20260606_220027/remote/execution_full_qwen36_65k_fix1_minimal/matplotlib__matplotlib-23687/raw
matplotlib__matplotlib-23687,adp,"ax.bar` raises an exception in 3.6.1 when passed only nan data. This irrevocably breaks seaborn's histogram function (which draws and then removes a ""phantom"" bar to trip the color cycle).|```python-traceback|StopIteration Traceback (most recent call last)|print(f""UNEXPECTED ERROR: {type(e).__name__}: {e}"")|SyntaxError: invalid syntax|Traceback (most recent call last):|ImportError: dlopen(/Applications/ADFRsuite-1.0/lib/python2.7/site-packages/matplotlib/_png.so, 0x0002): Library not loaded: /usr/local/lib/libpng12.0.dylib|AttributeError: 'NoneType' object has no attribute 'loader'|1746→ raise RuntimeError(""matplotlib does not ""|1724- except TypeError:","src/py_exceptions.h|1727 except TypeError: | 1729 raise RuntimeError(""matplotlib does not support generators "" | 1735 raise RuntimeError(""matplotlib does not """,,1,1,0,/home/shashwatsuthar/research/openhands-adp-memory/analysis/contextbench_posthoc/20260606_220027/remote/execution_full_qwen36_65k_fix1_minimal/matplotlib__matplotlib-23687/adp
matplotlib__matplotlib-23687,memory,"ax.bar` raises an exception in 3.6.1 when passed only nan data. This irrevocably breaks seaborn's histogram function (which draws and then removes a ""phantom"" bar to trip the color cycle).|```python-traceback|StopIteration Traceback (most recent call last)|2183 except (TypeError, IndexError, KeyError):|1746 raise RuntimeError(""matplotlib does not ""|- Traceback (most recent call last):|- ImportError: dlopen(/Applications/ADFRsuite-1.0/lib/python2.7/site-packages/matplotlib/_png.so, 0x0002): Library not loaded: /usr/local/lib/libpng12.0.dylib|print(f""UNEXPECTED ERROR: {type(e).__name__}: {e}"")|SyntaxError: invalid syntax|Traceback (most recent call last):","src/py_exceptions.h|1727 except TypeError: | 1729 raise RuntimeError(""matplotlib does not support generators "" | 1735 raise RuntimeError(""matplotlib does not ""|2183 except (TypeError, IndexError, KeyError): | 2188 except (TypeError, IndexError, KeyError): | 2198 except (ValueError, TypeError, AttributeError):|except Exception as e: | print(f""Test 1 (bar with NaN at x[0] and x[2]): FAILED - {type(e).__name__}: {e}"") | except Exception as e: | print(f""Test 2 (bar with NaN at bottom[0] and bottom[2]): FAILED - {type(e).__name__}: {e}"") | except Exception as e: | print(f""Test 3 (barh with NaN at x[0] and x[2]): FAILED - {typ...|Traceback (most recent call last): | ImportError: cannot import name '_c_internal_utils' from partially initialized module 'matplotlib' (most likely due to a circular import) (/testbed/lib/matplotlib/__init__.py)|error: Failed to download any of the following: ['http:/www.qhull.org/download/qhull-2020-src-8.0.2.tgz']. Please download one of these urls and extract it into 'build/' at the top-level of the source repository.|ERROR: Could not install packages due to an OSError: [Errno 13] Permission denied: '/opt/conda/envs/testbed/lib/python3.8/site-packages/zipp|Traceback (most recent call last): | ModuleNotFoundError: No module named 'matplotlib'|1691 except (np.VisibleDeprecationWarning, ValueError): | 1696 raise ValueError('Input could not be cast to an at-least-1D NumPy array') | 1727 except TypeError: | 1729 raise RuntimeError(""matplotlib does not support generators "" | 1735 raise RuntimeError(""matplotlib does not |23 import traceback",,1,1,0,/home/shashwatsuthar/research/openhands-adp-memory/analysis/contextbench_posthoc/20260606_220027/remote/execution_full_qwen36_65k_fix1_minimal/matplotlib__matplotlib-23687/memory
matplotlib__matplotlib-24818,no_memory,,"20 import traceback | 80 def _exception_printer(exc): | 84 traceback.print_exc() | 111 except TypeError: | 155 exception_handler : callable, optional | 156 If not None, *exception_handler* must be a function that takes an | 157 `Exception` as single parameter. It gets called with any `Exception` | 159 either re-rais...|1635 except TypeError: | 1648 except TypeError: | 1650 raise RuntimeError(""matplotlib does not support generators "" | 1657 raise RuntimeError(""matplotlib does not ""|3513 raise ValueError(""'x' and 'y' must have the same size"")|Traceback (most recent call last): | ImportError: cannot import name '_c_internal_utils' from partially initialized module 'matplotlib' (most likely due to a circular import) (/testbed/lib/matplotlib/__init__.py)|Failed to build matplotlib | error: failed-wheel-build-for-install | × Failed to build installable wheels for some pyproject.toml based projects|error: Failed to download any of the following: ['http:/www.qhull.org/download/qhull-2020-src-8.0.2.tgz']. Please download one of these urls and extract it into 'build/' at the top-level of the source repository. | ERROR: Failed building editable for matplotlib | Failed to build matplotlib | error: failed-wheel-bui...|error: Failed to download any of the following: ['http:/www.qhull.org/download/qhull-2020-src-8.0.2.tgz']. Please download one of these urls and extract it into 'build/' at the top-level of the source repository.|except TypeError: | except TypeError: | raise RuntimeError('matplotlib does not support generators as input') | raise RuntimeError('matplotlib does not support generators as input')|1657 raise RuntimeError(""matplotlib does not "" | import traceback | def _exception_printer(exc): | traceback.print_exc() | except TypeError: | exception_handler : callable, optional | If not None, *exception_handler* must be a function that takes an | `Exception` as single parameter. It gets called with any `Excepti...|ImportError while loading conftest '/testbed/lib/matplotlib/tests/conftest.py'. | E ImportError: cannot import name '_c_internal_utils' from partially initialized module 'matplotlib' (most likely due to a circular import) (/testbed/lib/matplotlib/__init__.py)",Traceback (most recent call last):,0,1,0,/home/shashwatsuthar/research/openhands-adp-memory/analysis/contextbench_posthoc/20260606_220027/remote/execution_full_qwen36_65k_fix1_minimal/matplotlib__matplotlib-24818/no_memory
matplotlib__matplotlib-24818,raw,"ax.bar` raises an exception in 3.6.1 when passed only nan data. This irrevocably breaks seaborn's histogram function (which draws and then removes a ""phantom"" bar to trip the color cycle).|```python-traceback|StopIteration Traceback (most recent call last)|2183 except (TypeError, IndexError, KeyError):|1746 raise RuntimeError(""matplotlib does not ""|print(f""UNEXPECTED ERROR: {type(e).__name__}: {e}"")|SyntaxError: invalid syntax|Traceback (most recent call last):|ImportError: dlopen(/Applications/ADFRsuite-1.0/lib/python2.7/site-packages/matplotlib/_png.so, 0x0002): Library not loaded: /usr/local/lib/libpng12.0.dylib|AttributeError: 'NoneType' object has no attribute 'loader'","b88a683e13 Ensure ImportError's have a message|src/py_exceptions.h|1635 except TypeError: | 1648 except TypeError: | 1650 raise RuntimeError(""matplotlib does not support generators "" | 1657 raise RuntimeError(""matplotlib does not ""|Traceback (most recent call last): | ImportError: cannot import name '_c_internal_utils' from partially initialized module 'matplotlib' (most likely due to a circular import) (/testbed/lib/matplotlib/__init__.py)|error: Failed to download any of the following: ['http:/www.qhull.org/download/qhull-2020-src-8.0.2.tgz']. Please download one of these urls and extract it into 'build/' at the top-level of the source repository. | ERROR: Failed building editable for matplotlib | Failed to build matplotlib | error: failed-wheel-bui...|error: Failed to download any of the following: ['http:/www.qhull.org/download/qhull-2020-src-8.0.2.tgz']. Please download one of these urls and extract it into 'build/' at the top-level of the source repository.|ERROR: Could not install packages due to an OSError: [Errno 13] Permission denied: '/opt/conda/envs/testbed/lib/python3.9/site-packages/pyproject_metadata|except TypeError: | except TypeError: | raise RuntimeError('matplotlib does not support generators as input') | raise RuntimeError('matplotlib does not support generators as input')|3513 raise ValueError(""'x' and 'y' must have the same size"")|2210 except (TypeError, IndexError, KeyError): | 2219 except (TypeError, IndexError, KeyError):",Traceback (most recent call last):,1,1,0,/home/shashwatsuthar/research/openhands-adp-memory/analysis/contextbench_posthoc/20260606_220027/remote/execution_full_qwen36_65k_fix1_minimal/matplotlib__matplotlib-24818/raw
matplotlib__matplotlib-24818,adp,"ax.bar` raises an exception in 3.6.1 when passed only nan data. This irrevocably breaks seaborn's histogram function (which draws and then removes a ""phantom"" bar to trip the color cycle).|```python-traceback|StopIteration Traceback (most recent call last)|print(f""UNEXPECTED ERROR: {type(e).__name__}: {e}"")|SyntaxError: invalid syntax|Traceback (most recent call last):|ImportError: dlopen(/Applications/ADFRsuite-1.0/lib/python2.7/site-packages/matplotlib/_png.so, 0x0002): Library not loaded: /usr/local/lib/libpng12.0.dylib|AttributeError: 'NoneType' object has no attribute 'loader'|1746→ raise RuntimeError(""matplotlib does not ""|1724- except TypeError:","b88a683e13 Ensure ImportError's have a message|1635 except TypeError: | 1648 except TypeError: | 1650 raise RuntimeError(""matplotlib does not support generators "" | 1657 raise RuntimeError(""matplotlib does not ""|3513 raise ValueError(""'x' and 'y' must have the same size"")|Traceback (most recent call last): | ImportError: cannot import name '_c_internal_utils' from partially initialized module 'matplotlib' (most likely due to a circular import) (/testbed/lib/matplotlib/__init__.py)|error: Failed to download any of the following: ['http:/www.qhull.org/download/qhull-2020-src-8.0.2.tgz']. Please download one of these urls and extract it into 'build/' at the top-level of the source repository. | ERROR: Failed building editable for matplotlib | Failed to build matplotlib | error: failed-wheel-bui...|error: Failed to download any of the following: ['http:/www.qhull.org/download/qhull-2020-src-8.0.2.tgz']. Please download one of these urls and extract it into 'build/' at the top-level of the source repository.|error: could not create 'matplotlib/_c_internal_utils.cpython-39-x86_64-linux-gnu.so': No such file or directory|22 working interactively. The exceptions to this suggestion are the pyplot|20 import traceback | 80 def _exception_printer(exc): | 84 traceback.print_exc()|80 def _exception_printer(exc): | 84 traceback.print_exc()",Traceback (most recent call last):,1,1,0,/home/shashwatsuthar/research/openhands-adp-memory/analysis/contextbench_posthoc/20260606_220027/remote/execution_full_qwen36_65k_fix1_minimal/matplotlib__matplotlib-24818/adp
matplotlib__matplotlib-24818,memory,"ax.bar` raises an exception in 3.6.1 when passed only nan data. This irrevocably breaks seaborn's histogram function (which draws and then removes a ""phantom"" bar to trip the color cycle).|```python-traceback|StopIteration Traceback (most recent call last)|2183 except (TypeError, IndexError, KeyError):|1746 raise RuntimeError(""matplotlib does not ""|- Traceback (most recent call last):|- ImportError: dlopen(/Applications/ADFRsuite-1.0/lib/python2.7/site-packages/matplotlib/_png.so, 0x0002): Library not loaded: /usr/local/lib/libpng12.0.dylib|print(f""UNEXPECTED ERROR: {type(e).__name__}: {e}"")|SyntaxError: invalid syntax|Traceback (most recent call last):","src/py_exceptions.h|1719 raise TypeError(f""Got both {canonical_to_seen[canonical]!r} and "" | 1751 except FileExistsError: | 1755 Lock error: Matplotlib failed to acquire the following lock file:|1635 except TypeError: | 1648 except TypeError: | 1650 raise RuntimeError(""matplotlib does not support generators "" | 1657 raise RuntimeError(""matplotlib does not ""|3513 raise ValueError(""'x' and 'y' must have the same size"")|Traceback (most recent call last): | ImportError: cannot import name '_c_internal_utils' from partially initialized module 'matplotlib' (most likely due to a circular import) (/testbed/lib/matplotlib/__init__.py)|Failed to build matplotlib | error: failed-wheel-build-for-install | × Failed to build installable wheels for some pyproject.toml based projects|Traceback (most recent call last): | ModuleNotFoundError: No module named 'matplotlib'|error: Failed to download any of the following: ['http:/www.qhull.org/download/qhull-2020-src-8.0.2.tgz']. Please download one of these urls and extract it into 'build/' at the top-level of the source repository.|ERROR: Exception: | Traceback (most recent call last): | OSError: [Errno 18] Invalid cross-device link: '/opt/conda/envs/testbed/lib/python3.9/site-packages/__editable__.matplotlib-3.8.0.dev824+ge8101f17d.pth' -> '/contextbench_run/.tmp/pip-uninstall-jnv99um4/__editable__.matplotlib-3.8.0.dev824+ge8101f17d.pth' | Du...|ERROR: Could not install packages due to an OSError: [Errno 13] Permission denied: '/opt/conda/envs/testbed/lib/python3.9/site-packages/__editable__.matplotlib-3.8.0.dev824+ge8101f17d.pth",Traceback (most recent call last):,1,1,0,/home/shashwatsuthar/research/openhands-adp-memory/analysis/contextbench_posthoc/20260606_220027/remote/execution_full_qwen36_65k_fix1_minimal/matplotlib__matplotlib-24818/memory
matplotlib__matplotlib-25352,no_memory,,"20 import traceback | 78 def _exception_printer(exc): | 82 traceback.print_exc() | 109 except TypeError: | 153 exception_handler : callable, optional | 154 If not None, *exception_handler* must be a function that takes an | 155 `Exception` as single parameter. It gets called with any `Exception` | 157 either re-rais...",,0,0,0,/home/shashwatsuthar/research/openhands-adp-memory/analysis/contextbench_posthoc/20260606_220027/remote/execution_full_qwen36_65k_fix1_minimal/matplotlib__matplotlib-25352/no_memory
matplotlib__matplotlib-25352,raw,TypeError: cannot pickle 'weakref.ReferenceType' object|Traceback (most recent call last):|AttributeError: 'NoneType' object has no attribute 'loader'|TypeError: cannot pickle 'weakref' object|FAILURE: TypeError: cannot pickle 'weakref' object|ImportError: cannot import name '_c_internal_utils' from partially initialized module 'matplotlib' (most likely due to a circular import) (./swebench_9_15/testbed/lib/matplotlib/__init__.py)|AttributeError: module 'functools' has no attribute 'cache'|✗ Some grouping tests failed!,"src/py_exceptions.h|20 import traceback|import traceback | def _exception_printer(exc): | traceback.print_exc() | except TypeError: | exception_handler : callable, optional | If not None, *exception_handler* must be a function that takes an | `Exception` as single parameter. It gets called with any `Exception` | either re-raise the exception or handle it ...|ImportError while loading conftest '/testbed/lib/matplotlib/tests/conftest.py'. | E ImportError: cannot import name '_c_internal_utils' from partially initialized module 'matplotlib' (most likely due to a circular import) (/testbed/lib/matplotlib/__init__.py)|Traceback (most recent call last): | ImportError: cannot import name '_c_internal_utils' from partially initialized module 'matplotlib' (most likely due to a circular import) (/testbed/lib/matplotlib/__init__.py)|error: Failed to download any of the following: ['http:/www.qhull.org/download/qhull-2020-src-8.0.2.tgz']. Please download one of these urls and extract it into 'build/' at the top-level of the source repository. | ERROR: Failed building editable for matplotlib | Failed to build matplotlib | error: failed-wheel-bui...|error: Failed to download any of the following: ['http:/www.qhull.org/download/qhull-2020-src-8.0.2.tgz']. Please download one of these urls and extract it into 'build/' at the top-level of the source repository.|error: option --no-qhull not recognized|Traceback (most recent call last): | AssertionError",,1,1,1,/home/shashwatsuthar/research/openhands-adp-memory/analysis/contextbench_posthoc/20260606_220027/remote/execution_full_qwen36_65k_fix1_minimal/matplotlib__matplotlib-25352/raw
matplotlib__matplotlib-25352,adp,TypeError: cannot pickle 'weakref.ReferenceType' object|Traceback (most recent call last):|AttributeError: 'NoneType' object has no attribute 'loader'|TypeError: cannot pickle 'weakref' object|FAILURE: TypeError: cannot pickle 'weakref' object|ImportError: cannot import name '_c_internal_utils' from partially initialized module 'matplotlib' (most likely due to a circular import) (./swebench_9_15/testbed/lib/matplotlib/__init__.py)|AttributeError: module 'functools' has no attribute 'cache'|✗ Some grouping tests failed!,"src/py_exceptions.h|20 import traceback|import traceback | def _exception_printer(exc): | traceback.print_exc() | except TypeError: | exception_handler : callable, optional | If not None, *exception_handler* must be a function that takes an | `Exception` as single parameter. It gets called with any `Exception` | either re-raise the exception or handle it ...|# This should not raise TypeError|Traceback (most recent call last): | ImportError: cannot import name '_c_internal_utils' from partially initialized module 'matplotlib' (most likely due to a circular import) (/testbed/lib/matplotlib/__init__.py)|error: Failed to download any of the following: ['http:/www.qhull.org/download/qhull-2020-src-8.0.2.tgz']. Please download one of these urls and extract it into 'build/' at the top-level of the source repository. | ERROR: Failed building editable for matplotlib | Failed to build matplotlib | error: failed-wheel-bui...|Traceback (most recent call last): | AttributeError: module 'matplotlib._api' has no attribute 'MatplotlibDeprecationWarning|error: Failed to download any of the following: ['http:/www.qhull.org/download/qhull-2020-src-8.0.2.tgz']. Please download one of these urls and extract it into 'build/' at the top-level of the source repository.|error: option --no-qt-aggs not recognized|31 PyErr_SetString(PyExc_RuntimeError, dlerror()); | 51 PyErr_SetString(PyExc_RuntimeError, dlerror()); | 70 if (FAILED(hr)) { | 91 if (FAILED(hr)) { | 119 return PyErr_Format(PyExc_RuntimeError, ""Error setting window"");",,1,1,0,/home/shashwatsuthar/research/openhands-adp-memory/analysis/contextbench_posthoc/20260606_220027/remote/execution_full_qwen36_65k_fix1_minimal/matplotlib__matplotlib-25352/adp
matplotlib__matplotlib-25352,memory,TypeError: cannot pickle 'weakref.ReferenceType' object|- Traceback (most recent call last):|- TypeError: cannot pickle 'weakref' object|- ImportError: cannot import name '_c_internal_utils' from partially initialized module 'matplotlib' (most likely due to a circular import) (./swebench_9_15/testbed/lib/matplotlib/__init__.py)|Traceback (most recent call last):|AttributeError: 'NoneType' object has no attribute 'loader'|TypeError: cannot pickle 'weakref' object|FAILURE: TypeError: cannot pickle 'weakref' object|AttributeError: module 'functools' has no attribute 'cache'|✗ Some grouping tests failed!,"src/py_exceptions.h|20 import traceback | 78 def _exception_printer(exc): | 82 traceback.print_exc() | 109 except TypeError: | 153 exception_handler : callable, optional | 154 If not None, *exception_handler* must be a function that takes an | 155 `Exception` as single parameter. It gets called with any `Exception` | 157 either re-rais...",,1,1,0,/home/shashwatsuthar/research/openhands-adp-memory/analysis/contextbench_posthoc/20260606_220027/remote/execution_full_qwen36_65k_fix1_minimal/matplotlib__matplotlib-25352/memory
matplotlib__matplotlib-26331,no_memory,,48 except AttributeError: | 133 raise ValueError(,,0,0,0,/home/shashwatsuthar/research/openhands-adp-memory/analysis/contextbench_posthoc/20260606_220027/remote/execution_full_qwen36_65k_fix1_minimal/matplotlib__matplotlib-26331/no_memory
matplotlib__matplotlib-26331,raw,"Creating `AxesGrid` using cartopy `GeoAxes` as `axis_class` raises `TypeError: 'method' object is not subscriptable`. Seems to be due to different behaviour of `axis` attr. for `mpl_toolkits.axes_grid1.mpl_axes.Axes` ...|Traceback (most recent call last):|TypeError: 'method' object is not subscriptable|36→ raise ValueError(""Unsupported slice"")|SyntaxError: Non-ASCII character '/xe2' in file test_issue.py on line 21, but no encoding declared|see http:/www.python.org/peps/pep-0263.html for details|print(f""✗ Test 1 failed with TypeError: {e}"")|SyntaxError: invalid syntax|FAILED: Test 1 failed with unexpected error: dlopen(/Applications/ADFRsuite-1.0/lib/python2.7/site-packages/matplotlib/_png.so, 0x0002): Library not loaded: /usr/local/lib/libpng12.0.dylib|FAILED: Test 2 failed: dlopen(/Applications/ADFRsuite-1.0/lib/python2.7/site-packages/matplotlib/_png.so, 0x0002): Library not loaded: /usr/local/lib/libpng12.0.dylib","48 except AttributeError: | 133 raise ValueError(|36 raise ValueError(""Unsupported slice"") | 70 raise ValueError(|284 ((1, 1), None, TypeError, ""Incorrect rect format""), | 285 (111, -1, ValueError, ""ngrids must be positive""), | 286 (111, 7, ValueError, ""ngrids must be positive""), | 295 (None, TypeError, ""anchor must be str""), | 296 (""CC"", ValueError, ""'CC' is not a valid value for anchor""), | 297 ((1, 1, 1), TypeError, ""anchor ...|except TypeError as e: | print(f'Test 1 FAILED: {e}') | except TypeError as e: | print(f'Test 2 FAILED: {e}') | Traceback (most recent call last): | ImportError: cannot import name '_c_internal_utils' from partially initialized module 'matplotlib' (most likely due to a circular import) (/testbed/lib/matplotlib/__ini...|ERROR: Failed building editable for matplotlib | error: failed-wheel-build-for-install | × Failed to build installable wheels for some pyproject.toml based projects|error: Failed to download any of the following: ['http:/www.qhull.org/download/qhull-2020-src-8.0.2.tgz']. Please download one of these urls and extract it into 'build/' at the top-level of the source repository.|Traceback (most recent call last): | ImportError: cannot import name '_c_internal_utils' from partially initialized module 'matplotlib' (most likely due to a circular import) (/testbed/lib/matplotlib/__init__.py)|ERROR: Could not find a version that satisfies the requirement qhull2012 (from versions: none) | ERROR: No matching distribution found for qhull2012|except TypeError as e: | print(f' FAILED: {e}') | except TypeError as e: | print(f' FAILED: {e}')|except TypeError as e: | print(f' FAILED: {e}') | except TypeError as e: | print(f' FAILED: {e}') | except TypeError as e: | print(f' FAILED: {e}') | FAILED: 'method' object is not subscriptable",,1,1,1,/home/shashwatsuthar/research/openhands-adp-memory/analysis/contextbench_posthoc/20260606_220027/remote/execution_full_qwen36_65k_fix1_minimal/matplotlib__matplotlib-26331/raw
matplotlib__matplotlib-26331,adp,"Creating `AxesGrid` using cartopy `GeoAxes` as `axis_class` raises `TypeError: 'method' object is not subscriptable`. Seems to be due to different behaviour of `axis` attr. for `mpl_toolkits.axes_grid1.mpl_axes.Axes` ...|Traceback (most recent call last):|36→ raise ValueError(""Unsupported slice"")|SyntaxError: Non-ASCII character '/xe2' in file test_issue.py on line 21, but no encoding declared|see http:/www.python.org/peps/pep-0263.html for details|print(f""✗ Test 1 failed with TypeError: {e}"")|SyntaxError: invalid syntax|FAILED: Test 1 failed with unexpected error: dlopen(/Applications/ADFRsuite-1.0/lib/python2.7/site-packages/matplotlib/_png.so, 0x0002): Library not loaded: /usr/local/lib/libpng12.0.dylib|FAILED: Test 2 failed: dlopen(/Applications/ADFRsuite-1.0/lib/python2.7/site-packages/matplotlib/_png.so, 0x0002): Library not loaded: /usr/local/lib/libpng12.0.dylib|FAILED: Test 3 failed: dlopen(/Applications/ADFRsuite-1.0/lib/python2.7/site-packages/matplotlib/_png.so, 0x0002): Library not loaded: /usr/local/lib/libpng12.0.dylib","src/py_exceptions.h|48 except AttributeError: | 133 raise ValueError(|36 raise ValueError(""Unsupported slice"") | 70 raise ValueError(|284 ((1, 1), None, TypeError, ""Incorrect rect format""), | 285 (111, -1, ValueError, ""ngrids must be positive""), | 286 (111, 7, ValueError, ""ngrids must be positive""), | 295 (None, TypeError, ""anchor must be str""), | 296 (""CC"", ValueError, ""'CC' is not a valid value for anchor""), | 297 ((1, 1, 1), TypeError, ""anchor ...|except Exception as e: | print(f""FAILED: {type(e).__name__}: {e}"") | except Exception as e: | print(f""FAILED: {type(e).__name__}: {e}"") | except Exception as e: | print(f""FAILED: {type(e).__name__}: {e}"")",,1,1,0,/home/shashwatsuthar/research/openhands-adp-memory/analysis/contextbench_posthoc/20260606_220027/remote/execution_full_qwen36_65k_fix1_minimal/matplotlib__matplotlib-26331/adp
matplotlib__matplotlib-26331,memory,"Creating `AxesGrid` using cartopy `GeoAxes` as `axis_class` raises `TypeError: 'method' object is not subscriptable`. Seems to be due to different behaviour of `axis` attr. for `mpl_toolkits.axes_grid1.mpl_axes.Axes` ...|Traceback (most recent call last):|TypeError: 'method' object is not subscriptable|- FAILED: Test 1 failed with unexpected error: dlopen(/Applications/ADFRsuite-1.0/lib/python2.7/site-packages/matplotlib/_png.so, 0x0002): Library not loaded: /usr/local/lib/libpng12.0.dylib|- FAILED: Test 2 failed: dlopen(/Applications/ADFRsuite-1.0/lib/python2.7/site-packages/matplotlib/_png.so, 0x0002): Library not loaded: /usr/local/lib/libpng12.0.dylib|- FAILED: Test 3 failed: dlopen(/Applications/ADFRsuite-1.0/lib/python2.7/site-packages/matplotlib/_png.so, 0x0002): Library not loaded: /usr/local/lib/libpng12.0.dylib|- Traceback (most recent call last):|- FAILED: Test 1 failed with TypeError: 'method' object is not subscriptable|- FAILED: Test 1 failed with unexpected error: cannot import name '_c_internal_utils' from partially initialized module 'matplotlib' (most likely due to a circular import) (./swebench_9_15/testbed/lib/matplotlib/__ini...|- FAILED: Test 2 failed: cannot import name '_c_internal_utils' from partially initialized module 'matplotlib' (most likely due to a circular import) (./swebench_9_15/testbed/lib/matplotlib/__init__.py)",48 except AttributeError: | 133 raise ValueError(,,1,1,0,/home/shashwatsuthar/research/openhands-adp-memory/analysis/contextbench_posthoc/20260606_220027/remote/execution_full_qwen36_65k_fix1_minimal/matplotlib__matplotlib-26331/memory
matplotlib__matplotlib-27361,no_memory,,"src/py_exceptions.h|73 raise ValueError(""'x', 'y', 'z', None or vector of length 3 expected"") | 252 raise RuntimeError(f'{name} must be a sequence') | 322 except (AttributeError, TypeError, IndexError): | 327 except (AttributeError, TypeError, IndexError):|except AttributeError as e: | print(f""FAILURE: AttributeError occurred: {e}"") | import traceback | traceback.print_exc()|FAILURE: AttributeError occurred: 'PathPatch3D' object has no attribute '_path2d' | Traceback (most recent call last): | AttributeError: 'PathPatch3D' object has no attribute '_path2d'|raise ValueError(""'x', 'y', 'z', None or vector of length 3 expected"") | raise RuntimeError(f'{name} must be a sequence') | raise ValueError('Number of z-coordinates does not match paths.') | raise ValueError( | raise ValueError('verts must be a list of (N, 3) array-like') | raise ValueError('verts must be a list of...|ConnectionResetError: [Errno 104] Connection reset by peer | ERROR: Unhandled python OSError. This is probably not a Meson bug, but an issue with your build environment. | error: metadata-generation-failed|Traceback (most recent call last): | PermissionError: [Errno 13] Permission denied: '/opt/conda/envs/testbed/lib/python3.9/site-packages/mpl_toolkits/mplot3d/art3d.py|Traceback (most recent call last): | ImportError: cannot import name '_c_internal_utils' from partially initialized module 'matplotlib' (most likely due to a circular import) (/testbed/lib/matplotlib/__init__.py)|error: subprocess-exited-with-error | WARNING: failed to download with error: [Errno 104] Connection reset by peer. Trying after a delay... | WARNING: failed to download with error: [Errno 104] Connection reset by peer. Trying after a delay... | WARNING: failed to download with error: [Errno 104] Connection reset by...|Verify the fix for PathPatch3D.get_path() AttributeError."""""" | print(""SUCCESS: No AttributeError occurred!"") | except AttributeError as e: | print(f""FAILURE: AttributeError occurred: {e}"") | import traceback | traceback.print_exc() | except AttributeError as e: | print(f""CONFIRMED BUG: AttributeError occurred: {e}"")",Traceback (most recent call last):|AttributeError: 'PathPatch3D' object has no attribute '_path2d',0,1,0,/home/shashwatsuthar/research/openhands-adp-memory/analysis/contextbench_posthoc/20260606_220027/remote/execution_full_qwen36_65k_fix1_minimal/matplotlib__matplotlib-27361/no_memory
matplotlib__matplotlib-27361,raw,"It fails on the last line with the following traceback:|AttributeError Traceback (most recent call last)|AttributeError: 'Poly3DCollection' object has no attribute '_facecolors2d'|No matches found|print(f""AttributeError: {e}"")|SyntaxError: invalid syntax|878→ raise ValueError('Collections can only map rank 1 arrays')|705→ raise ValueError('verts must be a list of (N, 3) array-like')|708→ raise ValueError('verts must be a list of (N, 3) array-like')",src/py_exceptions.h,Traceback (most recent call last):|AttributeError: 'PathPatch3D' object has no attribute '_path2d',0,0,0,/home/shashwatsuthar/research/openhands-adp-memory/analysis/contextbench_posthoc/20260606_220027/remote/execution_full_qwen36_65k_fix1_minimal/matplotlib__matplotlib-27361/raw
matplotlib__matplotlib-27361,adp,"It fails on the last line with the following traceback:|AttributeError Traceback (most recent call last)|AttributeError: 'Poly3DCollection' object has no attribute '_facecolors2d'|No matches found|print(f""AttributeError: {e}"")|SyntaxError: invalid syntax|878→ raise ValueError('Collections can only map rank 1 arrays')|705→ raise ValueError('verts must be a list of (N, 3) array-like')|708→ raise ValueError('verts must be a list of (N, 3) array-like')","src/py_exceptions.h|73 raise ValueError(""'x', 'y', 'z', None or vector of length 3 expected"") | 252 raise RuntimeError(f'{name} must be a sequence') | 322 except (AttributeError, TypeError, IndexError): | 327 except (AttributeError, TypeError, IndexError):|raise ValueError(""'x', 'y', 'z', None or vector of length 3 expected"") | raise RuntimeError(f'{name} must be a sequence') | raise ValueError('Number of z-coordinates does not match paths.') | raise ValueError( | raise ValueError('verts must be a list of (N, 3) array-like') | raise ValueError('verts must be a list of...|# This should not raise AttributeError anymore | print(""SUCCESS: No AttributeError raised!"") | print(""SUCCESS: No AttributeError raised with dpi=300!"") | print(""SUCCESS: No AttributeError raised with constrained layout!"") | print(""SUCCESS: No AttributeError raised with compressed layout!"")|Traceback (most recent call last): | AttributeError: 'PathPatch3D' object has no attribute '_path2d'|ConnectionResetError: [Errno 104] Connection reset by peer | ERROR: Unhandled python OSError. This is probably not a Meson bug, but an issue with your build environment. | error: metadata-generation-failed|Traceback (most recent call last): | ImportError: cannot import name '_c_internal_utils' from partially initialized module 'matplotlib' (most likely due to a circular import) (/testbed/lib/matplotlib/__init__.py)|Traceback (most recent call last): | PermissionError: [Errno 13] Permission denied: '/opt/conda/envs/testbed/lib/python3.9/site-packages/mpl_toolkits/mplot3d/art3d.py|chmod failed|with pytest.raises(RuntimeError, match='x must be'): | with pytest.raises(RuntimeError, match='y must be'): | with pytest.raises(RuntimeError, match='z must be'): | with pytest.raises(RuntimeError, match='x must be'): | with pytest.raises(RuntimeError, match='y must be'): | with pytest.raises(RuntimeError, match='z ...",Traceback (most recent call last):|AttributeError: 'PathPatch3D' object has no attribute '_path2d',1,1,1,/home/shashwatsuthar/research/openhands-adp-memory/analysis/contextbench_posthoc/20260606_220027/remote/execution_full_qwen36_65k_fix1_minimal/matplotlib__matplotlib-27361/adp
matplotlib__matplotlib-27361,memory,"It fails on the last line with the following traceback:|AttributeError Traceback (most recent call last)|AttributeError: 'Poly3DCollection' object has no attribute '_facecolors2d'|No matches found|print(f""AttributeError: {e}"")|SyntaxError: invalid syntax","Traceback (most recent call last): | AttributeError: 'PathPatch3D' object has no attribute '_path2d'|raise ValueError(""'x', 'y', 'z', None or vector of length 3 expected"") | raise RuntimeError(f'{name} must be a sequence') | raise ValueError('Number of z-coordinates does not match paths.') | raise ValueError( | raise ValueError('verts must be a list of (N, 3) array-like') | raise ValueError('verts must be a list of...|except AttributeError as e: | print(f""get_path() failed: {e}"")|get_path() failed: 'PathPatch3D' object has no attribute '_path2d'|ConnectionResetError: [Errno 104] Connection reset by peer | ERROR: Unhandled python OSError. This is probably not a Meson bug, but an issue with your build environment. | error: metadata-generation-failed|Traceback (most recent call last): | PermissionError: [Errno 13] Permission denied: '/opt/conda/envs/testbed/lib/python3.9/site-packages/mpl_toolkits/mplot3d/art3d.py|Copy failed, trying alternative|Traceback (most recent call last): | ImportError: cannot import name '_c_internal_utils' from partially initialized module 'matplotlib' (most likely due to a circular import) (/testbed/lib/matplotlib/__init__.py)|with pytest.raises(ValueError|2338 # AttributeError: 'PathPatch3D' object has no attribute '_path2d' | with pytest.raises(RuntimeError, match='x must be'): | with pytest.raises(RuntimeError, match='y must be'): | with pytest.raises(RuntimeError, match='z must be'): | with pytest.raises(RuntimeError, match='x must be'): | with pytest.raises(Runti...",Traceback (most recent call last):|AttributeError: 'PathPatch3D' object has no attribute '_path2d',1,1,1,/home/shashwatsuthar/research/openhands-adp-memory/analysis/contextbench_posthoc/20260606_220027/remote/execution_full_qwen36_65k_fix1_minimal/matplotlib__matplotlib-27361/memory
mwaskom__seaborn-3091,no_memory,,"210 raise TypeError(err) | 240 raise TypeError(err) | 295 except KeyError:|41 raise ValueError(""GroupBy requires at least one grouping variable"") | 88 raise ValueError(""No grouping variables are present in dataframe"")|881 except TypeError:|1242 raise RuntimeError(err)|Traceback (most recent call last): | AttributeError: 'Plot' object has no attribute 'compile'|Traceback (most recent call last): | TypeError: 'Subplots' object is not subscriptable|428 raise TypeError(msg) | 450 if error: | 456 raise TypeError(msg)",,0,0,0,/home/shashwatsuthar/research/openhands-adp-memory/analysis/contextbench_posthoc/20260606_220027/remote/execution_full_qwen36_65k_fix1_minimal/mwaskom__seaborn-3091/no_memory
mwaskom__seaborn-3091,raw,"<details><summary>Traceback</summary>|```python-traceback|LinAlgError Traceback (most recent call last)|LinAlgError: SVD did not converge in Linear Least Squares|print(f""ERROR: {type(e).__name__}: {e}"")|SyntaxError: invalid syntax|Traceback (most recent call last):|ImportError: No module named seaborn.objects|raise ValueError(f""style must be one of {', '.join(styles)}"")|ERROR: LinAlgError: SVD did not converge in Linear Least Squares","except Exception as e: | print(f'ERROR: {type(e).__name__}: {e}') | ERROR: ValueError: On entry to DLASCL parameter number 4 had an illegal value|except Exception as e: | Error with NaN: ValueError: On entry to DLASCL parameter number 4 had an illegal value|except Exception as e: | print(f'ERROR: {type(e).__name__}: {e}')|tests/_stats/test_regression.py::TestPolyFit::test_with_missing_data FAILED [100%] | > raise ValueError(""GroupBy requires at least one grouping variable"") | E ValueError: GroupBy requires at least one grouping variable | seaborn/_core/groupby.py:41: ValueError | FAILED tests/_stats/test_regression.py::TestPolyFit::t...",,1,1,1,/home/shashwatsuthar/research/openhands-adp-memory/analysis/contextbench_posthoc/20260606_220027/remote/execution_full_qwen36_65k_fix1_minimal/mwaskom__seaborn-3091/raw
mwaskom__seaborn-3091,adp,"<details><summary>Traceback</summary>|```python-traceback|LinAlgError Traceback (most recent call last)|print(f""ERROR: {type(e).__name__}: {e}"")|SyntaxError: invalid syntax|Traceback (most recent call last):|ImportError: No module named seaborn.objects|raise ValueError(f""style must be one of {', '.join(styles)}"")|ERROR: LinAlgError: SVD did not converge in Linear Least Squares|AttributeError: 'NoneType' object has no attribute 'loader'","Traceback (most recent call last): | AttributeError: 'Plotter' object has no attribute 'layers'|Traceback (most recent call last): | AttributeError: 'Plot' object has no attribute '_layer_specs'|428 raise TypeError(msg) | 450 if error: | 456 raise TypeError(msg)|881 except TypeError:|Traceback (most recent call last): | AttributeError: 'Series' object has no attribute 'assign'|Traceback (most recent call last): | AttributeError: 'PlotData' object has no attribute 'shape'|tests/_stats/test_regression.py::TestPolyFit::test_with_none_values FAILED [ 60%] | tests/_stats/test_regression.py::TestPolyFit::test_with_nan_values FAILED [ 80%] | tests/_stats/test_regression.py::TestPolyFit::test_with_both_none_and_nan FAILED [100%] | > raise ValueError(""GroupBy requires at least one grouping v...",,1,1,1,/home/shashwatsuthar/research/openhands-adp-memory/analysis/contextbench_posthoc/20260606_220027/remote/execution_full_qwen36_65k_fix1_minimal/mwaskom__seaborn-3091/adp
mwaskom__seaborn-3091,memory,"<details><summary>Traceback</summary>|```python-traceback|LinAlgError Traceback (most recent call last)|LinAlgError: SVD did not converge in Linear Least Squares|- Traceback (most recent call last):|- ImportError: No module named seaborn.objects|- ERROR: LinAlgError: SVD did not converge in Linear Least Squares|print(f""ERROR: {type(e).__name__}: {e}"")|SyntaxError: invalid syntax|Traceback (most recent call last):","210 raise TypeError(err) | 240 raise TypeError(err) | 295 except KeyError:|428 raise TypeError(msg) | 450 if error: | 456 raise TypeError(msg)|SyntaxError: f-string: unterminated string|881 except TypeError:|except Exception as e: | except Exception as e: | print(f""/nError: {type(e).__name__}: {e}"") | import traceback | traceback.print_exc() | Error: ValueError: zero-size array to reduction operation minimum which has no identity | Traceback (most recent call last): | ValueError: zero-size array to reduction operation m...|except Exception as e: | print(f""/nError: {type(e).__name__}: {e}"") | import traceback | traceback.print_exc() | except Exception as e: | print(f""Error: {type(e).__name__}: {e}"")|ERROR: usage: __main__.py [options] [file_or_dir] [file_or_dir] [...] | __main__.py: error: unrecognized arguments: --timeout=60",,1,1,1,/home/shashwatsuthar/research/openhands-adp-memory/analysis/contextbench_posthoc/20260606_220027/remote/execution_full_qwen36_65k_fix1_minimal/mwaskom__seaborn-3091/memory
mwaskom__seaborn-3203,no_memory,,"212 raise TypeError(err) | 242 raise TypeError(err) | 277 except KeyError:|1247 raise RuntimeError(err)|seaborn/_core/subplots.py:76: raise RuntimeError(err) # TODO what err class? Define PlotSpecError?|425 raise ValueError(f""Unknown value provided for trans: {arg!r}"") | 479 raise TypeError( | 486 raise RuntimeError(""`count` requires `between` with log transform."") | 488 raise RuntimeError(""`every` not supported with log transform."")|68: with pytest.raises(ValueError, match=""Unknown value provided""): | 140: with pytest.raises(TypeError, match=err): | 208: with pytest.raises(RuntimeError, match=""`count` requires""): | 227: with pytest.raises(RuntimeError, match=""`every` not supported""): | 309: with pytest.raises(TypeError, match=""Label formatter m...|141: with pytest.raises(TypeError, match=err): | 148: with pytest.raises(TypeError, match=err): | 178: with pytest.raises(TypeError, match=err): | 184: with pytest.raises(TypeError, match=err): | 311: with pytest.raises(TypeError, match=""mark must be a Mark instance""): | 322: with pytest.raises(TypeError, match=err)...|13 class PlotSpecError(Exception): | 15 Exception raised for errors in the plot specification. | 17 This exception is used to provide additional context when errors occur | 22 def _during(cls, operation: str, variable: str) -> PlotSpecError: | 25 f""`{operation}` failed for the `{variable}` variable. "" | 26 ""See the ...|36 f""`{operation}` failed for the `{variable}` variable. "" | 37 ""See the traceback above for more information."" | class PlotSpecError(Exception): | Exception raised for errors in the plot specification. | This exception is used to provide additional context when errors occur | def _during(cls, operation: str, variab...|raise TypeError(err) | raise TypeError(err) | raise TypeError(""`data` given by both name and position."") | raise TypeError(f""`{name}` given by both name and position."") | raise TypeError(""Sorry, this isn't ggplot! Perhaps try Plot.add?"") | raise TypeError(f""Unsupported operand type(s) for +: 'Plot' and '{other_type}...|1247 raise RuntimeError(err) | 1254 except Exception as err: | raise TypeError(err) | raise TypeError(err) | raise TypeError(""`data` given by both name and position."") | raise TypeError(f""`{name}` given by both name and position."") | raise TypeError(""Sorry, this isn't ggplot! Perhaps try Plot.add?"") | raise TypeErro...","In general I'd like to try and be as helpful as possible with what we actually raise to avoid this becoming a pain point for the new interface. This PR represents the first step, defining a `PlotSpecError` exception c...|e.g., the traceback for the operation in #3106 (which is being obviated anyway by #3190, but is a useful demonstration)|```python-traceback|TypeError Traceback (most recent call last)|1255 except Exception as err:|TypeError: numpy boolean subtract, the `-` operator, is not supported, use the bitwise_xor, the `^` operator, or the logical_xor function instead.|The above exception was the direct cause of the following exception:|PlotSpecError Traceback (most recent call last)|PlotSpecError: Scale setup failed for the `color` variable. See the traceback above for more information.",0,1,0,/home/shashwatsuthar/research/openhands-adp-memory/analysis/contextbench_posthoc/20260606_220027/remote/execution_full_qwen36_65k_fix1_minimal/mwaskom__seaborn-3203/no_memory
mwaskom__seaborn-3203,raw,"```python-traceback|TypeError Traceback (most recent call last)|TypeError: numpy boolean subtract, the `-` operator, is not supported, use the bitwise_xor, the `^` operator, or the logical_xor function instead.|print(f""ERROR: {e}"")|SyntaxError: invalid syntax|Traceback (most recent call last):|ImportError: No module named seaborn.objects|AttributeError: 'NoneType' object has no attribute 'loader'|The above exception was the direct cause of the following exception:|seaborn._core.exceptions.PlotSpecError: Scale setup failed for the `color` variable. See the traceback above for more information.","seaborn/_core/subplots.py: raise RuntimeError(err) # TODO what err class? Define PlotSpecError?|212 raise TypeError(err) | 242 raise TypeError(err) | 277 except KeyError:|1247 raise RuntimeError(err)|seaborn/_core/subplots.py:76: raise RuntimeError(err) # TODO what err class? Define PlotSpecError?|File created successfully at: /testbed/seaborn/_core/exceptions.py | """"""Custom exceptions for the seaborn.objects interface."""""" | class PlotSpecError(Exception): | Exception raised for errors in the plot specification. | This exception is used to provide additional context when errors occur | The exception is typica...|30 from seaborn._core.exceptions import PlotSpecError | from seaborn._core.exceptions import PlotSpecError | raise TypeError(err) | raise TypeError(err) | raise TypeError(""`data` given by both name and position."") | raise TypeError(f""`{name}` given by both name and position."") | raise TypeError(""Sorry, this isn't gg...|1248 raise RuntimeError(err)|1248 raise RuntimeError(err) | 1255 except Exception as err: | from seaborn._core.exceptions import PlotSpecError | raise TypeError(err) | raise TypeError(err) | raise TypeError(""`data` given by both name and position."") | raise TypeError(f""`{name}` given by both name and position."") | raise TypeError(""Sorry, this i...|126 except Exception as err: | except Exception as err: | raise ValueError(f""Unknown value provided for trans: {arg!r}"") | raise TypeError( | raise RuntimeError(""`count` requires `between` with log transform."") | raise RuntimeError(""`every` not supported with log transform."") | raise TypeError( | raise TypeError(msg...|39 from seaborn._core.exceptions import PlotSpecError | from seaborn._core.exceptions import PlotSpecError | except Exception as err: | raise ValueError(f""Unknown value provided for trans: {arg!r}"") | raise TypeError( | raise RuntimeError(""`count` requires `between` with log transform."") | raise RuntimeError(""`every...","In general I'd like to try and be as helpful as possible with what we actually raise to avoid this becoming a pain point for the new interface. This PR represents the first step, defining a `PlotSpecError` exception c...|e.g., the traceback for the operation in #3106 (which is being obviated anyway by #3190, but is a useful demonstration)|```python-traceback|TypeError Traceback (most recent call last)|1255 except Exception as err:|TypeError: numpy boolean subtract, the `-` operator, is not supported, use the bitwise_xor, the `^` operator, or the logical_xor function instead.|The above exception was the direct cause of the following exception:|PlotSpecError Traceback (most recent call last)|PlotSpecError: Scale setup failed for the `color` variable. See the traceback above for more information.",1,1,0,/home/shashwatsuthar/research/openhands-adp-memory/analysis/contextbench_posthoc/20260606_220027/remote/execution_full_qwen36_65k_fix1_minimal/mwaskom__seaborn-3203/raw
mwaskom__seaborn-3203,adp,"```python-traceback|TypeError Traceback (most recent call last)|TypeError: numpy boolean subtract, the `-` operator, is not supported, use the bitwise_xor, the `^` operator, or the logical_xor function instead.|print(f""ERROR: {e}"")|SyntaxError: invalid syntax|Traceback (most recent call last):|ImportError: No module named seaborn.objects|AttributeError: 'NoneType' object has no attribute 'loader'|The above exception was the direct cause of the following exception:|seaborn._core.exceptions.PlotSpecError: Scale setup failed for the `color` variable. See the traceback above for more information.","212 raise TypeError(err) | 242 raise TypeError(err) | 277 except KeyError:|seaborn/_core/subplots.py:76: raise RuntimeError(err) # TODO what err class? Define PlotSpecError?|1247 raise RuntimeError(err)|76 raise RuntimeError(err) # TODO what err class? Define PlotSpecError?|seaborn/external/docscrape.py:125:class ParseError(Exception): | /testbed/seaborn/external/version.py:128:class InvalidVersion(ValueError): | /testbed/seaborn/_core/subplots.py:76: raise RuntimeError(err) # TODO what err class? Define PlotSpecError?|File created successfully at: /testbed/seaborn/_core/exceptions.py | """"""Custom exceptions for the seaborn.objects interface."""""" | class PlotSpecError(Exception): | Exception class for errors related to plot specification. | This exception is raised to provide additional context when errors occur | The exception can ...|40 from seaborn._core.exceptions import PlotSpecError | from seaborn._core.exceptions import PlotSpecError | raise TypeError(err) | raise TypeError(err) | raise TypeError(""`data` given by both name and position."") | raise TypeError(f""`{name}` given by both name and position."") | raise TypeError(""Sorry, this isn't gg...|1248 raise RuntimeError(err)|1248 raise RuntimeError(err) | 1255 except Exception as err: | from seaborn._core.exceptions import PlotSpecError | raise TypeError(err) | raise TypeError(err) | raise TypeError(""`data` given by both name and position."") | raise TypeError(f""`{name}` given by both name and position."") | raise TypeError(""Sorry, this i...|39 from seaborn._core.exceptions import PlotSpecError | from seaborn._core.exceptions import PlotSpecError | raise ValueError(f""Unknown value provided for trans: {arg!r}"") | raise TypeError( | raise RuntimeError(""`count` requires `between` with log transform."") | raise RuntimeError(""`every` not supported with log tr...","In general I'd like to try and be as helpful as possible with what we actually raise to avoid this becoming a pain point for the new interface. This PR represents the first step, defining a `PlotSpecError` exception c...|e.g., the traceback for the operation in #3106 (which is being obviated anyway by #3190, but is a useful demonstration)|```python-traceback|TypeError Traceback (most recent call last)|1255 except Exception as err:|TypeError: numpy boolean subtract, the `-` operator, is not supported, use the bitwise_xor, the `^` operator, or the logical_xor function instead.|The above exception was the direct cause of the following exception:|PlotSpecError Traceback (most recent call last)|PlotSpecError: Scale setup failed for the `color` variable. See the traceback above for more information.",1,1,0,/home/shashwatsuthar/research/openhands-adp-memory/analysis/contextbench_posthoc/20260606_220027/remote/execution_full_qwen36_65k_fix1_minimal/mwaskom__seaborn-3203/adp
mwaskom__seaborn-3203,memory,"```python-traceback|TypeError Traceback (most recent call last)|TypeError: numpy boolean subtract, the `-` operator, is not supported, use the bitwise_xor, the `^` operator, or the logical_xor function instead.|- Traceback (most recent call last):|- ImportError: No module named seaborn.objects|- TypeError: numpy boolean subtract, the `-` operator, is not supported, use the bitwise_xor, the `^` operator, or the logical_xor function instead.|print(f""ERROR: {e}"")|SyntaxError: invalid syntax|Traceback (most recent call last):|ImportError: No module named seaborn.objects","212 raise TypeError(err) | 242 raise TypeError(err) | 277 except KeyError:|1247 raise RuntimeError(err)|seaborn/_core/subplots.py:76: raise RuntimeError(err) # TODO what err class? Define PlotSpecError?|141: with pytest.raises(TypeError, match=err): | 148: with pytest.raises(TypeError, match=err): | 178: with pytest.raises(TypeError, match=err): | 184: with pytest.raises(TypeError, match=err): | 311: with pytest.raises(TypeError, match=""mark must be a Mark instance""): | 322: with pytest.raises(TypeError, match=err)...|41 class PlotSpecError(Exception): | 43 Exception raised for errors in the plot specification. | 45 This exception is used to provide additional context when errors occur | 50 """"""Create an error for an operation that failed during a specific step."""""" | 52 f""{operation} failed for the `{var}` variable. "" | 53 ""See th...|153 except Exception as err: | class PlotSpecError(Exception): | Exception raised for errors in the plot specification. | This exception is used to provide additional context when errors occur | """"""Create an error for an operation that failed during a specific step."""""" | f""{operation} failed for the `{var}` variable...|raise TypeError(err) | raise TypeError(err) | raise TypeError(""`data` given by both name and position."") | raise TypeError(f""`{name}` given by both name and position."") | raise TypeError(""Sorry, this isn't ggplot! Perhaps try Plot.add?"") | raise TypeError(f""Unsupported operand type(s) for +: 'Plot' and '{other_type}...|1247 raise RuntimeError(err) | 1254 except Exception as err: | raise TypeError(err) | raise TypeError(err) | raise TypeError(""`data` given by both name and position."") | raise TypeError(f""`{name}` given by both name and position."") | raise TypeError(""Sorry, this isn't ggplot! Perhaps try Plot.add?"") | raise TypeErro...|print("" FAILED: Expected PlotSpecError but no error was raised"") | print(f"" SUCCESS: Got PlotSpecError: {e}"") | print(f"" FAILED: Error message does not contain 'color': {e}"") | except Exception as e: | print(f"" FAILED: Got unexpected error type {type(e).__name__}: {e}"") | print("" FAILED: Expected PlotSpecError but n...|Traceback (most recent call last): | TypeError: numpy boolean subtract, the `-` operator, is not supported, use the bitwise_xor, the `^` operator, or the logical_xor function instead. | The above exception was the direct cause of the following exception: | Traceback (most recent call last): | seaborn._core.scales.Pl...","In general I'd like to try and be as helpful as possible with what we actually raise to avoid this becoming a pain point for the new interface. This PR represents the first step, defining a `PlotSpecError` exception c...|e.g., the traceback for the operation in #3106 (which is being obviated anyway by #3190, but is a useful demonstration)|```python-traceback|TypeError Traceback (most recent call last)|1255 except Exception as err:|TypeError: numpy boolean subtract, the `-` operator, is not supported, use the bitwise_xor, the `^` operator, or the logical_xor function instead.|The above exception was the direct cause of the following exception:|PlotSpecError Traceback (most recent call last)|PlotSpecError: Scale setup failed for the `color` variable. See the traceback above for more information.",1,1,0,/home/shashwatsuthar/research/openhands-adp-memory/analysis/contextbench_posthoc/20260606_220027/remote/execution_full_qwen36_65k_fix1_minimal/mwaskom__seaborn-3203/memory
pallets__flask-4039,no_memory,,"@ui.errorhandler(Exception) | raise Exception(""this is an unhandled exception from the ui"") | @api.errorhandler(Exception) | raise Exception(""this is an unhandled exception from the api"")|[2026-05-30 08:45:53,711] ERROR in app: Exception on /ui/ [GET] | Traceback (most recent call last): | rv = self.handle_user_exception(e) | raise Exception(""this is an unhandled exception from the ui"") | Exception: this is an unhandled exception from the ui | [2026-05-30 08:45:53,713] ERROR in app: Exception on /api...|382 def app_errorhandler(self, code: t.Union[t.Type[Exception], int]) -> t.Callable|644 self, code_or_exception: t.Union[t.Type[Exception], int] | 646 """"""Register a function to handle errors by code or exception class. | 655 You can also register handlers for arbitrary exceptions:: | 658 def special_exception_handler(error): | 659 return 'Database connection failed', 500 | 667 One can now additiona...|701 exc_class, code = self._get_exc_class_and_code(code_or_exception) | 702 except KeyError: | 703 raise KeyError( | 704 f""'{code_or_exception}' is not a recognized HTTP error"" | 705 "" code. Use a subclass of HTTPException with that code"" | 713 exc_class_or_code: t.Union[t.Type[Exception], int] | 714 ) -> t.Tuple[t....|1347: def handle_user_exception( | 1502: rv = self.handle_user_exception(e)|1277 def handle_http_exception( | 1278 self, e: HTTPException | 1279 ) -> t.Union[HTTPException, ResponseReturnValue]: | 1280 """"""Handles an HTTP exception. By default this will invoke the | 1282 exception as response. | 1285 ``RoutingException``, used internally for actions such as | 1290 Exceptions are looked up by...|1255 def _find_error_handler(self, e: Exception) -> t.Optional[ErrorHandlerCallable]: | 1256 """"""Return a registered error handler for an exception in this order: | 1258 blueprint handler for an exception class, app handler for an exception | 1277 def handle_http_exception( | 1278 self, e: HTTPException | 1279 ) -> t...|57: @blue.errorhandler(MyDecoratorException) | 66: blue.register_error_handler(MyFunctionException, my_function_exception_handler)|@ui.errorhandler(Exception) | raise Exception(""ui error"") | @api.errorhandler(Exception) | raise Exception(""api error"")","@ui.errorhandler(Exception)|raise Exception(""this is an unhandled exception from the ui"")|@api.errorhandler(Exception)|raise Exception(""this is an unhandled exception from the api"")|[2021-05-13 13:14:48,849] ERROR in app: Exception on /api/ [GET]|Traceback (most recent call last):|rv = self.handle_user_exception(e)|Exception: this is an unhandled exception from the api",0,1,0,/home/shashwatsuthar/research/openhands-adp-memory/analysis/contextbench_posthoc/20260606_220027/remote/execution_full_qwen36_65k_fix1_minimal/pallets__flask-4039/no_memory
pallets__flask-4039,raw,"print(f""PASS: Got expected ValueError: {e}"")|SyntaxError: invalid syntax|Traceback (most recent call last):|ImportError: No module named markupsafe|ImportError: No module named flask|# Test 1: Blueprint with dot should raise ValueError|print('FAIL: Expected ValueError')|except ValueError as e:|print('PASS: Got expected ValueError -', str(e))|except Exception as e:","382 def app_errorhandler(self, code: t.Union[t.Type[Exception], int]) -> t.Callable|517 def app_errorhandler(self, code: t.Union[t.Type[Exception], int]) -> t.Callable|12 from werkzeug.exceptions import default_exceptions | 13 from werkzeug.exceptions import HTTPException | 44 raise AssertionError(|644 self, code_or_exception: t.Union[t.Type[Exception], int] | 646 """"""Register a function to handle errors by code or exception class. | 655 You can also register handlers for arbitrary exceptions:: | 658 def special_exception_handler(error): | 659 return 'Database connection failed', 500 | 667 One can now additiona...|1347: def handle_user_exception( | 1379: def handle_exception(self, e: Exception) -> Response: | 1434: """"""Logs an exception. This is called by :meth:`handle_exception` | 1502: rv = self.handle_user_exception(e) | 2055: response = self.handle_exception(e)|1255 def _find_error_handler(self, e: Exception) -> t.Optional[ErrorHandlerCallable]: | 1256 """"""Return a registered error handler for an exception in this order: | 1258 blueprint handler for an exception class, app handler for an exception | 1277 def handle_http_exception( | 1278 self, e: HTTPException | 1279 ) -> t...|1347 def handle_user_exception( | 1348 self, e: Exception | 1349 ) -> t.Union[HTTPException, ResponseReturnValue]: | 1350 """"""This method is called whenever an exception occurs that | 1352 .exceptions.HTTPException` which is forwarded to the | 1353 :meth:`handle_http_exception` method. This function will either | 135...|145 t.Dict[t.Optional[int], t.Dict[t.Type[Exception], ErrorHandlerCallable]]|49 class MyDecoratorException(Exception): | 52 class MyFunctionException(Exception): | 57 @blue.errorhandler(MyDecoratorException) | 58 def my_decorator_exception_handler(e): | 59 assert isinstance(e, MyDecoratorException) | 62 def my_function_exception_handler(e): | 63 assert isinstance(e, MyFunctionException) | 66...|@ui.errorhandler(Exception) | raise Exception(""this is an unhandled exception from the ui"") | @api.errorhandler(Exception) | raise Exception(""this is an unhandled exception from the api"") | print(""FAIL: UI error handler was not called!"") | print(""FAIL: API error handler was not called!"")","@ui.errorhandler(Exception)|raise Exception(""this is an unhandled exception from the ui"")|@api.errorhandler(Exception)|raise Exception(""this is an unhandled exception from the api"")|[2021-05-13 13:14:48,849] ERROR in app: Exception on /api/ [GET]|Traceback (most recent call last):|rv = self.handle_user_exception(e)|Exception: this is an unhandled exception from the api",1,1,0,/home/shashwatsuthar/research/openhands-adp-memory/analysis/contextbench_posthoc/20260606_220027/remote/execution_full_qwen36_65k_fix1_minimal/pallets__flask-4039/raw
pallets__flask-4039,adp,"print(f""PASS: Got expected ValueError: {e}"")|SyntaxError: invalid syntax|Traceback (most recent call last):|ImportError: No module named markupsafe|ImportError: No module named flask|# Test 1: Blueprint with dot should raise ValueError|print('FAIL: Expected ValueError')|except ValueError as e:|print('PASS: Got expected ValueError -', str(e))|except Exception as e:","382 def app_errorhandler(self, code: t.Union[t.Type[Exception], int]) -> t.Callable|644 self, code_or_exception: t.Union[t.Type[Exception], int] | 646 """"""Register a function to handle errors by code or exception class. | 655 You can also register handlers for arbitrary exceptions:: | 658 def special_exception_handler(error): | 659 return 'Database connection failed', 500 | 667 One can now additiona...|134 #: status code for ``HTTPException``, or ``None`` for | 135 #: other exceptions. The innermost dictionary maps exception | 145 t.Dict[t.Optional[int], t.Dict[t.Type[Exception], ErrorHandlerCallable]], | 177 #: request even if an exception is raised, in the format|1255 def _find_error_handler(self, e: Exception) -> t.Optional[ErrorHandlerCallable]: | 1256 """"""Return a registered error handler for an exception in this order: | 1258 blueprint handler for an exception class, app handler for an exception | 1277 def handle_http_exception( | 1278 self, e: HTTPException | 1279 ) -> t...|1052 raise TypeError( | 1085 raise AssertionError(|517 def app_errorhandler(self, code: t.Union[t.Type[Exception], int]) -> t.Callable|@ui.errorhandler(Exception) | raise Exception(""this is an unhandled exception from the ui"") | @api.errorhandler(Exception) | raise Exception(""this is an unhandled exception from the api"") | print(""/nFAIL: Error handlers were not called!"")|[2026-05-30 10:51:31,725] ERROR in app: Exception on /ui/ [GET] | Traceback (most recent call last): | rv = self.handle_user_exception(e) | raise Exception(""this is an unhandled exception from the ui"") | Exception: this is an unhandled exception from the ui | [2026-05-30 10:51:31,728] ERROR in app: Exception on /api...|1490 pre and postprocessing as well as HTTP exception catching and | 1501 except Exception as e: | 1502 rv = self.handle_user_exception(e) | 1507 rv: t.Union[ResponseReturnValue, HTTPException]|1347: def handle_user_exception(","@ui.errorhandler(Exception)|raise Exception(""this is an unhandled exception from the ui"")|@api.errorhandler(Exception)|raise Exception(""this is an unhandled exception from the api"")|[2021-05-13 13:14:48,849] ERROR in app: Exception on /api/ [GET]|Traceback (most recent call last):|rv = self.handle_user_exception(e)|Exception: this is an unhandled exception from the api",1,1,0,/home/shashwatsuthar/research/openhands-adp-memory/analysis/contextbench_posthoc/20260606_220027/remote/execution_full_qwen36_65k_fix1_minimal/pallets__flask-4039/adp
pallets__flask-4039,memory,"# Test 1: Blueprint with dot should raise ValueError|print('FAIL: Expected ValueError')|except ValueError as e:|print('PASS: Got expected ValueError -', str(e))|except Exception as e:|print('FAIL:|print('FAIL: Validation logic failed')|print('FAIL: Validation logic false positive')|- Traceback (most recent call last):|- ImportError: No module named markupsafe","382 def app_errorhandler(self, code: t.Union[t.Type[Exception], int]) -> t.Callable|644 self, code_or_exception: t.Union[t.Type[Exception], int] | 646 """"""Register a function to handle errors by code or exception class. | 655 You can also register handlers for arbitrary exceptions:: | 658 def special_exception_handler(error): | 659 return 'Database connection failed', 500 | 667 One can now additiona...|1255 def _find_error_handler(self, e: Exception) -> t.Optional[ErrorHandlerCallable]: | 1256 """"""Return a registered error handler for an exception in this order: | 1258 blueprint handler for an exception class, app handler for an exception | 1277 def handle_http_exception( | 1278 self, e: HTTPException | 1279 ) -> t...|49 class MyDecoratorException(Exception): | 52 class MyFunctionException(Exception): | 57 @blue.errorhandler(MyDecoratorException) | 58 def my_decorator_exception_handler(e): | 59 assert isinstance(e, MyDecoratorException) | 62 def my_function_exception_handler(e): | 63 assert isinstance(e, MyFunctionException) | 66...|@ui.errorhandler(Exception) | raise Exception(""this is an unhandled exception from the ui"") | @api.errorhandler(Exception) | raise Exception(""this is an unhandled exception from the api"")|[2026-05-30 11:44:43,355] ERROR in app: Exception on /ui/ [GET] | Traceback (most recent call last): | rv = self.handle_user_exception(e) | raise Exception(""this is an unhandled exception from the ui"") | Exception: this is an unhandled exception from the ui | [2026-05-30 11:44:43,357] ERROR in app: Exception on /api...|@ui.errorhandler(Exception) | @api.errorhandler(Exception)|Value: {None: {<class 'Exception'>: <function ui_error_handler at 0x7f54a1a819d0>}} | Value: {None: {<class 'Exception'>: <function api_error_handler at 0x7f54a1a81b80>}}|from types import TracebackType | from werkzeug.exceptions import BadRequest | from werkzeug.exceptions import BadRequestKeyError | from werkzeug.exceptions import HTTPException | from werkzeug.exceptions import InternalServerError | from werkzeug.routing import RoutingException | from .signals import got_request_ex...|Data: b'this is an unhandled exception from the ui' | Data: b'{""error"":""this is an unhandled exception from the api""}\n'","@ui.errorhandler(Exception)|raise Exception(""this is an unhandled exception from the ui"")|@api.errorhandler(Exception)|raise Exception(""this is an unhandled exception from the api"")|[2021-05-13 13:14:48,849] ERROR in app: Exception on /api/ [GET]|Traceback (most recent call last):|rv = self.handle_user_exception(e)|Exception: this is an unhandled exception from the api",1,1,0,/home/shashwatsuthar/research/openhands-adp-memory/analysis/contextbench_posthoc/20260606_220027/remote/execution_full_qwen36_65k_fix1_minimal/pallets__flask-4039/memory
psf__requests-2344,no_memory,,"requests/exceptions.py|21 from requests.exceptions import (ConnectionError, ConnectTimeout, | 32 except ImportError: | 137 assert r.status_code == 200, 'failed for scheme {0}'.format(scheme) | 262 with pytest.raises(TypeError): | 270 with pytest.raises(ValueError): | 299 with pytest.raises(TypeError): | 307 except requests.exceptions.Time...|requests/packages/urllib3/response.py:6:from .exceptions import ProtocolError, DecodeError, ReadTimeoutError | requests/packages/urllib3/exceptions.py:46:class DecodeError(HTTPError): | requests/packages/urllib3/exceptions.py:131:class LocationParseError(LocationValueError): | requests/packages/urllib3/util/url.py:3...|661 except AttributeError:|3 from ..exceptions import LocationParseError|3a2eaa6 A get with an invalid port should wrap urllib3's LocationParseError exception with our own.|31 from .exceptions import InvalidURL | 80 except KeyError: | 111 except (ImportError, AttributeError): | 132 ValueError: need more than 1 value to unpack | 140 raise ValueError('cannot encode objects that are not 2-tuples') | 156 ValueError: cannot encode objects that are not 2-tuples. | 162 raise ValueError('canno...|791: except UnicodeDecodeError:|22 from .packages.urllib3.exceptions import ( | 24 from .exceptions import ( | 25 HTTPError, RequestException, MissingSchema, InvalidURL|Here's the result of running `cat -n` on /testbed/requests/exceptions.py: | 4 requests.exceptions | 7 This module contains the set of Requests' exceptions. | 10 from .packages.urllib3.exceptions import HTTPError as BaseHTTPError | 13 class RequestException(IOError): | 14 """"""There was an ambiguous exception that occu...","test_requests.py, I got an error in test_session_pickling which resulted in a TypeError. I'm not sure of the reason for the TypeError but I have commented out that test.",0,0,0,/home/shashwatsuthar/research/openhands-adp-memory/analysis/contextbench_posthoc/20260606_220027/remote/execution_full_qwen36_65k_fix1_minimal/psf__requests-2344/no_memory
psf__requests-2344,raw,"urllib3 exceptions passing through requests API|I don't know if it's a design goal of requests to hide urllib3's exceptions and wrap them around requests.exceptions types.|If it is, I have at least two of them passing through that I have to catch in addition to requests' exceptions. They are requests.packages.urllib3.exceptions.DecodeError and requests.packages.urllib3.exceptions.Timeou...|requests/exceptions.py|file_path"": ""./swebench_9_15/testbed/requests/exceptions.py|file_path"": ""./swebench_9_15/testbed/requests/packages/urllib3/exceptions.py|4→requests.exceptions|7→This module contains the set of Requests' exceptions.|10→from .packages.urllib3.exceptions import HTTPError as BaseHTTPError|13→class RequestException(IOError):","requests/exceptions.py|22 from .packages.urllib3.exceptions import ConnectTimeoutError | 23 from .packages.urllib3.exceptions import HTTPError as _HTTPError | 24 from .packages.urllib3.exceptions import MaxRetryError | 25 from .packages.urllib3.exceptions import ProxyError as _ProxyError | 26 from .packages.urllib3.exceptions import Proto...|Here's the result of running `cat -n` on /testbed/requests/exceptions.py: | 4 requests.exceptions | 7 This module contains the set of Requests' exceptions. | 10 from .packages.urllib3.exceptions import HTTPError as BaseHTTPError | 13 class RequestException(IOError): | 14 """"""There was an ambiguous exception that occu...|22 from .packages.urllib3.exceptions import ( | 24 from .exceptions import ( | 25 HTTPError, RequestException, MissingSchema, InvalidURL, | 112 raise ValueError(""Files must be provided."") | 114 raise ValueError(""Data must not be a string."") | 167 raise ValueError('Unsupported event specified, with event name ""%s""' %...|requests/packages/urllib3/exceptions.py|Here's the result of running `cat -n` on /testbed/requests/packages/urllib3/exceptions.py: | 2 ## Base Exceptions | 4 class HTTPError(Exception): | 5 ""Base exception used by this module."" | 15 ""Base exception for errors caused within a pool."" | 26 ""Base exception for PoolErrors that have associated URLs."" | 60 ## Le...|requests/models.py:791: except UnicodeDecodeError|requests/packages/urllib3/exceptions.py:131:class LocationParseError(LocationValueError): | /testbed/requests/packages/urllib3/util/url.py:3:from ..exceptions import LocationParseError|366 except UnicodeError:|347 # `data` etc to work around exceptions from `url_parse`, which | 366 except UnicodeError:","test_requests.py, I got an error in test_session_pickling which resulted in a TypeError. I'm not sure of the reason for the TypeError but I have commented out that test.",1,1,0,/home/shashwatsuthar/research/openhands-adp-memory/analysis/contextbench_posthoc/20260606_220027/remote/execution_full_qwen36_65k_fix1_minimal/psf__requests-2344/raw
psf__requests-2344,adp,"urllib3 exceptions passing through requests API|I don't know if it's a design goal of requests to hide urllib3's exceptions and wrap them around requests.exceptions types.|If it is, I have at least two of them passing through that I have to catch in addition to requests' exceptions. They are requests.packages.urllib3.exceptions.DecodeError and requests.packages.urllib3.exceptions.Timeou...|requests/exceptions.py|path: requests/exceptions.py|file_path"": ""./swebench_9_15/testbed/requests/exceptions.py|4→requests.exceptions|7→This module contains the set of Requests' exceptions.|10→from .packages.urllib3.exceptions import HTTPError as BaseHTTPError|13→class RequestException(IOError):","requests/exceptions.py|22 from .packages.urllib3.exceptions import ConnectTimeoutError | 23 from .packages.urllib3.exceptions import HTTPError as _HTTPError | 24 from .packages.urllib3.exceptions import MaxRetryError | 25 from .packages.urllib3.exceptions import ProxyError as _ProxyError | 26 from .packages.urllib3.exceptions import Proto...|Here's the result of running `cat -n` on /testbed/requests/exceptions.py: | 4 requests.exceptions | 7 This module contains the set of Requests' exceptions. | 10 from .packages.urllib3.exceptions import HTTPError as BaseHTTPError | 13 class RequestException(IOError): | 14 """"""There was an ambiguous exception that occu...|22 from .packages.urllib3.exceptions import ( | 24 from .exceptions import ( | 25 HTTPError, RequestException, MissingSchema, InvalidURL, | 112 raise ValueError(""Files must be provided."") | 114 raise ValueError(""Data must not be a string."") | 167 raise ValueError('Unsupported event specified, with event name ""%s""' %...|requests/models.py:791: except UnicodeDecodeError|661 except AttributeError:|requests/packages/urllib3/exceptions.py|Here's the result of running `cat -n` on /testbed/requests/packages/urllib3/exceptions.py: | 2 ## Base Exceptions | 4 class HTTPError(Exception): | 5 ""Base exception used by this module."" | 15 ""Base exception for errors caused within a pool."" | 26 ""Base exception for PoolErrors that have associated URLs."" | 60 ## Le...|407 # Then, reraise so that we can handle the actual exception.|(<class 'requests.packages.urllib3.exceptions.HTTPError'>,)","test_requests.py, I got an error in test_session_pickling which resulted in a TypeError. I'm not sure of the reason for the TypeError but I have commented out that test.",1,1,0,/home/shashwatsuthar/research/openhands-adp-memory/analysis/contextbench_posthoc/20260606_220027/remote/execution_full_qwen36_65k_fix1_minimal/psf__requests-2344/adp
psf__requests-2344,memory,"urllib3 exceptions passing through requests API|I don't know if it's a design goal of requests to hide urllib3's exceptions and wrap them around requests.exceptions types.|If it is, I have at least two of them passing through that I have to catch in addition to requests' exceptions. They are requests.packages.urllib3.exceptions.DecodeError and requests.packages.urllib3.exceptions.Timeou...|- requests/exceptions.py [Read: 1]|- requests/packages/urllib3/exceptions.py [Read: 1]|- Traceback (most recent call last):|- ImportError: cannot import name mock|- ImportError: No module named mock|- ImportError: No module named requests.packages.urllib3.exceptions|requests/exceptions.py","requests/exceptions.py|22 from .packages.urllib3.exceptions import ConnectTimeoutError | 23 from .packages.urllib3.exceptions import HTTPError as _HTTPError | 24 from .packages.urllib3.exceptions import MaxRetryError | 25 from .packages.urllib3.exceptions import ProxyError as _ProxyError | 26 from .packages.urllib3.exceptions import Proto...|22 from .packages.urllib3.exceptions import ( | 24 from .exceptions import ( | 25 HTTPError, RequestException, MissingSchema, InvalidURL, | 112 raise ValueError(""Files must be provided."") | 114 raise ValueError(""Data must not be a string."") | 167 raise ValueError('Unsupported event specified, with event name ""%s""' %...|Here's the result of running `cat -n` on /testbed/requests/exceptions.py: | 4 requests.exceptions | 7 This module contains the set of Requests' exceptions. | 10 from .packages.urllib3.exceptions import HTTPError as BaseHTTPError | 13 class RequestException(IOError): | 14 """"""There was an ambiguous exception that occu...|21 from requests.exceptions import (ConnectionError, ConnectTimeout, | 32 except ImportError: | 137 assert r.status_code == 200, 'failed for scheme {0}'.format(scheme) | 262 with pytest.raises(TypeError): | 270 with pytest.raises(ValueError): | 299 with pytest.raises(TypeError): | 307 except requests.exceptions.Time...|requests/packages/urllib3/exceptions.py|Here's the result of running `cat -n` on /testbed/requests/packages/urllib3/exceptions.py: | 2 ## Base Exceptions | 4 class HTTPError(Exception): | 5 ""Base exception used by this module."" | 15 ""Base exception for errors caused within a pool."" | 26 ""Base exception for PoolErrors that have associated URLs."" | 60 ## Le...|requests/packages/urllib3/response.py:6:from .exceptions import ProtocolError, DecodeError, ReadTimeoutError | /testbed/requests/packages/urllib3/exceptions.py:46:class DecodeError(HTTPError): | /testbed/requests/models.py:791: except UnicodeDecodeError|661 except AttributeError:|29 from .packages.urllib3.exceptions import ResponseError | 30 from .packages.urllib3.exceptions import DecodeError | 32 from .exceptions import (ConnectionError, ConnectTimeout, ReadTimeout, SSLError, | from .packages.urllib3.exceptions import ConnectTimeoutError | from .packages.urllib3.exceptions import HTTPError...","test_requests.py, I got an error in test_session_pickling which resulted in a TypeError. I'm not sure of the reason for the TypeError but I have commented out that test.",1,1,0,/home/shashwatsuthar/research/openhands-adp-memory/analysis/contextbench_posthoc/20260606_220027/remote/execution_full_qwen36_65k_fix1_minimal/psf__requests-2344/memory
psf__requests-3359,no_memory,,"requests/exceptions.py|23 from .packages.urllib3.exceptions import ( | 25 from .exceptions import ( | 114 raise ValueError(""Files must be provided."") | 116 raise ValueError(""Data must not be a string."") | 169 raise ValueError('Unsupported event specified, with event name ""%s""' % (event)) | 184 except ValueError: | 271 raise TypeError(""chu...|702 raise TypeError(""chunk_size must be an int, it is instead a %s."" % type(chunk_size))|1065 except requests.exceptions.HTTPError as e: | 1068 raise AssertionError('Expected an HTTPError but it was not raised') | 1073 raise a TypeError. | 1087 with pytest.raises(TypeError)|343 # `data` etc to work around exceptions from `url_parse`, which | 367 except UnicodeError:|797 except (LookupError, TypeError): | 801 # A TypeError can be raised if encoding is None|29 from .exceptions import InvalidURL, InvalidHeader, FileModeWarning|from .exceptions import InvalidURL, InvalidHeader, FileModeWarning | except KeyError: | except (ImportError, AttributeError): | ValueError: need more than 1 value to unpack | raise ValueError('cannot encode objects that are not 2-tuples') | ValueError: cannot encode objects that are not 2-tuples. | raise ValueError(...",,0,0,0,/home/shashwatsuthar/research/openhands-adp-memory/analysis/contextbench_posthoc/20260606_220027/remote/execution_full_qwen36_65k_fix1_minimal/psf__requests-3359/no_memory
psf__requests-3359,raw,"requests/exceptions.py|784→ except (LookupError, TypeError):|788→ # A TypeError can be raised if encoding is None|SyntaxError: invalid syntax|Traceback (most recent call last):|AttributeError: 'NoneType' object has no attribute 'read'|7→except ImportError:|12→except ImportError:|26→except (ImportError, SyntaxError):|ImportError: No module named pytest","requests/exceptions.py|23 from .packages.urllib3.exceptions import ( | 25 from .exceptions import ( | 114 raise ValueError(""Files must be provided."") | 116 raise ValueError(""Data must not be a string."") | 169 raise ValueError('Unsupported event specified, with event name ""%s""' % (event)) | 184 except ValueError: | 271 raise TypeError(""chu...|702 raise TypeError(""chunk_size must be an int, it is instead a %s."" % type(chunk_size))|from .exceptions import InvalidURL, InvalidHeader, FileModeWarning | except KeyError: | except (ImportError, AttributeError): | ValueError: need more than 1 value to unpack | raise ValueError('cannot encode objects that are not 2-tuples') | ValueError: cannot encode objects that are not 2-tuples. | raise ValueError(...|ERROR: usage: __main__.py [options] [file_or_dir] [file_or_dir] [...] | __main__.py: error: unrecognized arguments: --timeout=30|E TypeError: object of type 'MarkDecorator' has no len() | ERROR tests/test_utils.py::TestSuperLen - TypeError: object of type 'MarkDeco...|ERROR: not found: /testbed/tests/test_requests.py::TestRequests::test_response_chunk_size_int | ERROR: not found: /testbed/tests/test_requests.py::TestRequests::test_response_iter_lines_delim | ERROR: not found: /testbed/tests/test_requests.py::TestRequests::test_response_iter_lines_none | ERROR: not found: /testbed...|from requests.exceptions import ( | except ImportError: | except AttributeError: | 'exception, url', ( | def test_invalid_url(self, exception, url): | with pytest.raises(exception): | assert r.status_code == 200, 'failed for scheme {0}'.format(scheme) | 'url, exception', ( | def test_errors(self, url, exception): | ...",,1,1,0,/home/shashwatsuthar/research/openhands-adp-memory/analysis/contextbench_posthoc/20260606_220027/remote/execution_full_qwen36_65k_fix1_minimal/psf__requests-3359/raw
psf__requests-3359,adp,"requests/exceptions.py|784→ except (LookupError, TypeError):|788→ # A TypeError can be raised if encoding is None|SyntaxError: invalid syntax|Traceback (most recent call last):|AttributeError: 'NoneType' object has no attribute 'read'|7→except ImportError:|12→except ImportError:|26→except (ImportError, SyntaxError):|ImportError: No module named pytest","requests/exceptions.py|23 from .packages.urllib3.exceptions import ( | 25 from .exceptions import ( | 114 raise ValueError(""Files must be provided."") | 116 raise ValueError(""Data must not be a string."") | 169 raise ValueError('Unsupported event specified, with event name ""%s""' % (event)) | 184 except ValueError: | 271 raise TypeError(""chu...|29 from .exceptions import InvalidURL, InvalidHeader, FileModeWarning | 106 except KeyError: | 142 except (ImportError, AttributeError): | 164 ValueError: need more than 1 value to unpack | 174 raise ValueError('cannot encode objects that are not 2-tuples') | 190 ValueError: cannot encode objects that are not 2-tupl...|639 except HTTPError:|702 raise TypeError(""chunk_size must be an int, it is instead a %s."" % type(chunk_size))|754 raise RuntimeError( | 762 except AttributeError:|797 except (LookupError, TypeError): | 801 # A TypeError can be raised if encoding is None|from .exceptions import InvalidURL, InvalidHeader, FileModeWarning | except KeyError: | except (ImportError, AttributeError): | ValueError: need more than 1 value to unpack | raise ValueError('cannot encode objects that are not 2-tuples') | ValueError: cannot encode objects that are not 2-tuples. | raise ValueError(...|assert all(isinstance(chunk, str) for chunk in chunks), 'Test 1 failed' | assert all(isinstance(chunk, str) for chunk in chunks), 'Test 2 failed' | assert all(isinstance(chunk, str) for chunk in chunks), 'Test 3 failed' | assert all(isinstance(chunk, str) for chunk in chunks), 'Test 4 failed'",,1,1,0,/home/shashwatsuthar/research/openhands-adp-memory/analysis/contextbench_posthoc/20260606_220027/remote/execution_full_qwen36_65k_fix1_minimal/psf__requests-3359/adp
psf__requests-3359,memory,"- Traceback (most recent call last):|- ImportError: No module named pytest|requests/exceptions.py|784→ except (LookupError, TypeError):|SyntaxError: invalid syntax|Traceback (most recent call last):|AttributeError: 'NoneType' object has no attribute 'read'|7→except ImportError:|12→except ImportError:|26→except (ImportError, SyntaxError):","requests/exceptions.py|23 from .packages.urllib3.exceptions import ( | 25 from .exceptions import ( | 114 raise ValueError(""Files must be provided."") | 116 raise ValueError(""Data must not be a string."") | 169 raise ValueError('Unsupported event specified, with event name ""%s""' % (event)) | 184 except ValueError: | 271 raise TypeError(""chu...|639 except HTTPError:|702 raise TypeError(""chunk_size must be an int, it is instead a %s."" % type(chunk_size))|343 # `data` etc to work around exceptions from `url_parse`, which | 367 except UnicodeError:|413 # Raise exception on invalid header value.|754 raise RuntimeError( | 762 except AttributeError: | 797 except (LookupError, TypeError): | 801 # A TypeError can be raised if encoding is None|Traceback (most recent call last): | AssertionError: Expected str, got <class 'bytes'>|29 from .exceptions import InvalidURL, InvalidHeader, FileModeWarning",,1,1,0,/home/shashwatsuthar/research/openhands-adp-memory/analysis/contextbench_posthoc/20260606_220027/remote/execution_full_qwen36_65k_fix1_minimal/psf__requests-3359/memory
psf__requests-3481,no_memory,,"requests/exceptions.py|29 from .exceptions import InvalidURL, InvalidHeader, FileModeWarning | 106 except KeyError: | 142 except (ImportError, AttributeError): | 164 ValueError: need more than 1 value to unpack | 174 raise ValueError('cannot encode objects that are not 2-tuples') | 190 ValueError: cannot encode objects that are not 2-tupl...|702 raise TypeError(""chunk_size must be an int, it is instead a %s."" % type(chunk_size))|requests/packages/urllib3/exceptions.py|452 except ValueError:|1065 except requests.exceptions.HTTPError as e: | 1068 raise AssertionError('Expected an HTTPError but it was not raised') | 1073 raise a TypeError. | 1087 with pytest.raises(TypeError)|201 ""failed to decode it."" % content_encoding, e) | 222 Catch low-level python exceptions, instead re-raising urllib3 | 223 variants, so that low-level exceptions are not leaked in the|222 Catch low-level python exceptions, instead re-raising urllib3 | 223 variants, so that low-level exceptions are not leaked in the | 248 except (HTTPException, SocketError) as e: | 252 # If no exception is thrown, we should avoid cleaning up|24 from .packages.urllib3.exceptions import ClosedPoolError | 25 from .packages.urllib3.exceptions import ConnectTimeoutError | 26 from .packages.urllib3.exceptions import HTTPError as _HTTPError | 27 from .packages.urllib3.exceptions import MaxRetryError | 28 from .packages.urllib3.exceptions import NewConnectionEr...|cb4c2c0b Fix TypeError when get json-encoded content of a response | 2f553935 Fixes an issue #128: ``Response not working with lxml''. This error happend due to lxml's attempt to do .geturl() call on the response object. __getattr__ didn't raise AttributeError so ``response.geturl'' returned None and ``response.getu...",With `requests==2.11.0` I get `AttributeError: 'NoneType' object has no attribute 'readline'` when trying to use `iter_lines` with `decode_unicode=True` on a streamed response.|Traceback (most recent call last):|AttributeError: 'NoneType' object has no attribute 'readline',0,0,0,/home/shashwatsuthar/research/openhands-adp-memory/analysis/contextbench_posthoc/20260606_220027/remote/execution_full_qwen36_65k_fix1_minimal/psf__requests-3481/no_memory
psf__requests-3481,raw,"requests/exceptions.py|784→ except (LookupError, TypeError):|788→ # A TypeError can be raised if encoding is None|SyntaxError: invalid syntax|Traceback (most recent call last):|AttributeError: 'NoneType' object has no attribute 'read'|7→except ImportError:|12→except ImportError:|26→except (ImportError, SyntaxError):|ImportError: No module named pytest","requests/exceptions.py|23 from .packages.urllib3.exceptions import ( | 25 from .exceptions import ( | 114 raise ValueError(""Files must be provided."") | 116 raise ValueError(""Data must not be a string."") | 169 raise ValueError('Unsupported event specified, with event name ""%s""' % (event)) | 184 except ValueError: | 271 raise TypeError(""chu...|702 raise TypeError(""chunk_size must be an int, it is instead a %s."" % type(chunk_size))|Traceback (most recent call last): | ImportError: cannot import name 'text_type'|from .exceptions import InvalidURL, InvalidHeader, FileModeWarning | except KeyError: | except (ImportError, AttributeError): | ValueError: need more than 1 value to unpack | raise ValueError('cannot encode objects that are not 2-tuples') | ValueError: cannot encode objects that are not 2-tuples. | raise ValueError(...|assert all(isinstance(chunk, str) for chunk in chunks), 'Test 1 failed' | assert all(isinstance(chunk, str) for chunk in chunks), 'Test 2 failed' | assert all(isinstance(chunk, str) for chunk in chunks), 'Test 3 failed: got %s' % [type(c) for c in chunks] | assert all(isinstance(chunk, bytes) for chunk in chunks), '...|E TypeError: object of type 'MarkDecorator' has no len() | ERROR tests/test_utils.py::TestSuperLen - TypeError: object of type 'MarkDeco...|ERROR: not found: /testbed/tests/test_requests.py::TestRequests::test_response_chunk_size_int | ERROR: not found: /testbed/tests/test_requests.py::TestRequests::test_response_iter_content_consumed|ERROR: not found: /testbed/tests/test_requests.py::TestRequests::test_response_content_bytes",With `requests==2.11.0` I get `AttributeError: 'NoneType' object has no attribute 'readline'` when trying to use `iter_lines` with `decode_unicode=True` on a streamed response.|Traceback (most recent call last):|AttributeError: 'NoneType' object has no attribute 'readline',1,1,0,/home/shashwatsuthar/research/openhands-adp-memory/analysis/contextbench_posthoc/20260606_220027/remote/execution_full_qwen36_65k_fix1_minimal/psf__requests-3481/raw
psf__requests-3481,adp,"requests/exceptions.py|784→ except (LookupError, TypeError):|788→ # A TypeError can be raised if encoding is None|SyntaxError: invalid syntax|Traceback (most recent call last):|AttributeError: 'NoneType' object has no attribute 'read'|7→except ImportError:|12→except ImportError:|26→except (ImportError, SyntaxError):|ImportError: No module named pytest","requests/exceptions.py|23 from .packages.urllib3.exceptions import ( | 25 from .exceptions import ( | 114 raise ValueError(""Files must be provided."") | 116 raise ValueError(""Data must not be a string."") | 169 raise ValueError('Unsupported event specified, with event name ""%s""' % (event)) | 184 except ValueError: | 271 raise TypeError(""chu...|29 from .exceptions import InvalidURL, InvalidHeader, FileModeWarning | 106 except KeyError: | 142 except (ImportError, AttributeError): | 164 ValueError: need more than 1 value to unpack | 174 raise ValueError('cannot encode objects that are not 2-tuples') | 190 ValueError: cannot encode objects that are not 2-tupl...|702 raise TypeError(""chunk_size must be an int, it is instead a %s."" % type(chunk_size))|on a streamed response causes an AttributeError. | except Exception as e: | print(""FAIL:"", type(e).__name__, str(e)) | except Exception as e: | print(""FAIL:"", type(e).__name__, str(e)) | except Exception as e: | print(""FAIL:"", type(e).__name__, str(e))|FAIL: AssertionError All lines should be unicode/str type even when encoding is None|797 except (LookupError, TypeError): | 801 # A TypeError can be raised if encoding is None|from .exceptions import InvalidURL, InvalidHeader, FileModeWarning | except KeyError: | except (ImportError, AttributeError): | ValueError: need more than 1 value to unpack | raise ValueError('cannot encode objects that are not 2-tuples') | ValueError: cannot encode objects that are not 2-tuples. | raise ValueError(...|on a streamed response causes an AttributeError. | except Exception as e: | print(""FAIL:"", type(e).__name__, str(e)) | except Exception as e: | print(""FAIL:"", type(e).__name__, str(e)) | except Exception as e: | print(""FAIL:"", type(e).__name__, str(e)) | on a streamed response causes an AttributeError. | except Exce...|E TypeError: object of type 'MarkDecorator' has no len() | ERROR tests/test_utils.py::TestSuperLen - TypeError: object of type 'MarkDeco...",With `requests==2.11.0` I get `AttributeError: 'NoneType' object has no attribute 'readline'` when trying to use `iter_lines` with `decode_unicode=True` on a streamed response.|Traceback (most recent call last):|AttributeError: 'NoneType' object has no attribute 'readline',1,1,0,/home/shashwatsuthar/research/openhands-adp-memory/analysis/contextbench_posthoc/20260606_220027/remote/execution_full_qwen36_65k_fix1_minimal/psf__requests-3481/adp
psf__requests-3481,memory,"- Traceback (most recent call last):|- ImportError: No module named pytest|requests/exceptions.py|784→ except (LookupError, TypeError):|SyntaxError: invalid syntax|Traceback (most recent call last):|AttributeError: 'NoneType' object has no attribute 'read'|7→except ImportError:|12→except ImportError:|26→except (ImportError, SyntaxError):","requests/exceptions.py|23 from .packages.urllib3.exceptions import ( | 25 from .exceptions import ( | 114 raise ValueError(""Files must be provided."") | 116 raise ValueError(""Data must not be a string."") | 169 raise ValueError('Unsupported event specified, with event name ""%s""' % (event)) | 184 except ValueError: | 271 raise TypeError(""chu...|702 raise TypeError(""chunk_size must be an int, it is instead a %s."" % type(chunk_size))",With `requests==2.11.0` I get `AttributeError: 'NoneType' object has no attribute 'readline'` when trying to use `iter_lines` with `decode_unicode=True` on a streamed response.|Traceback (most recent call last):|AttributeError: 'NoneType' object has no attribute 'readline',1,1,0,/home/shashwatsuthar/research/openhands-adp-memory/analysis/contextbench_posthoc/20260606_220027/remote/execution_full_qwen36_65k_fix1_minimal/psf__requests-3481/memory
pydata__xarray-4529,no_memory,,"508 raise TypeError(""can only lookup dictionaries from Dataset.loc"") | 679 raise ValueError(|510 except ValueError: | 526 raise ValueError(""Unrecognised value for combine_attrs=%s"" % combine_attrs)|125 except (TypeError, ValueError) as error: | 137 raise TypeError(""variable {!r} has invalid type {!r}"".format(name, type(obj))) | 148 raise TypeError(|237 raise TypeError(|369 raise ValueError(|Traceback (most recent call last): | ModuleNotFoundError: No module named 'dask'|ERROR: Could not install packages due to an OSError: [Errno 13] Permission denied: '/opt/conda/envs/testbed/lib/python3.7/site-packages/tlz|exceptiongroup | exceptiongroup-1.3.1.dist-info|PermissionError: [Errno 13] Permission denied: '/opt/conda/envs/testbed/lib/python3.7/site-packages/cloudpickle-2.2.1.dist-info|79 class MissingDimensionsError(ValueError): | 82 # inherits from ValueError for backward compatibility | 83 # TODO: move this to an xarray.exceptions module?",,0,0,0,/home/shashwatsuthar/research/openhands-adp-memory/analysis/contextbench_posthoc/20260606_220027/remote/execution_full_qwen36_65k_fix1_minimal/pydata__xarray-4529/no_memory
pydata__xarray-4529,raw,"SyntaxError: invalid syntax|3905→ ValueError|3923→ exception of attributes, which are ignored on the second dataset.|125→ except (TypeError, ValueError) as error:|Traceback (most recent call last):|ModuleNotFoundError: No module named 'pytest'","Traceback (most recent call last): | ModuleNotFoundError: No module named 'dask'|ERROR: Could not install packages due to an OSError: [Errno 13] Permission denied: '/opt/conda/envs/testbed/lib/python3.7/site-packages/tlz|CondaToSNonInteractiveError: Terms of Service have not been accepted for the following channels. Please accept or remove them before proceeding|EnvironmentNotWritableError: The current user does not have write permissions to the target environment.|exceptiongroup | exceptiongroup-1.3.1.dist-info|237 raise TypeError(|18 except ImportError: # pragma: no cover | 28 except ImportError: # pragma: no cover | 36 except ImportError: # pragma: no cover|679 raise ValueError(|125 except (TypeError, ValueError) as error: | 137 raise TypeError(""variable {!r} has invalid type {!r}"".format(name, type(obj)))|369 raise ValueError(",,1,1,0,/home/shashwatsuthar/research/openhands-adp-memory/analysis/contextbench_posthoc/20260606_220027/remote/execution_full_qwen36_65k_fix1_minimal/pydata__xarray-4529/raw
pydata__xarray-4529,adp,"SyntaxError: invalid syntax|3905→ ValueError|3923→ exception of attributes, which are ignored on the second dataset.|125→ except (TypeError, ValueError) as error:|Traceback (most recent call last):|ModuleNotFoundError: No module named 'pytest'","Traceback (most recent call last): | ModuleNotFoundError: No module named 'dask'|ERROR: Could not install packages due to an OSError: [Errno 13] Permission denied: '/opt/conda/envs/testbed/lib/python3.7/site-packages/tlz|79 class MissingDimensionsError(ValueError): | 82 # inherits from ValueError for backward compatibility | 83 # TODO: move this to an xarray.exceptions module?|125 except (TypeError, ValueError) as error: | 137 raise TypeError(""variable {!r} has invalid type {!r}"".format(name, type(obj))) | 148 raise TypeError(|237 raise TypeError(|369 raise ValueError(|679 raise ValueError(|510 except ValueError: | 526 raise ValueError(""Unrecognised value for combine_attrs=%s"" % combine_attrs)|except AssertionError as e: | print(f""FAIL: test_dataset_constructor_with_dataarray_directly - {e}"") | except AssertionError as e: | print(f""FAIL: test_variable_from_dataarray_with_explicit_dims - {e}"") | except AssertionError as e: | print(f""FAIL: test_dataset_constructor_with_dataarray_and_dims_tuple - {e}"")|FAIL: test_dataset_constructor_with_dataarray_directly - Expected MockDaskArray, got <class 'numpy.ndarray'> | FAIL: test_variable_from_dataarray_with_explicit_dims - Expected MockDaskArray, got <class 'numpy.ndarray'> | FAIL: test_dataset_constructor_with_dataarray_and_dims_tuple - Expected MockDaskArray, got <clas...",,1,1,0,/home/shashwatsuthar/research/openhands-adp-memory/analysis/contextbench_posthoc/20260606_220027/remote/execution_full_qwen36_65k_fix1_minimal/pydata__xarray-4529/adp
pydata__xarray-4529,memory,- Traceback (most recent call last):|- ModuleNotFoundError: No module named 'pytest'|SyntaxError: invalid syntax|3905→ ValueError,"Traceback (most recent call last): | ModuleNotFoundError: No module named 'dask'|ERROR: Could not install packages due to an OSError: [Errno 13] Permission denied: '/opt/conda/envs/testbed/lib/python3.7/site-packages/tlz|79 class MissingDimensionsError(ValueError):|125 except (TypeError, ValueError) as error: | 137 raise TypeError(""variable {!r} has invalid type {!r}"".format(name, type(obj))) | 148 raise TypeError(|237 raise TypeError(|369 raise ValueError(|class MissingDimensionsError(ValueError): | # inherits from ValueError for backward compatibility | # TODO: move this to an xarray.exceptions module? | except (TypeError, ValueError) as error: | raise TypeError(""variable {!r} has invalid type {!r}"".format(name, type(obj))) | raise TypeError( | raise TypeError( | rai...|Traceback (most recent call last): | ValueError: dimensions ('x', 'y') must have the same length as the number of data dimensions, ndim=1 | During handling of the above exception, another exception occurred: | Traceback (most recent call last): | ValueError: Could not convert tuple of form (dims, data[, attrs, encod...",,1,1,0,/home/shashwatsuthar/research/openhands-adp-memory/analysis/contextbench_posthoc/20260606_220027/remote/execution_full_qwen36_65k_fix1_minimal/pydata__xarray-4529/memory
pydata__xarray-508,no_memory,,"142 - ""exact"": instead of aligning, raise `ValueError` when indexes to be | 234 raise ValueError(""Dataset global attributes not equal."") | 272 except KeyError: | 273 raise ValueError(f""{name!r} is not present in all datasets."") | 280 raise ValueError( | 312 raise ValueError( | 351 raise TypeError( | 356 raise ValueE...|320 raise ValueError( | 337 raise ValueError( | 386 raise ValueError(f""unexpected value for {subset}: {opt}"") | 391 raise ValueError( | 396 raise ValueError(|455 raise TypeError( | 480 raise ValueError( | 524 raise ValueError(""Dataset global attributes not equal."")|260 raise TypeError( | 320 raise ValueError(|53: with pytest.raises(ValueError, match=r""'q' is not present in all datasets""): | 779: with pytest.raises(ValueError, match=r""'y' is not present in all datasets.""): | 786: with pytest.raises(ValueError, match=r""'y' not present in all datasets"")|50 ValueError, match=r""coordinates in some datasets but not others"" | 53 with pytest.raises(ValueError, match=r""'q' is not present in all datasets"")|779 with pytest.raises(ValueError, match=r""'y' is not present in all datasets.""): | 786 with pytest.raises(ValueError, match=r""'y' not present in all datasets"")|562 except KeyError: | 563 raise ValueError(f""{name!r} is not present in all datasets."") | 570 raise ValueError(|37 except ImportError: | 49 # except ImportError: | 89 except ImportError:|- ""exact"": instead of aligning, raise `ValueError` when indexes to be | raise ValueError(""must supply at least one object to concatenate"") | raise ValueError( | raise TypeError( | raise ValueError( | raise ValueError( | raise ValueError(f""unexpected value for {subset}: {opt}"") | raise ValueError( | raise ValueError(...",,0,0,0,/home/shashwatsuthar/research/openhands-adp-memory/analysis/contextbench_posthoc/20260606_220027/remote/execution_full_qwen36_65k_fix1_minimal/pydata__xarray-508/no_memory
pydata__xarray-508,raw,"print(f""\nConcatenation failed with error: {e}"")|SyntaxError: invalid syntax|Traceback (most recent call last):|91→ - 'exact': instead of aligning, raise `ValueError` when indexes to be|raise AttributeError(__former_attrs__[attr])|Concatenation failed with error: variables {'c'} are present in some datasets but not others.|317→ raise ValueError(|340→ raise ValueError(""Dataset global attributes not equal."")|363→ except KeyError:|364→ raise ValueError(""%r is not present in all datasets."" % k)","142 - ""exact"": instead of aligning, raise `ValueError` when indexes to be | 234 raise ValueError(""Dataset global attributes not equal."") | 272 except KeyError: | 273 raise ValueError(f""{name!r} is not present in all datasets."") | 280 raise ValueError( | 312 raise ValueError( | 351 raise TypeError( | 356 raise ValueE...|142 - ""exact"": instead of aligning, raise `ValueError` when indexes to be|Traceback (most recent call last): | KeyError: 'a' | During handling of the above exception, another exception occurred: | Traceback (most recent call last): | raise KeyError(key) | KeyError: 'a' | During handling of the above exception, another exception occurred: | Traceback (most recent call last): | raise ValueE...|228 raise ValueError(""must supply at least one object to concatenate"") | 231 raise ValueError( | 260 raise TypeError( | 320 raise ValueError( | 337 raise ValueError(|386 raise ValueError(f""unexpected value for {subset}: {opt}"") | 391 raise ValueError( | 396 raise ValueError( | 455 raise TypeError( | 480 raise ValueError(|524 raise ValueError(""Dataset global attributes not equal."") | 562 except KeyError: | 563 raise ValueError(f""{name!r} is not present in all datasets."") | 570 raise ValueError( | 602 raise ValueError( | 641 raise TypeError( | 646 raise ValueError(|50 ValueError, match=r""coordinates in some datasets but not others"" | 53 with pytest.raises(ValueError, match=r""'q' is not present in all datasets""): | 242 with pytest.raises(ValueError, match=r""cannot align.*exact.*dimensions.*'y'""): | 262 with pytest.raises(ValueError, match=r""combine_attrs='identical'""): | 264 wi...|563: raise ValueError(f""{name!r} is not present in all datasets."")|562 except KeyError: | 563 raise ValueError(f""{name!r} is not present in all datasets."") | 570 raise ValueError(|524 raise ValueError(""Dataset global attributes not equal."")",,1,1,0,/home/shashwatsuthar/research/openhands-adp-memory/analysis/contextbench_posthoc/20260606_220027/remote/execution_full_qwen36_65k_fix1_minimal/pydata__xarray-508/raw
pydata__xarray-508,adp,"print(f""\nConcatenation failed with error: {e}"")|SyntaxError: invalid syntax|Traceback (most recent call last):|91→ - 'exact': instead of aligning, raise `ValueError` when indexes to be|raise AttributeError(__former_attrs__[attr])|Concatenation failed with error: variables {'c'} are present in some datasets but not others.|317→ raise ValueError(|340→ raise ValueError(""Dataset global attributes not equal."")|363→ except KeyError:|364→ raise ValueError(""%r is not present in all datasets."" % k)","142 - ""exact"": instead of aligning, raise `ValueError` when indexes to be | 234 raise ValueError(""Dataset global attributes not equal."") | 272 except KeyError: | 273 raise ValueError(f""{name!r} is not present in all datasets."") | 280 raise ValueError( | 312 raise ValueError( | 351 raise TypeError( | 356 raise ValueE...|142 - ""exact"": instead of aligning, raise `ValueError` when indexes to be|228 raise ValueError(""must supply at least one object to concatenate"") | 231 raise ValueError( | 260 raise TypeError(|337 raise ValueError( | 386 raise ValueError(f""unexpected value for {subset}: {opt}"") | 391 raise ValueError( | 396 raise ValueError(|455 raise TypeError( | 480 raise ValueError( | 524 raise ValueError(""Dataset global attributes not equal."")|562 except KeyError: | 563 raise ValueError(f""{name!r} is not present in all datasets."") | 570 raise ValueError( | 602 raise ValueError(|50 ValueError, match=r""coordinates in some datasets but not others"" | 53 with pytest.raises(ValueError, match=r""'q' is not present in all datasets""): | 242 with pytest.raises(ValueError, match=r""cannot align.*exact.*dimensions.*'y'""): | 262 with pytest.raises(ValueError, match=r""combine_attrs='identical'""): | 264 wi...|except Exception as e: | print(f""Concatenation failed with error: {e}"") | except Exception as e: | print(f""Failed with error: {e}"") | except Exception as e: | print(f""Failed with error: {e}"") | except Exception as e: | print(f""Failed with error: {e}"")|Concatenation failed with error: 'a' is not present in all datasets. | Failed with error: 'a' is not present in all datasets. | Failed with error: 'c' is not present in all datasets.|320 raise ValueError( | 337 raise ValueError( | 386 raise ValueError(f""unexpected value for {subset}: {opt}"") | 391 raise ValueError( | 396 raise ValueError(",,1,1,0,/home/shashwatsuthar/research/openhands-adp-memory/analysis/contextbench_posthoc/20260606_220027/remote/execution_full_qwen36_65k_fix1_minimal/pydata__xarray-508/adp
pydata__xarray-508,memory,"- Traceback (most recent call last):|- TypeError: int() argument must be a string, a bytes-like object or a number, not 'ReprObject'|print(f""\nConcatenation failed with error: {e}"")|SyntaxError: invalid syntax|Traceback (most recent call last):|Concatenation failed with error: variables {'c'} are present in some datasets but not others.|317→ raise ValueError(|363→ except KeyError:|364→ raise ValueError(""%r is not present in all datasets."" % k)|372→ raise ValueError(","142 - ""exact"": instead of aligning, raise `ValueError` when indexes to be | 234 raise ValueError(""Dataset global attributes not equal."") | 272 except KeyError: | 273 raise ValueError(f""{name!r} is not present in all datasets."") | 280 raise ValueError( | 312 raise ValueError( | 351 raise TypeError( | 356 raise ValueE...|228 raise ValueError(""must supply at least one object to concatenate"")|50 ValueError, match=r""coordinates in some datasets but not others"" | 53 with pytest.raises(ValueError, match=r""'q' is not present in all datasets""): | 242 with pytest.raises(ValueError, match=r""cannot align.*exact.*dimensions.*'y'""): | 262 with pytest.raises(ValueError, match=r""combine_attrs='identical'""): | 264 wi...|231 raise ValueError( | 260 raise TypeError( | 320 raise ValueError( | 337 raise ValueError(|386 raise ValueError(f""unexpected value for {subset}: {opt}"") | 391 raise ValueError( | 396 raise ValueError(|455 raise TypeError( | 480 raise ValueError( | 524 raise ValueError(""Dataset global attributes not equal."")|562 except KeyError: | 563 raise ValueError(f""{name!r} is not present in all datasets."") | 570 raise ValueError( | 602 raise ValueError(|except Exception as e: | print(f""Failed with error: {type(e).__name__}: {e}"") | except Exception as e: | print(f""Failed with error: {type(e).__name__}: {e}"") | except Exception as e: | print(f""Failed with error: {type(e).__name__}: {e}"")|Failed with error: ValueError: 'a' is not present in all datasets. | Failed with error: MergeError: conflicting values for variable 'b' on objects to be combined. You can skip this check by specifying compat='override'.|305 except MergeError:",,1,1,0,/home/shashwatsuthar/research/openhands-adp-memory/analysis/contextbench_posthoc/20260606_220027/remote/execution_full_qwen36_65k_fix1_minimal/pydata__xarray-508/memory
pylint-dev__pylint-6471,no_memory,,"pylint/exceptions.py|611 raise exceptions.InvalidArgsError(|78 except ImportError: | 93 except (ImportError, SyntaxError) as ex: | 104 except ImportError:|13 import traceback | 23 from pylint import checkers, exceptions, interfaces, reporters|import traceback | from pylint import checkers, exceptions, interfaces, reporters | ""traceback. Please report such errors !"", | ""Used when an exception occurred while building the Astroid "" | ""Used when an exception occurred while parsing a pylint configuration file."", | ""raw-checker-failed"", | This class needs to s...|13 import traceback|13 import traceback | import traceback | from pylint import checkers, exceptions, interfaces, reporters | ""traceback. Please report such errors !"", | ""Used when an exception occurred while building the Astroid "" | ""Used when an exception occurred while parsing a pylint configuration file."", | ""raw-checker-failed"", |...|632 raise exceptions.InvalidArgsError(|639 raise exceptions.InvalidArgsError( | import traceback | from pylint import checkers, exceptions, interfaces, reporters | ""traceback. Please report such errors !"", | ""Used when an exception occurred while building the Astroid "" | ""Used when an exception occurred while parsing a pylint configuration file."", | ""raw...|Traceback (most recent call last): | TypeError: _make_linter_options() missing 1 required positional argument: 'linter'",,0,0,0,/home/shashwatsuthar/research/openhands-adp-memory/analysis/contextbench_posthoc/20260606_220027/remote/execution_full_qwen36_65k_fix1_minimal/pylint-dev__pylint-6471/no_memory
pylint-dev__pylint-6471,raw,"13→import traceback|24→from pylint import checkers, exceptions, interfaces, reporters","pylint/exceptions.py|13 import traceback | 23 from pylint import checkers, exceptions, interfaces, reporters | 110 ""traceback. Please report such errors !"", | 116 ""Used when an exception occurred while building the Astroid "" | 123 ""Used when an exception occurred while parsing a pylint configuration file."", | 128 ""raw-checker-failed"", |...|611 raise exceptions.InvalidArgsError(|78 except ImportError: | 93 except (ImportError, SyntaxError) as ex: | 104 except ImportError:|1311 def test_help_msg(args: list[str], expected: str, error: bool) -> None: | 1320 if error:|import traceback | from pylint import checkers, exceptions, interfaces, reporters | ""traceback. Please report such errors !"", | ""Used when an exception occurred while building the Astroid "" | ""Used when an exception occurred while parsing a pylint configuration file."", | ""raw-checker-failed"", | This class needs to s...|Traceback (most recent call last): | AttributeError: 'PyLinter' object has no attribute '_ignore_paths'|653 raise exceptions.InvalidArgsError(|Traceback (most recent call last): | ImportError: cannot import name '_configure' from 'pylint.config.config_initialization' (/testbed/pylint/config/config_initialization.py)|Traceback (most recent call last): | NameError: name 'pylint' is not defined",,1,1,1,/home/shashwatsuthar/research/openhands-adp-memory/analysis/contextbench_posthoc/20260606_220027/remote/execution_full_qwen36_65k_fix1_minimal/pylint-dev__pylint-6471/raw
pylint-dev__pylint-6471,adp,"13→import traceback|24→from pylint import checkers, exceptions, interfaces, reporters","pylint/exceptions.py|13 import traceback | 23 from pylint import checkers, exceptions, interfaces, reporters | 110 ""traceback. Please report such errors !"", | 116 ""Used when an exception occurred while building the Astroid "" | 123 ""Used when an exception occurred while parsing a pylint configuration file."", | 128 ""raw-checker-failed"", |...|611 raise exceptions.InvalidArgsError(|78 except ImportError: | 93 except (ImportError, SyntaxError) as ex: | 104 except ImportError:|import traceback | from pylint import checkers, exceptions, interfaces, reporters | ""traceback. Please report such errors !"", | ""Used when an exception occurred while building the Astroid "" | ""Used when an exception occurred while parsing a pylint configuration file."", | ""raw-checker-failed"", | This class needs to s...|Traceback (most recent call last): | AttributeError: 'PyLinter' object has no attribute '_ignore_paths'|965 self.add_message(""raw-checker-failed"", args=node.name)|ERROR: not found: /testbed/tests/test_self.py::LinterUnitTestCase::test_ignore_recursive",,1,1,1,/home/shashwatsuthar/research/openhands-adp-memory/analysis/contextbench_posthoc/20260606_220027/remote/execution_full_qwen36_65k_fix1_minimal/pylint-dev__pylint-6471/adp
pylint-dev__pylint-6471,memory,"13→import traceback|24→from pylint import checkers, exceptions, interfaces, reporters","pylint/exceptions.py|13 import traceback | 23 from pylint import checkers, exceptions, interfaces, reporters | 110 ""traceback. Please report such errors !"", | 116 ""Used when an exception occurred while building the Astroid "" | 123 ""Used when an exception occurred while parsing a pylint configuration file."", | 128 ""raw-checker-failed"", |...|611 raise exceptions.InvalidArgsError( | 662 except Exception as ex: # pylint: disable=broad-except|78 except ImportError: | 93 except (ImportError, SyntaxError) as ex: | 104 except ImportError:|1311 def test_help_msg(args: list[str], expected: str, error: bool) -> None: | 1320 if error:|13 import traceback | 23 from pylint import checkers, exceptions, interfaces, reporters",,1,1,0,/home/shashwatsuthar/research/openhands-adp-memory/analysis/contextbench_posthoc/20260606_220027/remote/execution_full_qwen36_65k_fix1_minimal/pylint-dev__pylint-6471/memory
pytest-dev__pytest-10341,no_memory,,"testing/test_threadexception.py | /testbed/testing/test_unraisableexception.py|src/_pytest/config/exceptions.py | /testbed/src/_pytest/threadexception.py | /testbed/src/_pytest/unraisableexception.py|7 import traceback | 27 from _pytest._code.code import ExceptionInfo | 38 from _pytest.outcomes import OutcomeException | 107 help=""Ignore doctest ImportErrors"", | 173 class MultipleDoctestFailures(Exception): | 212 def report_unexpected_exception( | 217 exc_info: Tuple[Type[BaseException], BaseException, types.Trac...|59 def _ignore_error(exception): | 61 getattr(exception, ""errno"", None) in _IGNORED_ERRORS | 62 or getattr(exception, ""winerror"", None) in _IGNORED_WINERRORS | 74 BaseException, | 75 Tuple[Type[BaseException], BaseException, Optional[types.TracebackType]], | 84 if isinstance(excinfo, BaseException): | 202 except Val...|477 class ImportPathMismatchError(ImportError): | 513 :raises ImportPathMismatchError: | 522 raise ImportError(path) | 535 raise ImportError(f""Can't find module {module_name} at location {path}"") | 584 except FileNotFoundError: | 616 except ValueError:|Traceback (most recent call last): | ModuleNotFoundError: No module named '_pytest._version|ERROR: Could not install packages due to an OSError: [Errno 13] Permission denied: '/opt/conda/envs/testbed/bin/py.test|src/_pytest/config/__init__.py:329: PluggyTeardownRaisedWarning: A plugin raised an exception during an old-style hookwrapper teardown. | UsageError: usage: __main__.py [options] [file_or_dir] [file_or_dir] [...] | __main__.py: error: unrecognized arguments: --importmode=importlib | ERROR: usage: __main__.p...|pybug/tests/test_google_workspace.py::test_it FAILED | E AssertionError: assert <class 'pybug.integration.Event'> is Event | pybug/tests/test_google_workspace.py:9: AssertionError | FAILED pybug/tests/test_google_workspace.py::test_it - AssertionError: assert <class 'pybug.integration.Event'> is Event | ============...|import traceback | traceback.print_stack(limit=10)",,0,0,0,/home/shashwatsuthar/research/openhands-adp-memory/analysis/contextbench_posthoc/20260606_220027/remote/execution_full_qwen36_65k_fix1_minimal/pytest-dev__pytest-10341/no_memory
pytest-dev__pytest-10341,raw,">>>>>>>>>>>>>>>>>>>>>>>>>>>>>>>>>>>>>>>>>>>>>>>>>>>>>>>>>>>>>>>>>>>>>>>>>>>>>>>> traceback >>>>>>>>>>>>>>>>>>>>>>>>>>>>>>>>>>>>>>>>>>>>>>>>>>>>>>>>>>>>>>>>>>>>>>>>>>>>>>>>|E AttributeError: type object 'Logger' has no attribute 'store'|tests/unit/test_commands.py:37: AttributeError|649→ except ModuleNotFoundError:|in #7870, but failed to realize that given we are now changing `sys.modules`, we might|522→ raise ImportError(path)|535→ raise ImportError(f""Can't find module {module_name} at location {path}"")|SyntaxError: invalid syntax|testing/test_pathlib.py::TestImportPath::test_importmode_twice_is_different_module FAILED [ 94%]|testing/test_pathlib.py::TestImportPath::test_no_meta_path_found FAILED [100%]","testing/test_threadexception.py | /testbed/testing/test_unraisableexception.py|15524f34d capture warning when exception is raised (fix #9036)|59 def _ignore_error(exception): | 61 getattr(exception, ""errno"", None) in _IGNORED_ERRORS | 62 or getattr(exception, ""winerror"", None) in _IGNORED_WINERRORS | 74 BaseException, | 75 Tuple[Type[BaseException], BaseException, Optional[types.TracebackType]], | 84 if isinstance(excinfo, BaseException): | 202 except Val...|513 :raises ImportPathMismatchError: | 522 raise ImportError(path) | 535 raise ImportError(f""Can't find module {module_name} at location {path}"") | 584 except FileNotFoundError:|Traceback (most recent call last): | ModuleNotFoundError: No module named '_pytest._version|ERROR: Could not install packages due to an OSError: [Errno 13] Permission denied: '/opt/conda/envs/testbed/bin/py.test|E ModuleNotFoundError: No module named 'mymod' | ImportError while importing test module '/tmp/pytest_importlib_test/tests/test_event.py'. | Traceback: | E ModuleNotFoundError: No module named 'mymod' | ERROR tests/test_event.py - ModuleNotFoundError: No module named 'mymod|281 with pytest.raises(ImportError): | 323 with pytest.raises(ImportError)|522 raise ImportError(path) | 535 raise ImportError(f""Can't find module {module_name} at location {path}"")|522 raise ImportError(path) | 538 raise ImportError(f""Can't find module {module_name} at location {path}"") | def _ignore_error(exception): | getattr(exception, ""errno"", None) in _IGNORED_ERRORS | or getattr(exception, ""winerror"", None) in _IGNORED_WINERRORS | BaseException, | Tuple[Type[BaseException], BaseException...",,1,1,0,/home/shashwatsuthar/research/openhands-adp-memory/analysis/contextbench_posthoc/20260606_220027/remote/execution_full_qwen36_65k_fix1_minimal/pytest-dev__pytest-10341/raw
pytest-dev__pytest-10341,adp,">>>>>>>>>>>>>>>>>>>>>>>>>>>>>>>>>>>>>>>>>>>>>>>>>>>>>>>>>>>>>>>>>>>>>>>>>>>>>>>> traceback >>>>>>>>>>>>>>>>>>>>>>>>>>>>>>>>>>>>>>>>>>>>>>>>>>>>>>>>>>>>>>>>>>>>>>>>>>>>>>>>|649→ except ModuleNotFoundError:|in #7870, but failed to realize that given we are now changing `sys.modules`, we might|522→ raise ImportError(path)|535→ raise ImportError(f""Can't find module {module_name} at location {path}"")|SyntaxError: invalid syntax|testing/test_pathlib.py::TestImportPath::test_importmode_twice_is_different_module FAILED [ 94%]|testing/test_pathlib.py::TestImportPath::test_no_meta_path_found FAILED [100%]|281→ with pytest.raises(ImportError)|No matches found","testing/test_threadexception.py | /testbed/testing/test_unraisableexception.py|59 def _ignore_error(exception): | 61 getattr(exception, ""errno"", None) in _IGNORED_ERRORS | 62 or getattr(exception, ""winerror"", None) in _IGNORED_WINERRORS | 74 BaseException, | 75 Tuple[Type[BaseException], BaseException, Optional[types.TracebackType]], | 84 if isinstance(excinfo, BaseException): | 202 except Val...|513 :raises ImportPathMismatchError: | 522 raise ImportError(path) | 535 raise ImportError(f""Can't find module {module_name} at location {path}"") | 584 except FileNotFoundError:|281 with pytest.raises(ImportError): | 323 with pytest.raises(ImportError)|147 reprec.assertoutcome(failed=1)|Traceback (most recent call last): | ModuleNotFoundError: No module named '_pytest._version' | Traceback (most recent call last): | ModuleNotFoundError: No module named '_pytest._version|ERROR: Could not install packages due to an OSError: [Errno 13] Permission denied: '/opt/conda/envs/testbed/bin/py.test|mymodule.py::mymodule.Event FAILED [ 50%] | FAILED mymodule.py::mymodule.Event | ========================= 1 failed, 1 passed in 0.01s ==========================|522 raise ImportError(path) | 535 raise ImportError(f""Can't find module {module_name} at location {path}"")|552 except ImportError:",,1,1,0,/home/shashwatsuthar/research/openhands-adp-memory/analysis/contextbench_posthoc/20260606_220027/remote/execution_full_qwen36_65k_fix1_minimal/pytest-dev__pytest-10341/adp
pytest-dev__pytest-10341,memory,">>>>>>>>>>>>>>>>>>>>>>>>>>>>>>>>>>>>>>>>>>>>>>>>>>>>>>>>>>>>>>>>>>>>>>>>>>>>>>>> traceback >>>>>>>>>>>>>>>>>>>>>>>>>>>>>>>>>>>>>>>>>>>>>>>>>>>>>>>>>>>>>>>>>>>>>>>>>>>>>>>>|E AttributeError: type object 'Logger' has no attribute 'store'|tests/unit/test_commands.py:37: AttributeError|- E AssertionError: assert <module '_src.tests.mymod' from '/private/var/folders/hg/_103_7xx52701ztpt4713nww0000gn/T/pytest-of-user/pytest-34/test_importmode_twice_is_diffe0/_src/tests/mymod.py'> is not <module '_src....|- E Failed: DID NOT RAISE <class 'ImportError'>|- FAILED testing/test_pathlib.py::TestImportPath::test_importmode_twice_is_different_module|- FAILED testing/test_pathlib.py::TestImportPath::test_no_meta_path_found - Fai...|649→ except ModuleNotFoundError:|in #7870, but failed to realize that given we are now changing `sys.modules`, we might|522→ raise ImportError(path)","59 def _ignore_error(exception): | 61 getattr(exception, ""errno"", None) in _IGNORED_ERRORS | 62 or getattr(exception, ""winerror"", None) in _IGNORED_WINERRORS | 74 BaseException, | 75 Tuple[Type[BaseException], BaseException, Optional[types.TracebackType]], | 84 if isinstance(excinfo, BaseException): | 202 except Val...|513 :raises ImportPathMismatchError: | 522 raise ImportError(path) | 535 raise ImportError(f""Can't find module {module_name} at location {path}"") | 584 except FileNotFoundError:|323 with pytest.raises(ImportError)|281 with pytest.raises(ImportError): | 323 with pytest.raises(ImportError)|522 raise ImportError(path) | def _ignore_error(exception): | getattr(exception, ""errno"", None) in _IGNORED_ERRORS | or getattr(exception, ""winerror"", None) in _IGNORED_WINERRORS | BaseException, | Tuple[Type[BaseException], BaseException, Optional[types.TracebackType]], | if isinstance(excinfo, BaseException): | ex...|assert issubclass(ImportPathMismatchError, ImportError) | with pytest.raises(ImportError): | with pytest.raises(ImportError): | def renamed_failed(*args): | monkeypatch.setattr(Path, ""rename"", renamed_failed) | assert issubclass(ImportPathMismatchError, ImportError) | with pytest.raises(ImportError): | with pytest.r...|Traceback (most recent call last): | ModuleNotFoundError: No module named '_pytest._version|ERROR: Could not install packages due to an OSError: [Errno 13] Permission denied: '/opt/conda/envs/testbed/bin/py.test|src/_pytest/config/__init__.py:329: PluggyTeardownRaisedWarning: A plugin raised an exception during an old-style hookwrapper teardown. | UsageError: /testbed/pyproject.toml: 'minversion' requires pytest-2.0, actual pytest-0.1.dev15124+g2f7415cfb.d20260603' | ERROR: /testbed/pyproject.toml: 'minversion' req...|test_pathlib.py::TestImportPath::test_no_meta_path_found FAILED [100%] | with pytest.raises(ImportError): | E Failed: DID NOT RAISE <class 'ImportError'> | test_pathlib.py:329: Failed | FAILED test_pathlib.py::TestImportPath::test_no_meta_path_found - Failed: DID... | ========================= 1 failed, 16 passed in...",,1,1,0,/home/shashwatsuthar/research/openhands-adp-memory/analysis/contextbench_posthoc/20260606_220027/remote/execution_full_qwen36_65k_fix1_minimal/pytest-dev__pytest-10341/memory
pytest-dev__pytest-9358,no_memory,,"testing/test_threadexception.py | /testbed/testing/test_unraisableexception.py|src/_pytest/config/exceptions.py | /testbed/src/_pytest/threadexception.py | /testbed/src/_pytest/unraisableexception.py|75 raise ValueError(f""{basename} is not a normalized and relative path"") | 158 except (ImportError, KeyError):|119 result.stdout.fnmatch_lines(""*ValueError*"") | 385 # unknown exception | 387 exc_info1 = (None, RuntimeError(), None) | 421 except OSError|1 Fixed issue where pytest's ``faulthandler`` support would not dump traceback on crashes","When running pytest through Jenkins, we are getting this error:|11:29:55 INTERNALERROR> Traceback (most recent call last):|11:29:55 INTERNALERROR> raise ex[1].with_traceback(ex[2])|11:29:55 INTERNALERROR> FileNotFoundError: [WinError 3] The system cannot find the path specified: 'C:\\Users\\build\\AppData\\Local\\Temp\\pytest-of-domain\\build'",0,0,0,/home/shashwatsuthar/research/openhands-adp-memory/analysis/contextbench_posthoc/20260606_220027/remote/execution_full_qwen36_65k_fix1_minimal/pytest-dev__pytest-9358/no_memory
pytest-dev__pytest-9358,raw,"E FileNotFoundError: [WinError 3] The system cannot find the path specified: 'C:\\Users\\john_doe\\AppData\\Local\\Temp\\pytest-of-contoso\\john_doe'|ERROR: file or directory not found: testbed/test_issue.py|Traceback (most recent call last):|AttributeError: 'module' object has no attribute 'run'|158→ except (ImportError, KeyError):","testing/test_threadexception.py | /testbed/testing/test_unraisableexception.py|src/_pytest/config/exceptions.py | /testbed/src/_pytest/threadexception.py | /testbed/src/_pytest/unraisableexception.py|75 raise ValueError(f""{basename} is not a normalized and relative path"") | 158 except (ImportError, KeyError):|119 result.stdout.fnmatch_lines(""*ValueError*"") | 385 # unknown exception | 387 exc_info1 = (None, RuntimeError(), None) | 421 except OSError|163 except (ImportError, KeyError): | raise ValueError(f""{basename} is not a normalized and relative path"") | except (ImportError, KeyError): | raise ValueError(f""{basename} is not a normalized and relative path"") | except (ImportError, KeyError):|result.stdout.fnmatch_lines(""*ValueError*"") | # unknown exception | exc_info1 = (None, RuntimeError(), None) | except OSError: | result.stdout.fnmatch_lines(""*ValueError*"") | # unknown exception | exc_info1 = (None, RuntimeError(), None) | except OSError|Traceback (most recent call last): | ModuleNotFoundError: No module named '_pytest._version|ERROR: Command errored out with exit status 1: /opt/conda/envs/testbed/bin/python3.6 -c 'import io, os, sys, setuptools, tokenize; sys.argv[0] = '""'""'/testbed/setup.py'""'""'; __file__='""'""'/testbed/setup.py'""'""';f = getattr(tokenize, '""'""'open'""'""', open)(__file__) if os.path.exists(__file__) else io.StringIO('""'""'fr...|ERROR: Command errored out with exit status 1: | error: can't create or remove files in install directory | ERROR: Command errored out with exit status 1: /opt/conda/envs/testbed/bin/python3.6 -c 'import io, os, sys, setuptools, tokenize; sys.argv[0] = '""'""'/testbed/setup.py'""'""'; __file__='""'""'/testbed/setup.py'""'""...|ERROR: Could not install packages due to an OSError: [Errno 13] Permission denied: '__init__.cpython-36.pyc","When running pytest through Jenkins, we are getting this error:|11:29:55 INTERNALERROR> Traceback (most recent call last):|11:29:55 INTERNALERROR> raise ex[1].with_traceback(ex[2])|11:29:55 INTERNALERROR> FileNotFoundError: [WinError 3] The system cannot find the path specified: 'C:\\Users\\build\\AppData\\Local\\Temp\\pytest-of-domain\\build'",1,1,0,/home/shashwatsuthar/research/openhands-adp-memory/analysis/contextbench_posthoc/20260606_220027/remote/execution_full_qwen36_65k_fix1_minimal/pytest-dev__pytest-9358/raw
pytest-dev__pytest-9358,adp,"E FileNotFoundError: [WinError 3] The system cannot find the path specified: 'C:\\Users\\john_doe\\AppData\\Local\\Temp\\pytest-of-contoso\\john_doe'|ERROR: file or directory not found: testbed/test_issue.py|Traceback (most recent call last):|AttributeError: 'module' object has no attribute 'run'|158→ except (ImportError, KeyError):","testing/test_threadexception.py | /testbed/testing/test_unraisableexception.py|src/_pytest/config/exceptions.py | /testbed/src/_pytest/threadexception.py | /testbed/src/_pytest/unraisableexception.py|75 raise ValueError(f""{basename} is not a normalized and relative path"") | 158 except (ImportError, KeyError):|119 result.stdout.fnmatch_lines(""*ValueError*"") | 385 # unknown exception | 387 exc_info1 = (None, RuntimeError(), None) | 421 except OSError|165 except (ImportError, KeyError): | raise ValueError(f""{basename} is not a normalized and relative path"") | except (ImportError, KeyError): | raise ValueError(f""{basename} is not a normalized and relative path"") | except (ImportError, KeyError):|Traceback (most recent call last): | AssertionError: Expected domain_build, got domain_uild|result.stdout.fnmatch_lines(""*ValueError*"") | # unknown exception | exc_info1 = (None, RuntimeError(), None) | except OSError: | result.stdout.fnmatch_lines(""*ValueError*"") | # unknown exception | exc_info1 = (None, RuntimeError(), None) | except OSError|Traceback (most recent call last): | ModuleNotFoundError: No module named '_pytest._version|ERROR: Command errored out with exit status 1: /opt/conda/envs/testbed/bin/python3.6 -c 'import io, os, sys, setuptools, tokenize; sys.argv[0] = '""'""'/testbed/setup.py'""'""'; __file__='""'""'/testbed/setup.py'""'""';f = getattr(tokenize, '""'""'open'""'""', open)(__file__) if os.path.exists(__file__) else io.StringIO('""'""'fr...|ERROR: /testbed/pyproject.toml: 'minversion' requires pytest-2.0, actual pytest-0.1.dev13422+g4964b46.d20260531","When running pytest through Jenkins, we are getting this error:|11:29:55 INTERNALERROR> Traceback (most recent call last):|11:29:55 INTERNALERROR> raise ex[1].with_traceback(ex[2])|11:29:55 INTERNALERROR> FileNotFoundError: [WinError 3] The system cannot find the path specified: 'C:\\Users\\build\\AppData\\Local\\Temp\\pytest-of-domain\\build'",1,1,0,/home/shashwatsuthar/research/openhands-adp-memory/analysis/contextbench_posthoc/20260606_220027/remote/execution_full_qwen36_65k_fix1_minimal/pytest-dev__pytest-9358/adp
pytest-dev__pytest-9358,memory,"E FileNotFoundError: [WinError 3] The system cannot find the path specified: 'C:\\Users\\john_doe\\AppData\\Local\\Temp\\pytest-of-contoso\\john_doe'|- ERROR: file or directory not found: testbed/test_issue.py|- Traceback (most recent call last):|ERROR: file or directory not found: testbed/test_issue.py|Traceback (most recent call last):|AttributeError: 'module' object has no attribute 'run'|158→ except (ImportError, KeyError):","testing/test_threadexception.py | /testbed/testing/test_unraisableexception.py|75 raise ValueError(f""{basename} is not a normalized and relative path"") | 158 except (ImportError, KeyError):|119 result.stdout.fnmatch_lines(""*ValueError*"") | 385 # unknown exception | 387 exc_info1 = (None, RuntimeError(), None) | 421 except OSError|158 except (ImportError, KeyError): | raise ValueError(f""{basename} is not a normalized and relative path"") | except (ImportError, KeyError): | raise ValueError(f""{basename} is not a normalized and relative path"") | except (ImportError, KeyError):|result.stdout.fnmatch_lines(""*ValueError*"") | # unknown exception | exc_info1 = (None, RuntimeError(), None) | except OSError: | result.stdout.fnmatch_lines(""*ValueError*"") | # unknown exception | exc_info1 = (None, RuntimeError(), None) | except OSError|Traceback (most recent call last): | ModuleNotFoundError: No module named '_pytest._version|ERROR: Command errored out with exit status 1: /opt/conda/envs/testbed/bin/python3.6 -c 'import io, os, sys, setuptools, tokenize; sys.argv[0] = '""'""'/testbed/setup.py'""'""'; __file__='""'""'/testbed/setup.py'""'""';f = getattr(tokenize, '""'""'open'""'""', open)(__file__) if os.path.exists(__file__) else io.StringIO('""'""'fr...|ERROR: /testbed/pyproject.toml: 'minversion' requires pytest-2.0, actual pytest-0.1.dev13422+g4964b46.d20260603|assert result == 'normaluser', f'Test 1 failed: expected normaluser, got {result}' | assert result == 'domain_user', f'Test 2 failed: expected domain_user, got {result}' | assert result == 'user_domain_123', f'Test 3 failed: expected user_domain_123, got {result}' | assert result == 'john_doe', f'Test 4 failed: expe...|158 except (ImportError, KeyError):","When running pytest through Jenkins, we are getting this error:|11:29:55 INTERNALERROR> Traceback (most recent call last):|11:29:55 INTERNALERROR> raise ex[1].with_traceback(ex[2])|11:29:55 INTERNALERROR> FileNotFoundError: [WinError 3] The system cannot find the path specified: 'C:\\Users\\build\\AppData\\Local\\Temp\\pytest-of-domain\\build'",1,1,0,/home/shashwatsuthar/research/openhands-adp-memory/analysis/contextbench_posthoc/20260606_220027/remote/execution_full_qwen36_65k_fix1_minimal/pytest-dev__pytest-9358/memory
scikit-learn__scikit-learn-12622,no_memory,,"148 raise ValueError( | 152 raise ValueError(""Can only scale sparse matrix on axis=0, "" | 316 raise ValueError(""The Box-Cox transformation can only be "" | 320 raise ValueError(""Input data has a different number of features "" | 326 raise ValueError(""'method' must be one of {}, ""|500 raise ValueError('force_all_finite should be a bool or ""allow-nan""' | 529 raise ValueError(""Complex data not supported/n"" | 535 # and we need to catch and raise exception for such cases. | 541 raise ValueError( | 548 raise ValueError( | 569 raise ValueError(""Found array with dim %d. %s expected <= 2."" | 579 rais...|Traceback (most recent call last): | ModuleNotFoundError: No module named 'sklearn.__check_build._check_build' | During handling of the above exception, another exception occurred: | Traceback (most recent call last): | ImportError: No module named 'sklearn.__check_build._check_build|Traceback (most recent call last): | TypeError: iteration over a 0-d array|614 """"""Raise a ValueError if X has 64bit indices and accept_large_sparse=False|from ..exceptions import NonBLASDotWarning | from ..exceptions import NotFittedError | from ..exceptions import DataConversionWarning | raise ValueError(msg_err.format(type_err, X.dtype)) | """"""Throw a ValueError if X contains NaN or infinity. | raise TypeError('Expected sequence or array-like, got ' | raise TypeErro...|sklearn/preprocessing/tests/test_data.py::test_scale_sparse_with_mean_raise_exception PASSED [ 40%]|sklearn/utils/tests/test_validation.py::test_check_array_accept_large_sparse_raise_exception[coo] PASSED [ 57%] | sklearn/utils/tests/test_validation.py::test_check_array_accept_large_sparse_raise_exception[bsr] PASSED [ 58%]|Fixed the `TypeError: iteration over a 0-d array` bug when calling `preprocessing.scale` on a `pandas.Series`. | Later, the code tried to do `set(dtypes_orig)` which requires iterating over the array. Iterating over a 0-d array raises `TypeError: iteration over a 0-d array`.","TypeError: ""iteration over a 0-d array"" when trying to preprocessing.scale a pandas.Series|<!-- Please paste or specifically describe the actual output or traceback. -->|TypeError Traceback (most recent call last)|TypeError: iteration over a 0-d array",0,1,1,/home/shashwatsuthar/research/openhands-adp-memory/analysis/contextbench_posthoc/20260606_220027/remote/execution_full_qwen36_65k_fix1_minimal/scikit-learn__scikit-learn-12622/no_memory
scikit-learn__scikit-learn-12622,raw,"```python-traceback|24→from ..exceptions import NonBLASDotWarning|25→from ..exceptions import NotFittedError|26→from ..exceptions import DataConversionWarning|print(f""Import error: {e}"")|SyntaxError: invalid syntax|Import error: No module named pandas|Traceback (most recent call last):|ImportError: No module named pandas|Import error: No module named 'sklearn.utils.murmurhash","sklearn/exceptions.py|148 raise ValueError( | 152 raise ValueError(""Can only scale sparse matrix on axis=0, ""|24 from ..exceptions import NonBLASDotWarning | 25 from ..exceptions import NotFittedError | 26 from ..exceptions import DataConversionWarning | 56 raise ValueError(msg_err.format(type_err, X.dtype)) | 60 """"""Throw a ValueError if X contains NaN or infinity.|500 raise ValueError('force_all_finite should be a bool or ""allow-nan""' | 529 raise ValueError(""Complex data not supported/n"" | 535 # and we need to catch and raise exception for such cases. | 541 raise ValueError( | 548 raise ValueError( | 569 raise ValueError(""Found array with dim %d. %s expected <= 2."" | 579 rais...|except Exception as e: | print('Error:', type(e).__name__, str(e)) | Error: TypeError iteration over a 0-d array|Traceback (most recent call last): | ModuleNotFoundError: No module named 'sklearn.__check_build._check_build' | During handling of the above exception, another exception occurred: | Traceback (most recent call last): | ImportError: No module named 'sklearn.__check_build._check_build|Traceback (most recent call last): | TypeError: iteration over a 0-d array|from ..exceptions import NonBLASDotWarning | from ..exceptions import NotFittedError | from ..exceptions import DataConversionWarning | raise ValueError(msg_err.format(type_err, X.dtype)) | """"""Throw a ValueError if X contains NaN or infinity. | raise TypeError('Expected sequence or array-like, got ' | raise TypeErro...|sklearn/utils/tests/test_validation.py::test_check_array_accept_sparse_type_exception PASSED [ 44%] | sklearn/utils/tests/test_validation.py::test_check_array_accept_sparse_no_exception PASSED [ 46%] | sklearn/utils/tests/test_validation.py::test_check_array_accept_large_sparse_no_exception[csr] PASSED [ 47%] | skle...|sklearn/preprocessing/tests/test_data.py::test_scale_sparse_with_mean_raise_exception PASSED [ 40%]","TypeError: ""iteration over a 0-d array"" when trying to preprocessing.scale a pandas.Series|<!-- Please paste or specifically describe the actual output or traceback. -->|TypeError Traceback (most recent call last)|TypeError: iteration over a 0-d array",1,1,1,/home/shashwatsuthar/research/openhands-adp-memory/analysis/contextbench_posthoc/20260606_220027/remote/execution_full_qwen36_65k_fix1_minimal/scikit-learn__scikit-learn-12622/raw
scikit-learn__scikit-learn-12622,adp,"```python-traceback|24→from ..exceptions import NonBLASDotWarning|25→from ..exceptions import NotFittedError|26→from ..exceptions import DataConversionWarning|print(f""Import error: {e}"")|SyntaxError: invalid syntax|Import error: No module named pandas|Traceback (most recent call last):|ImportError: No module named pandas|Import error: No module named 'sklearn.utils.murmurhash","587 raise ValueError(""Found array with %d feature(s) (shape=%s) while"" | 614 """"""Raise a ValueError if X has 64bit indices and accept_large_sparse=False|500 raise ValueError('force_all_finite should be a bool or ""allow-nan""'|Traceback (most recent call last): | ModuleNotFoundError: No module named 'sklearn.__check_build._check_build' | During handling of the above exception, another exception occurred: | Traceback (most recent call last): | ImportError: No module named 'sklearn.__check_build._check_build|Traceback (most recent call last): | TypeError: iteration over a 0-d array|except Exception as e: | print(' set(dtypes_s) ERROR:', e) | set(dtypes_s) ERROR: iteration over a 0-d array|from ..exceptions import NonBLASDotWarning | from ..exceptions import NotFittedError | from ..exceptions import DataConversionWarning | raise ValueError(msg_err.format(type_err, X.dtype)) | """"""Throw a ValueError if X contains NaN or infinity. | raise TypeError('Expected sequence or array-like, got ' | raise TypeErro...|614 """"""Raise a ValueError if X has 64bit indices and accept_large_sparse=False|Later, the code tried to do `set(dtypes_orig)`, which attempts to iterate over the 0-d array, causing the `TypeError: iteration over a 0-d array`.","TypeError: ""iteration over a 0-d array"" when trying to preprocessing.scale a pandas.Series|<!-- Please paste or specifically describe the actual output or traceback. -->|TypeError Traceback (most recent call last)|TypeError: iteration over a 0-d array",1,1,1,/home/shashwatsuthar/research/openhands-adp-memory/analysis/contextbench_posthoc/20260606_220027/remote/execution_full_qwen36_65k_fix1_minimal/scikit-learn__scikit-learn-12622/adp
scikit-learn__scikit-learn-12622,memory,"```python-traceback|- Traceback (most recent call last):|- ModuleNotFoundError: No module named 'sklearn.utils.murmurhash|- ImportError: No module named pandas|24→from ..exceptions import NonBLASDotWarning|25→from ..exceptions import NotFittedError|26→from ..exceptions import DataConversionWarning|print(f""Import error: {e}"")|SyntaxError: invalid syntax|Import error: No module named pandas","sklearn/exceptions.py|24 from ..exceptions import NonBLASDotWarning | 25 from ..exceptions import NotFittedError | 26 from ..exceptions import DataConversionWarning | 56 raise ValueError(msg_err.format(type_err, X.dtype)) | 60 """"""Throw a ValueError if X contains NaN or infinity. | 131 raise TypeError('Expected sequence or array-like, got...|500 raise ValueError('force_all_finite should be a bool or ""allow-nan""' | 529 raise ValueError(""Complex data not supported/n"" | 535 # and we need to catch and raise exception for such cases. | 541 raise ValueError( | 548 raise ValueError( | 569 raise ValueError(""Found array with dim %d. %s expected <= 2."" | 579 rais...|Traceback (most recent call last): | ModuleNotFoundError: No module named 'sklearn.__check_build._check_build' | During handling of the above exception, another exception occurred: | Traceback (most recent call last): | ImportError: No module named 'sklearn.__check_build._check_build|except TypeError as e: | print('TypeError:', e) | Traceback (most recent call last): | ModuleNotFoundError: No module named 'sklearn.utils.murmurhash|error: subprocess-exited-with-error | Traceback (most recent call last): | ModuleNotFoundError: No module named 'sklearn.utils.murmurhash|148 raise ValueError( | 152 raise ValueError(""Can only scale sparse matrix on axis=0, ""|from ..exceptions import NonBLASDotWarning | from ..exceptions import NotFittedError | from ..exceptions import DataConversionWarning | raise ValueError(msg_err.format(type_err, X.dtype)) | """"""Throw a ValueError if X contains NaN or infinity. | raise TypeError('Expected sequence or array-like, got ' | raise TypeErro...|print('SUCCESS: No TypeError raised') | except TypeError as e: | print('FAILED: TypeError:', e) | print('SUCCESS: No TypeError raised') | except TypeError as e: | print('FAILED: TypeError:', e) | print('SUCCESS: No TypeError raised') | except TypeError as e: | print('FAILED: TypeError:', e) | Traceback (most recent ...|except TypeError as e: | print(' ERROR:', e) | Traceback (most recent call last): | TypeError: iteration over a 0-d array","TypeError: ""iteration over a 0-d array"" when trying to preprocessing.scale a pandas.Series|<!-- Please paste or specifically describe the actual output or traceback. -->|TypeError Traceback (most recent call last)|TypeError: iteration over a 0-d array",1,1,1,/home/shashwatsuthar/research/openhands-adp-memory/analysis/contextbench_posthoc/20260606_220027/remote/execution_full_qwen36_65k_fix1_minimal/scikit-learn__scikit-learn-12622/memory
scikit-learn__scikit-learn-13771,no_memory,,"69 raise AttributeError('Invalid `estimators` attribute, `estimators`' | 75 raise ValueError('Number of `estimators` and weights must be equal' | 84 raise ValueError('Underlying estimator /'%s/' does not' | 92 raise ValueError('All estimators are None. At least one is ' | 212 raise ValueError(""Voting must be 'soft' ...|10 from sklearn.exceptions import NotFittedError | 42 assert_raise_message(AttributeError, msg, eclf.fit, X, y) | 48 assert_raise_message(ValueError, msg, eclf.fit, X, y) | 53 assert_raise_message(ValueError, msg, eclf.fit, X, y) | 58 assert_raise_message(ValueError, msg, eclf.fit, X, y) | 62 assert_raise_message(Va...|64 raise ValueError('Names provided are not unique: ' | 68 raise ValueError('Estimator names conflict with constructor ' | 72 raise ValueError('Estimator names must not contain __: got ' | 79 Using this class to create a decorator will raise an ``AttributeError``|69 raise AttributeError('Invalid `estimators` attribute, `estimators`' | 75 raise ValueError('Number of `estimators` and weights must be equal' | 84 raise ValueError('Underlying estimator /'%s/' does not' | 92 raise ValueError('All estimators are None. At least one is |70 raise AttributeError('Invalid `estimators` attribute, `estimators`' | 76 raise ValueError('Number of `estimators` and weights must be equal' | 85 raise ValueError('Underlying estimator /'%s/' does not' | 93 raise ValueError('All estimators are None. At least one is |raise ValueError('All estimators are None. At least one is ' | raise ValueError('All estimators are None or 'drop'. At least one is |raise ValueError('All estimators are None. At least one is '"", | ""raise ValueError('All estimators are None or 'drop'. At least one is |314 raise AttributeError(""predict_proba is not available when""|70 raise AttributeError('Invalid `estimators` attribute, `estimators`' | 76 raise ValueError('Number of `estimators` and weights must be equal' | 85 raise ValueError('Underlying estimator /'%s/' does not' | 93 raise ValueError('All estimators are None or 'drop'. At least one is |254 AttributeError, | 273 except NotImplementedError:",,0,0,0,/home/shashwatsuthar/research/openhands-adp-memory/analysis/contextbench_posthoc/20260606_220027/remote/execution_full_qwen36_65k_fix1_minimal/scikit-learn__scikit-learn-13771/no_memory
scikit-learn__scikit-learn-13771,raw,"AttributeError: 'NoneType' object has no attribute 'fit'|print(f""ERROR: {e}"")|SyntaxError: invalid syntax|Traceback (most recent call last):|raise AttributeError(__former_attrs__[attr])|AttributeError: module 'numpy' has no attribute 'int'.|10→from sklearn.exceptions import NotFittedError|40→ assert_raise_message(AttributeError, msg, eclf.fit, X, y)|433→ ValueError, msg, eclf2.set_params(lr=None, rf=None, nb=None).fit, X, y)|ERROR: not found: ./swebench_9_15/testbed/sklearn/ensemble/tests/test_voting.py::test_none_estimator_with_weights","sklearn/exceptions.py|69 raise AttributeError('Invalid `estimators` attribute, `estimators`' | 75 raise ValueError('Number of `estimators` and weights must be equal' | 84 raise ValueError('Underlying estimator /'%s/' does not' | 92 raise ValueError('All estimators are None. At least one is ' | 212 raise ValueError(""Voting must be 'soft' ...|10 from sklearn.exceptions import NotFittedError | 42 assert_raise_message(AttributeError, msg, eclf.fit, X, y) | 48 assert_raise_message(ValueError, msg, eclf.fit, X, y) | 53 assert_raise_message(ValueError, msg, eclf.fit, X, y) | 58 assert_raise_message(ValueError, msg, eclf.fit, X, y) | 62 assert_raise_message(Va...|raise AttributeError('Invalid `estimators` attribute, `estimators`' | raise ValueError('Number of `estimators` and weights must be equal' | raise ValueError('Underlying estimator /'%s/' does not' | raise ValueError('All estimators are None. At least one is ' | raise ValueError(""Voting must be 'soft' or 'hard'; got (...|74 raise AttributeError('Invalid `estimators` attribute, `estimators`' | 80 raise ValueError('Number of `estimators` and weights must be equal' | 89 raise ValueError('Underlying estimator /'%s/' does not' | 97 raise ValueError('All estimators are None. At least one is |raise ValueError('Underlying estimator /'%s/' does not' | raise ValueError('All estimators are None. At least one is |raise ValueError('Underlying estimator /'%s/' does not'$ | raise ValueError('All estimators are None. At least one is '$|89 raise ValueError('Underlying estimator /'%s/' does not' | raise AttributeError('Invalid `estimators` attribute, `estimators`' | raise ValueError('Number of `estimators` and weights must be equal' | raise ValueError('Underlying estimator /'%s/' does not' | raise ValueError('All estimators are None. At least one is...|97 raise ValueError('All estimators are None. At least one is ' | raise AttributeError('Invalid `estimators` attribute, `estimators`' | raise ValueError('Number of `estimators` and weights must be equal' | raise ValueError('Underlying estimator /'%s/' does not' | raise ValueError('All estimators are None. At least o...|print("" ✗ Should have raised ValueError"") | except ValueError as e: | print(f"" ✓ Correctly raised ValueError: {e}"")",,1,1,0,/home/shashwatsuthar/research/openhands-adp-memory/analysis/contextbench_posthoc/20260606_220027/remote/execution_full_qwen36_65k_fix1_minimal/scikit-learn__scikit-learn-13771/raw
scikit-learn__scikit-learn-13771,adp,"AttributeError: 'NoneType' object has no attribute 'fit'|print(f""ERROR: {e}"")|SyntaxError: invalid syntax|Traceback (most recent call last):|raise AttributeError(__former_attrs__[attr])|AttributeError: module 'numpy' has no attribute 'int'.|10→from sklearn.exceptions import NotFittedError|40→ assert_raise_message(AttributeError, msg, eclf.fit, X, y)|433→ ValueError, msg, eclf2.set_params(lr=None, rf=None, nb=None).fit, X, y)|ERROR: not found: ./swebench_9_15/testbed/sklearn/ensemble/tests/test_voting.py::test_none_estimator_with_weights","sklearn/exceptions.py|69 raise AttributeError('Invalid `estimators` attribute, `estimators`' | 75 raise ValueError('Number of `estimators` and weights must be equal' | 84 raise ValueError('Underlying estimator /'%s/' does not' | 92 raise ValueError('All estimators are None. At least one is ' | 212 raise ValueError(""Voting must be 'soft' ...|10 from sklearn.exceptions import NotFittedError | 42 assert_raise_message(AttributeError, msg, eclf.fit, X, y) | 48 assert_raise_message(ValueError, msg, eclf.fit, X, y) | 53 assert_raise_message(ValueError, msg, eclf.fit, X, y) | 58 assert_raise_message(ValueError, msg, eclf.fit, X, y) | 62 assert_raise_message(Va...|raise AttributeError('Invalid `estimators` attribute, `estimators`' | raise ValueError('Number of `estimators` and weights must be equal' | raise ValueError('Underlying estimator /'%s/' does not' | raise ValueError('All estimators are None. At least one is ' | raise ValueError(""Voting must be 'soft' or 'hard'; got (...|71 raise AttributeError('Invalid `estimators` attribute, `estimators`' | 77 raise ValueError('Number of `estimators` and weights must be equal' | 86 raise ValueError('Underlying estimator /'%s/' does not' | 94 raise ValueError('All estimators are None. At least one is |87 raise ValueError('Underlying estimator /'%s/' does not' | 95 raise ValueError('All estimators are None or ""drop"". At least one is ' | raise AttributeError('Invalid `estimators` attribute, `estimators`' | raise ValueError('Number of `estimators` and weights must be equal' | raise ValueError('Underlying estimator /...|raise AttributeError('Invalid `estimators` attribute, `estimators`' | raise ValueError('Number of `estimators` and weights must be equal' | raise ValueError('Underlying estimator /'%s/' does not' | raise ValueError('All estimators are None or ""drop"". At least one is ' | raise ValueError(""Voting must be 'soft' or 'ha...|316 raise AttributeError(""predict_proba is not available when""|350 assert_raise_message(ValueError, msg, eclf3.fit, X, y, sample_weight)|435 ValueError, msg, eclf2.set_params(lr=None, rf=None, nb=None).fit, X, y)",,1,1,0,/home/shashwatsuthar/research/openhands-adp-memory/analysis/contextbench_posthoc/20260606_220027/remote/execution_full_qwen36_65k_fix1_minimal/scikit-learn__scikit-learn-13771/adp
scikit-learn__scikit-learn-13771,memory,"AttributeError: 'NoneType' object has no attribute 'fit'|- Traceback (most recent call last):|- ERROR: not found: ./swebench_9_15/testbed/sklearn/ensemble/tests/test_voting.py::test_none_estimator_with_weights|- E AttributeError: module 'numpy' has no attribute 'float'.|print(f""ERROR: {e}"")|SyntaxError: invalid syntax|Traceback (most recent call last):|raise AttributeError(__former_attrs__[attr])|AttributeError: module 'numpy' has no attribute 'int'.|10→from sklearn.exceptions import NotFittedError","sklearn/exceptions.py|69 raise AttributeError('Invalid `estimators` attribute, `estimators`' | 75 raise ValueError('Number of `estimators` and weights must be equal' | 84 raise ValueError('Underlying estimator /'%s/' does not' | 92 raise ValueError('All estimators are None. At least one is ' | 212 raise ValueError(""Voting must be 'soft' ...|10 from sklearn.exceptions import NotFittedError | 42 assert_raise_message(AttributeError, msg, eclf.fit, X, y) | 48 assert_raise_message(ValueError, msg, eclf.fit, X, y) | 53 assert_raise_message(ValueError, msg, eclf.fit, X, y) | 58 assert_raise_message(ValueError, msg, eclf.fit, X, y) | 62 assert_raise_message(Va...|350 assert_raise_message(ValueError, msg, eclf3.fit, X, y, sample_weight) | 435 ValueError, msg, eclf2.set_params(lr=None, rf=None, nb=None).fit, X, y)|raise AttributeError('Invalid `estimators` attribute, `estimators`' | raise ValueError('Number of `estimators` and weights must be equal' | raise ValueError('Underlying estimator /'%s/' does not' | raise ValueError('All estimators are None. At least one is ' | raise ValueError(""Voting must be 'soft' or 'hard'; got (...|80 raise AttributeError('Invalid `estimators` attribute, `estimators`' | 86 raise ValueError('Number of `estimators` and weights must be equal' | 95 raise ValueError('Underlying estimator /'%s/' does not' | 103 raise ValueError('All estimators are None. At least one is |raise ValueError('Underlying estimator /'%s/' does not' | raise ValueError('All estimators are None. At least one is |raise ValueError('Underlying estimator /'%s/' does not'$ | raise ValueError('All estimators are None. At least one is '$|95 raise ValueError('Underlying estimator /'%s/' does not' | 103 raise ValueError('All estimators are None. At least one is ' | raise AttributeError('Invalid `estimators` attribute, `estimators`' | raise ValueError('Number of `estimators` and weights must be equal' | raise ValueError('Underlying estimator /'%s/' doe...|print(' ERROR: Should have raised ValueError') | except ValueError as e: | print(f' Test 6 - All dropped raises ValueError: {e}') | Traceback (most recent call last): | ModuleNotFoundError: No module named 'sklearn.__check_build._check_build' | During handling of the above exception, another exception occurred: | Tr...",,1,1,0,/home/shashwatsuthar/research/openhands-adp-memory/analysis/contextbench_posthoc/20260606_220027/remote/execution_full_qwen36_65k_fix1_minimal/scikit-learn__scikit-learn-13771/memory
scikit-learn__scikit-learn-15093,no_memory,,"sklearn/exceptions.py|474 raise ValueError('force_all_finite should be a bool or ""allow-nan""'|513 raise ValueError(""Complex data not supported/n"" | 519 # and we need to catch and raise exception for such cases. | 525 raise ValueError( | 532 raise ValueError( | 553 raise ValueError(""Found array with dim %d. %s expected <= 2.|Traceback (most recent call last): | ModuleNotFoundError: No module named 'sklearn.__check_build._check_build' | During handling of the above exception, another exception occurred: | Traceback (most recent call last): | ImportError: No module named 'sklearn.__check_build._check_build|error: can't create or remove files in install directory|Traceback (most recent call last): | ModuleNotFoundError: No module named 'sklearn.utils.murmurhash|478 raise ValueError('force_all_finite should be a bool or ""allow-nan""' | from ..exceptions import NonBLASDotWarning | from ..exceptions import NotFittedError | from ..exceptions import DataConversionWarning | raise ValueError( | raise ValueError(""Input contains NaN"") | """"""Throw a ValueError if X contains NaN or inf...|ERROR: file or directory not found: sklearn/tests/test_validation.py|sklearn/utils/tests/test_validation.py::test_check_array_accept_sparse_type_exception PASSED [ 45%] | sklearn/utils/tests/test_validation.py::test_check_array_accept_sparse_no_exception PASSED [ 46%] | sklearn/utils/tests/test_validation.py::test_check_array_accept_large_sparse_no_exception[csr] PASSED [ 47%] | skle...|sklearn/utils/tests/test_validation.py::test_check_memory FAILED [100%] | E AttributeError: 'Memory' object has no attribute 'cachedir' | ======================== 1 failed, 34 warnings in 0.12s ========================",,0,0,0,/home/shashwatsuthar/research/openhands-adp-memory/analysis/contextbench_posthoc/20260606_220027/remote/execution_full_qwen36_65k_fix1_minimal/scikit-learn__scikit-learn-15093/no_memory
scikit-learn__scikit-learn-15093,raw,"```python-traceback|24→from ..exceptions import NonBLASDotWarning|25→from ..exceptions import NotFittedError|26→from ..exceptions import DataConversionWarning|print(f""Import error: {e}"")|SyntaxError: invalid syntax|Import error: No module named pandas|Traceback (most recent call last):|ImportError: No module named pandas|Import error: No module named 'sklearn.utils.murmurhash","sklearn/exceptions.py|474 raise ValueError('force_all_finite should be a bool or ""allow-nan""' | 513 raise ValueError(""Complex data not supported/n"" | 519 # and we need to catch and raise exception for such cases. | 525 raise ValueError( | 532 raise ValueError( | 553 raise ValueError(""Found array with dim %d. %s expected <= 2."" | 563 rais...|Traceback (most recent call last): | ModuleNotFoundError: No module named 'sklearn.__check_build._check_build' | During handling of the above exception, another exception occurred: | Traceback (most recent call last): | ImportError: No module named 'sklearn.__check_build._check_build|474 raise ValueError('force_all_finite should be a bool or ""allow-nan""'|484 raise ValueError('force_all_finite should be a bool or ""allow-nan""' | from ..exceptions import NonBLASDotWarning | from ..exceptions import NotFittedError | from ..exceptions import DataConversionWarning | raise ValueError( | raise ValueError(""Input contains NaN"") | """"""Throw a ValueError if X contains NaN or inf...|E ImportError: cannot import name 'cd_fast' from 'sklearn.linear_model' (/testbed/sklearn/linear_model/__init__.py)|from sklearn.exceptions import DataConversionWarning | print(""✗ SOME TESTS FAILED"")|except Exception as e: | print(f"" Error: {e}"") | except ValueError as e: | test_case(""Complex DataFrame raises ValueError"", True) | print(""✗ SOME EDGE CASE TESTS FAILED"") | Error: Found array with 0 sample(s) (shape=(0, 2)) while a minimum of 1 is required. | Traceback (most recent call last): | ValueError: Input co...|except Exception as e: | print(f"" Error: {e}"") | test_case(""Complex DataFrame raises ValueError"", False) | except ValueError as e: | test_case(""Complex DataFrame raises ValueError"", True) | print(""✗ SOME EDGE CASE TESTS FAILED"") | Traceback (most recent call last): | ValueError: Input contains NaN, infinity or a val...|except Exception as e: | print(f"" Error: {e}"") | test_case(""Complex DataFrame raises ValueError"", False) | except ValueError as e: | test_case(""Complex DataFrame raises ValueError"", True) | print(""✗ SOME EDGE CASE TESTS FAILED"") | Traceback (most recent call last): | ValueError: Input contains infinity or a value to...",,1,1,0,/home/shashwatsuthar/research/openhands-adp-memory/analysis/contextbench_posthoc/20260606_220027/remote/execution_full_qwen36_65k_fix1_minimal/scikit-learn__scikit-learn-15093/raw
scikit-learn__scikit-learn-15093,adp,"```python-traceback|24→from ..exceptions import NonBLASDotWarning|25→from ..exceptions import NotFittedError|26→from ..exceptions import DataConversionWarning|print(f""Import error: {e}"")|SyntaxError: invalid syntax|Import error: No module named pandas|Traceback (most recent call last):|ImportError: No module named pandas|Import error: No module named 'sklearn.utils.murmurhash","sklearn/exceptions.py|474 raise ValueError('force_all_finite should be a bool or ""allow-nan""' | 513 raise ValueError(""Complex data not supported/n"" | 519 # and we need to catch and raise exception for such cases. | 525 raise ValueError( | 532 raise ValueError(|474 raise ValueError('force_all_finite should be a bool or ""allow-nan""'|Traceback (most recent call last): | ModuleNotFoundError: No module named 'sklearn.__check_build._check_build' | During handling of the above exception, another exception occurred: | Traceback (most recent call last): | ImportError: No module named 'sklearn.__check_build._check_build|from ..exceptions import NonBLASDotWarning | from ..exceptions import NotFittedError | from ..exceptions import DataConversionWarning | raise ValueError( | raise ValueError(""Input contains NaN"") | """"""Throw a ValueError if X contains NaN or infinity. | raise TypeError(message) | raise TypeError(message) | raise TypeE...|E ImportError: cannot import name 'cd_fast' from 'sklearn.linear_model' (/testbed/sklearn/linear_model/__init__.py)|E ImportError: cannot import name 'cd_fast' from 'sklearn.linear_model' (/testbed/sklearn/linear_model/__init__.py) | E ImportError: cannot import name 'cd_fast' from 'sklearn.linear_model' (/testbed/sklearn/linear_model/__init__.py) | E ImportError: cannot import name 'cd_fast' from 'sklearn.linear_model' (/testbed...|print(""SOME TESTS FAILED!"") | Traceback (most recent call last): | raise TypeError('A sparse matrix was passed, but dense ' | TypeError: A sparse matrix was passed, but dense data is required. Use X.toarray() to convert to a dense numpy array.|print(""SOME TESTS FAILED!"")",,1,1,1,/home/shashwatsuthar/research/openhands-adp-memory/analysis/contextbench_posthoc/20260606_220027/remote/execution_full_qwen36_65k_fix1_minimal/scikit-learn__scikit-learn-15093/adp
scikit-learn__scikit-learn-15093,memory,"```python-traceback|- Traceback (most recent call last):|- ModuleNotFoundError: No module named 'sklearn.utils.murmurhash|- ImportError: No module named pandas|24→from ..exceptions import NonBLASDotWarning|25→from ..exceptions import NotFittedError|26→from ..exceptions import DataConversionWarning|print(f""Import error: {e}"")|SyntaxError: invalid syntax|Import error: No module named pandas","sklearn/exceptions.py|474 raise ValueError('force_all_finite should be a bool or ""allow-nan""' | 513 raise ValueError(""Complex data not supported/n"" | 519 # and we need to catch and raise exception for such cases. | 525 raise ValueError( | 532 raise ValueError( | 553 raise ValueError(""Found array with dim %d. %s expected <= 2."" | 563 rais...|print('Test PASSED!' if scaled.dtype == np.float32 else 'Test FAILED!') | print('Test PASSED!' if scaled64.dtype == np.float64 else 'Test FAILED!')|Traceback (most recent call last): | ModuleNotFoundError: No module named 'sklearn.__check_build._check_build' | During handling of the above exception, another exception occurred: | Traceback (most recent call last): | ImportError: No module named 'sklearn.__check_build._check_build|Traceback (most recent call last): | ModuleNotFoundError: No module named 'sklearn.utils.murmurhash|error: subprocess-exited-with-error | error: can't create or remove files in install directory | error: subprocess-exited-with-error | error: can't create or remove files in install directory|540 This does not work (and will raise an exception) when attempted on|685 raise ValueError(|474 raise ValueError('force_all_finite should be a bool or ""allow-nan""'|483 raise ValueError('force_all_finite should be a bool or ""allow-nan""' | from ..exceptions import NonBLASDotWarning | from ..exceptions import NotFittedError | from ..exceptions import DataConversionWarning | raise ValueError( | raise ValueError(""Input contains NaN"") | """"""Throw a ValueError if X contains NaN or inf...",,1,1,0,/home/shashwatsuthar/research/openhands-adp-memory/analysis/contextbench_posthoc/20260606_220027/remote/execution_full_qwen36_65k_fix1_minimal/scikit-learn__scikit-learn-15093/memory
scikit-learn__scikit-learn-25365,no_memory,,"sklearn/exceptions.py|28 # mypy error: Module 'sklearn.manifold' has no attribute '_utils' | 31 # mypy error: Module 'sklearn.manifold' has no attribute '_barnes_hut_tsne' | 161 compute_error: bool, default=True | 186 if compute_error|# mypy error: Module 'sklearn.manifold' has no attribute '_utils' | # mypy error: Module 'sklearn.manifold' has no attribute '_barnes_hut_tsne' | compute_error: bool, default=True | if compute_error: | compute_error: bool, default=True | if error < best_error: | raise ValueError( | raise ValueError(""perplexity must ...|Traceback (most recent call last): | ModuleNotFoundError: No module named 'sklearn.__check_build._check_build' | During handling of the above exception, another exception occurred: | Traceback (most recent call last): | raise ImportError( | ImportError: No module named 'sklearn.__check_build._check_build|Traceback (most recent call last): | AttributeError: 'DataFrame' object has no attribute 'ravel'|ERROR: usage: __main__.py [options] [file_or_dir] [file_or_dir] [...] | __main__.py: error: unrecognized arguments: --timeout=60","TypeError Traceback (most recent call last)|3804 except KeyError as err:|TypeError: '(slice(None, None, None), 0)' is an invalid key|During handling of the above exception, another exception occurred:|InvalidIndexError Traceback (most recent call last)|3805 raise KeyError(key) from err|3806 except TypeError:|3809 # the TypeError.|InvalidIndexError: (slice(None, None, None), 0)",0,1,1,/home/shashwatsuthar/research/openhands-adp-memory/analysis/contextbench_posthoc/20260606_220027/remote/execution_full_qwen36_65k_fix1_minimal/scikit-learn__scikit-learn-25365/no_memory
scikit-learn__scikit-learn-25365,raw,"E ValueError: could not broadcast input array from shape (20,1) into shape (20,)|sklearn/utils/validation.py-1175- ValueError|No matches found|SyntaxError: invalid syntax|Traceback (most recent call last):|ModuleNotFoundError: No module named 'sklearn.__check_build._check_build|During handling of the above exception, another exception occurred:|raise ImportError(|ImportError: No module named 'sklearn.__check_build._check_build","sklearn/exceptions.py|Traceback (most recent call last): | ModuleNotFoundError: No module named 'sklearn.__check_build._check_build' | During handling of the above exception, another exception occurred: | Traceback (most recent call last): | raise ImportError( | ImportError: No module named 'sklearn.__check_build._check_build|error: subprocess-exited-with-error | error: can't create or remove files in install directory|Traceback (most recent call last): | TypeError: '(slice(None, None, None), 0)' is an invalid key | During handling of the above exception, another exception occurred: | Traceback (most recent call last): | pandas.errors.InvalidIndexError: (slice(None, None, None), 0)|# mypy error: Module 'sklearn.manifold' has no attribute '_utils' | # mypy error: Module 'sklearn.manifold' has no attribute '_barnes_hut_tsne' | compute_error: bool, default=True | if compute_error: | compute_error: bool, default=True | if error < best_error: | raise ValueError( | raise ValueError(""perplexity must ...|ERROR: usage: __main__.py [options] [file_or_dir] [file_or_dir] [...] | __main__.py: error: unrecognized arguments: --timeout=180|489 ValueError, | 498 with pytest.raises(TypeError, match=""PCA initialization.*""): | 505 with pytest.raises(ValueError, match=""'n_components' should be .*"")|498 with pytest.raises(TypeError, match=""PCA initialization.*""): | 519 with pytest.raises(ValueError, match=""'n_components' should be .*""): | from sklearn.exceptions import EfficiencyWarning | # mypy error: Module 'sklearn.manifold' has no attribute '_barnes_hut_tsne' | with pytest.raises(ValueError, match=regex): |...|from sklearn.exceptions import EfficiencyWarning | # mypy error: Module 'sklearn.manifold' has no attribute '_barnes_hut_tsne|sklearn/manifold/tests/test_t_sne.py::test_tsne_pca_init_with_pandas_output FAILED [100%] | E NameError: name 'sklearn' is not defined | ============================== 1 failed in 0.23s ===============================","TypeError Traceback (most recent call last)|3804 except KeyError as err:|TypeError: '(slice(None, None, None), 0)' is an invalid key|During handling of the above exception, another exception occurred:|InvalidIndexError Traceback (most recent call last)|3805 raise KeyError(key) from err|3806 except TypeError:|3809 # the TypeError.|InvalidIndexError: (slice(None, None, None), 0)",1,1,1,/home/shashwatsuthar/research/openhands-adp-memory/analysis/contextbench_posthoc/20260606_220027/remote/execution_full_qwen36_65k_fix1_minimal/scikit-learn__scikit-learn-25365/raw
scikit-learn__scikit-learn-25365,adp,"sklearn/utils/validation.py-1175- ValueError|No matches found|SyntaxError: invalid syntax|Traceback (most recent call last):|ModuleNotFoundError: No module named 'sklearn.__check_build._check_build|During handling of the above exception, another exception occurred:|raise ImportError(|ImportError: No module named 'sklearn.__check_build._check_build","sklearn/exceptions.py|Traceback (most recent call last): | ModuleNotFoundError: No module named 'sklearn.__check_build._check_build' | During handling of the above exception, another exception occurred: | Traceback (most recent call last): | raise ImportError( | ImportError: No module named 'sklearn.__check_build._check_build|error: subprocess-exited-with-error | error: can't create or remove files in install directory|Traceback (most recent call last): | TypeError: '(slice(None, None, None), 0)' is an invalid key | During handling of the above exception, another exception occurred: | Traceback (most recent call last): | pandas.errors.InvalidIndexError: (slice(None, None, None), 0)","TypeError Traceback (most recent call last)|3804 except KeyError as err:|TypeError: '(slice(None, None, None), 0)' is an invalid key|During handling of the above exception, another exception occurred:|InvalidIndexError Traceback (most recent call last)|3805 raise KeyError(key) from err|3806 except TypeError:|3809 # the TypeError.|InvalidIndexError: (slice(None, None, None), 0)",1,1,0,/home/shashwatsuthar/research/openhands-adp-memory/analysis/contextbench_posthoc/20260606_220027/remote/execution_full_qwen36_65k_fix1_minimal/scikit-learn__scikit-learn-25365/adp
scikit-learn__scikit-learn-25365,memory,"E ValueError: could not broadcast input array from shape (20,1) into shape (20,)|- Traceback (most recent call last):|- ModuleNotFoundError: No module named 'sklearn.__check_build._check_build|- ImportError: No module named 'sklearn.__check_build._check_build|No matches found|SyntaxError: invalid syntax|Traceback (most recent call last):|ModuleNotFoundError: No module named 'sklearn.__check_build._check_build|During handling of the above exception, another exception occurred:|raise ImportError(","sklearn/exceptions.py|28 # mypy error: Module 'sklearn.manifold' has no attribute '_utils' | 31 # mypy error: Module 'sklearn.manifold' has no attribute '_barnes_hut_tsne' | 161 compute_error: bool, default=True | 186 if compute_error|except Exception as e: | print('ERROR:', type(e).__name__, e) | Traceback (most recent call last): | ModuleNotFoundError: No module named 'sklearn.__check_build._check_build' | During handling of the above exception, another exception occurred: | Traceback (most recent call last): | raise ImportError( | ImportError:...|except Exception as e: | print('ERROR:', type(e).__name__, e) | ERROR: InvalidIndexError (slice(None, None, None), 0)|# mypy error: Module 'sklearn.manifold' has no attribute '_utils' | # mypy error: Module 'sklearn.manifold' has no attribute '_barnes_hut_tsne' | compute_error: bool, default=True | if compute_error: | compute_error: bool, default=True | if error < best_error: | raise ValueError( | raise ValueError(""perplexity must ...|ERROR: usage: __main__.py [options] [file_or_dir] [file_or_dir] [...] | __main__.py: error: unrecognized arguments: --timeout=120","TypeError Traceback (most recent call last)|3804 except KeyError as err:|TypeError: '(slice(None, None, None), 0)' is an invalid key|During handling of the above exception, another exception occurred:|InvalidIndexError Traceback (most recent call last)|3805 raise KeyError(key) from err|3806 except TypeError:|3809 # the TypeError.|InvalidIndexError: (slice(None, None, None), 0)",1,1,1,/home/shashwatsuthar/research/openhands-adp-memory/analysis/contextbench_posthoc/20260606_220027/remote/execution_full_qwen36_65k_fix1_minimal/scikit-learn__scikit-learn-25365/memory
scikit-learn__scikit-learn-25578,no_memory,,"sklearn/exceptions.py|45 from ..exceptions import UndefinedMetricWarning | 55 raise ValueError( | 64 ValueError for a mix of multilabel and multiclass targets, a mix of | 96 raise ValueError(|290 raise ValueError( | 296 raise ValueError(""y cannot be class 'SparseSeries' or 'SparseArray'"") | 301 # DeprecationWarning will be replaced by ValueError, see NEP 34 | 310 except (np.VisibleDeprecationWarning, ValueError): | 322 raise ValueError( | 329 except IndexError|385 raise ValueError(""classes must be passed on the first call to partial_fit."") | 390 raise ValueError(|Traceback (most recent call last): | ModuleNotFoundError: No module named 'sklearn.__check_build._check_build' | During handling of the above exception, another exception occurred: | Traceback (most recent call last): | raise ImportError( | ImportError: No module named 'sklearn.__check_build._check_build|error: can't create or remove files in install directory|ERROR: Exception: | Traceback (most recent call last): | OSError: [Errno 18] Invalid cross-device link: '/contextbench_run/.tmp/pip-target-nuv0f2ni/lib/python/numpy-1.24.4.dist-info' -> '/opt/conda/envs/testbed/lib/python3.8/site-packages/numpy-1.24.4.dist-info' | During handling of the above exception, another exce...|296 raise ValueError(""y cannot be class 'SparseSeries' or 'SparseArray'"") | 308 # DeprecationWarning will be replaced by ValueError, see NEP 34 | 317 except (np.VisibleDeprecationWarning, ValueError): | raise ValueError(""No argument has been passed."") | raise ValueError(""Mix type of y not allowed, got types %s"" % ys...|Traceback (most recent call last): | raise TypeError(""Need to pass bool-like values"") | TypeError: Need to pass bool-like values|179 with pytest.raises(ValueError): | 199 with pytest.raises(ValueError)","- If `y_true` and `y_pred` are both nullable types: `ValueError: unknown is not supported`|- it only one of `y_true` or `y_pred` is nullable and the other is non nullable : `ValueError: Classification metrics can't handle a mix of unknown and binary [or multiclass] targets`|- Some metrics such as `log_loss` result in a different error when `y_true` is nullable: `ValueError: Unknown label type: (0 1`|with pytest.raises(ValueError, match=""unknown is not supported"")|with pytest.raises(ValueError, match=""Classification metrics can't handle a mix of unknown and binary targets"")",0,1,0,/home/shashwatsuthar/research/openhands-adp-memory/analysis/contextbench_posthoc/20260606_220027/remote/execution_full_qwen36_65k_fix1_minimal/scikit-learn__scikit-learn-25578/no_memory
scikit-learn__scikit-learn-25578,raw,"I would like to be able to pass the nullable pandas dtypes (""Int64"", ""Float64"", ""boolean"") into sklearn's `unique_labels` function. Because the dtypes become `object` dtype when converted to numpy arrays we get `Value...|with pytest.raises(ValueError, match=""Mix type of y not allowed, got types"")|We should get the same behavior as when `int64`, `float64`, and `bool` dtypes are used, which is no error:|SyntaxError: invalid syntax|Traceback (most recent call last):|ModuleNotFoundError: No module named 'sklearn.__check_build._check_build|During handling of the above exception, another exception occurred:|raise ImportError(|ImportError: No module named 'sklearn.__check_build._check_build|78- raise ValueError(""No argument has been passed."")","sklearn/exceptions.py|45 from ..exceptions import UndefinedMetricWarning | 55 raise ValueError( | 64 ValueError for a mix of multilabel and multiclass targets, a mix of | 96 raise ValueError(|290 raise ValueError( | 296 raise ValueError(""y cannot be class 'SparseSeries' or 'SparseArray'"") | 301 # DeprecationWarning will be replaced by ValueError, see NEP 34 | 310 except (np.VisibleDeprecationWarning, ValueError): | 322 raise ValueError( | 329 except IndexError|385 raise ValueError(""classes must be passed on the first call to partial_fit."") | 390 raise ValueError(|Traceback (most recent call last): | ModuleNotFoundError: No module named 'sklearn.__check_build._check_build' | During handling of the above exception, another exception occurred: | Traceback (most recent call last): | raise ImportError( | ImportError: No module named 'sklearn.__check_build._check_build|except ValueError as e: | print(f"" unique_labels ERROR: {e}"") | except ValueError as e: | print(f"" accuracy_score(both nullable) ERROR: {e}"") | except ValueError as e: | print(f"" accuracy_score(one nullable) ERROR: {e}"") | unique_labels ERROR: Mix type of y not allowed, got types {'unknown', 'binary'} | accuracy_sco...|336 with pytest.raises(ValueError, match=msg): | 345 with pytest.raises(ValueError, match=msg)|raise ValueError(""No argument has been passed."") | raise ValueError(""Mix type of y not allowed, got types %s"" % ys_types) | raise ValueError( | raise ValueError(""Unknown label type: %s"" % repr(ys)) | raise ValueError(""Mix of label input types (string and number)"") | # DeprecationWarning will be replaced by ValueErro...|except ValueError as e: | print(f"" ✗ unique_labels ERROR: {e}"") | except ValueError as e: | print(f"" ✗ accuracy_score(both nullable) ERROR: {e}"") | except ValueError as e: | print(f"" ✗ accuracy_score(one nullable) ERROR: {e}"") | except ValueError as e: | print(f"" ✗ matthews_corrcoef(dtype={dtype}) ERROR: {e}"") | exc...|except ValueError as e: | print(f""4. log_loss with Int64 ERROR: {e}/n"") | Traceback (most recent call last): | TypeError: boolean value of NA is ambiguous","- If `y_true` and `y_pred` are both nullable types: `ValueError: unknown is not supported`|- it only one of `y_true` or `y_pred` is nullable and the other is non nullable : `ValueError: Classification metrics can't handle a mix of unknown and binary [or multiclass] targets`|- Some metrics such as `log_loss` result in a different error when `y_true` is nullable: `ValueError: Unknown label type: (0 1`|with pytest.raises(ValueError, match=""unknown is not supported"")|with pytest.raises(ValueError, match=""Classification metrics can't handle a mix of unknown and binary targets"")",1,1,0,/home/shashwatsuthar/research/openhands-adp-memory/analysis/contextbench_posthoc/20260606_220027/remote/execution_full_qwen36_65k_fix1_minimal/scikit-learn__scikit-learn-25578/raw
scikit-learn__scikit-learn-25578,adp,"I would like to be able to pass the nullable pandas dtypes (""Int64"", ""Float64"", ""boolean"") into sklearn's `unique_labels` function. Because the dtypes become `object` dtype when converted to numpy arrays we get `Value...|with pytest.raises(ValueError, match=""Mix type of y not allowed, got types"")|We should get the same behavior as when `int64`, `float64`, and `bool` dtypes are used, which is no error:|SyntaxError: invalid syntax|Traceback (most recent call last):|ModuleNotFoundError: No module named 'sklearn.__check_build._check_build|During handling of the above exception, another exception occurred:|raise ImportError(|ImportError: No module named 'sklearn.__check_build._check_build|78- raise ValueError(""No argument has been passed."")","sklearn/exceptions.py|45 from ..exceptions import UndefinedMetricWarning | 55 raise ValueError( | 64 ValueError for a mix of multilabel and multiclass targets, a mix of | 96 raise ValueError( | 107 raise ValueError(""{0} is not supported"".format(y_type)) | 115 except TypeError as e: | 120 raise TypeError( | 284 raise ValueError( | 295 rai...|sklearn/utils/multiclass.py:86: raise ValueError(""Mix type of y not allowed, got types %s"" % ys_types)|78 raise ValueError(""No argument has been passed."") | 86 raise ValueError(""Mix type of y not allowed, got types %s"" % ys_types) | 100 raise ValueError( | 107 raise ValueError(""Unknown label type: %s"" % repr(ys)) | 117 raise ValueError(""Mix of label input types (string and number)"") | 156 # DeprecationWarning will be...|Traceback (most recent call last): | ModuleNotFoundError: No module named 'sklearn.__check_build._check_build' | During handling of the above exception, another exception occurred: | Traceback (most recent call last): | raise ImportError( | ImportError: No module named 'sklearn.__check_build._check_build|error: can't create or remove files in install directory|290 raise ValueError( | 296 raise ValueError(""y cannot be class 'SparseSeries' or 'SparseArray'"") | 301 # DeprecationWarning will be replaced by ValueError, see NEP 34 | 310 except (np.VisibleDeprecationWarning, ValueError)|310 except (np.VisibleDeprecationWarning, ValueError)|322 raise ValueError( | 329 except IndexError:","- If `y_true` and `y_pred` are both nullable types: `ValueError: unknown is not supported`|- it only one of `y_true` or `y_pred` is nullable and the other is non nullable : `ValueError: Classification metrics can't handle a mix of unknown and binary [or multiclass] targets`|- Some metrics such as `log_loss` result in a different error when `y_true` is nullable: `ValueError: Unknown label type: (0 1`|with pytest.raises(ValueError, match=""unknown is not supported"")|with pytest.raises(ValueError, match=""Classification metrics can't handle a mix of unknown and binary targets"")",1,1,0,/home/shashwatsuthar/research/openhands-adp-memory/analysis/contextbench_posthoc/20260606_220027/remote/execution_full_qwen36_65k_fix1_minimal/scikit-learn__scikit-learn-25578/adp
scikit-learn__scikit-learn-25578,memory,"I would like to be able to pass the nullable pandas dtypes (""Int64"", ""Float64"", ""boolean"") into sklearn's `unique_labels` function. Because the dtypes become `object` dtype when converted to numpy arrays we get `Value...|with pytest.raises(ValueError, match=""Mix type of y not allowed, got types"")|We should get the same behavior as when `int64`, `float64`, and `bool` dtypes are used, which is no error:|- Traceback (most recent call last):|- ModuleNotFoundError: No module named 'sklearn.__check_build._check_build|- ImportError: No module named 'sklearn.__check_build._check_build|- ModuleNotFoundError: No module named 'sklearn.utils.murmurhash|- ImportError: cannot import name 'murmurhash3_32' from '<unknown module name>' (unknown location)|SyntaxError: invalid syntax|Traceback (most recent call last):","sklearn/exceptions.py|45 from ..exceptions import UndefinedMetricWarning | 55 raise ValueError( | 64 ValueError for a mix of multilabel and multiclass targets, a mix of | 96 raise ValueError(|107 raise ValueError(""{0} is not supported"".format(y_type)) | 115 except TypeError as e: | 120 raise TypeError(|78 raise ValueError(""No argument has been passed."") | 86 raise ValueError(""Mix type of y not allowed, got types %s"" % ys_types) | 100 raise ValueError( | 107 raise ValueError(""Unknown label type: %s"" % repr(ys)) | 117 raise ValueError(""Mix of label input types (string and number)"") | 156 # DeprecationWarning will be...|290 raise ValueError( | 296 raise ValueError(""y cannot be class 'SparseSeries' or 'SparseArray'"") | 301 # DeprecationWarning will be replaced by ValueError, see NEP 34 | 310 except (np.VisibleDeprecationWarning, ValueError)|310 except (np.VisibleDeprecationWarning, ValueError): | 322 raise ValueError( | 329 except IndexError|import traceback | except Exception as e: | print(f"" dtype={dtype:<10}, ERROR: {e}"") | traceback.print_exc() | except Exception as e: | print(f"" y_true dtype={dtype:<10}, y_pred dtype=float64 -> ERROR: {e}"") | traceback.print_exc() | except Exception as e: | print(f"" dtype={dtype:<10}, ERROR: {e}"") | traceback.print...|Import error: No module named 'sklearn.__check_build._check_build|performance hint: sklearn/utils/_cython_blas.pyx:165:16: Exception check after calling 'dger' will always require the GIL to be acquired. | 1. Declare 'dger' as 'noexcept' if you control the definition and you're sure you don't want the function to raise exceptions. | performance hint: sklearn/utils/_cython_blas.pyx...|Traceback (most recent call last): | AssertionError: Expected 'binary', got 'unknown' for dtype=Int64","- If `y_true` and `y_pred` are both nullable types: `ValueError: unknown is not supported`|- it only one of `y_true` or `y_pred` is nullable and the other is non nullable : `ValueError: Classification metrics can't handle a mix of unknown and binary [or multiclass] targets`|- Some metrics such as `log_loss` result in a different error when `y_true` is nullable: `ValueError: Unknown label type: (0 1`|with pytest.raises(ValueError, match=""unknown is not supported"")|with pytest.raises(ValueError, match=""Classification metrics can't handle a mix of unknown and binary targets"")",1,1,0,/home/shashwatsuthar/research/openhands-adp-memory/analysis/contextbench_posthoc/20260606_220027/remote/execution_full_qwen36_65k_fix1_minimal/scikit-learn__scikit-learn-25578/memory
scikit-learn__scikit-learn-25634,no_memory,,"78 raise ValueError(""No argument has been passed."") | 86 raise ValueError(""Mix type of y not allowed, got types %s"" % ys_types) | 100 raise ValueError( | 107 raise ValueError(""Unknown label type: %s"" % repr(ys)) | 117 raise ValueError(""Mix of label input types (string and number)"") | 156 # DeprecationWarning will be...|except ValueError as e: | print(f' ERROR: {e}') | Traceback (most recent call last): | ModuleNotFoundError: No module named 'sklearn.__check_build._check_build' | During handling of the above exception, another exception occurred: | Traceback (most recent call last): | raise ImportError( | ImportError: No module nam...|except ValueError as e: | print(f' ERROR: {e}') | ERROR: Mix type of y not allowed, got types {'binary', 'unknown'} | ERROR: Mix type of y not allowed, got types {'binary', 'unknown'} | ERROR: Mix type of y not allowed, got types {'binary', 'unknown'}|290 raise ValueError( | 296 raise ValueError(""y cannot be class 'SparseSeries' or 'SparseArray'"") | 301 # DeprecationWarning will be replaced by ValueError, see NEP 34 | 310 except (np.VisibleDeprecationWarning, ValueError)|310 except (np.VisibleDeprecationWarning, ValueError): | 322 raise ValueError( | 329 except IndexError|179 with pytest.raises(ValueError): | 199 with pytest.raises(ValueError): | 201 with pytest.raises(ValueError): | 217 with pytest.raises(ValueError): | 227 with pytest.raises(ValueError): | 238 with pytest.raises(ValueError): | 240 with pytest.raises(ValueError): | 243 with pytest.raises(ValueError): | 246 with pyte...|290 raise ValueError( | 296 raise ValueError(""y cannot be class 'SparseSeries' or 'SparseArray'"") | 301 # DeprecationWarning will be replaced by ValueError, see NEP 34 | 310 except (np.VisibleDeprecationWarning, ValueError): | 322 raise ValueError( | 329 except IndexError|296 raise ValueError(""y cannot be class 'SparseSeries' or 'SparseArray'"") | 307 # DeprecationWarning will be replaced by ValueError, see NEP 34 | raise ValueError(""No argument has been passed."") | raise ValueError(""Mix type of y not allowed, got types %s"" % ys_types) | raise ValueError( | raise ValueError(""Unknown l...|except ValueError as e: | print(f' ERROR: {e}')|345 with pytest.raises(ValueError, match=msg)","I would like to be able to pass the nullable pandas dtypes (""Int64"", ""Float64"", ""boolean"") into sklearn's `unique_labels` function. Because the dtypes become `object` dtype when converted to numpy arrays we get `Value...|with pytest.raises(ValueError, match=""Mix type of y not allowed, got types"")|We should get the same behavior as when `int64`, `float64`, and `bool` dtypes are used, which is no error:",0,1,0,/home/shashwatsuthar/research/openhands-adp-memory/analysis/contextbench_posthoc/20260606_220027/remote/execution_full_qwen36_65k_fix1_minimal/scikit-learn__scikit-learn-25634/no_memory
scikit-learn__scikit-learn-25634,raw,"I would like to be able to pass the nullable pandas dtypes (""Int64"", ""Float64"", ""boolean"") into sklearn's `unique_labels` function. Because the dtypes become `object` dtype when converted to numpy arrays we get `Value...|with pytest.raises(ValueError, match=""Mix type of y not allowed, got types"")|We should get the same behavior as when `int64`, `float64`, and `bool` dtypes are used, which is no error:|SyntaxError: invalid syntax|Traceback (most recent call last):|ModuleNotFoundError: No module named 'sklearn.__check_build._check_build|During handling of the above exception, another exception occurred:|raise ImportError(|ImportError: No module named 'sklearn.__check_build._check_build|78- raise ValueError(""No argument has been passed."")","sklearn/exceptions.py|78 raise ValueError(""No argument has been passed."") | 86 raise ValueError(""Mix type of y not allowed, got types %s"" % ys_types) | 100 raise ValueError( | 107 raise ValueError(""Unknown label type: %s"" % repr(ys)) | 117 raise ValueError(""Mix of label input types (string and number)"") | 156 # DeprecationWarning will be...|179 with pytest.raises(ValueError): | 199 with pytest.raises(ValueError): | 201 with pytest.raises(ValueError): | 217 with pytest.raises(ValueError): | 227 with pytest.raises(ValueError): | 238 with pytest.raises(ValueError): | 240 with pytest.raises(ValueError): | 243 with pytest.raises(ValueError): | 246 with pyte...|290 raise ValueError( | 296 raise ValueError(""y cannot be class 'SparseSeries' or 'SparseArray'"") | 301 # DeprecationWarning will be replaced by ValueError, see NEP 34 | 310 except (np.VisibleDeprecationWarning, ValueError)|310 except (np.VisibleDeprecationWarning, ValueError): | 322 raise ValueError( | 329 except IndexError|except ValueError as e: | print('unique_labels ERROR:', e) | Traceback (most recent call last): | ModuleNotFoundError: No module named 'sklearn.__check_build._check_build' | During handling of the above exception, another exception occurred: | Traceback (most recent call last): | raise ImportError( | ImportError: No...|error: can't create or remove files in install directory|ERROR: Could not install packages due to an OSError: [Errno 13] Permission denied: '/opt/conda/envs/testbed/bin/easy_install|Traceback (most recent call last): | KeyError: ""'__name__' not in globals""|except ValueError as e: | print(f"" unique_labels ERROR: {e}"") | unique_labels ERROR: Mix type of y not allowed, got types {'unknown', 'binary'}","I would like to be able to pass the nullable pandas dtypes (""Int64"", ""Float64"", ""boolean"") into sklearn's `unique_labels` function. Because the dtypes become `object` dtype when converted to numpy arrays we get `Value...|with pytest.raises(ValueError, match=""Mix type of y not allowed, got types"")|We should get the same behavior as when `int64`, `float64`, and `bool` dtypes are used, which is no error:",1,1,0,/home/shashwatsuthar/research/openhands-adp-memory/analysis/contextbench_posthoc/20260606_220027/remote/execution_full_qwen36_65k_fix1_minimal/scikit-learn__scikit-learn-25634/raw
scikit-learn__scikit-learn-25634,adp,"I would like to be able to pass the nullable pandas dtypes (""Int64"", ""Float64"", ""boolean"") into sklearn's `unique_labels` function. Because the dtypes become `object` dtype when converted to numpy arrays we get `Value...|with pytest.raises(ValueError, match=""Mix type of y not allowed, got types"")|We should get the same behavior as when `int64`, `float64`, and `bool` dtypes are used, which is no error:|SyntaxError: invalid syntax|Traceback (most recent call last):|ModuleNotFoundError: No module named 'sklearn.__check_build._check_build|During handling of the above exception, another exception occurred:|raise ImportError(|ImportError: No module named 'sklearn.__check_build._check_build|78- raise ValueError(""No argument has been passed."")","sklearn/exceptions.py|78 raise ValueError(""No argument has been passed."") | 86 raise ValueError(""Mix type of y not allowed, got types %s"" % ys_types) | 100 raise ValueError( | 107 raise ValueError(""Unknown label type: %s"" % repr(ys)) | 117 raise ValueError(""Mix of label input types (string and number)"") | 156 # DeprecationWarning will be...|179 with pytest.raises(ValueError): | 199 with pytest.raises(ValueError): | 201 with pytest.raises(ValueError): | 217 with pytest.raises(ValueError): | 227 with pytest.raises(ValueError): | 238 with pytest.raises(ValueError): | 240 with pytest.raises(ValueError): | 243 with pytest.raises(ValueError): | 246 with pyte...|290 raise ValueError( | 296 raise ValueError(""y cannot be class 'SparseSeries' or 'SparseArray'"") | 301 # DeprecationWarning will be replaced by ValueError, see NEP 34 | 310 except (np.VisibleDeprecationWarning, ValueError)|310 except (np.VisibleDeprecationWarning, ValueError)|322 raise ValueError( | 329 except IndexError:|Traceback (most recent call last): | ModuleNotFoundError: No module named 'sklearn.__check_build._check_build' | During handling of the above exception, another exception occurred: | Traceback (most recent call last): | raise ImportError( | ImportError: No module named 'sklearn.__check_build._check_build|error: subprocess-exited-with-error | error: can't create or remove files in install directory | error: subprocess-exited-with-error|except ValueError as e: | print(f' ERROR: {e}') | ERROR: Mix type of y not allowed, got types {'unknown', 'binary'} | ERROR: Mix type of y not allowed, got types {'unknown', 'binary'} | ERROR: Mix type of y not allowed, got types {'unknown', 'binary'}|raise ValueError(""No argument has been passed."") | raise ValueError(""Mix type of y not allowed, got types %s"" % ys_types) | raise ValueError( | raise ValueError(""Unknown label type: %s"" % repr(ys)) | raise ValueError(""Mix of label input types (string and number)"") | # DeprecationWarning will be replaced by ValueErro...","I would like to be able to pass the nullable pandas dtypes (""Int64"", ""Float64"", ""boolean"") into sklearn's `unique_labels` function. Because the dtypes become `object` dtype when converted to numpy arrays we get `Value...|with pytest.raises(ValueError, match=""Mix type of y not allowed, got types"")|We should get the same behavior as when `int64`, `float64`, and `bool` dtypes are used, which is no error:",1,1,0,/home/shashwatsuthar/research/openhands-adp-memory/analysis/contextbench_posthoc/20260606_220027/remote/execution_full_qwen36_65k_fix1_minimal/scikit-learn__scikit-learn-25634/adp
scikit-learn__scikit-learn-25634,memory,"I would like to be able to pass the nullable pandas dtypes (""Int64"", ""Float64"", ""boolean"") into sklearn's `unique_labels` function. Because the dtypes become `object` dtype when converted to numpy arrays we get `Value...|with pytest.raises(ValueError, match=""Mix type of y not allowed, got types"")|We should get the same behavior as when `int64`, `float64`, and `bool` dtypes are used, which is no error:|- Traceback (most recent call last):|- ModuleNotFoundError: No module named 'sklearn.__check_build._check_build|- ImportError: No module named 'sklearn.__check_build._check_build|- ModuleNotFoundError: No module named 'sklearn.utils.murmurhash|- ImportError: cannot import name 'murmurhash3_32' from '<unknown module name>' (unknown location)|SyntaxError: invalid syntax|Traceback (most recent call last):","sklearn/exceptions.py|78 raise ValueError(""No argument has been passed."") | 86 raise ValueError(""Mix type of y not allowed, got types %s"" % ys_types) | 100 raise ValueError( | 107 raise ValueError(""Unknown label type: %s"" % repr(ys)) | 117 raise ValueError(""Mix of label input types (string and number)"") | 156 # DeprecationWarning will be...|290 raise ValueError( | 296 raise ValueError(""y cannot be class 'SparseSeries' or 'SparseArray'"") | 301 # DeprecationWarning will be replaced by ValueError, see NEP 34 | 310 except (np.VisibleDeprecationWarning, ValueError)|310 except (np.VisibleDeprecationWarning, ValueError): | 322 raise ValueError( | 329 except IndexError|Traceback (most recent call last): | ModuleNotFoundError: No module named 'sklearn.__check_build._check_build' | During handling of the above exception, another exception occurred: | Traceback (most recent call last): | raise ImportError( | ImportError: No module named 'sklearn.__check_build._check_build|error: can't create or remove files in install directory|except ValueError as e: | print(f' ERROR: {e}') | ERROR: Mix type of y not allowed, got types {'binary', 'unknown'} | ERROR: Mix type of y not allowed, got types {'binary', 'unknown'} | ERROR: Mix type of y not allowed, got types {'binary', 'unknown'}|179 with pytest.raises(ValueError): | 199 with pytest.raises(ValueError): | 201 with pytest.raises(ValueError): | 217 with pytest.raises(ValueError): | 227 with pytest.raises(ValueError): | 238 with pytest.raises(ValueError): | 240 with pytest.raises(ValueError): | 243 with pytest.raises(ValueError): | 246 with pyte...|raise ValueError(""No argument has been passed."") | raise ValueError(""Mix type of y not allowed, got types %s"" % ys_types) | raise ValueError( | raise ValueError(""Unknown label type: %s"" % repr(ys)) | raise ValueError(""Mix of label input types (string and number)"") | # DeprecationWarning will be replaced by ValueErro...|except ValueError as e: | print(f' ERROR: {e}')","I would like to be able to pass the nullable pandas dtypes (""Int64"", ""Float64"", ""boolean"") into sklearn's `unique_labels` function. Because the dtypes become `object` dtype when converted to numpy arrays we get `Value...|with pytest.raises(ValueError, match=""Mix type of y not allowed, got types"")|We should get the same behavior as when `int64`, `float64`, and `bool` dtypes are used, which is no error:",1,1,0,/home/shashwatsuthar/research/openhands-adp-memory/analysis/contextbench_posthoc/20260606_220027/remote/execution_full_qwen36_65k_fix1_minimal/scikit-learn__scikit-learn-25634/memory
scikit-learn__scikit-learn-25635,no_memory,,"sklearn/exceptions.py|329 raise ValueError(""%s is not supported"" % y_type) | 337 raise ValueError(""'labels' should contains at least one label."") | 341 raise ValueError(""At least one label specified must be in y_true"")|64 ValueError for a mix of multilabel and multiclass targets, a mix of | 96 raise ValueError( | 107 raise ValueError(""{0} is not supported"".format(y_type)) | 115 except TypeError as e: | 120 raise TypeError(|except Exception as e: | print(f'Error: {type(e).__name__}: {e}') | Traceback (most recent call last): | ModuleNotFoundError: No module named 'sklearn.__check_build._check_build' | During handling of the above exception, another exception occurred: | Traceback (most recent call last): | raise ImportError( | ImportEr...|except Exception as e: | print(f'Error: {type(e).__name__}: {e}') | Error: ValueError: Classification metrics can't handle a mix of unknown and binary targets | Error: ValueError: Classification metrics can't handle a mix of unknown and binary targets | Error: ValueError: Classification metrics can't handle a mix of...|1175 ValueError | 1202 raise ValueError( | 1216 Otherwise raise ValueError. | 1229 raise ValueError(|290 raise ValueError( | 296 raise ValueError(""y cannot be class 'SparseSeries' or 'SparseArray'"") | 301 # DeprecationWarning will be replaced by ValueError, see NEP 34 | 310 except (np.VisibleDeprecationWarning, ValueError): | 322 raise ValueError( | 329 except IndexError|45 from ..exceptions import UndefinedMetricWarning | 55 raise ValueError(|611 except ImportError:|815 raise ValueError(","I would like to be able to pass the nullable pandas dtypes (""Int64"", ""Float64"", ""boolean"") into sklearn's `confusion_matrix` function. Because the dtypes become object dtype when converted to numpy arrays we get `Valu...|with pytest.raises(ValueError, match=""Classification metrics can't handle a mix of unknown and binary targets"")|We should get the same behavior as when int64, float64, and bool dtypes are used, which is no error:",0,1,0,/home/shashwatsuthar/research/openhands-adp-memory/analysis/contextbench_posthoc/20260606_220027/remote/execution_full_qwen36_65k_fix1_minimal/scikit-learn__scikit-learn-25635/no_memory
scikit-learn__scikit-learn-25635,raw,"I would like to be able to pass the nullable pandas dtypes (""Int64"", ""Float64"", ""boolean"") into sklearn's `unique_labels` function. Because the dtypes become `object` dtype when converted to numpy arrays we get `Value...|with pytest.raises(ValueError, match=""Mix type of y not allowed, got types"")|We should get the same behavior as when `int64`, `float64`, and `bool` dtypes are used, which is no error:|SyntaxError: invalid syntax|Traceback (most recent call last):|ModuleNotFoundError: No module named 'sklearn.__check_build._check_build|During handling of the above exception, another exception occurred:|raise ImportError(|ImportError: No module named 'sklearn.__check_build._check_build|78- raise ValueError(""No argument has been passed."")","sklearn/exceptions.py|45 from ..exceptions import UndefinedMetricWarning | 55 raise ValueError( | 64 ValueError for a mix of multilabel and multiclass targets, a mix of | 96 raise ValueError( | 107 raise ValueError(""{0} is not supported"".format(y_type)) | 115 except TypeError as e: | 120 raise TypeError( | 284 raise ValueError( | 295 rai...|329 raise ValueError(""%s is not supported"" % y_type) | 337 raise ValueError(""'labels' should contains at least one label."") | 341 raise ValueError(""At least one label specified must be in y_true"")|290 raise ValueError( | 296 raise ValueError(""y cannot be class 'SparseSeries' or 'SparseArray'"") | 301 # DeprecationWarning will be replaced by ValueError, see NEP 34 | 310 except (np.VisibleDeprecationWarning, ValueError): | 322 raise ValueError( | 329 except IndexError|except ValueError as e: | print(f"" ERROR: {e}"") | except ValueError as e: | print(f"" ERROR: {e}"") | Traceback (most recent call last): | ModuleNotFoundError: No module named 'sklearn.__check_build._check_build' | During handling of the above exception, another exception occurred: | Traceback (most recent call last):...|ERROR: Classification metrics can't handle a mix of unknown and binary targets | ERROR: Classification metrics can't handle a mix of unknown and binary targets | ERROR: Classification metrics can't handle a mix of unknown and binary targets|290 raise ValueError( | 296 raise ValueError(""y cannot be class 'SparseSeries' or 'SparseArray'"") | 301 # DeprecationWarning will be replaced by ValueError, see NEP 34 | 310 except (np.VisibleDeprecationWarning, ValueError)|37 except (AttributeError, TypeError): | except (AttributeError, TypeError): | raise ValueError(""No argument has been passed."") | raise ValueError(""Mix type of y not allowed, got types %s"" % ys_types) | raise ValueError( | raise ValueError(""Unknown label type: %s"" % repr(ys)) | raise ValueError(""Mix of label input t...|310 raise ValueError( | 316 raise ValueError(""y cannot be class 'SparseSeries' or 'SparseArray'"") | 321 # DeprecationWarning will be replaced by ValueError, see NEP 34 | 330 except (np.VisibleDeprecationWarning, ValueError)|316 raise ValueError(""y cannot be class 'SparseSeries' or 'SparseArray'"") | 324 # DeprecationWarning will be replaced by ValueError, see NEP 34 | except (AttributeError, TypeError): | raise ValueError(""No argument has been passed."") | raise ValueError(""Mix type of y not allowed, got types %s"" % ys_types) | raise Val...","I would like to be able to pass the nullable pandas dtypes (""Int64"", ""Float64"", ""boolean"") into sklearn's `confusion_matrix` function. Because the dtypes become object dtype when converted to numpy arrays we get `Valu...|with pytest.raises(ValueError, match=""Classification metrics can't handle a mix of unknown and binary targets"")|We should get the same behavior as when int64, float64, and bool dtypes are used, which is no error:",1,1,0,/home/shashwatsuthar/research/openhands-adp-memory/analysis/contextbench_posthoc/20260606_220027/remote/execution_full_qwen36_65k_fix1_minimal/scikit-learn__scikit-learn-25635/raw
scikit-learn__scikit-learn-25635,adp,"I would like to be able to pass the nullable pandas dtypes (""Int64"", ""Float64"", ""boolean"") into sklearn's `unique_labels` function. Because the dtypes become `object` dtype when converted to numpy arrays we get `Value...|with pytest.raises(ValueError, match=""Mix type of y not allowed, got types"")|We should get the same behavior as when `int64`, `float64`, and `bool` dtypes are used, which is no error:|SyntaxError: invalid syntax|Traceback (most recent call last):|ModuleNotFoundError: No module named 'sklearn.__check_build._check_build|During handling of the above exception, another exception occurred:|raise ImportError(|ImportError: No module named 'sklearn.__check_build._check_build|78- raise ValueError(""No argument has been passed."")","329 raise ValueError(""%s is not supported"" % y_type) | 337 raise ValueError(""'labels' should contains at least one label."") | 341 raise ValueError(""At least one label specified must be in y_true"")|64 ValueError for a mix of multilabel and multiclass targets, a mix of | 96 raise ValueError( | 107 raise ValueError(""{0} is not supported"".format(y_type)) | 115 except TypeError as e: | 120 raise TypeError(|290 raise ValueError( | 296 raise ValueError(""y cannot be class 'SparseSeries' or 'SparseArray'"") | 301 # DeprecationWarning will be replaced by ValueError, see NEP 34 | 310 except (np.VisibleDeprecationWarning, ValueError): | 322 raise ValueError( | 329 except IndexError|except ValueError as e: | print(f"" ✗ ERROR: {e}"") | except ValueError as e: | print(f"" ✗ ERROR: {e}"")|Traceback (most recent call last): | ModuleNotFoundError: No module named 'sklearn.__check_build._check_build' | During handling of the above exception, another exception occurred: | Traceback (most recent call last): | raise ImportError( | ImportError: No module named 'sklearn.__check_build._check_build|Traceback (most recent call last): | TypeError: unsupported format string passed to Int64Dtype.__format__|Traceback (most recent call last): | TypeError: unsupported format string passed to numpy.dtype[object_].__format__|296 raise ValueError(""y cannot be class 'SparseSeries' or 'SparseArray'"") | 319 except ImportError: | 322 # DeprecationWarning will be replaced by ValueError, see NEP 34 | 331 except (np.VisibleDeprecationWarning, ValueError): | raise ValueError(""No argument has been passed."") | raise ValueError(""Mix type of y not a...|except ImportError: | print(""✗✗✗ SOME TESTS FAILED! ✗✗✗"")","I would like to be able to pass the nullable pandas dtypes (""Int64"", ""Float64"", ""boolean"") into sklearn's `confusion_matrix` function. Because the dtypes become object dtype when converted to numpy arrays we get `Valu...|with pytest.raises(ValueError, match=""Classification metrics can't handle a mix of unknown and binary targets"")|We should get the same behavior as when int64, float64, and bool dtypes are used, which is no error:",1,1,0,/home/shashwatsuthar/research/openhands-adp-memory/analysis/contextbench_posthoc/20260606_220027/remote/execution_full_qwen36_65k_fix1_minimal/scikit-learn__scikit-learn-25635/adp
scikit-learn__scikit-learn-25635,memory,"I would like to be able to pass the nullable pandas dtypes (""Int64"", ""Float64"", ""boolean"") into sklearn's `unique_labels` function. Because the dtypes become `object` dtype when converted to numpy arrays we get `Value...|with pytest.raises(ValueError, match=""Mix type of y not allowed, got types"")|We should get the same behavior as when `int64`, `float64`, and `bool` dtypes are used, which is no error:|- Traceback (most recent call last):|- ModuleNotFoundError: No module named 'sklearn.__check_build._check_build|- ImportError: No module named 'sklearn.__check_build._check_build|- ModuleNotFoundError: No module named 'sklearn.utils.murmurhash|- ImportError: cannot import name 'murmurhash3_32' from '<unknown module name>' (unknown location)|SyntaxError: invalid syntax|Traceback (most recent call last):","sklearn/exceptions.py|329 raise ValueError(""%s is not supported"" % y_type) | 337 raise ValueError(""'labels' should contains at least one label."") | 341 raise ValueError(""At least one label specified must be in y_true"")|64 ValueError for a mix of multilabel and multiclass targets, a mix of | 96 raise ValueError( | 107 raise ValueError(""{0} is not supported"".format(y_type)) | 115 except TypeError as e: | 120 raise TypeError(|290 raise ValueError( | 296 raise ValueError(""y cannot be class 'SparseSeries' or 'SparseArray'"") | 301 # DeprecationWarning will be replaced by ValueError, see NEP 34 | 310 except (np.VisibleDeprecationWarning, ValueError): | 322 raise ValueError( | 329 except IndexError|385 raise ValueError(""classes must be passed on the first call to partial_fit."") | 390 raise ValueError(|Traceback (most recent call last): | ModuleNotFoundError: No module named 'sklearn.__check_build._check_build' | During handling of the above exception, another exception occurred: | Traceback (most recent call last): | raise ImportError( | ImportError: No module named 'sklearn.__check_build._check_build|error: can't create or remove files in install directory|except Exception as e:|356 except (ValueError, TypeError): | raise ValueError(""No argument has been passed."") | raise ValueError(""Mix type of y not allowed, got types %s"" % ys_types) | raise ValueError( | raise ValueError(""Unknown label type: %s"" % repr(ys)) | raise ValueError(""Mix of label input types (string and number)"") | # Deprecatio...|except Exception as e: | print(f' dtype={dtype:8s} -> ERROR: {e}') | except Exception as e: | print(f' dtype={dtype:8s} -> ERROR: {e}') | except Exception as e: | print(f' ERROR: {e}')","I would like to be able to pass the nullable pandas dtypes (""Int64"", ""Float64"", ""boolean"") into sklearn's `confusion_matrix` function. Because the dtypes become object dtype when converted to numpy arrays we get `Valu...|with pytest.raises(ValueError, match=""Classification metrics can't handle a mix of unknown and binary targets"")|We should get the same behavior as when int64, float64, and bool dtypes are used, which is no error:",1,1,0,/home/shashwatsuthar/research/openhands-adp-memory/analysis/contextbench_posthoc/20260606_220027/remote/execution_full_qwen36_65k_fix1_minimal/scikit-learn__scikit-learn-25635/memory
scikit-learn__scikit-learn-25637,no_memory,,"162 raise ValueError(""y contains previously unseen labels: %s"" % str(diff)) | 343 raise ValueError( | 457 except KeyError: | 488 raise ValueError( | 497 raise ValueError(""Expected only 0s and 1s in label indicator."") | 505 raise ValueError(|78 raise ValueError(""No argument has been passed."") | 86 raise ValueError(""Mix type of y not allowed, got types %s"" % ys_types) | 100 raise ValueError( | 107 raise ValueError(""Unknown label type: %s"" % repr(ys)) | 117 raise ValueError(""Mix of label input types (string and number)"") | 156 # DeprecationWarning will be...|301 raise ValueError( | 307 raise ValueError(""y cannot be class 'SparseSeries' or 'SparseArray'"") | 312 # DeprecationWarning will be replaced by ValueError, see NEP 34|330 except (np.VisibleDeprecationWarning, ValueError) as e|345 raise ValueError( | 352 except IndexError:|Traceback (most recent call last): | AttributeError: 'IntegerArray' object has no attribute 'values'|except ValueError as e: | print(f'{dtype}: FAILED - {e}') | Traceback (most recent call last): | ModuleNotFoundError: No module named 'sklearn.__check_build._check_build' | During handling of the above exception, another exception occurred: | Traceback (most recent call last): | raise ImportError( | ImportError: No ...|Traceback (most recent call last): | ModuleNotFoundError: No module named 'sklearn.__check_build._check_build' | During handling of the above exception, another exception occurred: | Traceback (most recent call last): | raise ImportError( | ImportError: No module named 'sklearn.__check_build._check_build|exceptiongroup 1.3.1|Traceback (most recent call last): | ModuleNotFoundError: No module named 'sklearn.utils'; 'sklearn' is not a package","I would like to be able to pass the nullable pandas dtypes (""Int64"", ""Float64"", ""boolean"") into sklearn's LabelBinarizer. Because the dtypes become object dtype when converted to numpy arrays we get `ValueError: Unkno...|with pytest.raises(ValueError, match=""Unknown label type:"")|We should get the same behavior as when int64, float64, and bool dtypes are used, which is no error:",0,1,0,/home/shashwatsuthar/research/openhands-adp-memory/analysis/contextbench_posthoc/20260606_220027/remote/execution_full_qwen36_65k_fix1_minimal/scikit-learn__scikit-learn-25637/no_memory
scikit-learn__scikit-learn-25637,raw,"I would like to be able to pass the nullable pandas dtypes (""Int64"", ""Float64"", ""boolean"") into sklearn's `unique_labels` function. Because the dtypes become `object` dtype when converted to numpy arrays we get `Value...|with pytest.raises(ValueError, match=""Mix type of y not allowed, got types"")|We should get the same behavior as when `int64`, `float64`, and `bool` dtypes are used, which is no error:|SyntaxError: invalid syntax|Traceback (most recent call last):|ModuleNotFoundError: No module named 'sklearn.__check_build._check_build|During handling of the above exception, another exception occurred:|raise ImportError(|ImportError: No module named 'sklearn.__check_build._check_build|78- raise ValueError(""No argument has been passed."")","sklearn/exceptions.py|162 raise ValueError(""y contains previously unseen labels: %s"" % str(diff)) | 343 raise ValueError( | 457 except KeyError: | 488 raise ValueError( | 497 raise ValueError(""Expected only 0s and 1s in label indicator."") | 505 raise ValueError(|289 raise ValueError( | 295 raise ValueError( | 304 raise ValueError( | 308 raise ValueError(""y has 0 samples: %r"" % y) | 360 raise ValueError(""The object was not fitted with multilabel input."")|301 raise ValueError( | 307 raise ValueError(""y cannot be class 'SparseSeries' or 'SparseArray'"") | 312 # DeprecationWarning will be replaced by ValueError, see NEP 34 | 330 except (np.VisibleDeprecationWarning, ValueError) as e: | 345 raise ValueError(|352 except IndexError: | 408 raise ValueError(""classes must be passed on the first call to partial_fit."") | 413 raise ValueError(|except ImportError: | except ValueError as e: | print(f"" ✗ ERROR: {e}"") | except ValueError as e: | print(f"" ✗ ERROR: {e}"") | Traceback (most recent call last): | ModuleNotFoundError: No module named 'sklearn.__check_build._check_build' | During handling of the above exception, another exception occurred: | Tracebac...|error: can't create or remove files in install directory|✗ ERROR: Unknown label type: (<IntegerArray> | ✗ ERROR: Unknown label type: (<FloatingArray> | ✗ ERROR: Unknown label type: (<BooleanArray>|sklearn/utils/multiclass.py:107: raise ValueError(""Unknown label type: %s"" % repr(ys)) | sklearn/utils/multiclass.py:218: raise ValueError(""Unknown label type: %r"" % y_type) | sklearn/utils/estimator_checks.py:1157: with raises(Exception, match=""Unknown label type"", may_pass=True)|78 raise ValueError(""No argument has been passed."") | 86 raise ValueError(""Mix type of y not allowed, got types %s"" % ys_types) | 100 raise ValueError( | 107 raise ValueError(""Unknown label type: %s"" % repr(ys)) | 117 raise ValueError(""Mix of label input types (string and number)"")","I would like to be able to pass the nullable pandas dtypes (""Int64"", ""Float64"", ""boolean"") into sklearn's LabelBinarizer. Because the dtypes become object dtype when converted to numpy arrays we get `ValueError: Unkno...|with pytest.raises(ValueError, match=""Unknown label type:"")|We should get the same behavior as when int64, float64, and bool dtypes are used, which is no error:",1,1,0,/home/shashwatsuthar/research/openhands-adp-memory/analysis/contextbench_posthoc/20260606_220027/remote/execution_full_qwen36_65k_fix1_minimal/scikit-learn__scikit-learn-25637/raw
scikit-learn__scikit-learn-25637,adp,"I would like to be able to pass the nullable pandas dtypes (""Int64"", ""Float64"", ""boolean"") into sklearn's `unique_labels` function. Because the dtypes become `object` dtype when converted to numpy arrays we get `Value...|with pytest.raises(ValueError, match=""Mix type of y not allowed, got types"")|We should get the same behavior as when `int64`, `float64`, and `bool` dtypes are used, which is no error:|SyntaxError: invalid syntax|Traceback (most recent call last):|ModuleNotFoundError: No module named 'sklearn.__check_build._check_build|During handling of the above exception, another exception occurred:|raise ImportError(|ImportError: No module named 'sklearn.__check_build._check_build|78- raise ValueError(""No argument has been passed."")","162 raise ValueError(""y contains previously unseen labels: %s"" % str(diff)) | 343 raise ValueError( | 457 except KeyError: | 488 raise ValueError( | 497 raise ValueError(""Expected only 0s and 1s in label indicator."") | 505 raise ValueError(|289 raise ValueError( | 295 raise ValueError( | 304 raise ValueError( | 308 raise ValueError(""y has 0 samples: %r"" % y)|except Exception as e: | Traceback (most recent call last): | ModuleNotFoundError: No module named 'sklearn.__check_build._check_build' | During handling of the above exception, another exception occurred: | Traceback (most recent call last): | raise ImportError( | ImportError: No module named 'sklearn.__check_build...|except Exception as e:|301 raise ValueError( | 307 raise ValueError(""y cannot be class 'SparseSeries' or 'SparseArray'"") | 312 # DeprecationWarning will be replaced by ValueError, see NEP 34 | 330 except (np.VisibleDeprecationWarning, ValueError) as e: | 345 raise ValueError(|352 except IndexError: | 408 raise ValueError(""classes must be passed on the first call to partial_fit."") | 413 raise ValueError(|Traceback (most recent call last): | TypeError: data type 'boolean' not understood|except Exception as e: | print(f' ERROR: {e}')|301 raise ValueError( | 307 raise ValueError(""y cannot be class 'SparseSeries' or 'SparseArray'"") | 332 # DeprecationWarning will be replaced by ValueError, see NEP 34 | raise ValueError(""No argument has been passed."") | raise ValueError(""Mix type of y not allowed, got types %s"" % ys_types) | raise ValueError( | rai...|except Exception as e: | except Exception as e:","I would like to be able to pass the nullable pandas dtypes (""Int64"", ""Float64"", ""boolean"") into sklearn's LabelBinarizer. Because the dtypes become object dtype when converted to numpy arrays we get `ValueError: Unkno...|with pytest.raises(ValueError, match=""Unknown label type:"")|We should get the same behavior as when int64, float64, and bool dtypes are used, which is no error:",1,1,0,/home/shashwatsuthar/research/openhands-adp-memory/analysis/contextbench_posthoc/20260606_220027/remote/execution_full_qwen36_65k_fix1_minimal/scikit-learn__scikit-learn-25637/adp
scikit-learn__scikit-learn-25637,memory,"I would like to be able to pass the nullable pandas dtypes (""Int64"", ""Float64"", ""boolean"") into sklearn's `unique_labels` function. Because the dtypes become `object` dtype when converted to numpy arrays we get `Value...|with pytest.raises(ValueError, match=""Mix type of y not allowed, got types"")|We should get the same behavior as when `int64`, `float64`, and `bool` dtypes are used, which is no error:|- Traceback (most recent call last):|- ModuleNotFoundError: No module named 'sklearn.__check_build._check_build|- ImportError: No module named 'sklearn.__check_build._check_build|- ModuleNotFoundError: No module named 'sklearn.utils.murmurhash|- ImportError: cannot import name 'murmurhash3_32' from '<unknown module name>' (unknown location)|SyntaxError: invalid syntax|Traceback (most recent call last):","sklearn/exceptions.py|162 raise ValueError(""y contains previously unseen labels: %s"" % str(diff)) | 343 raise ValueError( | 457 except KeyError: | 488 raise ValueError( | 497 raise ValueError(""Expected only 0s and 1s in label indicator."") | 505 raise ValueError(|289 raise ValueError( | 295 raise ValueError( | 304 raise ValueError( | 308 raise ValueError(""y has 0 samples: %r"" % y)|301 raise ValueError( | 307 raise ValueError(""y cannot be class 'SparseSeries' or 'SparseArray'"") | 312 # DeprecationWarning will be replaced by ValueError, see NEP 34 | 330 except (np.VisibleDeprecationWarning, ValueError) as e|345 raise ValueError( | 352 except IndexError: | 408 raise ValueError(""classes must be passed on the first call to partial_fit."") | 413 raise ValueError(|except ValueError as e: | print(f"" ✗ ERROR: {e}"") | except ValueError as e: | print(f"" ✗ ERROR: {e}"")|Traceback (most recent call last): | ModuleNotFoundError: No module named 'sklearn.__check_build._check_build' | During handling of the above exception, another exception occurred: | Traceback (most recent call last): | raise ImportError( | ImportError: No module named 'sklearn.__check_build._check_build|error: can't create or remove files in install directory|Traceback (most recent call last): | ModuleNotFoundError: No module named 'sklearn.__check_build._check_build' | During handling of the above exception, another exception occurred: | Traceback (most recent call last): | raise ImportError( | ImportError: No module named 'sklearn.__check_build._check_build' | Build ch...|✗ ERROR: Unknown label type: (<IntegerArray> | ✗ ERROR: Unknown label type: (<FloatingArray> | ✗ ERROR: Unknown label type: (<BooleanArray>","I would like to be able to pass the nullable pandas dtypes (""Int64"", ""Float64"", ""boolean"") into sklearn's LabelBinarizer. Because the dtypes become object dtype when converted to numpy arrays we get `ValueError: Unkno...|with pytest.raises(ValueError, match=""Unknown label type:"")|We should get the same behavior as when int64, float64, and bool dtypes are used, which is no error:",1,1,0,/home/shashwatsuthar/research/openhands-adp-memory/analysis/contextbench_posthoc/20260606_220027/remote/execution_full_qwen36_65k_fix1_minimal/scikit-learn__scikit-learn-25637/memory
scikit-learn__scikit-learn-25763,no_memory,,"166 - 'raise', a `ValueError` is raised. | 250 raise ValueError(msg)|Traceback (most recent call last): | ModuleNotFoundError: No module named 'sklearn.__check_build._check_build' | During handling of the above exception, another exception occurred: | Traceback (most recent call last): | raise ImportError( | ImportError: No module named 'sklearn.__check_build._check_build|Traceback (most recent call last): | raise TypeError( | TypeError: Index(...) must be called with a collection of some kind, <built-in method index of list object at 0x7f8df3e802c0> was passed|45 raise ValueError(""Pandas output does not support sparse data."") | 50 except Exception: | 92 raise ValueError( | 186 raise ValueError(""auto_wrap_output_keys must be None or a tuple of keys."") | 275 raise ValueError(|Traceback (most recent call last): | TypeError: transform() missing 1 required positional argument: 'T'|raise ValueError(""Pandas output does not support sparse data."") | except Exception: | raise ValueError( | raise ValueError(""auto_wrap_output_keys must be None or a tuple of keys."") | raise ValueError( | raise ValueError(""Pandas output does not support sparse data."") | except Exception: | raise ValueError( | raise Va...|sklearn/tests/test_isotonic.py::test_assert_raises_exceptions PASSED [ 35%]|Traceback (most recent call last): | raise ValueError( | ValueError: Expected 2D array, got 1D array instead:|44 with pytest.raises(ValueError, match=match): | 78 with pytest.raises(ValueError, match=""Unable to configure output""): | 115 with pytest.raises(ValueError, match=msg): | 146 with pytest.raises(ValueError, match=msg): | 198 with pytest.raises(ValueError, match=msg): | 230 raise ValueError(""No feature names defined"")|280 # This should not raise TypeError | with pytest.raises(ValueError, match=match): | with pytest.raises(ValueError, match=""Unable to configure output""): | with pytest.raises(ValueError, match=msg): | with pytest.raises(ValueError, match=msg): | with pytest.raises(ValueError, match=msg): | raise ValueError(""No feat...",TypeError: 'builtin_function_or_method' object is not iterable,0,1,0,/home/shashwatsuthar/research/openhands-adp-memory/analysis/contextbench_posthoc/20260606_220027/remote/execution_full_qwen36_65k_fix1_minimal/scikit-learn__scikit-learn-25763/no_memory
scikit-learn__scikit-learn-25763,raw,"E ValueError: could not broadcast input array from shape (20,1) into shape (20,)|sklearn/utils/validation.py-1175- ValueError|No matches found|SyntaxError: invalid syntax|Traceback (most recent call last):|ModuleNotFoundError: No module named 'sklearn.__check_build._check_build|During handling of the above exception, another exception occurred:|raise ImportError(|ImportError: No module named 'sklearn.__check_build._check_build","sklearn/exceptions.py|166 - 'raise', a `ValueError` is raised. | 250 raise ValueError(msg)|Traceback (most recent call last): | ModuleNotFoundError: No module named 'sklearn.__check_build._check_build' | During handling of the above exception, another exception occurred: | Traceback (most recent call last): | raise ImportError( | ImportError: No module named 'sklearn.__check_build._check_build|Traceback (most recent call last): | raise TypeError( | TypeError: Index(...) must be called with a collection of some kind, <built-in method index of list object at 0x7fdf782cf940> was passed|45 raise ValueError(""Pandas output does not support sparse data."") | 50 except Exception: | 92 raise ValueError( | 186 raise ValueError(""auto_wrap_output_keys must be None or a tuple of keys."") | 275 raise ValueError(|raise ValueError(""Pandas output does not support sparse data."") | except Exception: | raise ValueError( | raise ValueError(""auto_wrap_output_keys must be None or a tuple of keys."") | raise ValueError( | raise ValueError(""Pandas output does not support sparse data."") | except Exception: | raise ValueError( | raise Va...|Traceback (most recent call last): | ValueError: could not broadcast input array from shape (30,1) into shape (30,)|ERROR: file or directory not found: /testbed/sklearn/tests/test_set_output.py|sklearn/tests/test_isotonic.py::test_assert_raises_exceptions PASSED [ 35%]|TypeError: 'builtin_function_or_method' object is not iterable",TypeError: 'builtin_function_or_method' object is not iterable,1,1,0,/home/shashwatsuthar/research/openhands-adp-memory/analysis/contextbench_posthoc/20260606_220027/remote/execution_full_qwen36_65k_fix1_minimal/scikit-learn__scikit-learn-25763/raw
scikit-learn__scikit-learn-25763,adp,"sklearn/utils/validation.py-1175- ValueError|No matches found|SyntaxError: invalid syntax|Traceback (most recent call last):|ModuleNotFoundError: No module named 'sklearn.__check_build._check_build|During handling of the above exception, another exception occurred:|raise ImportError(|ImportError: No module named 'sklearn.__check_build._check_build","sklearn/exceptions.py|166 - 'raise', a `ValueError` is raised. | 250 raise ValueError(msg)|failed to spawn agents: Unknown agent 'researcher'. Available types: none registered. Use register_agent() to add custom agent types.|45 raise ValueError(""Pandas output does not support sparse data."") | 50 except Exception: | 92 raise ValueError( | 186 raise ValueError(""auto_wrap_output_keys must be None or a tuple of keys."") | 275 raise ValueError(|except Exception as e: | print(f'Error: {type(e).__name__}: {e}') | Traceback (most recent call last): | ModuleNotFoundError: No module named 'sklearn.__check_build._check_build' | During handling of the above exception, another exception occurred: | Traceback (most recent call last): | raise ImportError( | ImportEr...|except Exception as e: | print(f'Error: {type(e).__name__}: {e}') | Error: TypeError: Index(...) must be called with a collection of some kind, <built-in method index of list object at 0x7f11eff34a80> was passed|import traceback | except Exception as e: | traceback.print_exc() | Traceback (most recent call last): | raise TypeError( | TypeError: Index(...) must be called with a collection of some kind, <built-in method index of list object at 0x7f23c3393e00> was passed|- 'raise', a `ValueError` is raised. | raise ValueError(msg) | - 'raise', a `ValueError` is raised. | raise ValueError(msg)|Traceback (most recent call last): | raise TypeError( | TypeError: Index(...) must be called with a collection of some kind, <built-in method index of list object at 0x7f41f4660ec0> was passed|raise ValueError(""Pandas output does not support sparse data."") | except Exception: | raise ValueError( | raise ValueError(""auto_wrap_output_keys must be None or a tuple of keys."") | raise ValueError( | raise ValueError(""Pandas output does not support sparse data."") | except Exception: | raise ValueError( | raise Va...",TypeError: 'builtin_function_or_method' object is not iterable,1,1,1,/home/shashwatsuthar/research/openhands-adp-memory/analysis/contextbench_posthoc/20260606_220027/remote/execution_full_qwen36_65k_fix1_minimal/scikit-learn__scikit-learn-25763/adp
scikit-learn__scikit-learn-25763,memory,"E ValueError: could not broadcast input array from shape (20,1) into shape (20,)|- Traceback (most recent call last):|- ModuleNotFoundError: No module named 'sklearn.__check_build._check_build|- ImportError: No module named 'sklearn.__check_build._check_build|No matches found|SyntaxError: invalid syntax|Traceback (most recent call last):|ModuleNotFoundError: No module named 'sklearn.__check_build._check_build|During handling of the above exception, another exception occurred:|raise ImportError(","sklearn/exceptions.py|166 - 'raise', a `ValueError` is raised. | 250 raise ValueError(msg)|45 raise ValueError(""Pandas output does not support sparse data."") | 50 except Exception: | 92 raise ValueError( | 186 raise ValueError(""auto_wrap_output_keys must be None or a tuple of keys."") | 275 raise ValueError(|Traceback (most recent call last): | ModuleNotFoundError: No module named 'sklearn.__check_build._check_build' | During handling of the above exception, another exception occurred: | Traceback (most recent call last): | raise ImportError( | ImportError: No module named 'sklearn.__check_build._check_build|error: can't create or remove files in install directory|ERROR: Could not install packages due to an OSError: [Errno 13] Permission denied: '__init__.cpython-38.pyc|Traceback (most recent call last): | raise TypeError( | TypeError: Index(...) must be called with a collection of some kind, <built-in method index of list object at 0x7f7d66935200> was passed|439 with pytest.raises(ValueError, match=msg): | 443 with pytest.raises(ValueError, match=msg): | 446 with pytest.raises(ValueError, match=msg)|- 'raise', a `ValueError` is raised. | raise ValueError(msg) | - 'raise', a `ValueError` is raised. | raise ValueError(msg)|Traceback (most recent call last): | raise TypeError( | TypeError: Index(...) must be called with a collection of some kind, <built-in method index of list object at 0x7f5739f680c0> was passed",TypeError: 'builtin_function_or_method' object is not iterable,1,1,1,/home/shashwatsuthar/research/openhands-adp-memory/analysis/contextbench_posthoc/20260606_220027/remote/execution_full_qwen36_65k_fix1_minimal/scikit-learn__scikit-learn-25763/memory
scikit-learn__scikit-learn-5970,no_memory,,"12 from ..exceptions import NotFittedError | 148 raise ValueError(|Traceback (most recent call last): | ModuleNotFoundError: No module named 'sklearn.__check_build._check_build' | During handling of the above exception, another exception occurred: | Traceback (most recent call last): | ImportError: No module named 'sklearn.__check_build._check_build|from ..exceptions import NotFittedError | raise ValueError( | from ..exceptions import NotFittedError | raise ValueError(",AssertionError:,0,0,0,/home/shashwatsuthar/research/openhands-adp-memory/analysis/contextbench_posthoc/20260606_220027/remote/execution_full_qwen36_65k_fix1_minimal/scikit-learn__scikit-learn-5970/no_memory
scikit-learn__scikit-learn-5970,raw,12→from ..exceptions import NotFittedError|SyntaxError: invalid syntax|Traceback (most recent call last):|ImportError: No module named _check_build,"sklearn/exceptions.py|12 from ..exceptions import NotFittedError | 148 raise ValueError(|57 assert_raises(ValueError, KernelPCA, 10, fit_inverse_transform=True, | 173 assert_raises(ValueError, kpca.fit, X_fit)|Traceback (most recent call last): | ModuleNotFoundError: No module named 'sklearn.__check_build._check_build' | During handling of the above exception, another exception occurred: | Traceback (most recent call last): | ImportError: No module named 'sklearn.__check_build._check_build|from ..exceptions import NotFittedError | raise ValueError( | from ..exceptions import NotFittedError | raise ValueError(|except AssertionError as e: | print('assert_array_almost_equal(kpca.lambdas_[:50], kpca2.lambdas_[:50]): FAILED') | except AssertionError as e: | print('assert_array_almost_equal(kpca.alphas_[:2, :10], kpca2.alphas_[:2, :10]): FAILED')|assert_raises(ValueError, KernelPCA, 10, fit_inverse_transform=True, | assert_raises(ValueError, kpca.fit, X_fit) | assert_raises(ValueError, KernelPCA, 10, fit_inverse_transform=True, | assert_raises(ValueError, kpca.fit, X_fit)",AssertionError:,1,1,0,/home/shashwatsuthar/research/openhands-adp-memory/analysis/contextbench_posthoc/20260606_220027/remote/execution_full_qwen36_65k_fix1_minimal/scikit-learn__scikit-learn-5970/raw
scikit-learn__scikit-learn-5970,adp,12→from ..exceptions import NotFittedError|SyntaxError: invalid syntax|Traceback (most recent call last):|ImportError: No module named _check_build,"sklearn/exceptions.py|12 from ..exceptions import NotFittedError | 148 raise ValueError(|except AssertionError as e: | print(""lambdas_ assertion FAILED:"", str(e)[:200]) | except AssertionError as e: | print(""alphas_ assertion FAILED:"", str(e)[:200]) | Traceback (most recent call last): | ModuleNotFoundError: No module named 'sklearn.__check_build._check_build' | During handling of the above exception, a...|Traceback (most recent call last): | ModuleNotFoundError: No module named 'sklearn.__check_build._check_build' | During handling of the above exception, another exception occurred: | Traceback (most recent call last): | ImportError: No module named 'sklearn.__check_build._check_build|alphas_ assertion FAILED:|57 assert_raises(ValueError, KernelPCA, 10, fit_inverse_transform=True, | 173 assert_raises(ValueError, kpca.fit, X_fit)|from ..exceptions import NotFittedError | raise ValueError( | from ..exceptions import NotFittedError | raise ValueError(|lambdas_ assertion FAILED: | alphas_ assertion FAILED:|Traceback (most recent call last): | raise AssertionError(msg) | AssertionError:",AssertionError:,1,1,0,/home/shashwatsuthar/research/openhands-adp-memory/analysis/contextbench_posthoc/20260606_220027/remote/execution_full_qwen36_65k_fix1_minimal/scikit-learn__scikit-learn-5970/adp
scikit-learn__scikit-learn-5970,memory,- Traceback (most recent call last):|- ImportError: No module named _check_build|12→from ..exceptions import NotFittedError|SyntaxError: invalid syntax|Traceback (most recent call last):|ImportError: No module named _check_build,"sklearn/exceptions.py|12 from ..exceptions import NotFittedError | 148 raise ValueError(|57 assert_raises(ValueError, KernelPCA, 10, fit_inverse_transform=True, | 173 assert_raises(ValueError, kpca.fit, X_fit)",AssertionError:,1,1,0,/home/shashwatsuthar/research/openhands-adp-memory/analysis/contextbench_posthoc/20260606_220027/remote/execution_full_qwen36_65k_fix1_minimal/scikit-learn__scikit-learn-5970/memory
sphinx-doc__sphinx-8127,no_memory,,"87 except KeyError as exc: | 98 allowed_exceptions=(NoUri,)) | 139 except NotImplementedError: | 202 # result in a ""Losing ids"" exception if there is a target node before|61 'exception': _('exception'), | 180 except SyntaxError:|14 from types import TracebackType | 49 TracebackType: 'types.TracebackType', | 86 except NameError: | 87 # Failed to evaluate ForwardRef (maybe TYPE_CHECKING) | 89 except TypeError: | 93 except KeyError|36 except (TypeError, ValueError): | 52 except KeyError:|378 PyGroupedField('exceptions', label=_('Raises'), rolename='exc', | 379 names=('raises', 'raise', 'exception', 'except'), | 412 raise ValueError | 452 if modname and modname != 'exceptions': | 453 # exceptions are a special case, since they are documented in the | 454 # 'exceptions' module. | 462 except SyntaxError|271 except IndexError:|180 except SyntaxError:|print('... failed to parse:', e) | print('Tuple[object, ...] failed to parse:', e)|print('... failed to parse:', e)|print('.. failed to parse:', e) | .. failed to parse: invalid syntax (<unknown>, line 1)",<details> <summary>Steps with output including complete traceback</summary>,0,0,0,/home/shashwatsuthar/research/openhands-adp-memory/analysis/contextbench_posthoc/20260606_220027/remote/execution_full_qwen36_65k_fix1_minimal/sphinx-doc__sphinx-8127/no_memory
sphinx-doc__sphinx-8127,raw,"37→ except (TypeError, ValueError):|1504→ except PycodeError:|sphinx/ext/autodoc/__init__.py-1219- except TypeError as exc","14 from types import TracebackType | 49 TracebackType: 'types.TracebackType', | 86 except NameError: | 87 # Failed to evaluate ForwardRef (maybe TYPE_CHECKING) | 89 except TypeError: | 93 except KeyError|180 except SyntaxError:|202 # result in a ""Losing ids"" exception if there is a target node before|a99675bf7 Fix #8008: py domain: failed to parse a type annotation containing ellipsis",<details> <summary>Steps with output including complete traceback</summary>,1,1,0,/home/shashwatsuthar/research/openhands-adp-memory/analysis/contextbench_posthoc/20260606_220027/remote/execution_full_qwen36_65k_fix1_minimal/sphinx-doc__sphinx-8127/raw
sphinx-doc__sphinx-8127,adp,"37→ except (TypeError, ValueError):|1504→ except PycodeError:|sphinx/ext/autodoc/__init__.py-1219- except TypeError as exc","14 from types import TracebackType | 49 TracebackType: 'types.TracebackType', | 86 except NameError: | 87 # Failed to evaluate ForwardRef (maybe TYPE_CHECKING) | 89 except TypeError: | 93 except KeyError|36 except (TypeError, ValueError): | 52 except KeyError:|202 # result in a ""Losing ids"" exception if there is a target node before|180 except SyntaxError:|662 Description of a class-like object (classes, interfaces, exceptions). | 683 elif self.objtype == 'exception|412 raise ValueError | 452 if modname and modname != 'exceptions': | 453 # exceptions are a special case, since they are documented in the | 454 # 'exceptions' module. | 462 except SyntaxError|1283 except TypeError as exc: | 1284 logger.warning(__(""Failed to get a function signature for %s: %s""), | 1287 except ValueError|503 except Exception as exc:|749:* #8008: py domain: failed to parse a type annotation containing ellipsis|* #4888: i18n: Failed to add an explicit title to ``:ref:`` role on translation | * #7928: py domain: failed to resolve a type annotation for the attribute | * #8008: py domain: failed to parse a type annotation containing ellipsis",<details> <summary>Steps with output including complete traceback</summary>,1,1,0,/home/shashwatsuthar/research/openhands-adp-memory/analysis/contextbench_posthoc/20260606_220027/remote/execution_full_qwen36_65k_fix1_minimal/sphinx-doc__sphinx-8127/adp
sphinx-doc__sphinx-8127,memory,,"87 except KeyError as exc: | 98 allowed_exceptions=(NoUri,)) | 139 except NotImplementedError: | 202 # result in a ""Losing ids"" exception if there is a target node before|61 'exception': _('exception'), | 180 except SyntaxError:|180 except SyntaxError:|662 Description of a class-like object (classes, interfaces, exceptions).|14 from types import TracebackType | 49 TracebackType: 'types.TracebackType', | 86 except NameError: | 87 # Failed to evaluate ForwardRef (maybe TYPE_CHECKING) | 89 except TypeError: | 93 except KeyError|36 except (TypeError, ValueError): | 52 except KeyError:|1283 except TypeError as exc: | 1284 logger.warning(__(""Failed to get a function signature for %s: %s""), | 1287 except ValueError: | 1357 except TypeError as exc: | 1358 logger.warning(__(""Failed to get a function signature for %s: %s""), | 1361 except ValueError: | 1372 except (AttributeError, TypeError): | 1373 # f...",<details> <summary>Steps with output including complete traceback</summary>,0,0,0,/home/shashwatsuthar/research/openhands-adp-memory/analysis/contextbench_posthoc/20260606_220027/remote/execution_full_qwen36_65k_fix1_minimal/sphinx-doc__sphinx-8127/memory
sphinx-doc__sphinx-8588,no_memory,,"14 from types import TracebackType | 49 TracebackType: 'types.TracebackType', | 86 except NameError: | 87 # Failed to evaluate ForwardRef (maybe TYPE_CHECKING) | 89 except TypeError: | 93 except KeyError|540 except IndexError: | 558 except Exception:|535 except ValueError: | 540 except IndexError: | 558 except Exception:|except Exception as e: | print('Failed to resolve Struct with dotted key:', e) | except Exception as e: | print('Failed to resolve Struct with simple key:', e) | Traceback (most recent call last): | ImportError: cannot import name 'ForwardRef'|except Exception as e: | print('Failed to resolve Struct with dotted key:', type(e).__name__, e) | except Exception as e: | print('Failed to resolve Struct with simple key:', type(e).__name__, e) | Failed to resolve Struct with dotted key: NameError name 'Struct' is not defined|86 except NameError: | 87 # Failed to evaluate ForwardRef (maybe TYPE_CHECKING) | 89 except TypeError: | 93 except KeyError:|96 except NameError: | 97 # Failed to evaluate ForwardRef (maybe TYPE_CHECKING) | 99 except TypeError: | 103 except KeyError: | from types import TracebackType | TracebackType: 'types.TracebackType', | except NameError: | # Failed to evaluate ForwardRef (maybe TYPE_CHECKING) | except TypeError: | except KeyError: | ...|SyntaxError: future feature annotations is not defined|Traceback (most recent call last): | ImportError: cannot import name 'ForwardRef'|14 from types import TracebackType | 49 assert restify(TracebackType) == "":class:`types.TracebackType",,0,0,0,/home/shashwatsuthar/research/openhands-adp-memory/analysis/contextbench_posthoc/20260606_220027/remote/execution_full_qwen36_65k_fix1_minimal/sphinx-doc__sphinx-8588/no_memory
sphinx-doc__sphinx-8588,raw,"Traceback (most recent call last):|AttributeError: 'NoneType' object has no attribute 'loader'|36→ except (TypeError, ValueError):|except Exception as e:|print(f'Error: {e}')|Error: <lambda>() takes 1 positional argument but 2 were given|# Exceptions","535 except ValueError: | 540 except IndexError: | 558 except Exception:|90 belongs. Valid values: ""module"", ""class"", ""exception"", ""function"", | 94 obj : module, class, exception, function, method, or attribute|36 except (TypeError, ValueError): | 52 except KeyError:|14 from types import TracebackType | 49 TracebackType: 'types.TracebackType', | 86 except NameError: | 87 # Failed to evaluate ForwardRef (maybe TYPE_CHECKING) | 89 except TypeError: | 93 except KeyError|except Exception as e: | SyntaxError: future feature annotations is not defined|Traceback (most recent call last): | TypeError: __init__() got an unexpected keyword argument 'capture_output'|558 except Exception:|86 except NameError: | 87 # Failed to evaluate ForwardRef (maybe TYPE_CHECKING) | 89 except TypeError: | 93 except KeyError:",,1,1,0,/home/shashwatsuthar/research/openhands-adp-memory/analysis/contextbench_posthoc/20260606_220027/remote/execution_full_qwen36_65k_fix1_minimal/sphinx-doc__sphinx-8588/raw
sphinx-doc__sphinx-8588,adp,"Traceback (most recent call last):|AttributeError: 'NoneType' object has no attribute 'loader'|36→ except (TypeError, ValueError):|except Exception as e:|print(f'Error: {e}')|Error: <lambda>() takes 1 positional argument but 2 were given|# Exceptions","14 from types import TracebackType | 49 TracebackType: 'types.TracebackType', | 86 except NameError: | 87 # Failed to evaluate ForwardRef (maybe TYPE_CHECKING) | 89 except TypeError: | 93 except KeyError|535 except ValueError: | 540 except IndexError: | 558 except Exception:|604 except (NameError, TypeError): | 605 # failed to evaluate type. skipped.|SyntaxError: future feature annotations is not defined|except Exception as e: | print('Error:', e)|36 except (TypeError, ValueError): | 52 except KeyError:|except Exception as e: | print('Error:', e) | except Exception as e: | Error: name 'Struct' is not defined|86 except NameError: | 87 # Failed to evaluate ForwardRef (maybe TYPE_CHECKING) | 89 except TypeError: | 93 except KeyError:|except Exception as e: | print('Case 1 Error:', type(e).__name__, e) | except Exception as e: | print('Case 2 Error:', type(e).__name__, e) | except Exception as e: | print('Case 3 Error:', type(e).__name__, e)|except Exception as e: | print('Case 1 Error:', type(e).__name__, e) | except Exception as e: | print('Case 2 Error:', type(e).__name__, e) | Case 1 Error: NameError name 'Struct' is not defined",,1,1,0,/home/shashwatsuthar/research/openhands-adp-memory/analysis/contextbench_posthoc/20260606_220027/remote/execution_full_qwen36_65k_fix1_minimal/sphinx-doc__sphinx-8588/adp
sphinx-doc__sphinx-8588,memory,- Traceback (most recent call last):|# Exceptions,"36 except (TypeError, ValueError): | 52 except KeyError:|119 except ValueError: | 148 Raises ValueError if given *obj* have invalid __all__. | 157 raise ValueError(__all__) | 191 Raises TypeError if given *obj* is not a class. | 192 Raises ValueError if given *obj* have invalid __slots__. | 195 raise TypeError | 207 raise ValueError | 288 except (NameError, TypeError): | ...|535 except ValueError: | 540 except IndexError: | 558 except Exception: | 604 except (NameError, TypeError): | 605 # failed to evaluate type. skipped.|14 from types import TracebackType | 49 TracebackType: 'types.TracebackType', | 86 except NameError: | 87 # Failed to evaluate ForwardRef (maybe TYPE_CHECKING) | 89 except TypeError: | 93 except KeyError|except Exception as e: | print('With dotted key failed:', type(e).__name__, e) | except Exception as e: | print('With module key failed:', type(e).__name__, e) | With dotted key failed: NameError name 'struct' is not defined|except Exception as e: | print('With dotted key failed:', type(e).__name__, e) | except Exception as e: | print('With module key failed:', type(e).__name__, e) | SyntaxError: from __future__ imports must occur at the beginning of the file|except Exception as e: | print('With dotted key failed:', type(e).__name__, e) | except Exception as e: | print('With module key failed:', type(e).__name__, e)|SyntaxError: from __future__ imports must occur at the beginning of the file|SyntaxError: future feature annotations is not defined|558 except Exception:",,0,0,0,/home/shashwatsuthar/research/openhands-adp-memory/analysis/contextbench_posthoc/20260606_220027/remote/execution_full_qwen36_65k_fix1_minimal/sphinx-doc__sphinx-8588/memory
sympy__sympy-11275,no_memory,,"Traceback (most recent call last): | NameError: name 'Fraction' is not defined|126 raise ValueError(""'mode' must be one of 'inline', 'plain', ""|Traceback (most recent call last): | ModuleNotFoundError: No module named 'sympy.simplify.fraction|Traceback (most recent call last): | NameError: name 'Exp' is not defined|raise ValueError(""'mode' must be one of 'inline', 'plain', "" | except Exception: | except SympifyError: | raise ValueError(""'mode' must be one of 'inline', 'plain', "" | except Exception: | except SympifyError:|Traceback (most recent call last): | NameError: name 'exp' is not defined|ImportError while importing test module '/testbed/sympy/printing/tests/test_latex.py'. | Traceback: | E ImportError: cannot import name 'raises|21: def raises(expectedException, code=None): | 23: Tests that ``code`` raises the exception ``expectedException``. | 32: ``raises()`` does nothing if the callable raises the expected exception, | 33: otherwise it raises an AssertionError.|assert 'e^{- x}' in latex1 or 'e^{-x}' in latex1, 'Case 1 failed: should have e^{-x}' | assert '/frac{1}{e' not in latex1, 'Case 1 failed: should not have 1/e^x' | assert '/frac{1}{2}' in latex2, 'Case 2 failed: should have 1/2' | assert '2 x + 2 y' not in latex2, 'Case 2 failed: should not have 2x+2y' | assert 'e...",,0,0,0,/home/shashwatsuthar/research/openhands-adp-memory/analysis/contextbench_posthoc/20260606_220027/remote/execution_full_qwen36_65k_fix1_minimal/sympy__sympy-11275/no_memory
sympy__sympy-11275,raw,"Traceback (most recent call last):|AttributeError: 'NoneType' object has no attribute 'loader'|145→ raise ValueError(""'mode' must be one of 'inline', 'plain', ""|python3 -m pytest sympy/printing/tests/test_latex.py::test_issue_8470 -xvs 2>&1|grep -A 30 ""FAILED/|AssertionError/|ValueError|sympy/printing/tests/test_latex.py::test_issue_8470 FAILED|E ValueError: Name node can't be used with 'False' constant|sympy/parsing/sympy_parser.py:892: ValueError",1604 except AttributeError:|Traceback (most recent call last): | NameError: name 'Rational' is not defined|Traceback (most recent call last): | NameError: name 'Pow' is not defined|Traceback (most recent call last): | AttributeError: Attribute 'Pow' was not installed on SymPy registry S|Traceback (most recent call last): | NameError: name 'Mul' is not defined|Traceback (most recent call last): | AttributeError: 'int' object has no attribute 'is_Add'|Traceback (most recent call last): | AttributeError: 'int' object has no attribute 'is_Mul',,1,1,0,/home/shashwatsuthar/research/openhands-adp-memory/analysis/contextbench_posthoc/20260606_220027/remote/execution_full_qwen36_65k_fix1_minimal/sympy__sympy-11275/raw
sympy__sympy-11275,adp,"Traceback (most recent call last):|AttributeError: 'NoneType' object has no attribute 'loader'|145→ raise ValueError(""'mode' must be one of 'inline', 'plain', ""|python3 -m pytest sympy/printing/tests/test_latex.py::test_issue_8470 -xvs 2>&1|grep -A 30 ""FAILED/|AssertionError/|ValueError|sympy/printing/tests/test_latex.py::test_issue_8470 FAILED|E ValueError: Name node can't be used with 'False' constant|sympy/parsing/sympy_parser.py:892: ValueError","1604 except AttributeError:|Traceback (most recent call last): | NameError: name 'Mul' is not defined|raise ValueError(""'mode' must be one of 'inline', 'plain', "" | except Exception: | except SympifyError: | raise ValueError(""'mode' must be one of 'inline', 'plain', "" | except Exception: | except SympifyError:|ImportError while importing test module '/testbed/sympy/printing/tests/test_latex.py'. | Traceback: | E ImportError: cannot import name 'raises|ImportError while importing test module '/testbed/sympy/printing/tests/test_latex.py'. | Traceback: | E ImportError: cannot import name 'raises' | ERROR: not found: /testbed/sympy/printing/tests/test_latex.py::test_latex_issue_4381|Traceback (most recent call last): | AssertionError: Should be a fraction",,1,1,0,/home/shashwatsuthar/research/openhands-adp-memory/analysis/contextbench_posthoc/20260606_220027/remote/execution_full_qwen36_65k_fix1_minimal/sympy__sympy-11275/adp
sympy__sympy-11275,memory,"- E AssertionError: assert '/frac{1}{4}...2 /right )}}' == '/frac{1}{4 ... /right )}}}|- FAILED sympy/printing/tests/test_latex.py::test_latex_issue_4381 - AssertionE...|- Traceback (most recent call last):|- FAILED sympy/printing/tests/test_latex.py::test_issue_8470 - ValueError: Name...|- E ValueError: Name node can't be used with 'False' constant|sympy/printing/tests/test_latex.py::test_issue_8470 FAILED|FAILED sympy/printing/tests/test_latex.py::test_issue_8470 - ValueError: Name...|======================== 1 failed, 17 warnings in 1.15s ========================|Traceback (most recent call last):|========== 104 passed, 1 deselected, 2 xfailed, 18 warnings in 1.53s ===========","1604 except AttributeError:|raise ValueError(""'mode' must be one of 'inline', 'plain', "" | except Exception: | except SympifyError: | raise ValueError(""'mode' must be one of 'inline', 'plain', "" | except Exception: | except SympifyError:|Traceback (most recent call last): | NameError: name 'Rational' is not defined|Traceback (most recent call last): | NameError: name 'Pow' is not defined|ImportError while importing test module '/testbed/sympy/printing/tests/test_latex.py'. | Traceback: | E ImportError: cannot import name 'raises|sympy/printing/tests/test_latex.py::test_latex_basic FAILED [ 1%] | E NameError: name 'Mul' is not defined | FAILED sympy/printing/tests/test_latex.py::test_latex_basic - NameError: name... | ================== 1 failed, 1 passed, 1 deselected in 0.16s ===================|sympy/printing/tests/test_latex.py::test_latex_basic FAILED [ 1%] | E AssertionError | sympy/printing/tests/test_latex.py:73: AssertionError | FAILED sympy/printing/tests/test_latex.py::test_latex_basic - AssertionError | ================== 1 failed, 1 passed, 1 deselected in 0.10s ===================|Traceback (most recent call last): | ImportError: cannot import name 'prettyForm'|failed = [] | except Exception as e: | failed.append((test_name, str(e))) | print(f'FAIL: {test_name}: {e}') | print(f'Passed: {len(passed)}, Failed: {len(failed)}') | if failed: | print('Failed tests:') | for name, err in failed: | FAIL: test_latex_basic: | FAIL: test_latex_integer: module 'sympy.printing.tests.tes...|failed = [] | except Exception as e: | failed.append((test_name, str(e))) | print(f'Passed: {len(passed)}, Failed: {len(failed)}') | if failed: | print('Failed tests:') | for name, err in failed: | Passed: 95, Failed: 10 | Failed tests",,1,1,0,/home/shashwatsuthar/research/openhands-adp-memory/analysis/contextbench_posthoc/20260606_220027/remote/execution_full_qwen36_65k_fix1_minimal/sympy__sympy-11275/memory
sympy__sympy-11286,no_memory,,,,0,0,0,/home/shashwatsuthar/research/openhands-adp-memory/analysis/contextbench_posthoc/20260606_220027/remote/execution_full_qwen36_65k_fix1_minimal/sympy__sympy-11286/no_memory
sympy__sympy-11286,raw,"Traceback (most recent call last):|AttributeError: 'NoneType' object has no attribute 'loader'|No matches found|ERROR: found no collectors for ./swebench_9_15/testbed/sympy/printing/tests/test_ccode.py::test_ccode_sinc|ImportError while importing test module './swebench_9_15/testbed/sympy/printing/tests/test_ccode.py'.|Traceback:|E ImportError: cannot import name 'raises' from 'sympy.utilities.pytest' (./swebench_9_15/testbed/sympy/utilities/pytest.py)|raise ImportError(""SymPy now depends on mpmath as an external library.|ImportError: SymPy now depends on mpmath as an external library. See http:/docs.sympy.org/latest/install.html#mpmath for more information.|assert result1 == expected1, f'Test 1 failed: {result1}'","247 raises(ValueError, lambda: mcode(expr)) | 271 raises(ValueError, lambda: mcode(A, assign_to=x)) | 272 raises(ValueError, lambda: mcode(A, assign_to=C)) | 282 raises(ValueError, lambda: mcode(A, assign_to=C))|raise ValueError(""All Piecewise expressions must contain an "" | raise ValueError(""All Piecewise expressions must contain an ""|raises(ValueError, lambda: mcode(expr)) | raises(ValueError, lambda: mcode(A, assign_to=x)) | raises(ValueError, lambda: mcode(A, assign_to=C)) | raises(ValueError, lambda: mcode(A, assign_to=C)) | raises(ValueError, lambda: mcode(expr)) | raises(ValueError, lambda: mcode(A, assign_to=x)) | raises(ValueError, lambda...|ImportError while importing test module '/testbed/sympy/printing/tests/test_octave.py'. | Traceback: | E ImportError: cannot import name 'raises|21: def raises(expectedException, code=None):",,1,1,1,/home/shashwatsuthar/research/openhands-adp-memory/analysis/contextbench_posthoc/20260606_220027/remote/execution_full_qwen36_65k_fix1_minimal/sympy__sympy-11286/raw
sympy__sympy-11286,adp,"Traceback (most recent call last):|AttributeError: 'NoneType' object has no attribute 'loader'|No matches found|ERROR: found no collectors for ./swebench_9_15/testbed/sympy/printing/tests/test_ccode.py::test_ccode_sinc|ImportError while importing test module './swebench_9_15/testbed/sympy/printing/tests/test_ccode.py'.|Traceback:|E ImportError: cannot import name 'raises' from 'sympy.utilities.pytest' (./swebench_9_15/testbed/sympy/utilities/pytest.py)|raise ImportError(""SymPy now depends on mpmath as an external library.|ImportError: SymPy now depends on mpmath as an external library. See http:/docs.sympy.org/latest/install.html#mpmath for more information.|assert result1 == expected1, f'Test 1 failed: {result1}'","247 raises(ValueError, lambda: mcode(expr)) | 271 raises(ValueError, lambda: mcode(A, assign_to=x)) | 272 raises(ValueError, lambda: mcode(A, assign_to=C)) | 282 raises(ValueError, lambda: mcode(A, assign_to=C))|raise ValueError(""All Piecewise expressions must contain an "" | raise ValueError(""All Piecewise expressions must contain an ""|raises(ValueError, lambda: mcode(expr)) | raises(ValueError, lambda: mcode(A, assign_to=x)) | raises(ValueError, lambda: mcode(A, assign_to=C)) | raises(ValueError, lambda: mcode(A, assign_to=C)) | raises(ValueError, lambda: mcode(expr)) | raises(ValueError, lambda: mcode(A, assign_to=x)) | raises(ValueError, lambda...|ImportError while importing test module '/testbed/sympy/printing/tests/test_octave.py'. | Traceback: | E ImportError: cannot import name 'raises' | ERROR: not found: /testbed/sympy/printing/tests/test_octave.py::test_sinc|Traceback (most recent call last): | NameError: name 'n' is not defined",,1,1,0,/home/shashwatsuthar/research/openhands-adp-memory/analysis/contextbench_posthoc/20260606_220027/remote/execution_full_qwen36_65k_fix1_minimal/sympy__sympy-11286/adp
sympy__sympy-11286,memory,- Traceback (most recent call last):|- ERROR: found no collectors for ./swebench_9_15/testbed/sympy/printing/tests/test_ccode.py::test_ccode_sinc|- ImportError while importing test module './swebench_9_15/testbed/sympy/printing/tests/test_ccode.py'.|- Traceback:|- E ImportError: cannot import name 'raises' from 'sympy.utilities.pytest' (./swebench_9_15/testbed/sympy/utilities/pytest.py)|- ImportError: SymPy now depends on mpmath as an external library. See http:/docs.sympy.org/latest/install.html#mpmath for more information.|No matches found|Traceback (most recent call last):|AttributeError: 'NoneType' object has no attribute 'loader'|ERROR: found no collectors for ./swebench_9_15/testbed/sympy/printing/tests/test_ccode.py::test_ccode_sinc,"247 raises(ValueError, lambda: mcode(expr)) | 271 raises(ValueError, lambda: mcode(A, assign_to=x)) | 272 raises(ValueError, lambda: mcode(A, assign_to=C)) | 282 raises(ValueError, lambda: mcode(A, assign_to=C))|Traceback (most recent call last): | AttributeError: 'sinc' object has no attribute 'argument'|raises(ValueError, lambda: mcode(expr)) | raises(ValueError, lambda: mcode(A, assign_to=x)) | raises(ValueError, lambda: mcode(A, assign_to=C)) | raises(ValueError, lambda: mcode(A, assign_to=C)) | raises(ValueError, lambda: mcode(expr)) | raises(ValueError, lambda: mcode(A, assign_to=x)) | raises(ValueError, lambda...|ImportError while importing test module '/testbed/sympy/printing/tests/test_octave.py'. | Traceback: | E ImportError: cannot import name 'raises' | ERROR: not found: /testbed/sympy/printing/tests/test_octave.py::test_sinc|21: def raises(expectedException, code=None): | 23: Tests that ``code`` raises the exception ``expectedException``. | 32: ``raises()`` does nothing if the callable raises the expected exception, | 33: otherwise it raises an AssertionError.",,1,1,1,/home/shashwatsuthar/research/openhands-adp-memory/analysis/contextbench_posthoc/20260606_220027/remote/execution_full_qwen36_65k_fix1_minimal/sympy__sympy-11286/memory
sympy__sympy-12426,no_memory,,"Traceback (most recent call last): | IndexError: Invalid indices (1, 1)|Traceback (most recent call last): | ImportError: cannot import name 'diag_matrix'|Traceback (most recent call last): | AttributeError: MutableDenseMatrix has no attribute diagonal.|except Exception as e: | print('X[1, 1] raises:', type(e).__name__, str(e)) | Traceback (most recent call last): | IndexError: Invalid indices (1, 1)|======================== 123 passed, 2 xfailed in 1.64s ========================",,0,0,0,/home/shashwatsuthar/research/openhands-adp-memory/analysis/contextbench_posthoc/20260606_220027/remote/execution_full_qwen36_65k_fix1_minimal/sympy__sympy-12426/no_memory
sympy__sympy-12426,raw,Traceback (most recent call last):|AttributeError: 'NoneType' object has no attribute 'loader'|22→ except SympifyError:|ERROR: file or directory not found: sympy/concrete/tests/test_sums_products.py::test_Sum_doit|sympy/concrete/tests/test_sums_products.py::test_Sum_doit FAILED,"sympy/matrices/expressions/tests/test_diagonal.py::test_DiagonalMatrix FAILED | E IndexError: Invalid indices (1, 1) | FAILED sympy/matrices/expressions/tests/test_diagonal.py::test_DiagonalMatrix | ============================== 1 failed in 0.07s ===============================|Traceback (most recent call last): | IndexError: Invalid indices (1, 1)|Traceback (most recent call last): | NameError: name 'i' is not defined",,1,1,1,/home/shashwatsuthar/research/openhands-adp-memory/analysis/contextbench_posthoc/20260606_220027/remote/execution_full_qwen36_65k_fix1_minimal/sympy__sympy-12426/raw
sympy__sympy-12426,adp,Traceback (most recent call last):|AttributeError: 'NoneType' object has no attribute 'loader'|22→ except SympifyError:|ERROR: file or directory not found: sympy/concrete/tests/test_sums_products.py::test_Sum_doit|sympy/concrete/tests/test_sums_products.py::test_Sum_doit FAILED,"Traceback (most recent call last): | NameError: name 'i' is not defined|sympy/matrices/expressions/tests/test_diagonal.py::test_DiagonalMatrix FAILED | E IndexError: Invalid indices (1, 1) | FAILED sympy/matrices/expressions/tests/test_diagonal.py::test_DiagonalMatrix | ============================== 1 failed in 0.07s ===============================",,1,1,0,/home/shashwatsuthar/research/openhands-adp-memory/analysis/contextbench_posthoc/20260606_220027/remote/execution_full_qwen36_65k_fix1_minimal/sympy__sympy-12426/adp
sympy__sympy-12426,memory,- Traceback (most recent call last):|- ERROR: file or directory not found: sympy/concrete/tests/test_sums_products.py::test_Sum_doit|- FAILED sympy/concrete/tests/test_sums_products.py::test_Sum_doit - assert N =...|Traceback (most recent call last):|AttributeError: 'NoneType' object has no attribute 'loader'|22→ except SympifyError:,"Traceback (most recent call last): | NameError: name 'symbols' is not defined|sympy/matrices/expressions/tests/test_diagonal.py::test_DiagonalMatrix FAILED [ 33%] | E IndexError: Invalid indices (1, 1) | FAILED sympy/matrices/expressions/tests/test_diagonal.py::test_DiagonalMatrix | ========================= 1 failed, 2 passed in 0.09s ==========================|Traceback (most recent call last): | NameError: name 'S' is not defined",,1,1,0,/home/shashwatsuthar/research/openhands-adp-memory/analysis/contextbench_posthoc/20260606_220027/remote/execution_full_qwen36_65k_fix1_minimal/sympy__sympy-12426/memory
sympy__sympy-12427,no_memory,,"Traceback (most recent call last): | raise TypeError(""cannot determine truth value of Relational"") | TypeError: cannot determine truth value of Relational|Traceback (most recent call last): | ImportError: cannot import name 'Min'|ERROR: usage: __main__.py [options] [file_or_dir] [file_or_dir] [...] | __main__.py: error: unrecognized arguments: --timeout=120|sympy/matrices/expressions/tests/test_slice.py::test_exceptions PASSED [ 88%] | ======================== 122 passed, 2 xfailed in 1.82s ========================",Traceback (most recent call last):|sympy.matrices.matrices.ShapeError: Matrices DiagonalMatrix(x) and DiagonalMatri,0,1,0,/home/shashwatsuthar/research/openhands-adp-memory/analysis/contextbench_posthoc/20260606_220027/remote/execution_full_qwen36_65k_fix1_minimal/sympy__sympy-12427/no_memory
sympy__sympy-12427,raw,Traceback (most recent call last):|AttributeError: 'NoneType' object has no attribute 'loader'|22→ except SympifyError:|ERROR: file or directory not found: sympy/concrete/tests/test_sums_products.py::test_Sum_doit|sympy/concrete/tests/test_sums_products.py::test_Sum_doit FAILED,Traceback (most recent call last): | ImportError: cannot import name 'Min'|except Exception as e: | print(f' ERROR: {e}'),Traceback (most recent call last):|sympy.matrices.matrices.ShapeError: Matrices DiagonalMatrix(x) and DiagonalMatri,1,1,0,/home/shashwatsuthar/research/openhands-adp-memory/analysis/contextbench_posthoc/20260606_220027/remote/execution_full_qwen36_65k_fix1_minimal/sympy__sympy-12427/raw
sympy__sympy-12427,adp,Traceback (most recent call last):|AttributeError: 'NoneType' object has no attribute 'loader'|22→ except SympifyError:|ERROR: file or directory not found: sympy/concrete/tests/test_sums_products.py::test_Sum_doit|sympy/concrete/tests/test_sums_products.py::test_Sum_doit FAILED,"except Exception as ex: | print('FAILED:', ex) | Traceback (most recent call last): | ImportError: cannot import name 'Min'|Traceback (most recent call last): | ImportError: cannot import name 'Min'|except Exception as ex: | print('FAILED:', ex)",Traceback (most recent call last):|sympy.matrices.matrices.ShapeError: Matrices DiagonalMatrix(x) and DiagonalMatri,1,1,0,/home/shashwatsuthar/research/openhands-adp-memory/analysis/contextbench_posthoc/20260606_220027/remote/execution_full_qwen36_65k_fix1_minimal/sympy__sympy-12427/adp
sympy__sympy-12427,memory,- Traceback (most recent call last):|- ERROR: file or directory not found: sympy/concrete/tests/test_sums_products.py::test_Sum_doit|- FAILED sympy/concrete/tests/test_sums_products.py::test_Sum_doit - assert N =...|Traceback (most recent call last):|AttributeError: 'NoneType' object has no attribute 'loader'|22→ except SympifyError:,"Traceback (most recent call last): | ImportError: cannot import name 'Min'|ERROR: usage: __main__.py [options] [file_or_dir] [file_or_dir] [...] | __main__.py: error: unrecognized arguments: --timeout=60|sympy/matrices/expressions/tests/test_slice.py::test_exceptions PASSED [ 88%] | ======================== 122 passed, 2 xfailed in 1.83s ========================",Traceback (most recent call last):|sympy.matrices.matrices.ShapeError: Matrices DiagonalMatrix(x) and DiagonalMatri,1,1,0,/home/shashwatsuthar/research/openhands-adp-memory/analysis/contextbench_posthoc/20260606_220027/remote/execution_full_qwen36_65k_fix1_minimal/sympy__sympy-12427/memory
sympy__sympy-12950,no_memory,,"56 raise ValueError(""lenth of tail cannot be 0"") | 108 except ShapeError: | 201 except ValueError: # Y might not be invertible | 240 raise RuntimeError(""Invalid matrices being multiplied"")|except Exception as e: | print('Error:', type(e).__name__, str(e)) | Error: AttributeError 'int' object has no attribute 'is_number|raise ValueError(""lenth of tail cannot be 0"") | except ShapeError: | except ValueError: # Y might not be invertible | raise RuntimeError(""Invalid matrices being multiplied"") | raise ValueError(""lenth of tail cannot be 0"") | except ShapeError: | except ValueError: # Y might not be invertible | raise RuntimeError(""Inv...|Fix the AttributeError for 'int' object has no attribute 'is_number'|56 raise ValueError(""lenth of tail cannot be 0"")|In sympy 1.1, calling `as_explicit()` on a `MatMul` object raised an `AttributeError: 'int' object has no attribute 'is_number'` because the code at line 67 in `/testbed/sympy/matrices/expressions/matmul.py` was calling `X.cols.is_number` without checking if `X.cols` was a Python `int` (which doesn't have the `is_nu...","In sympy 1.1, the last statement from above raises an error|AttributeError: 'int' object has no attribute 'is_number'",0,1,0,/home/shashwatsuthar/research/openhands-adp-memory/analysis/contextbench_posthoc/20260606_220027/remote/execution_full_qwen36_65k_fix1_minimal/sympy__sympy-12950/no_memory
sympy__sympy-12950,raw,"Traceback (most recent call last):|AttributeError: 'NoneType' object has no attribute 'loader'|13→ raises(TypeError, lambda: SparseMatrix(1, 2))","56 raise ValueError(""lenth of tail cannot be 0"") | 108 except ShapeError: | 201 except ValueError: # Y might not be invertible | 240 raise RuntimeError(""Invalid matrices being multiplied"")|Traceback (most recent call last): | AttributeError: 'int' object has no attribute 'is_number'|raise ValueError(""lenth of tail cannot be 0"") | except ShapeError: | except ValueError: # Y might not be invertible | raise RuntimeError(""Invalid matrices being multiplied"") | raise ValueError(""lenth of tail cannot be 0"") | except ShapeError: | except ValueError: # Y might not be invertible | raise RuntimeError(""Inv...|121 passed, 2 xfailed in 1.82s|Traceback (most recent call last): | NameError: name 'x' is not defined|Traceback (most recent call last): | NameError: name 'A' is not defined|**Problem:** Calling `as_explicit()` on a MatMul object like `Matrix([[Symbol('x')]]) * MatrixSymbol(""A"", 1, 1)` raised `AttributeError: 'int' object has no attribute 'is_number'`.","In sympy 1.1, the last statement from above raises an error|AttributeError: 'int' object has no attribute 'is_number'",1,1,0,/home/shashwatsuthar/research/openhands-adp-memory/analysis/contextbench_posthoc/20260606_220027/remote/execution_full_qwen36_65k_fix1_minimal/sympy__sympy-12950/raw
sympy__sympy-12950,adp,"Traceback (most recent call last):|AttributeError: 'NoneType' object has no attribute 'loader'|13→ raises(TypeError, lambda: SparseMatrix(1, 2))","except Exception as e: | print('Error:', type(e).__name__, str(e)) | Error: AttributeError 'int' object has no attribute 'is_number|56 raise ValueError(""lenth of tail cannot be 0"") | 108 except ShapeError: | 201 except ValueError: # Y might not be invertible | 240 raise RuntimeError(""Invalid matrices being multiplied"")|raise ValueError(""lenth of tail cannot be 0"") | except ShapeError: | except ValueError: # Y might not be invertible | raise RuntimeError(""Invalid matrices being multiplied"") | raise ValueError(""lenth of tail cannot be 0"") | except ShapeError: | except ValueError: # Y might not be invertible | raise RuntimeError(""Inv...|Traceback (most recent call last): | NameError: name 'x' is not defined|Traceback (most recent call last): | NameError: name 'A' is not defined|======================== 121 passed, 2 xfailed in 1.50s ========================|sympy/matrices/expressions/tests/test_matpow.py: raises(ValueError, lambda: MatPow(A, pi).as_explicit())|56 raise ValueError(""lenth of tail cannot be 0"")|Fixed the issue where `as_explicit()` raised an `AttributeError` for `MatMul` objects in sympy 1.1.","In sympy 1.1, the last statement from above raises an error|AttributeError: 'int' object has no attribute 'is_number'",1,1,0,/home/shashwatsuthar/research/openhands-adp-memory/analysis/contextbench_posthoc/20260606_220027/remote/execution_full_qwen36_65k_fix1_minimal/sympy__sympy-12950/adp
sympy__sympy-12950,memory,"- Traceback (most recent call last):|13→ raises(TypeError, lambda: SparseMatrix(1, 2))","56 raise ValueError(""lenth of tail cannot be 0"") | 108 except ShapeError: | 201 except ValueError: # Y might not be invertible | 240 raise RuntimeError(""Invalid matrices being multiplied"")|Traceback (most recent call last): | AttributeError: 'int' object has no attribute 'is_number'|raise ValueError(""lenth of tail cannot be 0"") | except ShapeError: | except ValueError: # Y might not be invertible | raise RuntimeError(""Invalid matrices being multiplied"") | raise ValueError(""lenth of tail cannot be 0"") | except ShapeError: | except ValueError: # Y might not be invertible | raise RuntimeError(""Inv...|Traceback (most recent call last): | NameError: name 'x' is not defined|Traceback (most recent call last): | NameError: name 'A' is not defined|======================== 121 passed, 2 xfailed in 1.79s ========================|Traceback (most recent call last): | sympy.matrices.common.ShapeError: Matrices Matrix([[2, 3]]) and A are not aligned|56 raise ValueError(""lenth of tail cannot be 0"")|I fixed the regression in sympy where `as_explicit()` raised an `AttributeError` for `MatMul` objects. | AttributeError: 'int' object has no attribute 'is_number","In sympy 1.1, the last statement from above raises an error|AttributeError: 'int' object has no attribute 'is_number'",1,1,0,/home/shashwatsuthar/research/openhands-adp-memory/analysis/contextbench_posthoc/20260606_220027/remote/execution_full_qwen36_65k_fix1_minimal/sympy__sympy-12950/memory
sympy__sympy-13039,no_memory,,"Traceback (most recent call last): | AttributeError: 'str' object has no attribute 'parens'|except KeyError: | except AttributeError: | except SympifyError: | except KeyError: | except AttributeError: | except SympifyError:|Traceback (most recent call last): | NameError: name 'y' is not defined|Traceback (most recent call last): | TypeError: replace() argument 1 must be str, not None|E IndexError: list index out of range | FAILED sympy/vector/tests/test_printing.py::test_pretty_print_unicode - Index... | ==================== 1 failed, 1 passed, 1 xfailed in 0.50s ====================|E AssertionError: assert ' N_j + 2 ... ⌡ ' == 'N_j + ⎛ 2 ... ⎠ ' | sympy/vector/tests/test_printing.py:135: AssertionError | FAILED sympy/vector/tests/test_printing.py::test_pretty_print_unicode - Asser... | ==================== 1 failed, 1 passed, 1 xfailed in 0.40s ====================|Traceback (most recent call last): | ImportError: cannot import name 'upretty'|Traceback (most recent call last): | NameError: name 'upretty_v_8' is not defined|Traceback (most recent call last): | ImportError: cannot import name 'prettyForm'",,0,0,0,/home/shashwatsuthar/research/openhands-adp-memory/analysis/contextbench_posthoc/20260606_220027/remote/execution_full_qwen36_65k_fix1_minimal/sympy__sympy-13039/no_memory
sympy__sympy-13039,raw,"Traceback (most recent call last):|ImportError: No module named sympy.vector|raise ImportError(""SymPy now depends on mpmath as an external library.|ImportError: SymPy now depends on mpmath as an external library. See http:/docs.sympy.org/latest/install.html#mpmath for more information.|ImportError: No module named mpmath|AttributeError: 'NoneType' object has no attribute 'loader'|FAILED sympy/printing/pretty/tests/test_pretty.py::test_issue_8292 - ValueErr...|============= 1 failed, 97 passed, 1 xpassed, 6 warnings in 1.49s ==============|E ValueError: Name node can't be used with 'False' constant|sympy/parsing/sympy_parser.py:948: ValueError","Traceback (most recent call last): | AttributeError: 'str' object has no attribute 'parens'|except KeyError: | except AttributeError: | except SympifyError: | except KeyError: | except AttributeError: | except SympifyError:|========================= 4 passed, 1 xfailed in 0.43s =========================",,1,1,0,/home/shashwatsuthar/research/openhands-adp-memory/analysis/contextbench_posthoc/20260606_220027/remote/execution_full_qwen36_65k_fix1_minimal/sympy__sympy-13039/raw
sympy__sympy-13039,adp,"Traceback (most recent call last):|ImportError: No module named sympy.vector|raise ImportError(""SymPy now depends on mpmath as an external library.|ImportError: SymPy now depends on mpmath as an external library. See http:/docs.sympy.org/latest/install.html#mpmath for more information.|ImportError: No module named mpmath|AttributeError: 'NoneType' object has no attribute 'loader'|FAILED sympy/printing/pretty/tests/test_pretty.py::test_issue_8292 - ValueErr...|============= 1 failed, 97 passed, 1 xpassed, 6 warnings in 1.49s ==============|E ValueError: Name node can't be used with 'False' constant|sympy/parsing/sympy_parser.py:948: ValueError",except KeyError: | except AttributeError: | except SympifyError: | except KeyError: | except AttributeError: | except SympifyError:|Traceback (most recent call last): | AttributeError: 'str' object has no attribute 'parens'|Traceback (most recent call last): | TypeError: __init__() got an unexpected keyword argument 'use_unicode',,1,1,0,/home/shashwatsuthar/research/openhands-adp-memory/analysis/contextbench_posthoc/20260606_220027/remote/execution_full_qwen36_65k_fix1_minimal/sympy__sympy-13039/adp
sympy__sympy-13039,memory,"- Traceback (most recent call last):|- ImportError: No module named sympy.vector|- FAILED sympy/printing/pretty/tests/test_pretty.py::test_issue_8292 - ValueErr...|- E ValueError: Name node can't be used with 'False' constant|- ImportError: SymPy now depends on mpmath as an external library. See http:/docs.sympy.org/latest/install.html#mpmath for more information.|- ImportError: No module named mpmath|Traceback (most recent call last):|ImportError: No module named sympy.vector|raise ImportError(""SymPy now depends on mpmath as an external library.|ImportError: SymPy now depends on mpmath as an external library. See http:/docs.sympy.org/latest/install.html#mpmath for more information.","Traceback (most recent call last): | AttributeError: 'str' object has no attribute 'parens'|Traceback (most recent call last): | TypeError: unsupported operand type(s) for -: 'int' and 'str'|Traceback (most recent call last): | NameError: name 'prettyprinter' is not defined|Traceback (most recent call last): | ImportError: cannot import name 'prettyPrinter'|Traceback (most recent call last): | AttributeError: 'tuple' object has no attribute 'split'|Traceback (most recent call last): | AttributeError: 'BaseVector' object has no attribute '_basis'|except KeyError: | except AttributeError: | except SympifyError: | except KeyError: | except AttributeError: | except SympifyError:|========================= 4 passed, 1 xfailed in 0.45s =========================",,1,1,0,/home/shashwatsuthar/research/openhands-adp-memory/analysis/contextbench_posthoc/20260606_220027/remote/execution_full_qwen36_65k_fix1_minimal/sympy__sympy-13039/memory
sympy__sympy-15059,no_memory,,Traceback (most recent call last): | ModuleNotFoundError: No module named '_distutils_hack'|Traceback (most recent call last): | ModuleNotFoundError: No module named '_distutils_hack' | Traceback (most recent call last): | ImportError: cannot import name 'pretty' from 'pretty' (unknown location),,0,0,0,/home/shashwatsuthar/research/openhands-adp-memory/analysis/contextbench_posthoc/20260606_220027/remote/execution_full_qwen36_65k_fix1_minimal/sympy__sympy-15059/no_memory
sympy__sympy-15059,raw,"Traceback (most recent call last):|AttributeError: 'NoneType' object has no attribute 'loader'|print(""✗ Fix failed. Double subscripts still present."")|ERROR: not found: ./swebench_9_15/testbed/sympy/printing/tests/test_latex.py::test_MatrixElement|E ValueError: Name node can't be used with 'False' constant|FAILED sympy/printing/tests/test_latex.py::test_issue_8470 - ValueError: Name...|============= 1 failed, 106 passed, 2 xfailed, 2 warnings in 1.33s =============","Traceback (most recent call last): | ModuleNotFoundError: No module named '_distutils_hack'|144 except KeyError:|147 raise IndexException(""Indexed needs at least one index."") | 151 raise TypeError(filldedent("""""" | 178 raise IndexException(msg)|except KeyError: | except AttributeError: | except SympifyError: | except KeyError: | except AttributeError: | except SympifyError:|Traceback (most recent call last): | ModuleNotFoundError: No module named '_distutils_hack' | ERROR: file or directory not found: sympy/printing/tests/test_pretty.py|sympy/printing/pretty/tests/test_pretty.py::test_missing_in_2X_issue_9047 FAILED [ 5%] | except Exception as e: | FAILED sympy/printing/pretty/tests/test_pretty.py::test_missing_in_2X_issue_9047 | ========================= 1 failed, 6 passed in 0.97s ========================== | Traceback (most recent call last): | ...|sympy/printing/tests/test_latex.py:1618: AssertionError | During handling of the above exception, another exception occurred: | except Exception as e: | E sympy.utilities.pytest.XFail: test_builtin_without_args_mismatched_names | FAILED sympy/printing/tests/test_latex.py::test_latex_symbols_failing - sympy... | FAIL...|E sympy.utilities.pytest.XFail: test_builtin_without_args_mismatched_names | FAILED sympy/printing/tests/test_latex.py::test_latex_symbols_failing - sympy... | FAILED sympy/printing/tests/test_latex.py::test_builtin_without_args_mismatched_names | ============================== 2 failed in 0.44s ====================...|raises(TypeError, lambda: pretty(S(4), method=""garbage"")) | raises(TypeError, lambda: pretty(S(4), method=""garbage""))|E AssertionError: assert ' x /ni, j' == ' x /ni, j' | sympy/printing/pretty/tests/test_pretty.py:6169: AssertionError | FAILED sympy/printing/pretty/tests/test_pretty.py::test_Indexed_printing - As... | ============================== 1 failed in 1.88s =============================== | Traceback (most recent call las...",,1,1,0,/home/shashwatsuthar/research/openhands-adp-memory/analysis/contextbench_posthoc/20260606_220027/remote/execution_full_qwen36_65k_fix1_minimal/sympy__sympy-15059/raw
sympy__sympy-15059,adp,"Traceback (most recent call last):|AttributeError: 'NoneType' object has no attribute 'loader'|print(""✗ Fix failed. Double subscripts still present."")|ERROR: not found: ./swebench_9_15/testbed/sympy/printing/tests/test_latex.py::test_MatrixElement|E ValueError: Name node can't be used with 'False' constant|FAILED sympy/printing/tests/test_latex.py::test_issue_8470 - ValueError: Name...|============= 1 failed, 106 passed, 2 xfailed, 2 warnings in 1.33s =============","Traceback (most recent call last): | ModuleNotFoundError: No module named '_distutils_hack'|Traceback (most recent call last): | ModuleNotFoundError: No module named '_distutils_hack' | Traceback (most recent call last): | raise TypeError(""Idx object requires an integer label."") | TypeError: Idx object requires an integer label.|147 raise IndexException(""Indexed needs at least one index."") | 151 raise TypeError(filldedent("""""" | 178 raise IndexException(msg)|271 except AttributeError: | 272 raise IndexException(filldedent("""""" | 274 except TypeError: | 275 raise IndexException(filldedent(""""""|303 except AttributeError:|Traceback (most recent call last): | ModuleNotFoundError: No module named '_distutils_hack' | Traceback (most recent call last): | KeyError: 'wrap_line'|144 except KeyError:|except KeyError: | except AttributeError: | except SympifyError: | except KeyError: | except AttributeError: | except SympifyError:|sympy/printing/pretty/tests/test_pretty.py::test_missing_in_2X_issue_9047 FAILED [ 5%] | FAILED sympy/printing/pretty/tests/test_pretty.py::test_missing_in_2X_issue_9047 | ========================= 1 failed, 6 passed in 0.97s ========================== | Traceback (most recent call last): | ModuleNotFoundError: No m...|Traceback (most recent call last): | ModuleNotFoundError: No module named '_distutils_hack' | Traceback (most recent call last): | ImportError: cannot import name 'upretty' from 'sympy.printing.pretty' (/testbed/sympy/printing/pretty/__init__.py)",,1,1,0,/home/shashwatsuthar/research/openhands-adp-memory/analysis/contextbench_posthoc/20260606_220027/remote/execution_full_qwen36_65k_fix1_minimal/sympy__sympy-15059/adp
sympy__sympy-15059,memory,"print(""✗ Fix failed. Double subscripts still present."")|- Traceback (most recent call last):|- ERROR: not found: ./swebench_9_15/testbed/sympy/printing/tests/test_latex.py::test_MatrixElement|- E ValueError: Name node can't be used with 'False' constant|- FAILED sympy/printing/tests/test_latex.py::test_issue_8470 - ValueError: Name...|Traceback (most recent call last):|AttributeError: 'NoneType' object has no attribute 'loader'|ERROR: not found: ./swebench_9_15/testbed/sympy/printing/tests/test_latex.py::test_MatrixElement|E ValueError: Name node can't be used with 'False' constant","Traceback (most recent call last): | ModuleNotFoundError: No module named '_distutils_hack'|Traceback (most recent call last): | ModuleNotFoundError: No module named '_distutils_hack' | Traceback (most recent call last): | ImportError: cannot import name 'pretty' from 'pretty' (unknown location)|147 raise IndexException(""Indexed needs at least one index."") | 151 raise TypeError(filldedent("""""" | 178 raise IndexException(msg)|271 except AttributeError: | 272 raise IndexException(filldedent("""""" | 274 except TypeError: | 275 raise IndexException(filldedent(""""""|270 # Exception: ignore the subclasses of Undefined, so that, e.g., | 277 # Another exception: if someone subclasses a known function, e.g.|Traceback (most recent call last): | ModuleNotFoundError: No module named '_distutils_hack' | Traceback (most recent call last): | ImportError: cannot import name 'pretty1' from 'sympy.printing.pretty' (/testbed/sympy/printing/pretty/__init__.py)|except KeyError: | except AttributeError: | except SympifyError: | except KeyError: | except AttributeError: | except SympifyError:|Traceback (most recent call last): | ModuleNotFoundError: No module named '_distutils_hack' | Traceback (most recent call last): | TypeError: sequence item 0: expected str instance, prettyForm found|Traceback (most recent call last): | ModuleNotFoundError: No module named '_distutils_hack' | Traceback (most recent call last): | raise IndexException(""Indexed needs at least one index."") | sympy.tensor.indexed.IndexException: Indexed needs at least one index.|FAILED sympy/printing/pretty/tests/test_pretty.py::test_missing_in_2X_issue_9047 | ========================= 1 failed, 6 passed in 0.99s ========================== | Traceback (most recent call last): | ModuleNotFoundError: No module named '_distutils_hack",,1,1,0,/home/shashwatsuthar/research/openhands-adp-memory/analysis/contextbench_posthoc/20260606_220027/remote/execution_full_qwen36_65k_fix1_minimal/sympy__sympy-15059/memory
sympy__sympy-16342,no_memory,,"94 AttributeError, AssertionError, ValueError): | 259 raise TypeError(filldedent(''' | 265 raise ValueError( | 271 # TypeError if arg count != set dimensions | 274 raise TypeError | 277 except TypeError: | 336 raise TypeError(""Input args to Union must be Sets"") | 388 raise TypeError(""Input args to Union must be Sets"")|1353 raise ValueError(""None of the constituent sets are iterable"")",,0,0,0,/home/shashwatsuthar/research/openhands-adp-memory/analysis/contextbench_posthoc/20260606_220027/remote/execution_full_qwen36_65k_fix1_minimal/sympy__sympy-16342/no_memory
sympy__sympy-16342,raw,"Traceback (most recent call last):|AttributeError: 'NoneType' object has no attribute 'loader'|sympy/sets/tests/test_sets.py::test_imageset FAILED|sympy/sets/tests/test_sets.py:24: AssertionError|ERROR: not found: ./swebench_9_15/testbed/sympy/sets/tests/test_sets.py::test_Intersection|29→ raises(TypeError, lambda: imageset(x, ints))|30→ raises(ValueError, lambda: imageset(x, y, z, ints))|31→ raises(ValueError, lambda: imageset(Lambda(x, cos(x)), y))|32→ raises(ValueError, lambda: imageset(Lambda(x, x), ints, ints))|306→ raise ValueError('first argument must b","94 AttributeError, AssertionError, ValueError): | 259 raise TypeError(filldedent(''' | 265 raise ValueError( | 271 # TypeError if arg count != set dimensions | 274 raise TypeError | 277 except TypeError: | 336 raise TypeError(""Input args to Union must be Sets"") | 388 raise TypeError(""Input args to Union must be Sets"")|1171 # The actual exception does not matter here, so long as these fail | 1173 raises(Exception, lambda: Union(sets)) | 1174 raises(Exception, lambda: Intersection(sets)) | 1175 raises(Exception, lambda: Union(tuple(sets)))|1353 raise ValueError(""None of the constituent sets are iterable"") | AttributeError, AssertionError, ValueError): | Traceback (most recent call last): | TypeError: did not evaluate to a bool: None | raise ValueError(""Unknown argument '%s'"" % other) | raise ValueError(""Unknown argument '%s'"" % other) | raise ValueErr...|Traceback (most recent call last): | raise TypeError('did not evaluate to a bool: %r' % c) | TypeError: did not evaluate to a bool: None|AttributeError, AssertionError, ValueError): | Traceback (most recent call last): | TypeError: did not evaluate to a bool: None | raise ValueError(""Unknown argument '%s'"" % other) | raise ValueError(""Unknown argument '%s'"" % other) | raise ValueError(""Unknown argument '%s'"" % other) | raise ValueError(""Unknown argum...|E AttributeError: module 'py' has no attribute 'test' | ERROR sympy/sets/tests/test_sets.py - AttributeError: module 'py' has no attr... | ERROR: not found: /testbed/sympy/sets/tests/test_sets.py::test_finite_set_intersection|assert result == FiniteSet(x), f'Test 1 failed: {result}' | assert result == FiniteSet(x), f'Test 2 failed: {result}' | assert result == FiniteSet(x), f'Test 3 failed: {result}' | Traceback (most recent call last): | AssertionError: Test 2 failed: Union({x}, Intersection({-oo}, {0}))|Traceback (most recent call last): | NameError: name 'fuzzy_bool' is not defined|Traceback (most recent call last): | NameError: name 'x' is not defined|Traceback (most recent call last): | AttributeError: 'int' object has no attribute 'equals'",,1,1,0,/home/shashwatsuthar/research/openhands-adp-memory/analysis/contextbench_posthoc/20260606_220027/remote/execution_full_qwen36_65k_fix1_minimal/sympy__sympy-16342/raw
sympy__sympy-16342,adp,"Traceback (most recent call last):|AttributeError: 'NoneType' object has no attribute 'loader'|sympy/sets/tests/test_sets.py::test_imageset FAILED|sympy/sets/tests/test_sets.py:24: AssertionError|ERROR: not found: ./swebench_9_15/testbed/sympy/sets/tests/test_sets.py::test_Intersection|29→ raises(TypeError, lambda: imageset(x, ints))|30→ raises(ValueError, lambda: imageset(x, y, z, ints))|31→ raises(ValueError, lambda: imageset(Lambda(x, cos(x)), y))|32→ raises(ValueError, lambda: imageset(Lambda(x, x), ints, ints))|306→ raise ValueError('first argument must b","94 AttributeError, AssertionError, ValueError): | 259 raise TypeError(filldedent(''' | 265 raise ValueError( | 271 # TypeError if arg count != set dimensions | 274 raise TypeError | 277 except TypeError: | 336 raise TypeError(""Input args to Union must be Sets"") | 388 raise TypeError(""Input args to Union must be Sets"")|1353 raise ValueError(""None of the constituent sets are iterable"")|Traceback (most recent call last): | NameError: name 'fuzzy_and' is not defined|1171 # The actual exception does not matter here, so long as these fail | 1173 raises(Exception, lambda: Union(sets)) | 1174 raises(Exception, lambda: Intersection(sets)) | 1175 raises(Exception, lambda: Union(tuple(sets))) | 1176 raises(Exception, lambda: Intersection(tuple(sets))) | 1177 raises(Exception, lambda: ...|dc80e71a60 capture TypeError|AttributeError, AssertionError, ValueError): | Traceback (most recent call last): | TypeError: did not evaluate to a bool: None | raise ValueError(""Unknown argument '%s'"" % other) | raise ValueError(""Unknown argument '%s'"" % other) | raise ValueError(""Unknown argument '%s'"" % other) | raise ValueError(""Unknown argum...|E AttributeError: module 'py' has no attribute 'test' | ERROR sympy/sets/tests/test_sets.py - AttributeError: module 'py' has no attr... | ERROR: not found: /testbed/sympy/sets/tests/test_sets.py::test_finite_set_intersection|1171 # The actual exception does not matter here, so long as these fail | 1173 raises(Exception, lambda: Union(sets)) | 1174 raises(Exception, lambda: Intersection(sets)) | 1175 raises(Exception, lambda: Union(tuple(sets)))|1175 # The actual exception does not matter here, so long as these fail | raises(TypeError, lambda: imageset(x, ints)) | raises(ValueError, lambda: imageset(x, y, z, ints)) | raises(ValueError, lambda: imageset(Lambda(x, cos(x)), y)) | raises(ValueError, lambda: imageset(Lambda(x, x), ints, ints)) | raises(ValueErro...|except Exception as e: | print(f'{test.__name__} FAILED: {e}')",,1,1,0,/home/shashwatsuthar/research/openhands-adp-memory/analysis/contextbench_posthoc/20260606_220027/remote/execution_full_qwen36_65k_fix1_minimal/sympy__sympy-16342/adp
sympy__sympy-16342,memory,"- FAILED sympy/sets/tests/test_sets.py::test_imageset - assert (1, r) not in Im...|- Traceback (most recent call last):|- ERROR: not found: ./swebench_9_15/testbed/sympy/sets/tests/test_sets.py::test_Intersection|- ImportError: cannot import name 'sets' from 'sympy.sets.sets' (./swebench_9_15/testbed/sympy/sets/sets.py)|sympy/sets/tests/test_sets.py::test_imageset FAILED|Traceback (most recent call last):|AttributeError: 'NoneType' object has no attribute 'loader'|ERROR: not found: ./swebench_9_15/testbed/sympy/sets/tests/test_sets.py::test_Intersection|29→ raises(TypeError, lambda: imageset(x, ints))|30→ raises(ValueError, lambda: imageset(x, y, z, ints))","94 AttributeError, AssertionError, ValueError): | 259 raise TypeError(filldedent(''' | 265 raise ValueError( | 271 # TypeError if arg count != set dimensions | 274 raise TypeError | 277 except TypeError: | 336 raise TypeError(""Input args to Union must be Sets"") | 388 raise TypeError(""Input args to Union must be Sets"")|1353 raise ValueError(""None of the constituent sets are iterable"")|371 raises(TypeError, lambda: 2 in i) | 382 raises(ValueError, lambda: list(i))|Traceback (most recent call last): | raise TypeError('did not evaluate to a bool: %r' % c) | TypeError: did not evaluate to a bool: None|AttributeError, AssertionError, ValueError): | Traceback (most recent call last): | TypeError: did not evaluate to a bool: None | raise ValueError(""Unknown argument '%s'"" % other) | raise ValueError(""Unknown argument '%s'"" % other) | raise ValueError(""Unknown argument '%s'"" % other) | raise ValueError(""Unknown argum...|raises(TypeError, lambda: imageset(x, ints)) | raises(ValueError, lambda: imageset(x, y, z, ints)) | raises(ValueError, lambda: imageset(Lambda(x, cos(x)), y)) | raises(ValueError, lambda: imageset(Lambda(x, x), ints, ints)) | raises(ValueError, lambda: Interval(0, S.ImaginaryUnit)) | raises(ValueError, lambda: Inte...|E AttributeError: module 'py' has no attribute 'test' | ERROR sympy/sets/tests/test_sets.py - AttributeError: module 'py' has no attr... | ERROR: not found: /testbed/sympy/sets/tests/test_sets.py::test_intersection|failed = [] | except Exception as e: | print(f'{name}: FAILED - {e}') | failed.append(name) | if failed: | print(f'FAILED tests: {failed}') | test_finite_set_intersection: FAILED - | test_image_Intersection: FAILED - test_image_Intersection | test_imageset: FAILED - | test_issue_16878b: FAILED - test_issue_16878b | ...|Traceback (most recent call last): | AssertionError|1199 # The actual exception does not matter here, so long as these fail | 1201 raises(Exception, lambda: Union(sets)) | 1202 raises(Exception, lambda: Intersection(sets)) | 1203 raises(Exception, lambda: Union(tuple(sets))) | 1204 raises(Exception, lambda: Intersection(tuple(sets))) | 1205 raises(Exception, lambda: ...",,1,1,0,/home/shashwatsuthar/research/openhands-adp-memory/analysis/contextbench_posthoc/20260606_220027/remote/execution_full_qwen36_65k_fix1_minimal/sympy__sympy-16342/memory
sympy__sympy-16689,no_memory,,"123 present in these languages. The CodeGen part must raise an exception | 174 raise ValueError(""Unknown Routine argument: %s"" % arg) | 178 raise ValueError(""Unknown Routine result: %s"" % r) | 197 raise ValueError(""Symbols needed for output are not in input "" + | 321 raise ValueError(""Need either language or code_ge...|597 raise ValueError(""No expression given"") | 626 raise ValueError(""No expression given"") | 741 except KeyError:|311 raise TypeError(""The first argument must be a sympy symbol."") | 315 raise TypeError(""The (optional) `datatype' argument must be an "" | 318 raise TypeError( | 359 except KeyError|741 except KeyError:|1404 except KeyError:|1612 except KeyError:|1843 except KeyError:|except KeyError:|741 except KeyError: | present in these languages. The CodeGen part must raise an exception | raise ValueError(""Unknown Routine argument: %s"" % arg) | raise ValueError(""Unknown Routine result: %s"" % r) | raise ValueError(""Symbols needed for output are not in input "" + | raise TypeError(""The first argument must be a ...|raises(ValueError, lambda: make_routine(""test"", [])) | raises(ValueError, lambda: make_routine(""test"", [])) | # The upper case/lower case exception should not be triggered by SymPy | raise AssertionError(""This exception should not be raised!"") | raises(ValueError, lambda: make_routine(""test"", [])) | raises(ValueErro...",,0,0,1,/home/shashwatsuthar/research/openhands-adp-memory/analysis/contextbench_posthoc/20260606_220027/remote/execution_full_qwen36_65k_fix1_minimal/sympy__sympy-16689/no_memory
sympy__sympy-16689,raw,"TypeError: only size-1 arrays can be converted to Python scalars|SyntaxError: invalid syntax|✗ Test 1 FAILED: TypeError: only size-1 arrays can be converted to Python scalars|Traceback (most recent call last):|AttributeError: 'NoneType' object has no attribute 'loader'|597→ raise ValueError(""No expression given"")|741→ except KeyError:|1333→ raise ValueError(""No expression given"")|1796→ raise ValueError(""No expression given"")|1870→ except KeyError:","123 present in these languages. The CodeGen part must raise an exception | 174 raise ValueError(""Unknown Routine argument: %s"" % arg) | 178 raise ValueError(""Unknown Routine result: %s"" % r) | 197 raise ValueError(""Symbols needed for output are not in input "" + | 321 raise ValueError(""Need either language or code_ge...|597 raise ValueError(""No expression given"") | 626 raise ValueError(""No expression given"") | 741 except KeyError:|except KeyError:|741 except KeyError:|741 except KeyError: | present in these languages. The CodeGen part must raise an exception | raise ValueError(""Unknown Routine argument: %s"" % arg) | raise ValueError(""Unknown Routine result: %s"" % r) | raise ValueError(""Symbols needed for output are not in input "" + | raise TypeError(""The first argument must be a ...|print('Test PASSED!' if result == 1.0 else 'Test FAILED!') | Traceback (most recent call last): | ModuleNotFoundError: No module named 'numpy|E AttributeError: module 'py' has no attribute 'test' | ERROR sympy/utilities/tests/test_codegen.py - AttributeError: module 'py' has...|Traceback (most recent call last): | AssertionError: Y should be an array in Fortran",,1,1,1,/home/shashwatsuthar/research/openhands-adp-memory/analysis/contextbench_posthoc/20260606_220027/remote/execution_full_qwen36_65k_fix1_minimal/sympy__sympy-16689/raw
sympy__sympy-16689,adp,"TypeError: only size-1 arrays can be converted to Python scalars|SyntaxError: invalid syntax|✗ Test 1 FAILED: TypeError: only size-1 arrays can be converted to Python scalars|Traceback (most recent call last):|AttributeError: 'NoneType' object has no attribute 'loader'|597→ raise ValueError(""No expression given"")|741→ except KeyError:|1333→ raise ValueError(""No expression given"")|1796→ raise ValueError(""No expression given"")|1870→ except KeyError:","123 present in these languages. The CodeGen part must raise an exception | 174 raise ValueError(""Unknown Routine argument: %s"" % arg) | 178 raise ValueError(""Unknown Routine result: %s"" % r) | 197 raise ValueError(""Symbols needed for output are not in input "" + | 321 raise ValueError(""Need either language or code_ge...|597 raise ValueError(""No expression given"") | 626 raise ValueError(""No expression given"") | 741 except KeyError:|print(""FAIL: Y does not have pointer type (double *)"") | print(""FAIL: Y does not have pointer type (double *)"")|FAIL: Y does not have pointer type (double *)|311 raise TypeError(""The first argument must be a sympy symbol."") | 315 raise TypeError(""The (optional) `datatype' argument must be an "" | 318 raise TypeError( | 359 except KeyError",,1,1,0,/home/shashwatsuthar/research/openhands-adp-memory/analysis/contextbench_posthoc/20260606_220027/remote/execution_full_qwen36_65k_fix1_minimal/sympy__sympy-16689/adp
sympy__sympy-16689,memory,"TypeError: only size-1 arrays can be converted to Python scalars|- Traceback (most recent call last):|SyntaxError: invalid syntax|✗ Test 1 FAILED: TypeError: only size-1 arrays can be converted to Python scalars|Traceback (most recent call last):|AttributeError: 'NoneType' object has no attribute 'loader'|597→ raise ValueError(""No expression given"")|741→ except KeyError:|1333→ raise ValueError(""No expression given"")|1796→ raise ValueError(""No expression g","123 present in these languages. The CodeGen part must raise an exception | 174 raise ValueError(""Unknown Routine argument: %s"" % arg) | 178 raise ValueError(""Unknown Routine result: %s"" % r) | 197 raise ValueError(""Symbols needed for output are not in input "" + | 321 raise ValueError(""Need either language or code_ge...|597 raise ValueError(""No expression given"") | 626 raise ValueError(""No expression given"") | 741 except KeyError:|741 except KeyError:|print(""FAIL: Y is NOT correctly typed as double *"") | print(""FAIL: Y is NOT correctly typed as double *"")|print('FAIL: Y is NOT correctly typed as double *') | print('FAIL: Y is NOT correctly typed as double *') | FAIL: Y is NOT correctly typed as double *|except KeyError:|741 except KeyError: | present in these languages. The CodeGen part must raise an exception | raise ValueError(""Unknown Routine argument: %s"" % arg) | raise ValueError(""Unknown Routine result: %s"" % r) | raise ValueError(""Symbols needed for output are not in input "" + | raise TypeError(""The first argument must be a ...|print('FAIL: Y is NOT correctly typed as double *') | print('FAIL: Y is NOT correctly typed as double *')|1410 except KeyError:|1618 except KeyError:",,1,1,1,/home/shashwatsuthar/research/openhands-adp-memory/analysis/contextbench_posthoc/20260606_220027/remote/execution_full_qwen36_65k_fix1_minimal/sympy__sympy-16689/memory
sympy__sympy-16946,no_memory,,"72 AttributeError, AssertionError, ValueError):|825 raise ValueError(""Non-real intervals are not supported"")|AttributeError, AssertionError, ValueError): | Traceback (most recent call last): | TypeError: did not evaluate to a bool: None | raise ValueError(""Unknown argument '%s'"" % other) | raise ValueError(""Unknown argument '%s'"" % other) | raise ValueError(""Unknown argument '%s'"" % other) | raise ValueError(""Unknown argum...|1194 except (TypeError, NotImplementedError): | 1215 except (TypeError, ValueError, NotImplementedError): | 1217 raise (TypeError(""Not all sets are evalf-able""),|Traceback (most recent call last): | AttributeError: Attribute 'oo' was not installed on SymPy registry S|Traceback (most recent call last): | AttributeError: 'FiniteSet' object has no attribute 'start'|Traceback (most recent call last): | TypeError: __new__() got an unexpected keyword argument 'evaluate'|1221 except (TypeError, ValueError, NotImplementedError): | 1223 raise (TypeError(""Not all sets are evalf-able""), | 1251 raise TypeError(""Not all constituent sets are iterable"")|1251 raise TypeError(""Not all constituent sets are iterable"") | AttributeError, AssertionError, ValueError): | Traceback (most recent call last): | TypeError: did not evaluate to a bool: None | raise ValueError(""Unknown argument '%s'"" % other) | raise ValueError(""Unknown argument '%s'"" % other) | raise ValueError(""U...|E AttributeError: module 'py' has no attribute 'test' | ERROR sympy/sets/tests/test_sets.py - AttributeError: module 'py' has no attr...",,0,0,0,/home/shashwatsuthar/research/openhands-adp-memory/analysis/contextbench_posthoc/20260606_220027/remote/execution_full_qwen36_65k_fix1_minimal/sympy__sympy-16946/no_memory
sympy__sympy-16946,raw,"Traceback (most recent call last):|AttributeError: 'NoneType' object has no attribute 'loader'|sympy/sets/tests/test_sets.py::test_imageset FAILED|sympy/sets/tests/test_sets.py:24: AssertionError|ERROR: not found: ./swebench_9_15/testbed/sympy/sets/tests/test_sets.py::test_Intersection|29→ raises(TypeError, lambda: imageset(x, ints))|30→ raises(ValueError, lambda: imageset(x, y, z, ints))|31→ raises(ValueError, lambda: imageset(Lambda(x, cos(x)), y))|32→ raises(ValueError, lambda: imageset(Lambda(x, x), ints, ints))|306→ raise ValueError('first argument must b","72 AttributeError, AssertionError, ValueError):|825 raise ValueError(""Non-real intervals are not supported"")|AttributeError, AssertionError, ValueError): | Traceback (most recent call last): | TypeError: did not evaluate to a bool: None | raise ValueError(""Unknown argument '%s'"" % other) | raise ValueError(""Unknown argument '%s'"" % other) | raise ValueError(""Unknown argument '%s'"" % other) | raise ValueError(""Unknown argum...|E AttributeError: module 'py' has no attribute 'test' | ERROR sympy/sets/tests/test_sets.py - AttributeError: module 'py' has no attr...",,1,1,0,/home/shashwatsuthar/research/openhands-adp-memory/analysis/contextbench_posthoc/20260606_220027/remote/execution_full_qwen36_65k_fix1_minimal/sympy__sympy-16946/raw
sympy__sympy-16946,adp,"Traceback (most recent call last):|AttributeError: 'NoneType' object has no attribute 'loader'|sympy/sets/tests/test_sets.py::test_imageset FAILED|sympy/sets/tests/test_sets.py:24: AssertionError|ERROR: not found: ./swebench_9_15/testbed/sympy/sets/tests/test_sets.py::test_Intersection|29→ raises(TypeError, lambda: imageset(x, ints))|30→ raises(ValueError, lambda: imageset(x, y, z, ints))|31→ raises(ValueError, lambda: imageset(Lambda(x, cos(x)), y))|32→ raises(ValueError, lambda: imageset(Lambda(x, x), ints, ints))|306→ raise ValueError('first argument must b","72 AttributeError, AssertionError, ValueError):|825 raise ValueError(""Non-real intervals are not supported"")|AttributeError, AssertionError, ValueError): | Traceback (most recent call last): | TypeError: did not evaluate to a bool: None | raise ValueError(""Unknown argument '%s'"" % other) | raise ValueError(""Unknown argument '%s'"" % other) | raise ValueError(""Unknown argument '%s'"" % other) | raise ValueError(""Unknown argum...|E AttributeError: module 'py' has no attribute 'test' | ERROR sympy/sets/tests/test_sets.py - AttributeError: module 'py' has no attr...|print(f'Doctests: {results.attempted} tests, {results.failed} failures') | Traceback (most recent call last): | ImportError: cannot import name 'sets' from 'sympy.sets.sets' (/testbed/sympy/sets/sets.py)|print(f'Doctests: {results.attempted} tests, {results.failed} failures') | Failed example: | Failed example: | Failed example: | Traceback (most recent call last): | TypeError: did not evaluate to a bool: None | Traceback (most recent call last): | raise TypeError('did not evaluate to a bool: %r' % c) | TypeError: d...|print(f'Doctests: {results.attempted} tests, {results.failed} failures') | Failed example: | Failed example: | Traceback (most recent call last): | TypeError: did not evaluate to a bool: None | Traceback (most recent call last): | raise TypeError('did not evaluate to a bool: %r' % c) | TypeError: did not evaluate to...",,1,1,0,/home/shashwatsuthar/research/openhands-adp-memory/analysis/contextbench_posthoc/20260606_220027/remote/execution_full_qwen36_65k_fix1_minimal/sympy__sympy-16946/adp
sympy__sympy-16946,memory,"- FAILED sympy/sets/tests/test_sets.py::test_imageset - assert (1, r) not in Im...|- Traceback (most recent call last):|- ERROR: not found: ./swebench_9_15/testbed/sympy/sets/tests/test_sets.py::test_Intersection|- ImportError: cannot import name 'sets' from 'sympy.sets.sets' (./swebench_9_15/testbed/sympy/sets/sets.py)|sympy/sets/tests/test_sets.py::test_imageset FAILED|Traceback (most recent call last):|AttributeError: 'NoneType' object has no attribute 'loader'|ERROR: not found: ./swebench_9_15/testbed/sympy/sets/tests/test_sets.py::test_Intersection|29→ raises(TypeError, lambda: imageset(x, ints))|30→ raises(ValueError, lambda: imageset(x, y, z, ints))","72 AttributeError, AssertionError, ValueError):|825 raise ValueError(""Non-real intervals are not supported"")|1313 raise ValueError(""None of the constituent sets are iterable"")|29 raises(TypeError, lambda: imageset(x, ints)) | 30 raises(ValueError, lambda: imageset(x, y, z, ints)) | 31 raises(ValueError, lambda: imageset(Lambda(x, cos(x)), y)) | 32 raises(ValueError, lambda: imageset(Lambda(x, x), ints, ints))",,1,1,0,/home/shashwatsuthar/research/openhands-adp-memory/analysis/contextbench_posthoc/20260606_220027/remote/execution_full_qwen36_65k_fix1_minimal/sympy__sympy-16946/memory
sympy__sympy-16953,no_memory,,"1760 raise TypeError(""Invalid comparison of set with %s"" % func_name(other)) | 1765 raise TypeError(""Invalid comparison of set with %s"" % func_name(other)) | 1770 raise TypeError(""Invalid comparison of set with %s"" % func_name(other)) | 1775 raise TypeError(""Invalid comparison of set with %s"" % func_name(other))|2036 raise TypeError(""Input args to Union must be Sets"")|Traceback (most recent call last): | ImportError: cannot import name 'sift' from 'sympy.core.compatibility' (/testbed/sympy/core/compatibility.py)|AttributeError, AssertionError, ValueError): | Traceback (most recent call last): | TypeError: did not evaluate to a bool: None | raise ValueError(""Unknown argument '%s'"" % other) | raise ValueError(""Unknown argument '%s'"" % other) | raise ValueError(""Unknown argument '%s'"" % other) | raise ValueError(""Unknown argum...|E AttributeError: module 'py' has no attribute 'test' | ERROR sympy/sets/tests/test_sets.py - AttributeError: module 'py' has no attr...|Traceback (most recent call last): | AssertionError | Traceback (most recent call last): | AssertionError | Traceback (most recent call last): | AssertionError | tests finished: 76 passed, 3 failed, 3 expected to fail,|1171 # The actual exception does not matter here, so long as these fail | 1173 raises(Exception, lambda: Union(sets)) | 1174 raises(Exception, lambda: Intersection(sets)) | 1175 raises(Exception, lambda: Union(tuple(sets))) | 1176 raises(Exception, lambda: Intersection(tuple(sets))) | 1177 raises(Exception, lambda: ...|Traceback (most recent call last): | AssertionError | === tests finished: 78 passed, 1 failed, 4 expected to fail, in 5.58 seconds ===|29 raises(TypeError, lambda: imageset(x, ints)) | 30 raises(ValueError, lambda: imageset(x, y, z, ints)) | 31 raises(ValueError, lambda: imageset(Lambda(x, cos(x)), y)) | 32 raises(ValueError, lambda: imageset(Lambda(x, x), ints, ints))|except Exception as e: | print(f' Error: {e}') | Traceback (most recent call last): | ImportError: cannot import name 'sets' from 'sympy.sets.sets' (/testbed/sympy/sets/sets.py)",,0,0,0,/home/shashwatsuthar/research/openhands-adp-memory/analysis/contextbench_posthoc/20260606_220027/remote/execution_full_qwen36_65k_fix1_minimal/sympy__sympy-16953/no_memory
sympy__sympy-16953,raw,"Traceback (most recent call last):|AttributeError: 'NoneType' object has no attribute 'loader'|sympy/sets/tests/test_sets.py::test_imageset FAILED|sympy/sets/tests/test_sets.py:24: AssertionError|ERROR: not found: ./swebench_9_15/testbed/sympy/sets/tests/test_sets.py::test_Intersection|29→ raises(TypeError, lambda: imageset(x, ints))|30→ raises(ValueError, lambda: imageset(x, y, z, ints))|31→ raises(ValueError, lambda: imageset(Lambda(x, cos(x)), y))|32→ raises(ValueError, lambda: imageset(Lambda(x, x), ints, ints))|306→ raise ValueError('first argument must b","dc80e71a60 capture TypeError|f3e4a375ba allow for TypeError, too",,1,1,0,/home/shashwatsuthar/research/openhands-adp-memory/analysis/contextbench_posthoc/20260606_220027/remote/execution_full_qwen36_65k_fix1_minimal/sympy__sympy-16953/raw
sympy__sympy-16953,adp,"Traceback (most recent call last):|AttributeError: 'NoneType' object has no attribute 'loader'|sympy/sets/tests/test_sets.py::test_imageset FAILED|sympy/sets/tests/test_sets.py:24: AssertionError|ERROR: not found: ./swebench_9_15/testbed/sympy/sets/tests/test_sets.py::test_Intersection|29→ raises(TypeError, lambda: imageset(x, ints))|30→ raises(ValueError, lambda: imageset(x, y, z, ints))|31→ raises(ValueError, lambda: imageset(Lambda(x, cos(x)), y))|32→ raises(ValueError, lambda: imageset(Lambda(x, x), ints, ints))|306→ raise ValueError('first argument must b","dc80e71a60 capture TypeError|1353 raise ValueError(""None of the constituent sets are iterable"")|2036 raise TypeError(""Input args to Union must be Sets"")|Traceback (most recent call last): | NameError: name 'simplify_intersection' is not defined|613 raise ValueError(""%s: Exponent must be a positive Integer"" % exp) | 624 raise TypeError('did not evaluate to a bool: %r' % c)|Traceback (most recent call last): | ModuleNotFoundError: No module named 'sympy.core.sorting",,1,1,0,/home/shashwatsuthar/research/openhands-adp-memory/analysis/contextbench_posthoc/20260606_220027/remote/execution_full_qwen36_65k_fix1_minimal/sympy__sympy-16953/adp
sympy__sympy-16953,memory,"- FAILED sympy/sets/tests/test_sets.py::test_imageset - assert (1, r) not in Im...|- Traceback (most recent call last):|- ERROR: not found: ./swebench_9_15/testbed/sympy/sets/tests/test_sets.py::test_Intersection|- ImportError: cannot import name 'sets' from 'sympy.sets.sets' (./swebench_9_15/testbed/sympy/sets/sets.py)|sympy/sets/tests/test_sets.py::test_imageset FAILED|Traceback (most recent call last):|AttributeError: 'NoneType' object has no attribute 'loader'|ERROR: not found: ./swebench_9_15/testbed/sympy/sets/tests/test_sets.py::test_Intersection|29→ raises(TypeError, lambda: imageset(x, ints))|30→ raises(ValueError, lambda: imageset(x, y, z, ints))","94 AttributeError, AssertionError, ValueError):|1209 except (TypeError, NotImplementedError): | 1230 except (TypeError, ValueError, NotImplementedError): | 1232 raise (TypeError(""Not all sets are evalf-able""), | 1260 raise TypeError(""Not all constituent sets are iterable"")|2036 raise TypeError(""Input args to Union must be Sets"")",,1,1,0,/home/shashwatsuthar/research/openhands-adp-memory/analysis/contextbench_posthoc/20260606_220027/remote/execution_full_qwen36_65k_fix1_minimal/sympy__sympy-16953/memory
sympy__sympy-17377,no_memory,,"32 raise ValueError(""The two numbers should be relatively prime"") | 79 # a TypeError below may indicate that p was not an int | 112 raise ValueError('p is required to be positive') | 178 raise ValueError(""The two numbers should be relatively prime"") | 338 raise ValueError(""n should be a positive integer"") | 340 rais...|636 raise ValueError('a must be >= 0')|Traceback (most recent call last): | NotImplementedError: Not implemented for composite p|194 raises(ValueError, lambda: legendre_symbol(2, 4))|raise ValueError('p is required to be positive')","nthroot_mod(13, 8, 9) raises ValueError(""Log does not exist"")|ValueError Traceback (most recent call last)|-> 1056 raise ValueError(""Log does not exist"")|ValueError: Log does not exist",0,1,0,/home/shashwatsuthar/research/openhands-adp-memory/analysis/contextbench_posthoc/20260606_220027/remote/execution_full_qwen36_65k_fix1_minimal/sympy__sympy-17377/no_memory
sympy__sympy-17377,raw,"632- raise ValueError('m must be > 0')|634- raise ValueError('n must be >= 0')|636- raise ValueError('a must be >= 0')|Traceback (most recent call last):|AttributeError: 'NoneType' object has no attribute 'loader'|raise ValueError(""Log does not exist"")|ValueError: Log does not exist|except Exception as e:|print(f""Error: {type(e).__name__}: {e}"")|Error: ValueError: Log does not exist",except Exception as e: | print(f'Error: {type(e).__name__}: {e}') | Traceback (most recent call last): | ImportError: cannot import name 'is_nthpow_residue' from 'sympy.ntheory.primetest' (/testbed/sympy/ntheory/primetest.py)|except Exception as e: | print(f'Error: {type(e).__name__}: {e}') | Error: NotImplementedError: Not implemented for composite p|except Exception as e: | NotImplementedError: Not implemented for composite p|raise ValueError('p is required to be positive'),"nthroot_mod(13, 8, 9) raises ValueError(""Log does not exist"")|ValueError Traceback (most recent call last)|-> 1056 raise ValueError(""Log does not exist"")|ValueError: Log does not exist",1,1,0,/home/shashwatsuthar/research/openhands-adp-memory/analysis/contextbench_posthoc/20260606_220027/remote/execution_full_qwen36_65k_fix1_minimal/sympy__sympy-17377/raw
sympy__sympy-17377,adp,"632- raise ValueError('m must be > 0')|634- raise ValueError('n must be >= 0')|636- raise ValueError('a must be >= 0')|Traceback (most recent call last):|AttributeError: 'NoneType' object has no attribute 'loader'|raise ValueError(""Log does not exist"")|ValueError: Log does not exist|except Exception as e:|print(f""Error: {type(e).__name__}: {e}"")|Error: ValueError: Log does not exist","Traceback (most recent call last): | NotImplementedError: Not implemented for composite p|632 raise ValueError('m must be > 0') | 634 raise ValueError('n must be >= 0') | 636 raise ValueError('a must be >= 0')|24 raises(ValueError, lambda: n_order(6, 9)) | 30 raises(ValueError, lambda: is_primitive_root(3, 6)) | 46 raises(ValueError, lambda: primitive_root(-3)) | 60 raises(ValueError, lambda: is_quad_residue(1.1, 2)) | 61 raises(ValueError, lambda: is_quad_residue(2, 0)) | 194 raises(ValueError, lambda: legendre_symbol(2,...|32 raise ValueError(""The two numbers should be relatively prime"")|raise ValueError(""The two numbers should be relatively prime"") | # a TypeError below may indicate that p was not an int | raise ValueError('p is required to be positive') | raise ValueError(""The two numbers should be relatively prime"") | raise ValueError('p must be > 0') | raise ValueError('m must be > 0') | raise V...|sympy/ntheory/tests/test_residue.py::test_residue FAILED | raises(ValueError, lambda: n_order(6, 9)) | raises(ValueError, lambda: is_primitive_root(3, 6)) | raises(ValueError, lambda: primitive_root(-3)) | raises(ValueError, lambda: is_quad_residue(1.1, 2)) | raises(ValueError, lambda: is_quad_residue(2, 0))|E Failed: DID NOT RAISE <class 'NotImplementedError'> | sympy/ntheory/tests/test_residue.py:165: Failed | FAILED sympy/ntheory/tests/test_residue.py::test_residue - Failed: DID NOT RA... | ========================= 1 failed, 1 warning in 0.38s =========================|except Exception as e: | print(f'Error: {type(e).__name__}: {e}')|raises(ValueError, lambda: n_order(6, 9)) | raises(ValueError, lambda: is_primitive_root(3, 6)) | raises(ValueError, lambda: primitive_root(-3)) | raises(ValueError, lambda: is_quad_residue(1.1, 2)) | raises(ValueError, lambda: is_quad_residue(2, 0)) | raises(ValueError, lambda: legendre_symbol(2, 4)) | raises(Value...|ERROR: usage: __main__.py [options] [file_or_dir] [file_or_dir] [...] | __main__.py: error: unrecognized arguments: --timeout=120","nthroot_mod(13, 8, 9) raises ValueError(""Log does not exist"")|ValueError Traceback (most recent call last)|-> 1056 raise ValueError(""Log does not exist"")|ValueError: Log does not exist",1,1,0,/home/shashwatsuthar/research/openhands-adp-memory/analysis/contextbench_posthoc/20260606_220027/remote/execution_full_qwen36_65k_fix1_minimal/sympy__sympy-17377/adp
sympy__sympy-17377,memory,"except Exception as e:|print(f""Error: {type(e).__name__}: {e}"")|- Traceback (most recent call last):|- ERROR: not found: ./swebench_9_15/testbed/sympy/ntheory/tests/test_residue.py::test_nthroot_mod|- ValueError: Log does not exist|632- raise ValueError('m must be > 0')|634- raise ValueError('n must be >= 0')|636- raise ValueError('a must be >= 0')|Traceback (most recent call last):|AttributeError: 'NoneType' object has no attribute 'loader'",Traceback (most recent call last): | NotImplementedError: Not implemented for composite p|raise ValueError('p is required to be positive'),"nthroot_mod(13, 8, 9) raises ValueError(""Log does not exist"")|ValueError Traceback (most recent call last)|-> 1056 raise ValueError(""Log does not exist"")|ValueError: Log does not exist",1,1,0,/home/shashwatsuthar/research/openhands-adp-memory/analysis/contextbench_posthoc/20260606_220027/remote/execution_full_qwen36_65k_fix1_minimal/sympy__sympy-17377/memory
sympy__sympy-18212,no_memory,,"32 raise ValueError(""The two numbers should be relatively prime"") | 79 # a TypeError below may indicate that p was not an int | 112 raise ValueError('p is required to be positive') | 178 raise ValueError(""The two numbers should be relatively prime"") | 338 raise ValueError(""n should be a positive integer"") | 340 rais...|865 raise ValueError(""p should be an odd prime"")|632 raise ValueError('m must be > 0') | 634 raise ValueError('n must be >= 0') | 636 raise ValueError('a must be >= 0')|96b0cb63e5 make integer_nthroot more efficient in exceptional cases|Traceback (most recent call last): | raise ValueError(""Log does not exist"") | ValueError: Log does not exist|raise ValueError(""The two numbers should be relatively prime"") | # a TypeError below may indicate that p was not an int | raise ValueError('p is required to be positive') | raise ValueError(""The two numbers should be relatively prime"") | raise ValueError('p must be > 0') | raise ValueError('m must be > 0') | raise V...|============ 118 passed, 2 skipped, 12 xfailed, 1 warning in 45.11s ============|**The Issue:** When solving `x**n = a mod p` where `a % p == 0`, the function was missing the root `x = 0 mod p`. This happened because when `(p-1) % n == 0`, the code would call `_nthroot_mod1` directly without checking if `a % p == 0`, which would cause a `ValueError: Log does not exist` when trying to compute the...",,0,0,0,/home/shashwatsuthar/research/openhands-adp-memory/analysis/contextbench_posthoc/20260606_220027/remote/execution_full_qwen36_65k_fix1_minimal/sympy__sympy-18212/no_memory
sympy__sympy-18212,raw,"632- raise ValueError('m must be > 0')|634- raise ValueError('n must be >= 0')|636- raise ValueError('a must be >= 0')|Traceback (most recent call last):|AttributeError: 'NoneType' object has no attribute 'loader'|raise ValueError(""Log does not exist"")|ValueError: Log does not exist|except Exception as e:|print(f""Error: {type(e).__name__}: {e}"")|Error: ValueError: Log does not exist","except Exception as e: | print(f'Error: {type(e).__name__}: {e}') | Error: ValueError: Log does not exist|except Exception as e: | print(f' ERROR: {type(e).__name__}: {e}') | ERROR: ValueError: Log does not exist | ERROR: ValueError: Log does not exist | ERROR: ValueError: Log does not exist|raise ValueError(""The two numbers should be relatively prime"") | # a TypeError below may indicate that p was not an int | raise ValueError('p is required to be positive') | raise ValueError(""The two numbers should be relatively prime"") | raise ValueError('p must be > 0') | raise ValueError('m must be > 0') | raise V...|print(f'Overall: {\""All tests PASSED!\"" if all_passed else \""Some tests FAILED!\""}')|When solving `x**n = a mod p` where `a % p == 0`, `x = 0` is always a valid root (since `0**n = 0`). However, the function was not handling this case correctly in all code paths, particularly when `(p-1) % n != 0`, which caused a `ValueError: Log does not exist` crash.",,1,1,0,/home/shashwatsuthar/research/openhands-adp-memory/analysis/contextbench_posthoc/20260606_220027/remote/execution_full_qwen36_65k_fix1_minimal/sympy__sympy-18212/raw
sympy__sympy-18212,adp,"632- raise ValueError('m must be > 0')|634- raise ValueError('n must be >= 0')|636- raise ValueError('a must be >= 0')|Traceback (most recent call last):|AttributeError: 'NoneType' object has no attribute 'loader'|raise ValueError(""Log does not exist"")|ValueError: Log does not exist|except Exception as e:|print(f""Error: {type(e).__name__}: {e}"")|Error: ValueError: Log does not exist","24 raises(ValueError, lambda: n_order(6, 9)) | 30 raises(ValueError, lambda: is_primitive_root(3, 6)) | 46 raises(ValueError, lambda: primitive_root(-3)) | 60 raises(ValueError, lambda: is_quad_residue(1.1, 2)) | 61 raises(ValueError, lambda: is_quad_residue(2, 0)) | 194 raises(ValueError, lambda: legendre_symbol(2,...|except Exception as e: | print(f"" ERROR: {type(e).__name__}: {e}"") | ERROR: ValueError: Log does not exist | ERROR: ValueError: Log does not exist | ERROR: ValueError: Log does not exist|raise ValueError(""The two numbers should be relatively prime"") | # a TypeError below may indicate that p was not an int | raise ValueError('p is required to be positive') | raise ValueError(""The two numbers should be relatively prime"") | raise ValueError('p must be > 0') | raise ValueError('m must be > 0') | raise V...|except Exception as e: | print(f"" ERROR: {type(e).__name__}: {e}"") | print(f""Overall: {'All tests PASSED!' if all_passed else 'Some tests FAILED!'}"") )|print(f""Overall: {'All tests PASSED!' if all_passed else 'Some tests FAILED!'}"") ) | Overall: Some tests FAILED!|# Verify the ""failed"" cases are actually valid roots|raises(ValueError, lambda: n_order(6, 9)) | raises(ValueError, lambda: is_primitive_root(3, 6)) | raises(ValueError, lambda: primitive_root(-3)) | raises(ValueError, lambda: is_quad_residue(1.1, 2)) | raises(ValueError, lambda: is_quad_residue(2, 0)) | raises(ValueError, lambda: legendre_symbol(2, 4)) | raises(Value...|1. Crashes with `ValueError: Log does not exist` in some cases",,1,1,0,/home/shashwatsuthar/research/openhands-adp-memory/analysis/contextbench_posthoc/20260606_220027/remote/execution_full_qwen36_65k_fix1_minimal/sympy__sympy-18212/adp
sympy__sympy-18212,memory,"except Exception as e:|print(f""Error: {type(e).__name__}: {e}"")|- Traceback (most recent call last):|- ERROR: not found: ./swebench_9_15/testbed/sympy/ntheory/tests/test_residue.py::test_nthroot_mod|- ValueError: Log does not exist|632- raise ValueError('m must be > 0')|634- raise ValueError('n must be >= 0')|636- raise ValueError('a must be >= 0')|Traceback (most recent call last):|AttributeError: 'NoneType' object has no attribute 'loader'","32 raise ValueError(""The two numbers should be relatively prime"") | 79 # a TypeError below may indicate that p was not an int | 112 raise ValueError('p is required to be positive') | 178 raise ValueError(""The two numbers should be relatively prime"") | 338 raise ValueError(""n should be a positive integer"") | 340 rais...|636 raise ValueError('a must be >= 0')|24 raises(ValueError, lambda: n_order(6, 9)) | 30 raises(ValueError, lambda: is_primitive_root(3, 6)) | 46 raises(ValueError, lambda: primitive_root(-3)) | 60 raises(ValueError, lambda: is_quad_residue(1.1, 2)) | 61 raises(ValueError, lambda: is_quad_residue(2, 0)) | 194 raises(ValueError, lambda: legendre_symbol(2,...|Traceback (most recent call last): | raise ValueError(""Log does not exist"") | ValueError: Log does not exist|raise ValueError(""The two numbers should be relatively prime"") | # a TypeError below may indicate that p was not an int | raise ValueError('p is required to be positive') | raise ValueError(""The two numbers should be relatively prime"") | raise ValueError('p must be > 0') | raise ValueError('m must be > 0') | raise V...|assert pow(r, n, p) == a % p, f""Verification failed for root {r}"" | assert pow(result, n, p) == a % p, f""Verification failed for root {result}""|2. **Crash** with `ValueError: Log does not exist` in other cases (when `(p-1) % n == 0` and the code path went through `_nthroot_mod1`)",,1,1,0,/home/shashwatsuthar/research/openhands-adp-memory/analysis/contextbench_posthoc/20260606_220027/remote/execution_full_qwen36_65k_fix1_minimal/sympy__sympy-18212/memory
sympy__sympy-18715,no_memory,,"97 raise ValueError('Dimensions must be of size of 2') | 125 raise ValueError(""Invalid reshape parameters "" + newshape) | 154 raise TypeError('immutable N-dim array')|148 raise ValueError(""Only a tuple index is accepted"") | 151 raise ValueError(""Index not valide with an empty array"") | 154 raise ValueError('Wrong number of array axes') | 160 raise ValueError('Index ' + str(index) + ' out of border') | 181 raise ValueError(""index out of range"") | 200 raise ValueError(""could not de...|Traceback (most recent call last): | raise ValueError(""Only a tuple index is accepted"") | ValueError: Only a tuple index is accepted|+ raise ValueError('Dimension of index greater than rank of array')|20 raises(ValueError, lambda: arr_with_one_element[1]) | 32 raises(ValueError, lambda: arr_with_one_element[5]) | 44 raises(ValueError, lambda: n_dim_array[0, 0, 0, 3]) | 45 raises(ValueError, lambda: n_dim_array[3, 0, 0, 0]) | 46 raises(ValueError, lambda: n_dim_array[3**4]) | 79 raises(ValueError, lambda: vector_w...|raise ValueError('Dimensions must be of size of 2') | raise ValueError(""Invalid reshape parameters "" + newshape) | raise TypeError('immutable N-dim array') | raise ValueError('Dimensions must be of size of 2') | raise ValueError(""Invalid reshape parameters "" + newshape) | raise TypeError('immutable N-dim array')|except ValueError as ex: | print(f"" PASS - raised ValueError: {ex}"") | PASS - raised ValueError: Index (5,) out of border|raise ValueError('Dimensions must be of size of 2') | raise ValueError(""Invalid reshape parameters "" + newshape) | raise TypeError(""immutable N-dim array"") | raise ValueError('Dimensions must be of size of 2') | raise ValueError(""Invalid reshape parameters "" + newshape) | raise TypeError(""immutable N-dim array"")|ERROR: file or directory not found: sympy/tensor/array/tests/test_sparse_ndim_array.py|print(""SUCCESS: No ValueError raised!"") | SUCCESS: No ValueError raised!","The above code gives the following error: ""ValueError: Only a tuple index is accepted""",0,1,0,/home/shashwatsuthar/research/openhands-adp-memory/analysis/contextbench_posthoc/20260606_220027/remote/execution_full_qwen36_65k_fix1_minimal/sympy__sympy-18715/no_memory
sympy__sympy-18715,raw,"Traceback (most recent call last):|ValueError: not enough values to unpack (expected 2, got 0)|200→ raise ValueError(""could not determine shape unambiguously"")|AttributeError: 'NoneType' object has no attribute 'loader'|Traceback (most recent","97 raise ValueError('Dimensions must be of size of 2') | 125 raise ValueError(""Invalid reshape parameters "" + newshape) | 154 raise TypeError('immutable N-dim array')|148 raise ValueError(""Only a tuple index is accepted"") | 151 raise ValueError(""Index not valide with an empty array"") | 154 raise ValueError('Wrong number of array axes') | 160 raise ValueError('Index ' + str(index) + ' out of border') | 181 raise ValueError(""index out of range"") | 200 raise ValueError(""could not de...|Traceback (most recent call last): | raise ValueError(""Only a tuple index is accepted"") | ValueError: Only a tuple index is accepted|88: raises(ValueError, lambda: rank_zero_array[0])|20 raises(ValueError, lambda: arr_with_one_element[1]) | 32 raises(ValueError, lambda: arr_with_one_element[5]) | 44 raises(ValueError, lambda: n_dim_array[0, 0, 0, 3]) | 45 raises(ValueError, lambda: n_dim_array[3, 0, 0, 0]) | 46 raises(ValueError, lambda: n_dim_array[3**4]) | 79 raises(ValueError, lambda: vector_w...|raise ValueError('Dimensions must be of size of 2') | raise ValueError(""Invalid reshape parameters "" + newshape) | raise TypeError('immutable N-dim array') | raise ValueError('Dimensions must be of size of 2') | raise ValueError(""Invalid reshape parameters "" + newshape) | raise TypeError('immutable N-dim array')|assert list(p) == [5, 3, 7], 'Test 1 failed' | assert a[0, 0] == 1 and a[1, 1] == 1, 'Test 2 failed' | assert p[-1] == 99, 'Test 3 failed' | assert a.tolist() == [[2, 2, 2], [3, 4, 5], [6, 7, 8], [9, 10, 11]], 'Test 4 failed' | assert p[0] == 5, 'Test 5 failed|The issue was that `MutableDenseNDimArray` could not be modified using single integer indexing (e.g., `p[0] = 5`). The error ""ValueError: Only a tuple index is accepted"" was raised because the `_parse_index` method in the parent class `NDimArray` rejected single integers. | In `MutableDenseNDimArray.__setitem__`, wh...","The above code gives the following error: ""ValueError: Only a tuple index is accepted""",1,1,0,/home/shashwatsuthar/research/openhands-adp-memory/analysis/contextbench_posthoc/20260606_220027/remote/execution_full_qwen36_65k_fix1_minimal/sympy__sympy-18715/raw
sympy__sympy-18715,adp,"Traceback (most recent call last):|ValueError: not enough values to unpack (expected 2, got 0)|200→ raise ValueError(""could not determine shape unambiguously"")|AttributeError: 'NoneType' object has no attribute 'loader'|Traceback (most recent","97 raise ValueError('Dimensions must be of size of 2') | 125 raise ValueError(""Invalid reshape parameters "" + newshape) | 154 raise TypeError('immutable N-dim array')|148 raise ValueError(""Only a tuple index is accepted"") | 151 raise ValueError(""Index not valide with an empty array"") | 154 raise ValueError('Wrong number of array axes') | 160 raise ValueError('Index ' + str(index) + ' out of border') | 181 raise ValueError(""index out of range"") | 200 raise ValueError(""could not de...|Traceback (most recent call last): | raise ValueError(""Only a tuple index is accepted"") | ValueError: Only a tuple index is accepted|raise ValueError('Dimensions must be of size of 2') | raise ValueError(""Invalid reshape parameters "" + newshape) | raise TypeError('immutable N-dim array') | raise ValueError('Dimensions must be of size of 2') | raise ValueError(""Invalid reshape parameters "" + newshape) | raise TypeError('immutable N-dim array')|In `/testbed/sympy/tensor/array/dense_ndim_array.py`, the `MutableDenseNDimArray.__setitem__` method called `self._parse_index(index)` directly without first converting a scalar index to a tuple. The `_parse_index` method in the parent class `NDimArray` requires a tuple index and raises `ValueError(""Only a tuple ind...","The above code gives the following error: ""ValueError: Only a tuple index is accepted""",1,1,0,/home/shashwatsuthar/research/openhands-adp-memory/analysis/contextbench_posthoc/20260606_220027/remote/execution_full_qwen36_65k_fix1_minimal/sympy__sympy-18715/adp
sympy__sympy-18715,memory,"Traceback (most recent call last):|ValueError: not enough values to unpack (expected 2, got 0)|- Traceback (most recent call last):|- ValueError: not enough values to unpack (expected 2, got 0)|200→ raise ValueError(""could not determine shape unambiguously"")|AttributeError: 'NoneType' object has no attribute 'loader'","97 raise ValueError('Dimensions must be of size of 2') | 125 raise ValueError(""Invalid reshape parameters "" + newshape) | 154 raise TypeError('immutable N-dim array')|148 raise ValueError(""Only a tuple index is accepted"") | 151 raise ValueError(""Index not valide with an empty array"") | 154 raise ValueError('Wrong number of array axes') | 160 raise ValueError('Index ' + str(index) + ' out of border') | 181 raise ValueError(""index out of range"") | 200 raise ValueError(""could not de...|Traceback (most recent call last): | raise ValueError(""Only a tuple index is accepted"") | ValueError: Only a tuple index is accepted|raise ValueError('Dimensions must be of size of 2') | raise ValueError(""Invalid reshape parameters "" + newshape) | raise TypeError('immutable N-dim array') | raise ValueError('Dimensions must be of size of 2') | raise ValueError(""Invalid reshape parameters "" + newshape) | raise TypeError('immutable N-dim array')|assert list(p) == [5, 0, 0], ""Test 1 failed"" | assert list(a) == [1, 2, 0, 0], ""Test 2 failed"" | assert list(a) == [1, 0, 0, 1], ""Test 3 failed"" | assert list(p) == [0, 0, 99], ""Test 4 failed"" | assert list(p) == [0, 10, 20, 30, 40], ""Test 5 failed"" | assert list(a) == [1, 2, 0, 0], ""Test 6 failed"" | Traceback (most...|assert list(p) == [5, 0, 0], ""Test 1 failed"" | assert list(a) == [1, 0, 0, 1], ""Test 2 failed"" | assert list(p) == [0, 0, 99], ""Test 3 failed"" | assert list(p) == [0, 10, 20, 30, 40], ""Test 4 failed"" | assert list(a) == [1, 2, 0, 0], ""Test 5 failed"" | assert b[0, 0, 0] == 42, ""Test 6 failed"" | assert list(p) == [7, ...|assert list(p) == [5, 0, 0], ""Test 1 failed"" | assert a[0, 0] == 1 and a[1, 1] == 1, ""Test 2 failed"" | assert list(p) == [0, 0, 99], ""Test 3 failed"" | assert list(p) == [0, 10, 20, 30, 40], ""Test 4 failed"" | assert list(a[0]) == [1, 2] and list(a[1]) == [0, 0], ""Test 5 failed"" | assert b[0, 0, 0] == 42, ""Test 6 fail...|The code `p[0] = 5` on a `MutableDenseNDimArray` raised `ValueError: Only a tuple index is accepted` because the `__setitem__` method was passing a raw integer index directly to `_parse_index()`, which expected a tuple.","The above code gives the following error: ""ValueError: Only a tuple index is accepted""",1,1,0,/home/shashwatsuthar/research/openhands-adp-memory/analysis/contextbench_posthoc/20260606_220027/remote/execution_full_qwen36_65k_fix1_minimal/sympy__sympy-18715/memory
sympy__sympy-19006,no_memory,,"13 class SympifyError(ValueError): | 20 return ""SympifyError: %r"" % (self.expr,) | 22 return (""Sympify of expression '%s' failed, because of exception being "" | 50 Traceback (most recent call last): | 52 SympifyError: SympifyError: {} | 87 except NotImplementedError: | 133 Traceback (most recent call last): | 135 Sy...|531 except SympifyError:|81 except ImportError: | 312 except OverflowError:|sympy/core/decorators.py: from sympy.utilities.exceptions import SymPyDeprecationWarning | /testbed/sympy/core/function.py:from sympy.utilities.exceptions import SymPyDeprecationWarning | /testbed/sympy/core/numbers.py:from sympy.utilities.exceptions import SymPyDeprecationWarning | /testbed/sympy/core/rela...|53:from sympy.utilities.exceptions import SymPyDeprecationWarning|Here's the result of running `cat -n` on /testbed/sympy/utilities/exceptions.py: | 2 General SymPy exceptions and warnings. | 19 >>> from sympy.utilities.exceptions import SymPyDeprecationWarning | 144 raise ValueError(""feature is required argument of SymPyDeprecationWarning"") | 147 raise ValueError(""deprecated_sinc...|295 except KeyError: | 319 # XXX: Catches AttributeError: 'SympyConverter' object has no | 322 except AttributeError: | 350 except SympifyError: | 358 except (TypeError, ValueError, AttributeError, SympifyError):|368 except TypeError: | 375 except TypeError: | 386 # return an exception | 390 except Exception as exc:|386 # return an exception | 390 from sympy.utilities.exceptions import SymPyDeprecWarning | 400 except Exception as exc: | class SympifyError(ValueError): | return ""SympifyError: %r"" % (self.expr,) | return (""Sympify of expression '%s' failed, because of exception being "" | Traceback (most recent call last): | Sympi...|390 from sympy.utilities.exceptions import SymPyDeprecationWarning | class SympifyError(ValueError): | return ""SympifyError: %r"" % (self.expr,) | return (""Sympify of expression '%s' failed, because of exception being "" | Traceback (most recent call last): | SympifyError: SympifyError: {} | except NotImplementedError...",AttributeError: 'Symbol' object has no attribute 'y',0,1,0,/home/shashwatsuthar/research/openhands-adp-memory/analysis/contextbench_posthoc/20260606_220027/remote/execution_full_qwen36_65k_fix1_minimal/sympy__sympy-19006/no_memory
sympy__sympy-19006,raw,"E AttributeError: 'Symbol' object has no attribute 'y'|FAILED [100%]|<string>:1: AttributeError|SyntaxError: invalid syntax|Traceback (most recent call last):|raise ImportError(""SymPy now depends on mpmath as an external library.|ImportError: SymPy now depends on mpmath as an external library. See https:/docs.sympy.org/latest/install.html#mpmath for more information.|ImportError: No module named mpmath|Test 1: Testing x.y repr that causes AttributeError|AttributeError (BUG): 'Symbol' object has no attribute 'y'","13 class SympifyError(ValueError): | 20 return ""SympifyError: %r"" % (self.expr,) | 22 return (""Sympify of expression '%s' failed, because of exception being "" | 50 Traceback (most recent call last): | 52 SympifyError: SympifyError: {} | 87 except NotImplementedError: | 133 Traceback (most recent call last): | 135 Sy...|531 except SympifyError:|81 except ImportError: | 312 except OverflowError:|25 except TypeError:|53:from sympy.utilities.exceptions import SymPyDeprecationWarning|Here's the result of running `cat -n` on /testbed/sympy/utilities/exceptions.py: | 2 General SymPy exceptions and warnings. | 19 >>> from sympy.utilities.exceptions import SymPyDeprecationWarning | 144 raise ValueError(""feature is required argument of SymPyDeprecationWarning"") | 147 raise ValueError(""deprecated_sinc...|except AttributeError as e: | print(f'AttributeError: {e}')|except AttributeError as e: | print(f'AttributeError: {e}') | AttributeError: 'Symbol' object has no attribute 'y'|319 # XXX: Catches AttributeError: 'SympyConverter' object has no | 322 except AttributeError: | 350 except SympifyError:|358 except (TypeError, ValueError, AttributeError, SympifyError): | 368 except TypeError: | 375 except TypeError: | 386 # return an exception | 390 except Exception as exc:",AttributeError: 'Symbol' object has no attribute 'y',1,1,0,/home/shashwatsuthar/research/openhands-adp-memory/analysis/contextbench_posthoc/20260606_220027/remote/execution_full_qwen36_65k_fix1_minimal/sympy__sympy-19006/raw
sympy__sympy-19006,adp,"E AttributeError: 'Symbol' object has no attribute 'y'|FAILED [100%]|<string>:1: AttributeError|SyntaxError: invalid syntax|Traceback (most recent call last):|raise ImportError(""SymPy now depends on mpmath as an external library.|ImportError: SymPy now depends on mpmath as an external library. See https:/docs.sympy.org/latest/install.html#mpmath for more information.|ImportError: No module named mpmath|Test 1: Testing x.y repr that causes AttributeError|AttributeError (BUG): 'Symbol' object has no attribute 'y'","13 class SympifyError(ValueError): | 20 return ""SympifyError: %r"" % (self.expr,) | 22 return (""Sympify of expression '%s' failed, because of exception being "" | 50 Traceback (most recent call last): | 52 SympifyError: SympifyError: {} | 87 except NotImplementedError: | 133 Traceback (most recent call last): | 135 Sy...|sympy/testing/tests/test_pytest.py:from sympy.utilities.exceptions import SymPyDeprecationWarning | sympy/testing/pytest.py:from sympy.utilities.exceptions import SymPyDeprecationWarning | sympy/testing/pytest.py: >>> from sympy.utilities.exceptions import SymPyDeprecationWarning | sympy/testing/runtests.py:from sym...|81 except ImportError: | 312 except OverflowError:|General SymPy exceptions and warnings. | >>> from sympy.utilities.exceptions import SymPyDeprecationWarning | raise ValueError(""feature is required argument of SymPyDeprecationWarning"") | raise ValueError(""deprecated_since_version is a required argument of SymPyDeprecationWarning"") | raise ValueError(""""""/|13 class SympifyError(ValueError):|12 from ..utilities.exceptions import SymPyDeprecationWarning | 15 class SympifyError(ValueError): | from ..utilities.exceptions import SymPyDeprecationWarning | class SympifyError(ValueError): | return ""SympifyError: %r"" % (self.expr,) | return (""Sympify of expression '%s' failed, because of exception being "" | Tra...|321 # XXX: Catches AttributeError: 'SympyConverter' object has no | 324 except AttributeError: | 352 except SympifyError:|388 # return an exception | 392 except Exception as exc:|388 # return an exception | 399 except Exception as exc: | from ..utilities.exceptions import SymPyDeprecationWarning | class SympifyError(ValueError): | return ""SympifyError: %r"" % (self.expr,) | return (""Sympify of expression '%s' failed, because of exception being "" | Traceback (most recent call last): | SympifyE...",AttributeError: 'Symbol' object has no attribute 'y',1,1,0,/home/shashwatsuthar/research/openhands-adp-memory/analysis/contextbench_posthoc/20260606_220027/remote/execution_full_qwen36_65k_fix1_minimal/sympy__sympy-19006/adp
sympy__sympy-19006,memory,E AttributeError: 'Symbol' object has no attribute 'y'|FAILED [100%]|<string>:1: AttributeError|- Traceback (most recent call last):|- ImportError: SymPy now depends on mpmath as an external library. See https:/docs.sympy.org/latest/install.html#mpmath for more information.|- ERROR: Should not be equal!|- ERROR: Should have raised AttributeError or returned False|- E ValueError: Name node can't be used with 'False' constant|- FAILED sympy/core/tests/test_sympify.py::test_evaluate_false - ValueError: Na...|- FAILED sympy/core/tests/test_sympify.py::test_numpy_sympify_args - ValueError...,"13 class SympifyError(ValueError): | 20 return ""SympifyError: %r"" % (self.expr,) | 22 return (""Sympify of expression '%s' failed, because of exception being "" | 50 Traceback (most recent call last): | 52 SympifyError: SympifyError: {} | 87 except NotImplementedError: | 133 Traceback (most recent call last): | 135 Sy...|sympy/core/decorators.py:19: from sympy.utilities.exceptions import SymPyDeprecationWarning | /testbed/sympy/core/function.py:53:from sympy.utilities.exceptions import SymPyDeprecationWarning | /testbed/sympy/core/numbers.py:35:from sympy.utilities.exceptions import SymPyDeprecationWarning | /testbed/sympy/...|Here's the result of running `cat -n` on /testbed/sympy/utilities/exceptions.py: | 2 General SymPy exceptions and warnings. | 19 >>> from sympy.utilities.exceptions import SymPyDeprecationWarning | 144 raise ValueError(""feature is required argument of SymPyDeprecationWarning"") | 147 raise ValueError(""deprecated_sinc...|319 # XXX: Catches AttributeError: 'SympyConverter' object has no | 322 except AttributeError: | 350 except SympifyError:|295 except KeyError: | 319 # XXX: Catches AttributeError: 'SympyConverter' object has no | 322 except AttributeError: | 350 except SympifyError: | 358 except (TypeError, ValueError, AttributeError, SympifyError): | 368 except TypeError: | 375 except TypeError:|81 except ImportError: | 312 except OverflowError:|386 # return an exception | 390 except Exception as exc:|13 class SympifyError(ValueError):|11 from sympy.utilities.exceptions import SymPyDeprecationWarning | 14 class SympifyError(ValueError): | from sympy.utilities.exceptions import SymPyDeprecationWarning | class SympifyError(ValueError): | return ""SympifyError: %r"" % (self.expr,) | return (""Sympify of expression '%s' failed, because of exception being...|387 # return an exception | 391 except Exception as exc:",AttributeError: 'Symbol' object has no attribute 'y',1,1,0,/home/shashwatsuthar/research/openhands-adp-memory/analysis/contextbench_posthoc/20260606_220027/remote/execution_full_qwen36_65k_fix1_minimal/sympy__sympy-19006/memory
sympy__sympy-19235,no_memory,,"raise ValueError(""'mode' must be one of 'inline', 'plain', "" | except KeyError: | except KeyError: | except KeyError: | from sympy.utilities.exceptions import SymPyDeprecationWarning | raise ValueError('Unknown Decimal Separator') | raise ValueError('Unknown Decimal Separator') | raise ValueError('Unknown Decimal Se...|ERROR: not found: /testbed/sympy/printing/tests/test_latex.py::test_function_eq|================== 145 passed, 2 xfailed, 1 warning in 1.28s ===================",,0,0,1,/home/shashwatsuthar/research/openhands-adp-memory/analysis/contextbench_posthoc/20260606_220027/remote/execution_full_qwen36_65k_fix1_minimal/sympy__sympy-19235/no_memory
sympy__sympy-19235,raw,"SyntaxError: invalid syntax|Traceback (most recent call last):|raise ImportError(""SymPy now depends on mpmath as an external library.|ImportError: SymPy now depends on mpmath as an external library. See http:/docs.sympy.org/latest/install.html#mpmath for more information.|AttributeError: 'NoneType' object has no attribute 'loader'","raise ValueError(""'mode' must be one of 'inline', 'plain', "" | except KeyError: | except KeyError: | except KeyError: | from sympy.utilities.exceptions import SymPyDeprecationWarning | raise ValueError('Unknown Decimal Separator') | raise ValueError('Unknown Decimal Separator') | raise ValueError('Unknown Decimal Se...|ERROR: not found: /testbed/sympy/printing/tests/test_latex.py::test_functions|raises(ValueError, lambda: latex(expr, mode='foo')) | raises(TypeError, lambda: latex(x*y, method=""garbage"")) | raises(ValueError, lambda: multiline_latex(f, expr, environment=""foo"")) | raises(ValueError, lambda: latex([1,2.3,4.5], decimal_separator='non_existing_decimal_separator_in_list')) | raises(ValueError, lam...|================== 145 passed, 2 xfailed, 1 warning in 1.29s ===================|All 147 tests in `test_latex.py` pass (145 passed, 2 xfailed as expected).",,0,0,0,/home/shashwatsuthar/research/openhands-adp-memory/analysis/contextbench_posthoc/20260606_220027/remote/execution_full_qwen36_65k_fix1_minimal/sympy__sympy-19235/raw
sympy__sympy-19235,adp,"SyntaxError: invalid syntax|Traceback (most recent call last):|raise ImportError(""SymPy now depends on mpmath as an external library.|ImportError: SymPy now depends on mpmath as an external library. See http:/docs.sympy.org/latest/install.html#mpmath for more information.|AttributeError: 'NoneType' object has no attribute 'loader'","160 raise ValueError(""'mode' must be one of 'inline', 'plain', "" | 176 except KeyError: | 182 except KeyError: | 205 except KeyError: | 446 raise ValueError(""Unknown environment: {}"".format(environment))|raise ValueError(""'mode' must be one of 'inline', 'plain', "" | except KeyError: | except KeyError: | except KeyError: | from sympy.utilities.exceptions import SymPyDeprecationWarning | raise ValueError('Unknown Decimal Separator') | raise ValueError('Unknown Decimal Separator') | raise ValueError('Unknown Decimal Se...",,0,0,1,/home/shashwatsuthar/research/openhands-adp-memory/analysis/contextbench_posthoc/20260606_220027/remote/execution_full_qwen36_65k_fix1_minimal/sympy__sympy-19235/adp
sympy__sympy-19235,memory,"- Traceback (most recent call last):|- ImportError: SymPy now depends on mpmath as an external library. See http:/docs.sympy.org/latest/install.html#mpmath for more information.|SyntaxError: invalid syntax|Traceback (most recent call last):|raise ImportError(""SymPy now depends on mpmath as an external library.|ImportError: SymPy now depends on mpmath as an external library. See http:/docs.sympy.org/latest/install.html#mpmath for more information.|AttributeError: 'NoneType' object has no attribute 'loader'","raise ValueError(""'mode' must be one of 'inline', 'plain', "" | except KeyError: | except KeyError: | except KeyError: | from sympy.utilities.exceptions import SymPyDeprecationWarning | raise ValueError('Unknown Decimal Separator') | raise ValueError('Unknown Decimal Separator') | raise ValueError('Unknown Decimal Se...|raises(ValueError, lambda: latex(expr, mode='foo')) | raises(TypeError, lambda: latex(x*y, method=""garbage"")) | raises(ValueError, lambda: multiline_latex(f, expr, environment=""foo"")) | raises(ValueError, lambda: latex([1,2.3,4.5], decimal_separator='non_existing_decimal_separator_in_list')) | raises(ValueError, lam...",,0,0,0,/home/shashwatsuthar/research/openhands-adp-memory/analysis/contextbench_posthoc/20260606_220027/remote/execution_full_qwen36_65k_fix1_minimal/sympy__sympy-19235/memory
sympy__sympy-19484,no_memory,,"476 raise TypeError(""Bad argument type for Abs(): %s"" % type(arg))|Traceback (most recent call last): | TypeError: eval() missing 1 required positional argument: 'arg'",,0,0,0,/home/shashwatsuthar/research/openhands-adp-memory/analysis/contextbench_posthoc/20260606_220027/remote/execution_full_qwen36_65k_fix1_minimal/sympy__sympy-19484/no_memory
sympy__sympy-19484,raw,"Traceback (most recent call last):|AttributeError: 'NoneType' object has no attribute 'loader'|=================== 28 passed, 3 xfailed, 1 warning in 1.39s ===================|assert result == x / Abs(x), ""FAILED|assert result_simp == expected_simp or result == expected or result == sign(val), f""FAILED for {val}""|assert result == 1, ""FAILED""|assert result == -1, ""FAILED""|assert result == w / Abs(w), ""FAILED","476 raise TypeError(""Bad argument type for Abs(): %s"" % type(arg))|raise TypeError(""Bad argument type for Abs(): %s"" % type(arg)) | raise TypeError(""Bad argument type for Abs(): %s"" % type(arg))|Traceback (most recent call last): | AttributeError: 'Mul' object has no attribute '_eval_simplify'|1866 raise AttributeError('Atoms have no args. It might be necessary|raise AttributeError(""Can not collect noncommutative symbol"") | raise AttributeError(""Can not collect noncommutative symbol"")|28 passed, 3 xfailed, 1 warning in 1.82s|28 passed, 3 xfailed, 1 warning in 1.33s|49 passed, 1 xfailed, 1 warning in 39.80s|253 passed, 12 xfailed, 1 warning in 608.11s (0:10:08)",,1,1,0,/home/shashwatsuthar/research/openhands-adp-memory/analysis/contextbench_posthoc/20260606_220027/remote/execution_full_qwen36_65k_fix1_minimal/sympy__sympy-19484/raw
sympy__sympy-19484,adp,"Traceback (most recent call last):|AttributeError: 'NoneType' object has no attribute 'loader'|=================== 28 passed, 3 xfailed, 1 warning in 1.39s ===================|assert result == x / Abs(x), ""FAILED|assert result_simp == expected_simp or result == expected or result == sign(val), f""FAILED for {val}""|assert result == 1, ""FAILED""|assert result == -1, ""FAILED""|assert result == w / Abs(w), ""FAILED","476 raise TypeError(""Bad argument type for Abs(): %s"" % type(arg))|# ValueError may seem more reasonable but since it's a @property, | # we need to use AttributeError to keep from confusing things like | raise AttributeError(""Cannot convert Mul to mpc. Must be of the form Number*I"") | failed = [] # failed terms will need subs if other terms pass | failed.append(i) | # failed so we ...|=================== 28 passed, 3 xfailed, 1 warning in 1.33s ===================|ERROR: file or directory not found: sympy/core/tests/test_mul.py|=================== 98 passed, 2 xfailed, 1 warning in 4.65s ===================|raises(TypeError, lambda: Abs(Interval(2, 3))) # issue 8717 | raises(TypeError, lambda: Abs(Interval(2, 3))) # issue 8717|=================== 28 passed, 3 xfailed, 1 warning in 1.32s ===================|================== 49 passed, 1 xfailed, 1 warning in 39.88s ===================|============= 188 passed, 1 skipped, 3 xfailed, 1 warning in 6.22s =============|=================== 28 passed, 3 xfailed, 1 warning in 1.48s ===================",,1,1,1,/home/shashwatsuthar/research/openhands-adp-memory/analysis/contextbench_posthoc/20260606_220027/remote/execution_full_qwen36_65k_fix1_minimal/sympy__sympy-19484/adp
sympy__sympy-19484,memory,"- Traceback (most recent call last):|=================== 28 passed, 3 xfailed, 1 warning in 1.39s ===================|Traceback (most recent call last):","476 raise TypeError(""Bad argument type for Abs(): %s"" % type(arg))|Traceback (most recent call last): | AttributeError: 'Abs' object has no attribute '_eval_simplify'|raise AttributeError(""Can not collect noncommutative symbol"") | raise AttributeError(""Can not collect noncommutative symbol"")|raises(AttributeError, lambda: collect(a*b + b*a, a)) | raises(AttributeError, lambda: collect(a*b + b*a, a))|sympy/simplify/tests/test_radsimp.py::test_collect_abs FAILED | E UnboundLocalError: local variable 'y' referenced before assignment | FAILED sympy/simplify/tests/test_radsimp.py::test_collect_abs - UnboundLocalE... | ========================= 1 failed, 1 warning in 0.31s =========================|=================== 28 passed, 3 xfailed, 1 warning in 1.33s ===================|================== 49 passed, 1 xfailed, 1 warning in 39.78s ===================",,1,1,0,/home/shashwatsuthar/research/openhands-adp-memory/analysis/contextbench_posthoc/20260606_220027/remote/execution_full_qwen36_65k_fix1_minimal/sympy__sympy-19484/memory
sympy__sympy-19558,no_memory,,"51f4ac8746 raise TypeError when divmod arg is oo, -oo, or nan|except Exception as ex: | print('Error:', type(ex).__name__, str(ex)) | import traceback | traceback.print_exc()|sympy/functions/elementary/miscellaneous.py: raise ValueError(""The argument '%s' is not comparable."" % arg)|124 ``sqrt`` in an expression will fail: | 130 Traceback (most recent call last): | 132 sympy.core.sympify.SympifyError: SympifyError: <function sqrt at 0x10e8900d0> | 323 except ArgumentIndexError|561: raise ValueError(""The argument '%s' is not comparable."" % arg)|561 raise ValueError(""The argument '%s' is not comparable."" % arg)|except Exception as e: | print('Max(nan, 1) error:', type(e).__name__, str(e)) | except Exception as e: | print('Min(nan, 1) error:', type(e).__name__, str(e)) | Max(nan, 1) error: ValueError The argument 'nan' is not comparable. | Min(nan, 1) error: ValueError The argument 'nan' is not comparable.|5b5a3cfaeb Resolves ValueError during limit evaluation | 7535781eb7 integrals: Added an exception for limits of a sum of integral|except Exception as ex: | print('Error:', type(ex).__name__, str(ex))",gives `ValueError: The argument 'nan' is not comparable.,0,1,0,/home/shashwatsuthar/research/openhands-adp-memory/analysis/contextbench_posthoc/20260606_220027/remote/execution_full_qwen36_65k_fix1_minimal/sympy__sympy-19558/no_memory
sympy__sympy-19558,raw,"Traceback (most recent call last):|AttributeError: 'NoneType' object has no attribute 'loader'|=================== 28 passed, 3 xfailed, 1 warning in 1.39s ===================|assert result == x / Abs(x), ""FAILED|assert result_simp == expected_simp or result == expected or result == sign(val), f""FAILED for {val}""|assert result == 1, ""FAILED""|assert result == -1, ""FAILED""|assert result == w / Abs(w), ""FAILED","except Exception as ex: | print('Error:', type(ex).__name__, str(ex))|- except ValueError:|sympy/functions/elementary/miscellaneous.py: raise ValueError(""The argument '%s' is not comparable."" % arg) | sympy/core/numbers.py: NaN is not comparable so inequalities raise a TypeError. This is in|561: raise ValueError(""The argument '%s' is not comparable."" % arg)|561 raise ValueError(""The argument '%s' is not comparable."" % arg)|import traceback | except ValueError as ex: | print('ValueError:', ex) | traceback.print_exc()|SyntaxError: invalid syntax|# The issue says ValueError: The argument 'nan' is not comparable|5b5a3cfaeb Resolves ValueError during limit evaluation | 3af7edb92e solvers: Fixing the bare ValueError | 123b56f7ce raise ValueError instead of assert | f1f2b0a3fa Quaternion: test ValueError for mul/add with non-commutative expr | b35239959c Quaternion: ValueError when mul/add with non a commutative expression | f...|Resolves ValueError during limit evaluation",gives `ValueError: The argument 'nan' is not comparable.,1,1,0,/home/shashwatsuthar/research/openhands-adp-memory/analysis/contextbench_posthoc/20260606_220027/remote/execution_full_qwen36_65k_fix1_minimal/sympy__sympy-19558/raw
sympy__sympy-19558,adp,"Traceback (most recent call last):|AttributeError: 'NoneType' object has no attribute 'loader'|=================== 28 passed, 3 xfailed, 1 warning in 1.39s ===================|assert result == x / Abs(x), ""FAILED|assert result_simp == expected_simp or result == expected or result == sign(val), f""FAILED for {val}""|assert result == 1, ""FAILED""|assert result == -1, ""FAILED""|assert result == w / Abs(w), ""FAILED","except ValueError as ex: | print('ValueError:', ex)|5b5a3cfaeb Resolves ValueError during limit evaluation | 3af7edb92e solvers: Fixing the bare ValueError | 123b56f7ce raise ValueError instead of assert | f1f2b0a3fa Quaternion: test ValueError for mul/add with non-commutative expr | b35239959c Quaternion: ValueError when mul/add with non a commutative expression | f...|except Exception as ex: | print('Error:', type(ex).__name__, ex) | import traceback | traceback.print_exc()|744d211e92 rsolve: tune exception handling for limit(), fallback to subs() in case NotImplementedError|sympy/functions/elementary/miscellaneous.py: raise ValueError(""The argument '%s' is not comparable."" % arg) | sympy/core/numbers.py: NaN is not comparable so inequalities raise a TypeError. This is in|124 ``sqrt`` in an expression will fail: | 130 Traceback (most recent call last): | 132 sympy.core.sympify.SympifyError: SympifyError: <function sqrt at 0x10e8900d0> | 323 except ArgumentIndexError|561: raise ValueError(""The argument '%s' is not comparable."" % arg)|561 raise ValueError(""The argument '%s' is not comparable."" % arg)|except Exception as ex: | print('limit error:', type(ex).__name__, ex) | Traceback (most recent call last): | AttributeError: type object 'Basic' has no attribute '_subs_unc|except Exception as ex: | print('subs error:', type(ex).__name__, ex) | import traceback | traceback.print_exc()",gives `ValueError: The argument 'nan' is not comparable.,1,1,0,/home/shashwatsuthar/research/openhands-adp-memory/analysis/contextbench_posthoc/20260606_220027/remote/execution_full_qwen36_65k_fix1_minimal/sympy__sympy-19558/adp
sympy__sympy-19558,memory,"- Traceback (most recent call last):|=================== 28 passed, 3 xfailed, 1 warning in 1.39s ===================|Traceback (most recent call last):","except Exception as ex: | print('Error:', type(ex).__name__, str(ex))|except Exception as ex: | import traceback | print(' Error:', type(ex).__name__, str(ex)) | traceback.print_exc() | except Exception as ex: | import traceback | print(' Error:', type(ex).__name__, str(ex)) | traceback.print_exc()|230d32a1fc Piecewise() raises TypeError, Piecewise without matching conditions gives nan|except Exception as ex: | print(' Error:', type(ex).__name__, str(ex)) | except Exception as ex: | print(' Error:', type(ex).__name__, str(ex)) | except Exception as ex: | print(' Error:', type(ex).__name__, str(ex)) | except Exception as ex: | print(' Error:', type(ex).__name__, str(ex))|SyntaxError: invalid syntax",gives `ValueError: The argument 'nan' is not comparable.,0,0,0,/home/shashwatsuthar/research/openhands-adp-memory/analysis/contextbench_posthoc/20260606_220027/remote/execution_full_qwen36_65k_fix1_minimal/sympy__sympy-19558/memory
sympy__sympy-21203,no_memory,,"3 from sympy.utilities.exceptions import SymPyDeprecationWarning | 40 # XXX: AttributeError was being caught here but it wasn't triggered by any of | 91 raise ValueError(""Invalid relational operator symbol: %r"" % rop) | 100 raise TypeError(filldedent(''' | 266 raise TypeError(""Can only compare inequalities with Expr"")|81 raise ValueError(""Binary relation takes two arguments, but got %s."" % len(args)) | 210 raise TypeError(""Cannot determine truth value of %s"" % self)",,0,0,0,/home/shashwatsuthar/research/openhands-adp-memory/analysis/contextbench_posthoc/20260606_220027/remote/execution_full_qwen36_65k_fix1_minimal/sympy__sympy-21203/no_memory
sympy__sympy-21203,raw,Traceback (most recent call last):|AttributeError: 'NoneType' object has no attribute 'loader',"81 raise ValueError(""Binary relation takes two arguments, but got %s."" % len(args)) | 210 raise TypeError(""Cannot determine truth value of %s"" % self)|69 except AttributeError:|33 raise TypeError | 35 except TypeError:|Traceback (most recent call last): | NameError: name 'x' is not defined|Traceback (most recent call last): | AttributeError: 'AssumptionKeys' object has no attribute 'neq'|from sympy.utilities.exceptions import SymPyDeprecationWarning | # XXX: AttributeError was being caught here but it wasn't triggered by any of | raise ValueError(""Invalid relational operator symbol: %r"" % rop) | raise TypeError(filldedent(''' | except ValueError: | except PolynomialError: | except ValueError: | rais...|sympy/assumptions/tests/test_refine.py::test_eq_neq_assumptions FAILED [100%] | E NameError: name 'ask' is not defined | FAILED sympy/assumptions/tests/test_refine.py::test_eq_neq_assumptions - Name... | =================== 1 failed, 15 passed, 1 warning in 4.88s ====================|sympy/assumptions/tests/test_refine.py::test_eq_neq_assumptions FAILED [100%] | sympy/assumptions/tests/test_refine.py:226: AssertionError | FAILED sympy/assumptions/tests/test_refine.py::test_eq_neq_assumptions - asse... | =================== 1 failed, 15 passed, 1 warning in 4.91s ====================|================== 132 passed, 8 xfailed, 1 warning in 46.74s ==================|=================== 61 passed, 2 xfailed, 1 warning in 5.85s ===================",,1,1,0,/home/shashwatsuthar/research/openhands-adp-memory/analysis/contextbench_posthoc/20260606_220027/remote/execution_full_qwen36_65k_fix1_minimal/sympy__sympy-21203/raw
sympy__sympy-21203,adp,Traceback (most recent call last):|AttributeError: 'NoneType' object has no attribute 'loader',33 raise TypeError | 35 except TypeError:|69 except AttributeError:,,1,1,0,/home/shashwatsuthar/research/openhands-adp-memory/analysis/contextbench_posthoc/20260606_220027/remote/execution_full_qwen36_65k_fix1_minimal/sympy__sympy-21203/adp
sympy__sympy-21203,memory,- Traceback (most recent call last):,"3 from sympy.utilities.exceptions import SymPyDeprecationWarning | 40 # XXX: AttributeError was being caught here but it wasn't triggered by any of | 91 raise ValueError(""Invalid relational operator symbol: %r"" % rop) | 100 raise TypeError(filldedent(''' | 266 raise TypeError(""Can only compare inequalities with Expr"")|81 raise ValueError(""Binary relation takes two arguments, but got %s."" % len(args)) | 210 raise TypeError(""Cannot determine truth value of %s"" % self)|69 except AttributeError:|33 raise TypeError | 35 except TypeError:|409 except NotImplementedError:|340 except ValueError:",,0,0,0,/home/shashwatsuthar/research/openhands-adp-memory/analysis/contextbench_posthoc/20260606_220027/remote/execution_full_qwen36_65k_fix1_minimal/sympy__sympy-21203/memory
sympy__sympy-21309,no_memory,,"3 from sympy.utilities.exceptions import SymPyDeprecationWarning | 40 # XXX: AttributeError was being caught here but it wasn't triggered by any of | 91 raise ValueError(""Invalid relational operator symbol: %r"" % rop) | 100 raise TypeError(filldedent(''' | 272 raise TypeError(""Can only compare inequalities with Expr"")|1144 and an instance of expression. Throws an exception if | 1149 and an instance of expression. Throws an exception if | 1223 raise TypeError(""Can only compare inequalities with Expr"")|1138: raises(TypeError, lambda: is_le(Basic(), Basic())) | 1139: raises(TypeError, lambda: is_gt(Basic(), Basic())) | 1140: raises(TypeError, lambda: is_ge(Basic(), Basic())) | 1141: raises(TypeError, lambda: is_lt(Basic(), Basic()))|398 raise TypeError(""cannot determine truth value of Relational"") | 409 except NotImplementedError:",,0,0,0,/home/shashwatsuthar/research/openhands-adp-memory/analysis/contextbench_posthoc/20260606_220027/remote/execution_full_qwen36_65k_fix1_minimal/sympy__sympy-21309/no_memory
sympy__sympy-21309,raw,Traceback (most recent call last):|AttributeError: 'NoneType' object has no attribute 'loader',"3 from sympy.utilities.exceptions import SymPyDeprecationWarning | 40 # XXX: AttributeError was being caught here but it wasn't triggered by any of | 91 raise ValueError(""Invalid relational operator symbol: %r"" % rop) | 100 raise TypeError(filldedent(''' | 272 raise TypeError(""Can only compare inequalities with Expr"")|1144 and an instance of expression. Throws an exception if | 1149 and an instance of expression. Throws an exception if | 1223 raise TypeError(""Can only compare inequalities with Expr"")|398 raise TypeError(""cannot determine truth value of Relational"") | 409 except NotImplementedError:|1144 and an instance of expression. Throws an exception if|from sympy.utilities.exceptions import SymPyDeprecationWarning | # XXX: AttributeError was being caught here but it wasn't triggered by any of | raise ValueError(""Invalid relational operator symbol: %r"" % rop) | raise TypeError(filldedent(''' | except ValueError: | except PolynomialError: | except ValueError: | rais...|1144 and an instance of expression. Throws an exception if | 1149 and an instance of expression. Throws an exception if | 1236 raise TypeError(""Can only compare inequalities with Expr"") | from sympy.utilities.exceptions import SymPyDeprecationWarning | # XXX: AttributeError was being caught here but it wasn't trigge...|Traceback (most recent call last): | NameError: name 'is_ge' is not defined|sympy/core/tests/test_relational.py::test_nan_equality_exceptions PASSED | =================== 61 passed, 2 xfailed, 1 warning in 5.97s ===================|assert raises(TypeError, lambda: a < b) | assert raises(TypeError, lambda: a <= b) | assert raises(TypeError, lambda: a > b) | assert raises(TypeError, lambda: a >= b) | raises(AttributeError, lambda: Ne(x, 1).as_poly()) | raises(AttributeError, lambda: Ge(x, 1).as_poly()) | raises(AttributeError, lambda: Gt(x, 1).a...|=================== 62 passed, 2 xfailed, 1 warning in 8.33s ===================",,1,1,0,/home/shashwatsuthar/research/openhands-adp-memory/analysis/contextbench_posthoc/20260606_220027/remote/execution_full_qwen36_65k_fix1_minimal/sympy__sympy-21309/raw
sympy__sympy-21309,adp,Traceback (most recent call last):|AttributeError: 'NoneType' object has no attribute 'loader',"3 from sympy.utilities.exceptions import SymPyDeprecationWarning | 40 # XXX: AttributeError was being caught here but it wasn't triggered by any of | 91 raise ValueError(""Invalid relational operator symbol: %r"" % rop) | 100 raise TypeError(filldedent(''' | 272 raise TypeError(""Can only compare inequalities with Expr"")|1144 and an instance of expression. Throws an exception if | 1149 and an instance of expression. Throws an exception if|1223 raise TypeError(""Can only compare inequalities with Expr"")|1138: raises(TypeError, lambda: is_le(Basic(), Basic())) | 1139: raises(TypeError, lambda: is_gt(Basic(), Basic())) | 1140: raises(TypeError, lambda: is_ge(Basic(), Basic())) | 1141: raises(TypeError, lambda: is_lt(Basic(), Basic()))|from sympy.utilities.exceptions import SymPyDeprecationWarning | # XXX: AttributeError was being caught here but it wasn't triggered by any of | raise ValueError(""Invalid relational operator symbol: %r"" % rop) | raise TypeError(filldedent(''' | except ValueError: | except PolynomialError: | except ValueError: | rais...|1144 and an instance of expression. Throws an exception if | 1149 and an instance of expression. Throws an exception if | 1237 raise TypeError(""Can only compare inequalities with Expr"") | from sympy.utilities.exceptions import SymPyDeprecationWarning | # XXX: AttributeError was being caught here but it wasn't trigge...|Traceback (most recent call last): | NameError: name 'is_ge' is not defined|sympy/core/tests/test_relational.py::test_imaginary_compare_raises_TypeError PASSED [ 30%] | sympy/core/tests/test_relational.py::test_imaginary_and_inf_compare_raises_TypeError PASSED [ 33%] | sympy/core/tests/test_relational.py::test_nan_equality_exceptions PASSED [ 38%] | =================== 61 passed, 2 xfailed,...|print(f'Doctests: {results.attempted} tests, {results.failed} failures') | Failed example: | Traceback (most recent call last): | TypeError: symbolic boolean expression has no truth value. | Traceback (most recent call last): | raise TypeError(""cannot determine truth value of Relational"") | TypeError: cannot determi...|and an instance of expression. Throws an exception if | raise TypeError(""Can only compare inequalities with Expr"")",,1,1,0,/home/shashwatsuthar/research/openhands-adp-memory/analysis/contextbench_posthoc/20260606_220027/remote/execution_full_qwen36_65k_fix1_minimal/sympy__sympy-21309/adp
sympy__sympy-21309,memory,- Traceback (most recent call last):,"3 from sympy.utilities.exceptions import SymPyDeprecationWarning | 40 # XXX: AttributeError was being caught here but it wasn't triggered by any of | 91 raise ValueError(""Invalid relational operator symbol: %r"" % rop) | 100 raise TypeError(filldedent(''' | 272 raise TypeError(""Can only compare inequalities with Expr"")|1144 and an instance of expression. Throws an exception if | 1149 and an instance of expression. Throws an exception if | 1223 raise TypeError(""Can only compare inequalities with Expr"")|1138: raises(TypeError, lambda: is_le(Basic(), Basic())) | 1139: raises(TypeError, lambda: is_gt(Basic(), Basic())) | 1140: raises(TypeError, lambda: is_ge(Basic(), Basic())) | 1141: raises(TypeError, lambda: is_lt(Basic(), Basic()))|from sympy.utilities.exceptions import SymPyDeprecationWarning | # XXX: AttributeError was being caught here but it wasn't triggered by any of | raise ValueError(""Invalid relational operator symbol: %r"" % rop) | raise TypeError(filldedent(''' | except ValueError: | except PolynomialError: | except ValueError: | rais...|1144 and an instance of expression. Throws an exception if | 1149 and an instance of expression. Throws an exception if | 1237 raise TypeError(""Can only compare inequalities with Expr"") | from sympy.utilities.exceptions import SymPyDeprecationWarning | # XXX: AttributeError was being caught here but it wasn't trigge...|Traceback (most recent call last): | NameError: name 'is_ge' is not defined|sympy/core/tests/test_relational.py::test_imaginary_compare_raises_TypeError PASSED [ 30%] | sympy/core/tests/test_relational.py::test_imaginary_and_inf_compare_raises_TypeError PASSED [ 33%] | sympy/core/tests/test_relational.py::test_nan_equality_exceptions PASSED [ 38%] | =================== 61 passed, 2 xfailed,...|assert raises(TypeError, lambda: a < b) | assert raises(TypeError, lambda: a <= b) | assert raises(TypeError, lambda: a > b) | assert raises(TypeError, lambda: a >= b) | raises(AttributeError, lambda: Ne(x, 1).as_poly()) | raises(AttributeError, lambda: Ge(x, 1).as_poly()) | raises(AttributeError, lambda: Gt(x, 1).a...|=================== 62 passed, 2 xfailed, 1 warning in 6.71s ===================|============= 160 passed, 1 skipped, 3 xfailed, 1 warning in 8.41s =============",,1,1,0,/home/shashwatsuthar/research/openhands-adp-memory/analysis/contextbench_posthoc/20260606_220027/remote/execution_full_qwen36_65k_fix1_minimal/sympy__sympy-21309/memory
sympy__sympy-23852,no_memory,,"148 raise ValueError(""Only a tuple index is accepted"") | 151 raise ValueError(""Index not valide with an empty array"") | 154 raise ValueError('Wrong number of array axes') | 160 raise ValueError('Index ' + str(index) + ' out of border') | 181 raise ValueError(""index out of range"") | 200 raise ValueError(""could not de...|97 raise ValueError('Dimensions must be of size of 2') | 125 raise ValueError(""Invalid reshape parameters "" + newshape) | 154 raise TypeError('immutable N-dim array')|20 raises(ValueError, lambda: arr_with_one_element[1]) | 32 raises(ValueError, lambda: arr_with_one_element[5]) | 44 raises(ValueError, lambda: n_dim_array[0, 0, 0, 3]) | 45 raises(ValueError, lambda: n_dim_array[3, 0, 0, 0]) | 46 raises(ValueError, lambda: n_dim_array[3**4]) | 79 raises(ValueError, lambda: vector_w...|Traceback (most recent call last): | raise ValueError(""Only a tuple index is accepted"") | ValueError: Only a tuple index is accepted|148 raise ValueError(""Only a tuple index is accepted"") | 151 raise ValueError(""Index not valide with an empty array"") | 154 raise ValueError('Wrong number of array axes') | 160 raise ValueError('Index ' + str(index) + ' out of border')|151 raise ValueError(""Only a tuple index is accepted"") | 154 raise ValueError(""Index not valide with an empty array"") | 157 raise ValueError('Wrong number of array axes') | raise ValueError(""Only a tuple index is accepted"") | raise ValueError(""Index not valide with an empty array"") | raise ValueError('Wrong number o...|print('ERROR: Should have raised ValueError') | except ValueError as e: | print('Correctly raised ValueError for rank-2:', e) | Correctly raised ValueError for rank-2: Only a tuple index is accepted|**Problem:** Assigning values to a rank-1 `MutableDenseNDimArray` using a plain integer index (e.g., `vec[0] = 2`) raised `ValueError: Only a tuple index is accepted`. | raise ValueError(""Only a tuple index is accepted"") | raise ValueError(""Only a tuple index is accepted"")","ValueError Traceback (most recent call last)|--> 148 raise ValueError(""Only a tuple index is accepted"")|151 raise ValueError(""Index not valide with an empty array"")|ValueError: Only a tuple index is accepted",0,1,0,/home/shashwatsuthar/research/openhands-adp-memory/analysis/contextbench_posthoc/20260606_220027/remote/execution_full_qwen36_65k_fix1_minimal/sympy__sympy-23852/no_memory
sympy__sympy-23852,raw,"Traceback (most recent call last):|ValueError: not enough values to unpack (expected 2, got 0)|200→ raise ValueError(""could not determine shape unambiguously"")|AttributeError: 'NoneType' object has no attribute 'loader'|Traceback (most recent","148 raise ValueError(""Only a tuple index is accepted"") | 151 raise ValueError(""Index not valide with an empty array"") | 154 raise ValueError('Wrong number of array axes') | 160 raise ValueError('Index ' + str(index) + ' out of border') | 181 raise ValueError(""index out of range"") | 200 raise ValueError(""could not de...|97 raise ValueError('Dimensions must be of size of 2') | 125 raise ValueError(""Invalid reshape parameters "" + newshape) | 154 raise TypeError('immutable N-dim array')|Traceback (most recent call last): | raise ValueError(""Only a tuple index is accepted"") | ValueError: Only a tuple index is accepted","ValueError Traceback (most recent call last)|--> 148 raise ValueError(""Only a tuple index is accepted"")|151 raise ValueError(""Index not valide with an empty array"")|ValueError: Only a tuple index is accepted",1,1,0,/home/shashwatsuthar/research/openhands-adp-memory/analysis/contextbench_posthoc/20260606_220027/remote/execution_full_qwen36_65k_fix1_minimal/sympy__sympy-23852/raw
sympy__sympy-23852,adp,"Traceback (most recent call last):|ValueError: not enough values to unpack (expected 2, got 0)|200→ raise ValueError(""could not determine shape unambiguously"")|AttributeError: 'NoneType' object has no attribute 'loader'|Traceback (most recent","148 raise ValueError(""Only a tuple index is accepted"") | 151 raise ValueError(""Index not valide with an empty array"") | 154 raise ValueError('Wrong number of array axes') | 160 raise ValueError('Index ' + str(index) + ' out of border') | 181 raise ValueError(""index out of range"") | 200 raise ValueError(""could not de...|97 raise ValueError('Dimensions must be of size of 2') | 125 raise ValueError(""Invalid reshape parameters "" + newshape) | 154 raise TypeError('immutable N-dim array')|Traceback (most recent call last): | raise ValueError(""Only a tuple index is accepted"") | ValueError: Only a tuple index is accepted|151 raise ValueError(""Only a tuple index is accepted"") | 154 raise ValueError(""Index not valide with an empty array"") | 157 raise ValueError('Wrong number of array axes') | raise ValueError(""Only a tuple index is accepted"") | raise ValueError(""Index not valide with an empty array"") | raise ValueError('Wrong number o...|except Exception as e: | print('mat[0] = 1 error:', e) | except Exception as e: | print('mat[0,0] = 3 error:', e) | mat[0] = 1 error: Only a tuple index is accepted|20 raises(ValueError, lambda: arr_with_one_element[1]) | 32 raises(ValueError, lambda: arr_with_one_element[5]) | 44 raises(ValueError, lambda: n_dim_array[0, 0, 0, 3]) | 45 raises(ValueError, lambda: n_dim_array[3, 0, 0, 0]) | 46 raises(ValueError, lambda: n_dim_array[3**4]) | 79 raises(ValueError, lambda: vector_w...|raises(ValueError, lambda: arr_with_one_element[1]) | raises(ValueError, lambda: arr_with_one_element[5]) | raises(ValueError, lambda: n_dim_array[0, 0, 0, 3]) | raises(ValueError, lambda: n_dim_array[3, 0, 0, 0]) | raises(ValueError, lambda: n_dim_array[3**4]) | raises(ValueError, lambda: vector_with_long_shape[int...|**Issue:** Unable to assign values to a rank-1 `MutableDenseNDimArray` using integer indexing (e.g., `vec[0] = 2`). The error was `ValueError: Only a tuple index is accepted`. | raise ValueError(""Only a tuple index is accepted"")","ValueError Traceback (most recent call last)|--> 148 raise ValueError(""Only a tuple index is accepted"")|151 raise ValueError(""Index not valide with an empty array"")|ValueError: Only a tuple index is accepted",1,1,0,/home/shashwatsuthar/research/openhands-adp-memory/analysis/contextbench_posthoc/20260606_220027/remote/execution_full_qwen36_65k_fix1_minimal/sympy__sympy-23852/adp
sympy__sympy-23852,memory,"Traceback (most recent call last):|ValueError: not enough values to unpack (expected 2, got 0)|- Traceback (most recent call last):|- ValueError: not enough values to unpack (expected 2, got 0)|200→ raise ValueError(""could not determine shape unambiguously"")|AttributeError: 'NoneType' object has no attribute 'loader'","148 raise ValueError(""Only a tuple index is accepted"") | 151 raise ValueError(""Index not valide with an empty array"") | 154 raise ValueError('Wrong number of array axes') | 160 raise ValueError('Index ' + str(index) + ' out of border') | 181 raise ValueError(""index out of range"") | 200 raise ValueError(""could not de...|97 raise ValueError('Dimensions must be of size of 2') | 125 raise ValueError(""Invalid reshape parameters "" + newshape) | 154 raise TypeError('immutable N-dim array')|Traceback (most recent call last): | raise ValueError(""Only a tuple index is accepted"") | ValueError: Only a tuple index is accepted|148 raise ValueError(""Only a tuple index is accepted"") | 151 raise ValueError(""Index not valide with an empty array"") | 154 raise ValueError('Wrong number of array axes') | 160 raise ValueError('Index ' + str(index) + ' out of border')|151 raise ValueError(""Only a tuple index is accepted"") | 154 raise ValueError(""Index not valide with an empty array"") | 157 raise ValueError('Wrong number of array axes') | 163 raise ValueError('Index ' + str(index) + ' out of border') | raise ValueError(""Only a tuple index is accepted"") | raise ValueError(""Index no...|print('ERROR: Should have raised ValueError') | except ValueError as e: | print('Correctly raised ValueError for rank-2:', e) | Correctly raised ValueError for rank-2: Only a tuple index is accepted","ValueError Traceback (most recent call last)|--> 148 raise ValueError(""Only a tuple index is accepted"")|151 raise ValueError(""Index not valide with an empty array"")|ValueError: Only a tuple index is accepted",1,1,0,/home/shashwatsuthar/research/openhands-adp-memory/analysis/contextbench_posthoc/20260606_220027/remote/execution_full_qwen36_65k_fix1_minimal/sympy__sympy-23852/memory
sympy__sympy-26642,no_memory,,"15 from sympy.utilities.exceptions import sympy_deprecation_warning | 339 raise ValueError(""Empty list of expressions"")|498 raise ValueError(err) | 502 raise ValueError(err)|Traceback (most recent call last): | SyntaxError: unable to create a single AST for the expression",Traceback (most recent call last):|SyntaxError: unable to create a single AST for the expression,0,1,0,/home/shashwatsuthar/research/openhands-adp-memory/analysis/contextbench_posthoc/20260606_220027/remote/execution_full_qwen36_65k_fix1_minimal/sympy__sympy-26642/no_memory
sympy__sympy-26642,raw,"Traceback (most recent call last):|SyntaxError: unable to create a single AST for the expression|15→from sympy.utilities.exceptions import sympy_deprecation_warning|SyntaxError: Non-ASCII character '/xce' in file test_issue.py on line 9, but no encoding declared|see http:/www.python.org/peps/pep-0263.html for details|SyntaxError: invalid syntax|✗ Error: unable to create a single AST for the expression|parse_mathematica('α') failed: SyntaxError|parse_mathematica('β') failed: SyntaxError|parse_mathematica('γ') failed: SyntaxError","15 from sympy.utilities.exceptions import sympy_deprecation_warning | 339 raise ValueError(""Empty list of expressions"")|263 raise ValueError('The argument must be dict type') | 299 raise ValueError(err) | 310 raise ValueError(err)|407 raise ValueError(err) | 498 raise ValueError(err) | 502 raise ValueError(err)|Traceback (most recent call last): | SyntaxError: unable to create a single AST for the expression|from sympy.utilities.exceptions import sympy_deprecation_warning | raise ValueError('The argument must be dict type') | raise ValueError(err) | raise ValueError(err) | raise ValueError(err) | raise ValueError(err) | raise ValueError(err) | except SyntaxError: | raise ValueError(""Empty list of expressions"") | from sy...|sympy/parsing/tests/test_mathematica.py::test_parser_mathematica_tokenizer FAILED|E AssertionError: assert 'y_' == ['Pattern', 'y', ['Blank']] | sympy/parsing/tests/test_mathematica.py:210: AssertionError | FAILED sympy/parsing/tests/test_mathematica.py::test_parser_mathematica_tokenizer | ============================== 1 failed in 0.13s ===============================|ERROR: usage: __main__.py [options] [file_or_dir] [file_or_dir] [...] | __main__.py: error: unrecognized arguments: --timeout=60",Traceback (most recent call last):|SyntaxError: unable to create a single AST for the expression,1,1,0,/home/shashwatsuthar/research/openhands-adp-memory/analysis/contextbench_posthoc/20260606_220027/remote/execution_full_qwen36_65k_fix1_minimal/sympy__sympy-26642/raw
sympy__sympy-26642,adp,"Traceback (most recent call last):|SyntaxError: unable to create a single AST for the expression|15→from sympy.utilities.exceptions import sympy_deprecation_warning|SyntaxError: Non-ASCII character '/xce' in file test_issue.py on line 9, but no encoding declared|see http:/www.python.org/peps/pep-0263.html for details|SyntaxError: invalid syntax|✗ Error: unable to create a single AST for the expression|parse_mathematica('α') failed: SyntaxError|parse_mathematica('β') failed: SyntaxError|parse_mathematica('γ') failed: SyntaxError","15 from sympy.utilities.exceptions import sympy_deprecation_warning | 339 raise ValueError(""Empty list of expressions"")|498 raise ValueError(err) | 502 raise ValueError(err)|760 except SyntaxError:|Traceback (most recent call last): | SyntaxError: unable to create a single AST for the expression|from sympy.utilities.exceptions import sympy_deprecation_warning | raise ValueError('The argument must be dict type') | raise ValueError(err) | raise ValueError(err) | raise ValueError(err) | raise ValueError(err) | raise ValueError(err) | except SyntaxError: | raise ValueError(""Empty list of expressions"") | from sy...|sympy/parsing/tests/test_mathematica.py::test_mathematica FAILED|E AssertionError: assert Log*2(16) == 4 | sympy/parsing/tests/test_mathematica.py:73: AssertionError | FAILED sympy/parsing/tests/test_mathematica.py::test_mathematica - AssertionE... | ============================== 1 failed in 0.24s ===============================|sympy/parsing/tests/test_mathematica.py::test_parser_mathematica_tokenizer FAILED | E AssertionError: assert 'y_' == ['Pattern', 'y', ['Blank']] | sympy/parsing/tests/test_mathematica.py:210: AssertionError | FAILED sympy/parsing/tests/test_mathematica.py::test_parser_mathematica_tokenizer - AssertionError: assert '...|ERROR: usage: __main__.py [options] [file_or_dir] [file_or_dir] [...] | __main__.py: error: unrecognized arguments: --timeout=60|The `_literal` pattern was defined as `[A-Za-z][A-Za-z0-9]*` which only matches ASCII letters (a-z, A-Z). When parsing a Greek letter like 'α', the tokenizer couldn't match it as a valid literal token, resulting in an empty token list and ultimately a `SyntaxError: unable to create a single AST for the expression`.",Traceback (most recent call last):|SyntaxError: unable to create a single AST for the expression,1,1,0,/home/shashwatsuthar/research/openhands-adp-memory/analysis/contextbench_posthoc/20260606_220027/remote/execution_full_qwen36_65k_fix1_minimal/sympy__sympy-26642/adp
sympy__sympy-26642,memory,"Traceback (most recent call last):|SyntaxError: unable to create a single AST for the expression|- [test] cd ~/desktop/swebench_9_15 && python3 test_comprehensive.py 2>&1|grep -v ""Error processing""|grep -v ""Traceback (most recent call last)""|grep -v ""File ""|grep -v ""AttributeError""|grep -v ""Remainder""|...|- Traceback (most recent call last):","15 from sympy.utilities.exceptions import sympy_deprecation_warning | 339 raise ValueError(""Empty list of expressions"")|263 raise ValueError('The argument must be dict type') | 299 raise ValueError(err) | 310 raise ValueError(err)|498 raise ValueError(err) | 502 raise ValueError(err)|Traceback (most recent call last): | SyntaxError: unable to create a single AST for the expression|from sympy.utilities.exceptions import sympy_deprecation_warning | raise ValueError('The argument must be dict type') | raise ValueError(err) | raise ValueError(err) | raise ValueError(err) | raise ValueError(err) | raise ValueError(err) | except SyntaxError: | raise ValueError(""Empty list of expressions"") | from sy...|ERROR: usage: __main__.py [options] [file_or_dir] [file_or_dir] [...] | __main__.py: error: unrecognized arguments: --timeout=60|The `_literal` pattern was defined as `r""[A-Za-z][A-Za-z0-9]*""` which only matches ASCII letters (a-z, A-Z). When a Greek letter like 'α' was passed to the parser, the tokenizer couldn't recognize it as a valid identifier, resulting in an empty token list and ultimately a `SyntaxError: unable to create a single AST ...",Traceback (most recent call last):|SyntaxError: unable to create a single AST for the expression,1,1,0,/home/shashwatsuthar/research/openhands-adp-memory/analysis/contextbench_posthoc/20260606_220027/remote/execution_full_qwen36_65k_fix1_minimal/sympy__sympy-26642/memory
sympy__sympy-27868,no_memory,,"16 from sympy.utilities.exceptions import sympy_deprecation_warning | 245 raise TypeError(""'Prefix' op_type should not have a grouping strat"") | 253 raise TypeError(""'Prefix' op_type should not have a grouping strat"") | 335 raise ValueError(""Empty list of expressions"")|742 raise RuntimeError(""Stack should have only one element"")|except Exception as e: | print(f'Error: {type(e).__name__}: {e}') | Error: TypeError: 'Symbol' object is not subscriptable","error:|ValueError: Error from parse_expr with transformed code: ""Symbol ('Sqrt' )[Integer (2 )]*Symbol ('σ' )""|The above exception was the direct cause of the following exception:|Traceback (most recent call last):|raise e from ValueError(f""Error from parse_expr with transformed code: {code!r}"")|TypeError: 'Symbol' object is not subscriptable",0,1,0,/home/shashwatsuthar/research/openhands-adp-memory/analysis/contextbench_posthoc/20260606_220027/remote/execution_full_qwen36_65k_fix1_minimal/sympy__sympy-27868/no_memory
sympy__sympy-27868,raw,"Traceback (most recent call last):|SyntaxError: unable to create a single AST for the expression|15→from sympy.utilities.exceptions import sympy_deprecation_warning|SyntaxError: Non-ASCII character '/xce' in file test_issue.py on line 9, but no encoding declared|see http:/www.python.org/peps/pep-0263.html for details|SyntaxError: invalid syntax|✗ Error: unable to create a single AST for the expression|parse_mathematica('α') failed: SyntaxError|parse_mathematica('β') failed: SyntaxError|parse_mathematica('γ') failed: SyntaxError","16 from sympy.utilities.exceptions import sympy_deprecation_warning | 245 raise TypeError(""'Prefix' op_type should not have a grouping strat"") | 253 raise TypeError(""'Prefix' op_type should not have a grouping strat"") | 335 raise ValueError(""Empty list of expressions"")|742 raise RuntimeError(""Stack should have only one element"")|except Exception as e: | print(f'Error: {type(e).__name__}: {e}') | Error: TypeError: 'Symbol' object is not subscriptable|except Exception as e: | print(f'Error: {type(e).__name__}') | Error: TypeError|from sympy.utilities.exceptions import sympy_deprecation_warning | raise ValueError('The argument must be dict type') | raise ValueError(err) | raise ValueError(err) | raise ValueError(err) | raise ValueError(err) | raise ValueError(err) | raise RuntimeError(""Stack should have only one element"") | except SyntaxError...|except Exception as e: | print(f'Error: {type(e).__name__}: {e}') | except Exception as e|sympy/parsing/tests/test_mathematica.py::test_mathematica FAILED | E AssertionError: assert Cos*π/2 == Cos(π/2) | sympy/parsing/tests/test_mathematica.py:75: AssertionError | FAILED sympy/parsing/tests/test_mathematica.py::test_mathematica - AssertionE... | ============================== 1 failed in 0.31s ==========...","error:|ValueError: Error from parse_expr with transformed code: ""Symbol ('Sqrt' )[Integer (2 )]*Symbol ('σ' )""|The above exception was the direct cause of the following exception:|Traceback (most recent call last):|raise e from ValueError(f""Error from parse_expr with transformed code: {code!r}"")|TypeError: 'Symbol' object is not subscriptable",1,1,0,/home/shashwatsuthar/research/openhands-adp-memory/analysis/contextbench_posthoc/20260606_220027/remote/execution_full_qwen36_65k_fix1_minimal/sympy__sympy-27868/raw
sympy__sympy-27868,adp,"Traceback (most recent call last):|SyntaxError: unable to create a single AST for the expression|15→from sympy.utilities.exceptions import sympy_deprecation_warning|SyntaxError: Non-ASCII character '/xce' in file test_issue.py on line 9, but no encoding declared|see http:/www.python.org/peps/pep-0263.html for details|SyntaxError: invalid syntax|✗ Error: unable to create a single AST for the expression|parse_mathematica('α') failed: SyntaxError|parse_mathematica('β') failed: SyntaxError|parse_mathematica('γ') failed: SyntaxError","16 from sympy.utilities.exceptions import sympy_deprecation_warning | 245 raise TypeError(""'Prefix' op_type should not have a grouping strat"") | 253 raise TypeError(""'Prefix' op_type should not have a grouping strat"") | 335 raise ValueError(""Empty list of expressions"")|500 raise ValueError(err) | 504 raise ValueError(err)|742 raise RuntimeError(""Stack should have only one element"")|except Exception as e: | print(f'Error: {type(e).__name__}: {e}') | Error: TypeError: 'Symbol' object is not subscriptable|from sympy.utilities.exceptions import sympy_deprecation_warning | raise ValueError('The argument must be dict type') | raise ValueError(err) | raise ValueError(err) | raise ValueError(err) | raise ValueError(err) | raise ValueError(err) | raise RuntimeError(""Stack should have only one element"") | except SyntaxError...|except Exception as e: | print(f'Error: {type(e).__name__}: {e}')|sympy/parsing/tests/test_mathematica.py::test_mathematica FAILED|sympy/parsing/tests/test_mathematica.py::test_mathematica FAILED | E AssertionError: assert Cos*π/2 == Cos(π/2) | sympy/parsing/tests/test_mathematica.py:75: AssertionError | FAILED sympy/parsing/tests/test_mathematica.py::test_mathematica - AssertionError: assert Cos*π/2 == Cos(π/2) | ==============================...","error:|ValueError: Error from parse_expr with transformed code: ""Symbol ('Sqrt' )[Integer (2 )]*Symbol ('σ' )""|The above exception was the direct cause of the following exception:|Traceback (most recent call last):|raise e from ValueError(f""Error from parse_expr with transformed code: {code!r}"")|TypeError: 'Symbol' object is not subscriptable",1,1,0,/home/shashwatsuthar/research/openhands-adp-memory/analysis/contextbench_posthoc/20260606_220027/remote/execution_full_qwen36_65k_fix1_minimal/sympy__sympy-27868/adp
sympy__sympy-27868,memory,"Traceback (most recent call last):|SyntaxError: unable to create a single AST for the expression|- [test] cd ~/desktop/swebench_9_15 && python3 test_comprehensive.py 2>&1|grep -v ""Error processing""|grep -v ""Traceback (most recent call last)""|grep -v ""File ""|grep -v ""AttributeError""|grep -v ""Remainder""|...|- Traceback (most recent call last):","16 from sympy.utilities.exceptions import sympy_deprecation_warning | 245 raise TypeError(""'Prefix' op_type should not have a grouping strat"") | 253 raise TypeError(""'Prefix' op_type should not have a grouping strat"") | 335 raise ValueError(""Empty list of expressions"")|742 raise RuntimeError(""Stack should have only one element"")|except Exception as e: | print(f'Error: {type(e).__name__}: {e}') | Error: TypeError: 'Symbol' object is not subscriptable|from sympy.utilities.exceptions import sympy_deprecation_warning | raise ValueError('The argument must be dict type') | raise ValueError(err) | raise ValueError(err) | raise ValueError(err) | raise ValueError(err) | raise ValueError(err) | raise RuntimeError(""Stack should have only one element"") | except SyntaxError...|except Exception as e: | print(f'Error: {type(e).__name__}: {e}')|sympy/parsing/tests/test_mathematica.py::test_mathematica FAILED | ValueError: Error from parse_expr with transformed code: ""-Integer (6 )Symbol ('x' )"" | The above exception was the direct cause of the following exception: | Traceback (most recent call last): | SympifyError: SympifyError: ""could not parse 'x***2'"" ...|E AssertionError: assert Cos*π/2 == Cos(π/2) | sympy/parsing/tests/test_mathematica.py:75: AssertionError | FAILED sympy/parsing/tests/test_mathematica.py::test_mathematica - AssertionE... | ============================== 1 failed in 0.22s ===============================|500 raise ValueError(err) | 504 raise ValueError(err)|409 raise ValueError(err)","error:|ValueError: Error from parse_expr with transformed code: ""Symbol ('Sqrt' )[Integer (2 )]*Symbol ('σ' )""|The above exception was the direct cause of the following exception:|Traceback (most recent call last):|raise e from ValueError(f""Error from parse_expr with transformed code: {code!r}"")|TypeError: 'Symbol' object is not subscriptable",1,1,0,/home/shashwatsuthar/research/openhands-adp-memory/analysis/contextbench_posthoc/20260606_220027/remote/execution_full_qwen36_65k_fix1_minimal/sympy__sympy-27868/memory
sympy__sympy-8772,no_memory,,"111 raise ValueError(""Fibonacci polynomials are defined "" | 401 raise ValueError('n must be nonnegative') | 417 raise ValueError('kind must be 1 or 2, not %s' % k) | 504 raise TypeError | 505 except TypeError:|raise ValueError(""Fibonacci polynomials are defined "" | raise ValueError(""Bernoulli numbers are defined only"" | raise ValueError(""Euler numbers are defined only"" | raise ValueError(""Genocchi numbers are defined only for "" + | raise ValueError | except ValueError: | raise ValueError(""k cannot be negative"") | raise Va...|======================== 17 passed, 3 xfailed in 5.03s =========================|- All 17 existing tests in `test_comb_numbers.py` pass (3 xfailed are expected)",,0,0,0,/home/shashwatsuthar/research/openhands-adp-memory/analysis/contextbench_posthoc/20260606_220027/remote/execution_full_qwen36_65k_fix1_minimal/sympy__sympy-8772/no_memory
sympy__sympy-8772,raw,"111→ raise ValueError(""Fibonacci polynomials are defined ""|Traceback (most recent call last):|AttributeError: 'NoneType' object has no attribute 'loader'|assert result == oo, f""FAILED: Expected oo, got {result}""|assert result == S.Infinity, f""FAILED: Expected S.Infinity, got {result}|assert result == expected, f""FAILED: bell({n_val}) = {result}, expected {expected}""|assert result == expected, f""FAILED: bell(2, x) = {result}, expected {expected}""|- ✓ All existing tests in `test_comb_numbers.py` pass (17 passed, 3 xfailed)","111 raise ValueError(""Fibonacci polynomials are defined ""|raise ValueError(""Fibonacci polynomials are defined "" | raise ValueError(""Bernoulli numbers are defined only"" | raise ValueError(""Euler numbers are defined only"" | raise ValueError(""Genocchi numbers are defined only for "" + | raise ValueError | except ValueError: | raise ValueError(""k cannot be negative"") | raise Va...|raises(ValueError, lambda: euler(-2)) | raises(ValueError, lambda: euler(-3)) | raises(ValueError, lambda: euler(2.3)) | except AssertionError: | print(s, i, 'failed perm test') | raise ValueError() | except AssertionError: | print(s, i, 'failed combo test') | raise ValueError() | except AssertionError: | print(s, i...",,1,1,0,/home/shashwatsuthar/research/openhands-adp-memory/analysis/contextbench_posthoc/20260606_220027/remote/execution_full_qwen36_65k_fix1_minimal/sympy__sympy-8772/raw
sympy__sympy-8772,adp,"111→ raise ValueError(""Fibonacci polynomials are defined ""|Traceback (most recent call last):|AttributeError: 'NoneType' object has no attribute 'loader'|assert result == oo, f""FAILED: Expected oo, got {result}""|assert result == S.Infinity, f""FAILED: Expected S.Infinity, got {result}|assert result == expected, f""FAILED: bell({n_val}) = {result}, expected {expected}""|assert result == expected, f""FAILED: bell(2, x) = {result}, expected {expected}""|- ✓ All existing tests in `test_comb_numbers.py` pass (17 passed, 3 xfailed)","111 raise ValueError(""Fibonacci polynomials are defined ""|raise ValueError(""Fibonacci polynomials are defined "" | raise ValueError(""Bernoulli numbers are defined only"" | raise ValueError(""Euler numbers are defined only"" | raise ValueError(""Genocchi numbers are defined only for "" + | raise ValueError | except ValueError: | raise ValueError(""k cannot be negative"") | raise Va...|raises(ValueError, lambda: euler(-2)) | raises(ValueError, lambda: euler(-3)) | raises(ValueError, lambda: euler(2.3)) | except AssertionError: | print(s, i, 'failed perm test') | raise ValueError() | except AssertionError: | print(s, i, 'failed combo test') | raise ValueError() | except AssertionError: | print(s, i...",,1,1,0,/home/shashwatsuthar/research/openhands-adp-memory/analysis/contextbench_posthoc/20260606_220027/remote/execution_full_qwen36_65k_fix1_minimal/sympy__sympy-8772/adp
sympy__sympy-8772,memory,"- Traceback (most recent call last):|111→ raise ValueError(""Fibonacci polynomials are defined ""|Traceback (most recent call last):|AttributeError: 'NoneType' object has no attribute 'loader'","111 raise ValueError(""Fibonacci polynomials are defined ""|raise ValueError(""Fibonacci polynomials are defined "" | raise ValueError(""Bernoulli numbers are defined only"" | raise ValueError(""Euler numbers are defined only"" | raise ValueError(""Genocchi numbers are defined only for "" + | raise ValueError | except ValueError: | raise ValueError(""k cannot be negative"") | raise Va...",,1,1,0,/home/shashwatsuthar/research/openhands-adp-memory/analysis/contextbench_posthoc/20260606_220027/remote/execution_full_qwen36_65k_fix1_minimal/sympy__sympy-8772/memory
sympy__sympy-9123,no_memory,,"105 except NotImplementedError: | 116 except NotImplementedError:|116 except NotImplementedError:|except NotImplementedError: | except NotImplementedError: | except NotImplementedError: | except NotImplementedError:|=================== 10 passed, 1 xfailed, 1 warning in 1.37s ===================|=================== 11 passed, 1 xfailed, 1 warning in 1.37s ===================|=================== 42 passed, 1 xfailed, 1 warning in 1.93s ===================",,0,0,0,/home/shashwatsuthar/research/openhands-adp-memory/analysis/contextbench_posthoc/20260606_220027/remote/execution_full_qwen36_65k_fix1_minimal/sympy__sympy-9123/no_memory
sympy__sympy-9123,raw,"Traceback (most recent call last):|raise ImportError(""SymPy now depends on mpmath as an external library.|ImportError: SymPy now depends on mpmath as an external library. See http:/docs.sympy.org/latest/install.html#mpmath for more information.|ImportError: No module named mpmath|AttributeError: 'NoneType' object has no attribute 'loader'|python3 ./swebench_9_15/debug_div.py 2>&1|grep -v ""DeprecationWarning""|grep -v ""AttributeError""|grep -v ""matplotlib""|grep -v ""collections""","105 except NotImplementedError: | 116 except NotImplementedError:|except NotImplementedError: | except NotImplementedError: | except NotImplementedError: | except NotImplementedError:|=================== 10 passed, 1 xfailed, 1 warning in 1.37s ===================|Traceback (most recent call last): | AttributeError: 'int' object has no attribute 'apart'|print('All CURRENT_ISSUE tests passed!' if all([result1 == x/2, result2 == x/2, result3 == x/2, result4 == x/a, result5 == 2*x]) else 'Some tests FAILED!')|=================== 29 passed, 3 xfailed, 1 warning in 6.39s ===================",,1,1,0,/home/shashwatsuthar/research/openhands-adp-memory/analysis/contextbench_posthoc/20260606_220027/remote/execution_full_qwen36_65k_fix1_minimal/sympy__sympy-9123/raw
sympy__sympy-9123,adp,"Traceback (most recent call last):|raise ImportError(""SymPy now depends on mpmath as an external library.|ImportError: SymPy now depends on mpmath as an external library. See http:/docs.sympy.org/latest/install.html#mpmath for more information.|ImportError: No module named mpmath|AttributeError: 'NoneType' object has no attribute 'loader'|python3 ./swebench_9_15/debug_div.py 2>&1|grep -v ""DeprecationWarning""|grep -v ""AttributeError""|grep -v ""matplotlib""|grep -v ""collections""","105 except NotImplementedError: | 116 except NotImplementedError:|except NotImplementedError: | except NotImplementedError: | except NotImplementedError: | except NotImplementedError:|=================== 10 passed, 1 xfailed, 1 warning in 1.38s ===================|=================== 11 passed, 1 xfailed, 1 warning in 1.36s ===================|ERROR: usage: __main__.py [options] [file_or_dir] [file_or_dir] [...] | __main__.py: error: unrecognized arguments: --timeout=60|print(f'FAIL: {desc} = {result}, expected {expected}')",,0,0,0,/home/shashwatsuthar/research/openhands-adp-memory/analysis/contextbench_posthoc/20260606_220027/remote/execution_full_qwen36_65k_fix1_minimal/sympy__sympy-9123/adp
sympy__sympy-9123,memory,"- [other/reproduction] python3 ./swebench_9_15/debug_div.py 2>&1|grep -v ""DeprecationWarning""|grep -v ""AttributeError""|grep -v ""matplotlib""|grep -v ""collections""|grep -v ""Traceback""|grep -v ""importlib""|g...|- Traceback (most recent call last):|- ImportError: SymPy now depends on mpmath as an external library. See http:/docs.sympy.org/latest/install.html#mpmath for more information.","105 except NotImplementedError: | 116 except NotImplementedError:|Traceback (most recent call last): | AttributeError: 'list' object has no attribute 'degree'|except NotImplementedError: | except NotImplementedError: | except NotImplementedError: | except NotImplementedError:|112 except NotImplementedError: | 123 except NotImplementedError:|109 except NotImplementedError: | 120 except NotImplementedError: | except NotImplementedError: | except NotImplementedError: | except NotImplementedError: | except NotImplementedError:|=================== 10 passed, 1 xfailed, 1 warning in 1.37s ===================|SyntaxError: invalid syntax|109 except NotImplementedError: | 120 except NotImplementedError:|=================== 10 passed, 1 xfailed, 1 warning in 1.35s ===================",,1,1,0,/home/shashwatsuthar/research/openhands-adp-memory/analysis/contextbench_posthoc/20260606_220027/remote/execution_full_qwen36_65k_fix1_minimal/sympy__sympy-9123/memory
sympy__sympy-9384,no_memory,,"30 raise TypeError(filldedent(''' | 122 raise TypeError(""At least one (expr, cond) pair expected."") | 188 except NotImplementedError",,0,0,0,/home/shashwatsuthar/research/openhands-adp-memory/analysis/contextbench_posthoc/20260606_220027/remote/execution_full_qwen36_65k_fix1_minimal/sympy__sympy-9384/no_memory
sympy__sympy-9384,raw,Traceback (most recent call last):|AttributeError: 'NoneType' object has no attribute 'loader',"Traceback (most recent call last): | AttributeError: 'AssumptionKeys' object has no attribute 'less'|122 raise TypeError(""At least one (expr, cond) pair expected."") | 188 except NotImplementedError|sympy/assumptions/tests/test_refine.py::test_Piecewise FAILED [ 33%] | sympy/assumptions/tests/test_refine.py:71: AssertionError | FAILED sympy/assumptions/tests/test_refine.py::test_Piecewise - assert 3 == P... | =================== 1 failed, 14 passed, 1 warning in 3.32s ====================|sympy/assumptions/tests/test_refine.py::test_Piecewise FAILED [100%]|Traceback (most recent call last): | ModuleNotFoundError: No module named 'sympy.sets.handlers.ordered|Traceback (most recent call last): | AssertionError: Expected 0, got Piecewise((1, l <= 0), (0, True))|Traceback (most recent call last): | AssertionError: Expected 2, got 3|Traceback (most recent call last): | AttributeError: 'bool' object has no attribute 'lhs'",,1,1,0,/home/shashwatsuthar/research/openhands-adp-memory/analysis/contextbench_posthoc/20260606_220027/remote/execution_full_qwen36_65k_fix1_minimal/sympy__sympy-9384/raw
sympy__sympy-9384,adp,Traceback (most recent call last):|AttributeError: 'NoneType' object has no attribute 'loader',"Traceback (most recent call last): | ImportError: cannot import name 'fuzzy_not'|sympy/assumptions/tests/test_refine.py::test_Piecewise FAILED [ 33%] | sympy/assumptions/tests/test_refine.py:71: AssertionError | FAILED sympy/assumptions/tests/test_refine.py::test_Piecewise - assert 3 == P... | =================== 1 failed, 14 passed, 1 warning in 3.21s ====================|Traceback (most recent call last): | ImportError: cannot import name 'ask2'|Traceback (most recent call last): | ImportError: cannot import name 'default_assumptions'|Traceback (most recent call last): | ModuleNotFoundError: No module named 'sympy.assumptions.relation.core|sympy/assumptions/tests/test_refine.py::test_Piecewise FAILED [ 33%]|Traceback (most recent call last): | AttributeError: 'AssumptionKeys' object has no attribute 'equals'",,1,1,0,/home/shashwatsuthar/research/openhands-adp-memory/analysis/contextbench_posthoc/20260606_220027/remote/execution_full_qwen36_65k_fix1_minimal/sympy__sympy-9384/adp
sympy__sympy-9384,memory,- Traceback (most recent call last):,"Traceback (most recent call last): | AttributeError: 'AssumptionKeys' object has no attribute 'false'|30 raise TypeError(filldedent(''' | 122 raise TypeError(""At least one (expr, cond) pair expected."") | 188 except NotImplementedError|Traceback (most recent call last): | KeyError: 'measure'|Traceback (most recent call last): | ImportError: cannot import name 'given'|Traceback (most recent call last): | ImportError: cannot import name 'context'",,1,1,0,/home/shashwatsuthar/research/openhands-adp-memory/analysis/contextbench_posthoc/20260606_220027/remote/execution_full_qwen36_65k_fix1_minimal/sympy__sympy-9384/memory
