instance_id,mechanism_label,supporting_conditions,contrasting_conditions,confidence,rationale,supporting_artifact_paths,capped_excerpts
astropy__astropy-15082,same_file_transfer,raw,adp;memory;no_memory,high,Consistent with prior context exposing the target gold file and the successful run modifying that file.,/home/shashwatsuthar/research/openhands-adp-memory/analysis/contextbench_posthoc/20260606_220027/remote/execution_full_qwen36_65k_fix1_minimal/astropy__astropy-15082/adp|/home/shashwatsuthar/research/openhands-adp-memory/analysis/contextbench_posthoc/20260606_220027/remote/execution_full_qwen36_65k_fix1_minimal/astropy__astropy-15082/no_memory|/home/shashwatsuthar/research/openhands-adp-memory/analysis/contextbench_posthoc/20260606_220027/remote/execution_full_qwen36_65k_fix1_minimal/astropy__astropy-15082/raw|/home/shashwatsuthar/research/openhands-adp-memory/analysis/contextbench_posthoc/20260606_220027/remote/execution_full_qwen36_65k_fix1_minimal/astropy__astropy-15082/memory,"prior_files_inspected: astropy/nddata/utils.py|docs/nddata/examples/cutout2d_tofits.py|astropy/nddata/nddata_withmixins.py|astropy/nddata/mixins/ndarithmetic.py|astropy/nddata/mixins/tests/test_ndarithmetic.py || prior_files_edited: astropy/nddata/mixins/ndarithmetic.py || prior_test_commands: cd testbed && python test_bug.py|python test_bug.py|python3 test_bug.py|3→import pytest|33→@pytest.mark.filterwarnings(""ignore:divide by zero encountered.*"")|34→@pytest.mark.parametrize(|307→ with pytest.raises(ValueError)|309→ with pytest.raises(ValueError)|311→ with pytest.raises(ValueError)|313→ with pytest.raises(ValueError)|1225→ with pytest.raises(KeyError)|1229→@pytest.mark.parametrize(""meth""..."
astropy__astropy-15082,localization_hint,raw,adp;memory;no_memory,medium,Consistent with prior-context localization: the winning run reached a target gold file or directory.,/home/shashwatsuthar/research/openhands-adp-memory/analysis/contextbench_posthoc/20260606_220027/remote/execution_full_qwen36_65k_fix1_minimal/astropy__astropy-15082/adp|/home/shashwatsuthar/research/openhands-adp-memory/analysis/contextbench_posthoc/20260606_220027/remote/execution_full_qwen36_65k_fix1_minimal/astropy__astropy-15082/no_memory|/home/shashwatsuthar/research/openhands-adp-memory/analysis/contextbench_posthoc/20260606_220027/remote/execution_full_qwen36_65k_fix1_minimal/astropy__astropy-15082/raw|/home/shashwatsuthar/research/openhands-adp-memory/analysis/contextbench_posthoc/20260606_220027/remote/execution_full_qwen36_65k_fix1_minimal/astropy__astropy-15082/memory,"prior_files_inspected: astropy/nddata/utils.py|docs/nddata/examples/cutout2d_tofits.py|astropy/nddata/nddata_withmixins.py|astropy/nddata/mixins/ndarithmetic.py|astropy/nddata/mixins/tests/test_ndarithmetic.py || prior_files_edited: astropy/nddata/mixins/ndarithmetic.py || prior_test_commands: cd testbed && python test_bug.py|python test_bug.py|python3 test_bug.py|3→import pytest|33→@pytest.mark.filterwarnings(""ignore:divide by zero encountered.*"")|34→@pytest.mark.parametrize(|307→ with pytest.raises(ValueError)|309→ with pytest.raises(ValueError)|311→ with pytest.raises(ValueError)|313→ with pytest.raises(ValueError)|1225→ with pytest.raises(KeyError)|1229→@pytest.mark.parametrize(""meth""... || first_gold_file_read_step=3"
astropy__astropy-15082,failure_signature_transfer,raw,adp;memory;no_memory,medium,Consistent with the run observing a failure signature that overlaps prior or target issue evidence.,/home/shashwatsuthar/research/openhands-adp-memory/analysis/contextbench_posthoc/20260606_220027/remote/execution_full_qwen36_65k_fix1_minimal/astropy__astropy-15082/adp|/home/shashwatsuthar/research/openhands-adp-memory/analysis/contextbench_posthoc/20260606_220027/remote/execution_full_qwen36_65k_fix1_minimal/astropy__astropy-15082/no_memory|/home/shashwatsuthar/research/openhands-adp-memory/analysis/contextbench_posthoc/20260606_220027/remote/execution_full_qwen36_65k_fix1_minimal/astropy__astropy-15082/raw|/home/shashwatsuthar/research/openhands-adp-memory/analysis/contextbench_posthoc/20260606_220027/remote/execution_full_qwen36_65k_fix1_minimal/astropy__astropy-15082/memory,"prior_files_inspected: astropy/nddata/utils.py|docs/nddata/examples/cutout2d_tofits.py|astropy/nddata/nddata_withmixins.py|astropy/nddata/mixins/ndarithmetic.py|astropy/nddata/mixins/tests/test_ndarithmetic.py || prior_files_edited: astropy/nddata/mixins/ndarithmetic.py || prior_test_commands: cd testbed && python test_bug.py|python test_bug.py|python3 test_bug.py|3→import pytest|33→@pytest.mark.filterwarnings(""ignore:divide by zero encountered.*"")|34→@pytest.mark.parametrize(|307→ with pytest.raises(ValueError)|309→ with pytest.raises(ValueError)|311→ with pytest.raises(ValueError)|313→ with pytest.raises(ValueError)|1225→ with pytest.raises(KeyError)|1229→@pytest.mark.parametrize(""meth""... || run_failures=docs/nitpick-exceptions|12 from astropy.utils.exceptions import AstropyUserWarning | 68 was given otherwise it raises a ``ValueError`` if the comparison was | 221 ValueError | 236 ..."
astropy__astropy-15082,patch_shape_transfer,raw,adp;memory;no_memory,medium,Consistent with prior-context patch-shape hints aligning with the successful patch location.,/home/shashwatsuthar/research/openhands-adp-memory/analysis/contextbench_posthoc/20260606_220027/remote/execution_full_qwen36_65k_fix1_minimal/astropy__astropy-15082/adp|/home/shashwatsuthar/research/openhands-adp-memory/analysis/contextbench_posthoc/20260606_220027/remote/execution_full_qwen36_65k_fix1_minimal/astropy__astropy-15082/no_memory|/home/shashwatsuthar/research/openhands-adp-memory/analysis/contextbench_posthoc/20260606_220027/remote/execution_full_qwen36_65k_fix1_minimal/astropy__astropy-15082/raw|/home/shashwatsuthar/research/openhands-adp-memory/analysis/contextbench_posthoc/20260606_220027/remote/execution_full_qwen36_65k_fix1_minimal/astropy__astropy-15082/memory,"prior_files_inspected: astropy/nddata/utils.py|docs/nddata/examples/cutout2d_tofits.py|astropy/nddata/nddata_withmixins.py|astropy/nddata/mixins/ndarithmetic.py|astropy/nddata/mixins/tests/test_ndarithmetic.py || prior_files_edited: astropy/nddata/mixins/ndarithmetic.py || prior_test_commands: cd testbed && python test_bug.py|python test_bug.py|python3 test_bug.py|3→import pytest|33→@pytest.mark.filterwarnings(""ignore:divide by zero encountered.*"")|34→@pytest.mark.parametrize(|307→ with pytest.raises(ValueError)|309→ with pytest.raises(ValueError)|311→ with pytest.raises(ValueError)|313→ with pytest.raises(ValueError)|1225→ with pytest.raises(KeyError)|1229→@pytest.mark.parametrize(""meth""..."
astropy__astropy-15082,procedural_order_transfer,raw,adp;memory;no_memory,low,"Consistent with a prior search/read/edit procedure, but not enough to claim causality.",/home/shashwatsuthar/research/openhands-adp-memory/analysis/contextbench_posthoc/20260606_220027/remote/execution_full_qwen36_65k_fix1_minimal/astropy__astropy-15082/adp|/home/shashwatsuthar/research/openhands-adp-memory/analysis/contextbench_posthoc/20260606_220027/remote/execution_full_qwen36_65k_fix1_minimal/astropy__astropy-15082/no_memory|/home/shashwatsuthar/research/openhands-adp-memory/analysis/contextbench_posthoc/20260606_220027/remote/execution_full_qwen36_65k_fix1_minimal/astropy__astropy-15082/raw|/home/shashwatsuthar/research/openhands-adp-memory/analysis/contextbench_posthoc/20260606_220027/remote/execution_full_qwen36_65k_fix1_minimal/astropy__astropy-15082/memory,"prior_files_inspected: astropy/nddata/utils.py|docs/nddata/examples/cutout2d_tofits.py|astropy/nddata/nddata_withmixins.py|astropy/nddata/mixins/ndarithmetic.py|astropy/nddata/mixins/tests/test_ndarithmetic.py || prior_files_edited: astropy/nddata/mixins/ndarithmetic.py || prior_test_commands: cd testbed && python test_bug.py|python test_bug.py|python3 test_bug.py|3→import pytest|33→@pytest.mark.filterwarnings(""ignore:divide by zero encountered.*"")|34→@pytest.mark.parametrize(|307→ with pytest.raises(ValueError)|309→ with pytest.raises(ValueError)|311→ with pytest.raises(ValueError)|313→ with pytest.raises(ValueError)|1225→ with pytest.raises(KeyError)|1229→@pytest.mark.parametrize(""meth""..."
astropy__astropy-15082,raw_redundancy_helped,raw,adp;memory,medium,Consistent with raw transcript redundancy preserving useful evidence for the only successful prior representation.,/home/shashwatsuthar/research/openhands-adp-memory/analysis/contextbench_posthoc/20260606_220027/remote/execution_full_qwen36_65k_fix1_minimal/astropy__astropy-15082/adp|/home/shashwatsuthar/research/openhands-adp-memory/analysis/contextbench_posthoc/20260606_220027/remote/execution_full_qwen36_65k_fix1_minimal/astropy__astropy-15082/raw|/home/shashwatsuthar/research/openhands-adp-memory/analysis/contextbench_posthoc/20260606_220027/remote/execution_full_qwen36_65k_fix1_minimal/astropy__astropy-15082/memory,"prior_files_inspected: astropy/nddata/utils.py|docs/nddata/examples/cutout2d_tofits.py|astropy/nddata/nddata_withmixins.py|astropy/nddata/mixins/ndarithmetic.py|astropy/nddata/mixins/tests/test_ndarithmetic.py || prior_files_edited: astropy/nddata/mixins/ndarithmetic.py || prior_test_commands: cd testbed && python test_bug.py|python test_bug.py|python3 test_bug.py|3→import pytest|33→@pytest.mark.filterwarnings(""ignore:divide by zero encountered.*"")|34→@pytest.mark.parametrize(|307→ with pytest.raises(ValueError)|309→ with pytest.raises(ValueError)|311→ with pytest.raises(ValueError)|313→ with pytest.raises(ValueError)|1225→ with pytest.raises(KeyError)|1229→@pytest.mark.parametrize(""meth""..."
django__django-1891,same_file_transfer,raw,adp;memory;no_memory,high,Consistent with prior context exposing the target gold file and the successful run modifying that file.,/home/shashwatsuthar/research/openhands-adp-memory/analysis/contextbench_posthoc/20260606_220027/remote/execution_full_qwen36_65k_fix1_minimal/django__django-1891/adp|/home/shashwatsuthar/research/openhands-adp-memory/analysis/contextbench_posthoc/20260606_220027/remote/execution_full_qwen36_65k_fix1_minimal/django__django-1891/no_memory|/home/shashwatsuthar/research/openhands-adp-memory/analysis/contextbench_posthoc/20260606_220027/remote/execution_full_qwen36_65k_fix1_minimal/django__django-1891/raw|/home/shashwatsuthar/research/openhands-adp-memory/analysis/contextbench_posthoc/20260606_220027/remote/execution_full_qwen36_65k_fix1_minimal/django__django-1891/memory,"prior_files_inspected: tests/admin_widgets/tests.py|tests/admin_widgets/models.py|tests/admin_views/tests.py|tests/admin_views/models.py|docs/topics/migrations.txt|docs/releases/2.0.txt|django/contrib/admin/filters.py|docs/releases/1.11.3.txt|django/forms/models.py|tests/model_forms/tests.py|tests/model_forms/models.py|django/db/models/query.py|opt/anaconda3/lib/python3.8/site-packages/tests/__init__.py|tests/runtests.py|tests/test_sqlite.py|tests/urls.py || prior_files_edited: django/forms/models.py|tests/model_forms/models.py|tests/model_forms/tests.py || prior_test_commands: 4→from unittest import mock, skipUnless|cd testbed && python3 tests/runtests.py model_forms.tests.LimitChoicesTo..."
django__django-1891,localization_hint,raw,adp;memory;no_memory,medium,Consistent with prior-context localization: the winning run reached a target gold file or directory.,/home/shashwatsuthar/research/openhands-adp-memory/analysis/contextbench_posthoc/20260606_220027/remote/execution_full_qwen36_65k_fix1_minimal/django__django-1891/adp|/home/shashwatsuthar/research/openhands-adp-memory/analysis/contextbench_posthoc/20260606_220027/remote/execution_full_qwen36_65k_fix1_minimal/django__django-1891/no_memory|/home/shashwatsuthar/research/openhands-adp-memory/analysis/contextbench_posthoc/20260606_220027/remote/execution_full_qwen36_65k_fix1_minimal/django__django-1891/raw|/home/shashwatsuthar/research/openhands-adp-memory/analysis/contextbench_posthoc/20260606_220027/remote/execution_full_qwen36_65k_fix1_minimal/django__django-1891/memory,"prior_files_inspected: tests/admin_widgets/tests.py|tests/admin_widgets/models.py|tests/admin_views/tests.py|tests/admin_views/models.py|docs/topics/migrations.txt|docs/releases/2.0.txt|django/contrib/admin/filters.py|docs/releases/1.11.3.txt|django/forms/models.py|tests/model_forms/tests.py|tests/model_forms/models.py|django/db/models/query.py|opt/anaconda3/lib/python3.8/site-packages/tests/__init__.py|tests/runtests.py|tests/test_sqlite.py|tests/urls.py || prior_files_edited: django/forms/models.py|tests/model_forms/models.py|tests/model_forms/tests.py || prior_test_commands: 4→from unittest import mock, skipUnless|cd testbed && python3 tests/runtests.py model_forms.tests.LimitChoicesTo... || first_gold_file_read_step=2"
django__django-1891,test_command_transfer,raw,adp;memory;no_memory,high,Consistent with reuse of a prior-context test or reproduction command.,/home/shashwatsuthar/research/openhands-adp-memory/analysis/contextbench_posthoc/20260606_220027/remote/execution_full_qwen36_65k_fix1_minimal/django__django-1891/adp|/home/shashwatsuthar/research/openhands-adp-memory/analysis/contextbench_posthoc/20260606_220027/remote/execution_full_qwen36_65k_fix1_minimal/django__django-1891/no_memory|/home/shashwatsuthar/research/openhands-adp-memory/analysis/contextbench_posthoc/20260606_220027/remote/execution_full_qwen36_65k_fix1_minimal/django__django-1891/raw|/home/shashwatsuthar/research/openhands-adp-memory/analysis/contextbench_posthoc/20260606_220027/remote/execution_full_qwen36_65k_fix1_minimal/django__django-1891/memory,"prior_files_inspected: tests/admin_widgets/tests.py|tests/admin_widgets/models.py|tests/admin_views/tests.py|tests/admin_views/models.py|docs/topics/migrations.txt|docs/releases/2.0.txt|django/contrib/admin/filters.py|docs/releases/1.11.3.txt|django/forms/models.py|tests/model_forms/tests.py|tests/model_forms/models.py|django/db/models/query.py|opt/anaconda3/lib/python3.8/site-packages/tests/__init__.py|tests/runtests.py|tests/test_sqlite.py|tests/urls.py || prior_files_edited: django/forms/models.py|tests/model_forms/models.py|tests/model_forms/tests.py || prior_test_commands: 4→from unittest import mock, skipUnless|cd testbed && python3 tests/runtests.py model_forms.tests.LimitChoicesTo... || run_tests=cd /testbed && python tests/runtests.py model_forms.tests.ForeignKeyWithM2MFilterTests --verbosity=2 2>&1|cd /testbed && python tests/runtests.py model_forms.tests.LimitChoicesToTests..."
django__django-1891,failure_signature_transfer,raw,adp;memory;no_memory,medium,Consistent with the run observing a failure signature that overlaps prior or target issue evidence.,/home/shashwatsuthar/research/openhands-adp-memory/analysis/contextbench_posthoc/20260606_220027/remote/execution_full_qwen36_65k_fix1_minimal/django__django-1891/adp|/home/shashwatsuthar/research/openhands-adp-memory/analysis/contextbench_posthoc/20260606_220027/remote/execution_full_qwen36_65k_fix1_minimal/django__django-1891/no_memory|/home/shashwatsuthar/research/openhands-adp-memory/analysis/contextbench_posthoc/20260606_220027/remote/execution_full_qwen36_65k_fix1_minimal/django__django-1891/raw|/home/shashwatsuthar/research/openhands-adp-memory/analysis/contextbench_posthoc/20260606_220027/remote/execution_full_qwen36_65k_fix1_minimal/django__django-1891/memory,"prior_files_inspected: tests/admin_widgets/tests.py|tests/admin_widgets/models.py|tests/admin_views/tests.py|tests/admin_views/models.py|docs/topics/migrations.txt|docs/releases/2.0.txt|django/contrib/admin/filters.py|docs/releases/1.11.3.txt|django/forms/models.py|tests/model_forms/tests.py|tests/model_forms/models.py|django/db/models/query.py|opt/anaconda3/lib/python3.8/site-packages/tests/__init__.py|tests/runtests.py|tests/test_sqlite.py|tests/urls.py || prior_files_edited: django/forms/models.py|tests/model_forms/models.py|tests/model_forms/tests.py || prior_test_commands: 4→from unittest import mock, skipUnless|cd testbed && python3 tests/runtests.py model_forms.tests.LimitChoicesTo... || run_failures=tests/middleware_exceptions/ | /testbed/tests/test_exceptions/|8 from django.core.exceptions import ( | 177 raise TypeError('formfield_callback must be a function or callable') | 2..."
django__django-1891,patch_shape_transfer,raw,adp;memory;no_memory,medium,Consistent with prior-context patch-shape hints aligning with the successful patch location.,/home/shashwatsuthar/research/openhands-adp-memory/analysis/contextbench_posthoc/20260606_220027/remote/execution_full_qwen36_65k_fix1_minimal/django__django-1891/adp|/home/shashwatsuthar/research/openhands-adp-memory/analysis/contextbench_posthoc/20260606_220027/remote/execution_full_qwen36_65k_fix1_minimal/django__django-1891/no_memory|/home/shashwatsuthar/research/openhands-adp-memory/analysis/contextbench_posthoc/20260606_220027/remote/execution_full_qwen36_65k_fix1_minimal/django__django-1891/raw|/home/shashwatsuthar/research/openhands-adp-memory/analysis/contextbench_posthoc/20260606_220027/remote/execution_full_qwen36_65k_fix1_minimal/django__django-1891/memory,"prior_files_inspected: tests/admin_widgets/tests.py|tests/admin_widgets/models.py|tests/admin_views/tests.py|tests/admin_views/models.py|docs/topics/migrations.txt|docs/releases/2.0.txt|django/contrib/admin/filters.py|docs/releases/1.11.3.txt|django/forms/models.py|tests/model_forms/tests.py|tests/model_forms/models.py|django/db/models/query.py|opt/anaconda3/lib/python3.8/site-packages/tests/__init__.py|tests/runtests.py|tests/test_sqlite.py|tests/urls.py || prior_files_edited: django/forms/models.py|tests/model_forms/models.py|tests/model_forms/tests.py || prior_test_commands: 4→from unittest import mock, skipUnless|cd testbed && python3 tests/runtests.py model_forms.tests.LimitChoicesTo..."
django__django-1891,procedural_order_transfer,raw,adp;memory;no_memory,low,"Consistent with a prior search/read/edit procedure, but not enough to claim causality.",/home/shashwatsuthar/research/openhands-adp-memory/analysis/contextbench_posthoc/20260606_220027/remote/execution_full_qwen36_65k_fix1_minimal/django__django-1891/adp|/home/shashwatsuthar/research/openhands-adp-memory/analysis/contextbench_posthoc/20260606_220027/remote/execution_full_qwen36_65k_fix1_minimal/django__django-1891/no_memory|/home/shashwatsuthar/research/openhands-adp-memory/analysis/contextbench_posthoc/20260606_220027/remote/execution_full_qwen36_65k_fix1_minimal/django__django-1891/raw|/home/shashwatsuthar/research/openhands-adp-memory/analysis/contextbench_posthoc/20260606_220027/remote/execution_full_qwen36_65k_fix1_minimal/django__django-1891/memory,"prior_files_inspected: tests/admin_widgets/tests.py|tests/admin_widgets/models.py|tests/admin_views/tests.py|tests/admin_views/models.py|docs/topics/migrations.txt|docs/releases/2.0.txt|django/contrib/admin/filters.py|docs/releases/1.11.3.txt|django/forms/models.py|tests/model_forms/tests.py|tests/model_forms/models.py|django/db/models/query.py|opt/anaconda3/lib/python3.8/site-packages/tests/__init__.py|tests/runtests.py|tests/test_sqlite.py|tests/urls.py || prior_files_edited: django/forms/models.py|tests/model_forms/models.py|tests/model_forms/tests.py || prior_test_commands: 4→from unittest import mock, skipUnless|cd testbed && python3 tests/runtests.py model_forms.tests.LimitChoicesTo..."
django__django-1891,raw_redundancy_helped,raw,adp;memory,low,Consistent with raw transcript redundancy preserving useful evidence for the only successful prior representation.,/home/shashwatsuthar/research/openhands-adp-memory/analysis/contextbench_posthoc/20260606_220027/remote/execution_full_qwen36_65k_fix1_minimal/django__django-1891/adp|/home/shashwatsuthar/research/openhands-adp-memory/analysis/contextbench_posthoc/20260606_220027/remote/execution_full_qwen36_65k_fix1_minimal/django__django-1891/raw|/home/shashwatsuthar/research/openhands-adp-memory/analysis/contextbench_posthoc/20260606_220027/remote/execution_full_qwen36_65k_fix1_minimal/django__django-1891/memory,"prior_files_inspected: tests/admin_widgets/tests.py|tests/admin_widgets/models.py|tests/admin_views/tests.py|tests/admin_views/models.py|docs/topics/migrations.txt|docs/releases/2.0.txt|django/contrib/admin/filters.py|docs/releases/1.11.3.txt|django/forms/models.py|tests/model_forms/tests.py|tests/model_forms/models.py|django/db/models/query.py|opt/anaconda3/lib/python3.8/site-packages/tests/__init__.py|tests/runtests.py|tests/test_sqlite.py|tests/urls.py || prior_files_edited: django/forms/models.py|tests/model_forms/models.py|tests/model_forms/tests.py || prior_test_commands: 4→from unittest import mock, skipUnless|cd testbed && python3 tests/runtests.py model_forms.tests.LimitChoicesTo..."
django__django-20098,same_file_transfer,raw,adp;no_memory,high,Consistent with prior context exposing the target gold file and the successful run modifying that file.,/home/shashwatsuthar/research/openhands-adp-memory/analysis/contextbench_posthoc/20260606_220027/remote/execution_full_qwen36_65k_fix1_minimal/django__django-20098/adp|/home/shashwatsuthar/research/openhands-adp-memory/analysis/contextbench_posthoc/20260606_220027/remote/execution_full_qwen36_65k_fix1_minimal/django__django-20098/no_memory|/home/shashwatsuthar/research/openhands-adp-memory/analysis/contextbench_posthoc/20260606_220027/remote/execution_full_qwen36_65k_fix1_minimal/django__django-20098/raw,prior_files_inspected: django/core/checks/model_checks.py|django/contrib/admin/checks.py|tests/check_framework/test_model_checks.py|tests/runtests.py|django/db/models/base.py|django/db/models/fields/__init__.py|django/utils/module_loading.py || prior_files_edited: django/core/checks/model_checks.py|tests/check_framework/test_model_checks.py || prior_test_commands: python3 ./swebench_9_15/testbed/tests/runtests.py check_framework.test_model_checks.DuplicateDBTableTests -v 2|python3 simple_test.py || error_failure_assertion_lines: SyntaxError: invalid syntax|Traceback (most recent call last):|AttributeError: 'NoneType' object has no attribute 'loader' || grep_search_anchors: E028 || patch_s...
django__django-20098,localization_hint,raw,adp;no_memory,medium,Consistent with prior-context localization: the winning run reached a target gold file or directory.,/home/shashwatsuthar/research/openhands-adp-memory/analysis/contextbench_posthoc/20260606_220027/remote/execution_full_qwen36_65k_fix1_minimal/django__django-20098/adp|/home/shashwatsuthar/research/openhands-adp-memory/analysis/contextbench_posthoc/20260606_220027/remote/execution_full_qwen36_65k_fix1_minimal/django__django-20098/no_memory|/home/shashwatsuthar/research/openhands-adp-memory/analysis/contextbench_posthoc/20260606_220027/remote/execution_full_qwen36_65k_fix1_minimal/django__django-20098/raw,prior_files_inspected: django/core/checks/model_checks.py|django/contrib/admin/checks.py|tests/check_framework/test_model_checks.py|tests/runtests.py|django/db/models/base.py|django/db/models/fields/__init__.py|django/utils/module_loading.py || prior_files_edited: django/core/checks/model_checks.py|tests/check_framework/test_model_checks.py || prior_test_commands: python3 ./swebench_9_15/testbed/tests/runtests.py check_framework.test_model_checks.DuplicateDBTableTests -v 2|python3 simple_test.py || error_failure_assertion_lines: SyntaxError: invalid syntax|Traceback (most recent call last):|AttributeError: 'NoneType' object has no attribute 'loader' || grep_search_anchors: E028 || patch_s... || first_gold_file_read_step=2
django__django-20098,test_command_transfer,raw,adp;no_memory,high,Consistent with reuse of a prior-context test or reproduction command.,/home/shashwatsuthar/research/openhands-adp-memory/analysis/contextbench_posthoc/20260606_220027/remote/execution_full_qwen36_65k_fix1_minimal/django__django-20098/adp|/home/shashwatsuthar/research/openhands-adp-memory/analysis/contextbench_posthoc/20260606_220027/remote/execution_full_qwen36_65k_fix1_minimal/django__django-20098/no_memory|/home/shashwatsuthar/research/openhands-adp-memory/analysis/contextbench_posthoc/20260606_220027/remote/execution_full_qwen36_65k_fix1_minimal/django__django-20098/raw,prior_files_inspected: django/core/checks/model_checks.py|django/contrib/admin/checks.py|tests/check_framework/test_model_checks.py|tests/runtests.py|django/db/models/base.py|django/db/models/fields/__init__.py|django/utils/module_loading.py || prior_files_edited: django/core/checks/model_checks.py|tests/check_framework/test_model_checks.py || prior_test_commands: python3 ./swebench_9_15/testbed/tests/runtests.py check_framework.test_model_checks.DuplicateDBTableTests -v 2|python3 simple_test.py || error_failure_assertion_lines: SyntaxError: invalid syntax|Traceback (most recent call last):|AttributeError: 'NoneType' object has no attribute 'loader' || grep_search_anchors: E028 || patch_s... || run_tests=cd /testbed && python3 tests/runtests.py test_db_table_collision -v 2 2>&1|cd /testbed && python3 tests/runtests.py check_framework.test_db_table_collision -v 2 2>&1|cd /testbed && py...
django__django-20098,failure_signature_transfer,raw,adp;no_memory,medium,Consistent with the run observing a failure signature that overlaps prior or target issue evidence.,/home/shashwatsuthar/research/openhands-adp-memory/analysis/contextbench_posthoc/20260606_220027/remote/execution_full_qwen36_65k_fix1_minimal/django__django-20098/adp|/home/shashwatsuthar/research/openhands-adp-memory/analysis/contextbench_posthoc/20260606_220027/remote/execution_full_qwen36_65k_fix1_minimal/django__django-20098/no_memory|/home/shashwatsuthar/research/openhands-adp-memory/analysis/contextbench_posthoc/20260606_220027/remote/execution_full_qwen36_65k_fix1_minimal/django__django-20098/raw,"prior_files_inspected: django/core/checks/model_checks.py|django/contrib/admin/checks.py|tests/check_framework/test_model_checks.py|tests/runtests.py|django/db/models/base.py|django/db/models/fields/__init__.py|django/utils/module_loading.py || prior_files_edited: django/core/checks/model_checks.py|tests/check_framework/test_model_checks.py || prior_test_commands: python3 ./swebench_9_15/testbed/tests/runtests.py check_framework.test_model_checks.DuplicateDBTableTests -v 2|python3 simple_test.py || error_failure_assertion_lines: SyntaxError: invalid syntax|Traceback (most recent call last):|AttributeError: 'NoneType' object has no attribute 'loader' || grep_search_anchors: E028 || patch_s... || run_failures=tests/middleware_exceptions/ | /testbed/tests/test_exceptions/|77 except LookupError: | 149 )), key=lambda error: error.msg)|1260 except ValueError:|except LookupError: | )), key=l..."
django__django-20098,patch_shape_transfer,raw,adp;no_memory,medium,Consistent with prior-context patch-shape hints aligning with the successful patch location.,/home/shashwatsuthar/research/openhands-adp-memory/analysis/contextbench_posthoc/20260606_220027/remote/execution_full_qwen36_65k_fix1_minimal/django__django-20098/adp|/home/shashwatsuthar/research/openhands-adp-memory/analysis/contextbench_posthoc/20260606_220027/remote/execution_full_qwen36_65k_fix1_minimal/django__django-20098/no_memory|/home/shashwatsuthar/research/openhands-adp-memory/analysis/contextbench_posthoc/20260606_220027/remote/execution_full_qwen36_65k_fix1_minimal/django__django-20098/raw,prior_files_inspected: django/core/checks/model_checks.py|django/contrib/admin/checks.py|tests/check_framework/test_model_checks.py|tests/runtests.py|django/db/models/base.py|django/db/models/fields/__init__.py|django/utils/module_loading.py || prior_files_edited: django/core/checks/model_checks.py|tests/check_framework/test_model_checks.py || prior_test_commands: python3 ./swebench_9_15/testbed/tests/runtests.py check_framework.test_model_checks.DuplicateDBTableTests -v 2|python3 simple_test.py || error_failure_assertion_lines: SyntaxError: invalid syntax|Traceback (most recent call last):|AttributeError: 'NoneType' object has no attribute 'loader' || grep_search_anchors: E028 || patch_s...
django__django-20098,procedural_order_transfer,raw,adp;no_memory,low,"Consistent with a prior search/read/edit procedure, but not enough to claim causality.",/home/shashwatsuthar/research/openhands-adp-memory/analysis/contextbench_posthoc/20260606_220027/remote/execution_full_qwen36_65k_fix1_minimal/django__django-20098/adp|/home/shashwatsuthar/research/openhands-adp-memory/analysis/contextbench_posthoc/20260606_220027/remote/execution_full_qwen36_65k_fix1_minimal/django__django-20098/no_memory|/home/shashwatsuthar/research/openhands-adp-memory/analysis/contextbench_posthoc/20260606_220027/remote/execution_full_qwen36_65k_fix1_minimal/django__django-20098/raw,prior_files_inspected: django/core/checks/model_checks.py|django/contrib/admin/checks.py|tests/check_framework/test_model_checks.py|tests/runtests.py|django/db/models/base.py|django/db/models/fields/__init__.py|django/utils/module_loading.py || prior_files_edited: django/core/checks/model_checks.py|tests/check_framework/test_model_checks.py || prior_test_commands: python3 ./swebench_9_15/testbed/tests/runtests.py check_framework.test_model_checks.DuplicateDBTableTests -v 2|python3 simple_test.py || error_failure_assertion_lines: SyntaxError: invalid syntax|Traceback (most recent call last):|AttributeError: 'NoneType' object has no attribute 'loader' || grep_search_anchors: E028 || patch_s...
django__django-20098,same_file_transfer,memory,adp;no_memory,high,Consistent with prior context exposing the target gold file and the successful run modifying that file.,/home/shashwatsuthar/research/openhands-adp-memory/analysis/contextbench_posthoc/20260606_220027/remote/execution_full_qwen36_65k_fix1_minimal/django__django-20098/adp|/home/shashwatsuthar/research/openhands-adp-memory/analysis/contextbench_posthoc/20260606_220027/remote/execution_full_qwen36_65k_fix1_minimal/django__django-20098/no_memory|/home/shashwatsuthar/research/openhands-adp-memory/analysis/contextbench_posthoc/20260606_220027/remote/execution_full_qwen36_65k_fix1_minimal/django__django-20098/memory,prior_files_inspected: django/core/checks/model_checks.py|tests/check_framework/test_model_checks.py|../test_db_table_collision.py|tests/runtests.py|tests/modeladmin/test_checks.py|django/contrib/admin/checks.py|django/db/models/base.py|django/db/models/fields/__init__.py || prior_files_edited: django/core/checks/model_checks.py|tests/check_framework/test_model_checks.py || prior_test_commands: - [test] python3 ./swebench_9_15/testbed/tests/runtests.py check_framework.test_model_checks.DuplicateDBTableTests -v 2|- [test] python3 simple_test.py || error_failure_assertion_lines: - Traceback (most recent call last):|- RuntimeError: Settings already configured.|SyntaxError: invalid syntax|Tra...
django__django-20098,localization_hint,memory,adp;no_memory,medium,Consistent with prior-context localization: the winning run reached a target gold file or directory.,/home/shashwatsuthar/research/openhands-adp-memory/analysis/contextbench_posthoc/20260606_220027/remote/execution_full_qwen36_65k_fix1_minimal/django__django-20098/adp|/home/shashwatsuthar/research/openhands-adp-memory/analysis/contextbench_posthoc/20260606_220027/remote/execution_full_qwen36_65k_fix1_minimal/django__django-20098/no_memory|/home/shashwatsuthar/research/openhands-adp-memory/analysis/contextbench_posthoc/20260606_220027/remote/execution_full_qwen36_65k_fix1_minimal/django__django-20098/memory,prior_files_inspected: django/core/checks/model_checks.py|tests/check_framework/test_model_checks.py|../test_db_table_collision.py|tests/runtests.py|tests/modeladmin/test_checks.py|django/contrib/admin/checks.py|django/db/models/base.py|django/db/models/fields/__init__.py || prior_files_edited: django/core/checks/model_checks.py|tests/check_framework/test_model_checks.py || prior_test_commands: - [test] python3 ./swebench_9_15/testbed/tests/runtests.py check_framework.test_model_checks.DuplicateDBTableTests -v 2|- [test] python3 simple_test.py || error_failure_assertion_lines: - Traceback (most recent call last):|- RuntimeError: Settings already configured.|SyntaxError: invalid syntax|Tra... || first_gold_file_read_step=3
django__django-20098,test_command_transfer,memory,adp;no_memory,high,Consistent with reuse of a prior-context test or reproduction command.,/home/shashwatsuthar/research/openhands-adp-memory/analysis/contextbench_posthoc/20260606_220027/remote/execution_full_qwen36_65k_fix1_minimal/django__django-20098/adp|/home/shashwatsuthar/research/openhands-adp-memory/analysis/contextbench_posthoc/20260606_220027/remote/execution_full_qwen36_65k_fix1_minimal/django__django-20098/no_memory|/home/shashwatsuthar/research/openhands-adp-memory/analysis/contextbench_posthoc/20260606_220027/remote/execution_full_qwen36_65k_fix1_minimal/django__django-20098/memory,prior_files_inspected: django/core/checks/model_checks.py|tests/check_framework/test_model_checks.py|../test_db_table_collision.py|tests/runtests.py|tests/modeladmin/test_checks.py|django/contrib/admin/checks.py|django/db/models/base.py|django/db/models/fields/__init__.py || prior_files_edited: django/core/checks/model_checks.py|tests/check_framework/test_model_checks.py || prior_test_commands: - [test] python3 ./swebench_9_15/testbed/tests/runtests.py check_framework.test_model_checks.DuplicateDBTableTests -v 2|- [test] python3 simple_test.py || error_failure_assertion_lines: - Traceback (most recent call last):|- RuntimeError: Settings already configured.|SyntaxError: invalid syntax|Tra... || run_tests=cd /testbed && python tests/runtests.py check_framework.tests --verbosity=2 2>&1 | head -50|cd /testbed && python tests/runtests.py check_framework.tests.CheckFrameworkReservedNamesTe...
django__django-20098,failure_signature_transfer,memory,adp;no_memory,medium,Consistent with the run observing a failure signature that overlaps prior or target issue evidence.,/home/shashwatsuthar/research/openhands-adp-memory/analysis/contextbench_posthoc/20260606_220027/remote/execution_full_qwen36_65k_fix1_minimal/django__django-20098/adp|/home/shashwatsuthar/research/openhands-adp-memory/analysis/contextbench_posthoc/20260606_220027/remote/execution_full_qwen36_65k_fix1_minimal/django__django-20098/no_memory|/home/shashwatsuthar/research/openhands-adp-memory/analysis/contextbench_posthoc/20260606_220027/remote/execution_full_qwen36_65k_fix1_minimal/django__django-20098/memory,"prior_files_inspected: django/core/checks/model_checks.py|tests/check_framework/test_model_checks.py|../test_db_table_collision.py|tests/runtests.py|tests/modeladmin/test_checks.py|django/contrib/admin/checks.py|django/db/models/base.py|django/db/models/fields/__init__.py || prior_files_edited: django/core/checks/model_checks.py|tests/check_framework/test_model_checks.py || prior_test_commands: - [test] python3 ./swebench_9_15/testbed/tests/runtests.py check_framework.test_model_checks.DuplicateDBTableTests -v 2|- [test] python3 simple_test.py || error_failure_assertion_lines: - Traceback (most recent call last):|- RuntimeError: Settings already configured.|SyntaxError: invalid syntax|Tra... || run_failures=tests/middleware_exceptions/ | /testbed/tests/test_exceptions/|77 except LookupError: | 149 )), key=lambda error: error.msg)|147: raise TypeError(""%s cannot proxy the swapped model..."
django__django-20098,patch_shape_transfer,memory,adp;no_memory,medium,Consistent with prior-context patch-shape hints aligning with the successful patch location.,/home/shashwatsuthar/research/openhands-adp-memory/analysis/contextbench_posthoc/20260606_220027/remote/execution_full_qwen36_65k_fix1_minimal/django__django-20098/adp|/home/shashwatsuthar/research/openhands-adp-memory/analysis/contextbench_posthoc/20260606_220027/remote/execution_full_qwen36_65k_fix1_minimal/django__django-20098/no_memory|/home/shashwatsuthar/research/openhands-adp-memory/analysis/contextbench_posthoc/20260606_220027/remote/execution_full_qwen36_65k_fix1_minimal/django__django-20098/memory,prior_files_inspected: django/core/checks/model_checks.py|tests/check_framework/test_model_checks.py|../test_db_table_collision.py|tests/runtests.py|tests/modeladmin/test_checks.py|django/contrib/admin/checks.py|django/db/models/base.py|django/db/models/fields/__init__.py || prior_files_edited: django/core/checks/model_checks.py|tests/check_framework/test_model_checks.py || prior_test_commands: - [test] python3 ./swebench_9_15/testbed/tests/runtests.py check_framework.test_model_checks.DuplicateDBTableTests -v 2|- [test] python3 simple_test.py || error_failure_assertion_lines: - Traceback (most recent call last):|- RuntimeError: Settings already configured.|SyntaxError: invalid syntax|Tra...
django__django-20098,procedural_order_transfer,memory,adp;no_memory,low,"Consistent with a prior search/read/edit procedure, but not enough to claim causality.",/home/shashwatsuthar/research/openhands-adp-memory/analysis/contextbench_posthoc/20260606_220027/remote/execution_full_qwen36_65k_fix1_minimal/django__django-20098/adp|/home/shashwatsuthar/research/openhands-adp-memory/analysis/contextbench_posthoc/20260606_220027/remote/execution_full_qwen36_65k_fix1_minimal/django__django-20098/no_memory|/home/shashwatsuthar/research/openhands-adp-memory/analysis/contextbench_posthoc/20260606_220027/remote/execution_full_qwen36_65k_fix1_minimal/django__django-20098/memory,prior_files_inspected: django/core/checks/model_checks.py|tests/check_framework/test_model_checks.py|../test_db_table_collision.py|tests/runtests.py|tests/modeladmin/test_checks.py|django/contrib/admin/checks.py|django/db/models/base.py|django/db/models/fields/__init__.py || prior_files_edited: django/core/checks/model_checks.py|tests/check_framework/test_model_checks.py || prior_test_commands: - [test] python3 ./swebench_9_15/testbed/tests/runtests.py check_framework.test_model_checks.DuplicateDBTableTests -v 2|- [test] python3 simple_test.py || error_failure_assertion_lines: - Traceback (most recent call last):|- RuntimeError: Settings already configured.|SyntaxError: invalid syntax|Tra...
django__django-28211,same_file_transfer,adp,raw;no_memory,high,Consistent with prior context exposing the target gold file and the successful run modifying that file.,/home/shashwatsuthar/research/openhands-adp-memory/analysis/contextbench_posthoc/20260606_220027/remote/execution_full_qwen36_65k_fix1_minimal/django__django-28211/adp|/home/shashwatsuthar/research/openhands-adp-memory/analysis/contextbench_posthoc/20260606_220027/remote/execution_full_qwen36_65k_fix1_minimal/django__django-28211/no_memory|/home/shashwatsuthar/research/openhands-adp-memory/analysis/contextbench_posthoc/20260606_220027/remote/execution_full_qwen36_65k_fix1_minimal/django__django-28211/raw,"prior_files_inspected: test_issue.py|django/db/models/sql/query.py|django/db/models/query_utils.py|django/utils/tree.py|/swebench_9_15/testbed/django/db/models/sql/__pycache__/query.cpython-38.py|tests/queries/test_q.py|tests/runtests.py|test_dict_keys_fix.py || prior_files_edited: django/utils/tree.py || prior_test_commands: python3 -m pytest tests/queries/test_q.py -v|platform darwin -- Python 3.8.8, pytest-8.3.5, pluggy-1.5.0 -- /opt/anaconda3/bin/python3|python3 tests/runtests.py queries.test_q -v2|python3 tests/runtests.py utils_tests.test_tree -v2|python3 tests/runtests.py queries.test_query -v2 2>&1 | tail -30 || error_failure_assertion_lines: ""TypeError: cannot pickle"" when applyi..."
django__django-28211,localization_hint,adp,raw;no_memory,medium,Consistent with prior-context localization: the winning run reached a target gold file or directory.,/home/shashwatsuthar/research/openhands-adp-memory/analysis/contextbench_posthoc/20260606_220027/remote/execution_full_qwen36_65k_fix1_minimal/django__django-28211/adp|/home/shashwatsuthar/research/openhands-adp-memory/analysis/contextbench_posthoc/20260606_220027/remote/execution_full_qwen36_65k_fix1_minimal/django__django-28211/no_memory|/home/shashwatsuthar/research/openhands-adp-memory/analysis/contextbench_posthoc/20260606_220027/remote/execution_full_qwen36_65k_fix1_minimal/django__django-28211/raw,"prior_files_inspected: test_issue.py|django/db/models/sql/query.py|django/db/models/query_utils.py|django/utils/tree.py|/swebench_9_15/testbed/django/db/models/sql/__pycache__/query.cpython-38.py|tests/queries/test_q.py|tests/runtests.py|test_dict_keys_fix.py || prior_files_edited: django/utils/tree.py || prior_test_commands: python3 -m pytest tests/queries/test_q.py -v|platform darwin -- Python 3.8.8, pytest-8.3.5, pluggy-1.5.0 -- /opt/anaconda3/bin/python3|python3 tests/runtests.py queries.test_q -v2|python3 tests/runtests.py utils_tests.test_tree -v2|python3 tests/runtests.py queries.test_query -v2 2>&1 | tail -30 || error_failure_assertion_lines: ""TypeError: cannot pickle"" when applyi... || first_gold_file_read_step=3"
django__django-28211,test_command_transfer,adp,raw;no_memory,high,Consistent with reuse of a prior-context test or reproduction command.,/home/shashwatsuthar/research/openhands-adp-memory/analysis/contextbench_posthoc/20260606_220027/remote/execution_full_qwen36_65k_fix1_minimal/django__django-28211/adp|/home/shashwatsuthar/research/openhands-adp-memory/analysis/contextbench_posthoc/20260606_220027/remote/execution_full_qwen36_65k_fix1_minimal/django__django-28211/no_memory|/home/shashwatsuthar/research/openhands-adp-memory/analysis/contextbench_posthoc/20260606_220027/remote/execution_full_qwen36_65k_fix1_minimal/django__django-28211/raw,"prior_files_inspected: test_issue.py|django/db/models/sql/query.py|django/db/models/query_utils.py|django/utils/tree.py|/swebench_9_15/testbed/django/db/models/sql/__pycache__/query.cpython-38.py|tests/queries/test_q.py|tests/runtests.py|test_dict_keys_fix.py || prior_files_edited: django/utils/tree.py || prior_test_commands: python3 -m pytest tests/queries/test_q.py -v|platform darwin -- Python 3.8.8, pytest-8.3.5, pluggy-1.5.0 -- /opt/anaconda3/bin/python3|python3 tests/runtests.py queries.test_q -v2|python3 tests/runtests.py utils_tests.test_tree -v2|python3 tests/runtests.py queries.test_query -v2 2>&1 | tail -30 || error_failure_assertion_lines: ""TypeError: cannot pickle"" when applyi... || run_tests=cd /testbed && python tests/runtests.py or_lookups --verbosity=2 2>&1 | head -80|cd /testbed && python tests/runtests.py queries.test_q --verbosity=2 2>&1 | head -50|cd /testbed && py..."
django__django-28211,failure_signature_transfer,adp,raw;no_memory,medium,Consistent with the run observing a failure signature that overlaps prior or target issue evidence.,/home/shashwatsuthar/research/openhands-adp-memory/analysis/contextbench_posthoc/20260606_220027/remote/execution_full_qwen36_65k_fix1_minimal/django__django-28211/adp|/home/shashwatsuthar/research/openhands-adp-memory/analysis/contextbench_posthoc/20260606_220027/remote/execution_full_qwen36_65k_fix1_minimal/django__django-28211/no_memory|/home/shashwatsuthar/research/openhands-adp-memory/analysis/contextbench_posthoc/20260606_220027/remote/execution_full_qwen36_65k_fix1_minimal/django__django-28211/raw,"prior_files_inspected: test_issue.py|django/db/models/sql/query.py|django/db/models/query_utils.py|django/utils/tree.py|/swebench_9_15/testbed/django/db/models/sql/__pycache__/query.cpython-38.py|tests/queries/test_q.py|tests/runtests.py|test_dict_keys_fix.py || prior_files_edited: django/utils/tree.py || prior_test_commands: python3 -m pytest tests/queries/test_q.py -v|platform darwin -- Python 3.8.8, pytest-8.3.5, pluggy-1.5.0 -- /opt/anaconda3/bin/python3|python3 tests/runtests.py queries.test_q -v2|python3 tests/runtests.py utils_tests.test_tree -v2|python3 tests/runtests.py queries.test_query -v2 2>&1 | tail -30 || error_failure_assertion_lines: ""TypeError: cannot pickle"" when applyi... || run_failures=tests/middleware_exceptions/ | /testbed/tests/test_exceptions/|21 class InvalidQuery(Exception): | 63 raise TypeError(other)|13 from django.core.exceptions import FieldDoesNotExist..."
django__django-28211,patch_shape_transfer,adp,raw;no_memory,medium,Consistent with prior-context patch-shape hints aligning with the successful patch location.,/home/shashwatsuthar/research/openhands-adp-memory/analysis/contextbench_posthoc/20260606_220027/remote/execution_full_qwen36_65k_fix1_minimal/django__django-28211/adp|/home/shashwatsuthar/research/openhands-adp-memory/analysis/contextbench_posthoc/20260606_220027/remote/execution_full_qwen36_65k_fix1_minimal/django__django-28211/no_memory|/home/shashwatsuthar/research/openhands-adp-memory/analysis/contextbench_posthoc/20260606_220027/remote/execution_full_qwen36_65k_fix1_minimal/django__django-28211/raw,"prior_files_inspected: test_issue.py|django/db/models/sql/query.py|django/db/models/query_utils.py|django/utils/tree.py|/swebench_9_15/testbed/django/db/models/sql/__pycache__/query.cpython-38.py|tests/queries/test_q.py|tests/runtests.py|test_dict_keys_fix.py || prior_files_edited: django/utils/tree.py || prior_test_commands: python3 -m pytest tests/queries/test_q.py -v|platform darwin -- Python 3.8.8, pytest-8.3.5, pluggy-1.5.0 -- /opt/anaconda3/bin/python3|python3 tests/runtests.py queries.test_q -v2|python3 tests/runtests.py utils_tests.test_tree -v2|python3 tests/runtests.py queries.test_query -v2 2>&1 | tail -30 || error_failure_assertion_lines: ""TypeError: cannot pickle"" when applyi..."
django__django-28211,procedural_order_transfer,adp,raw;no_memory,low,"Consistent with a prior search/read/edit procedure, but not enough to claim causality.",/home/shashwatsuthar/research/openhands-adp-memory/analysis/contextbench_posthoc/20260606_220027/remote/execution_full_qwen36_65k_fix1_minimal/django__django-28211/adp|/home/shashwatsuthar/research/openhands-adp-memory/analysis/contextbench_posthoc/20260606_220027/remote/execution_full_qwen36_65k_fix1_minimal/django__django-28211/no_memory|/home/shashwatsuthar/research/openhands-adp-memory/analysis/contextbench_posthoc/20260606_220027/remote/execution_full_qwen36_65k_fix1_minimal/django__django-28211/raw,"prior_files_inspected: test_issue.py|django/db/models/sql/query.py|django/db/models/query_utils.py|django/utils/tree.py|/swebench_9_15/testbed/django/db/models/sql/__pycache__/query.cpython-38.py|tests/queries/test_q.py|tests/runtests.py|test_dict_keys_fix.py || prior_files_edited: django/utils/tree.py || prior_test_commands: python3 -m pytest tests/queries/test_q.py -v|platform darwin -- Python 3.8.8, pytest-8.3.5, pluggy-1.5.0 -- /opt/anaconda3/bin/python3|python3 tests/runtests.py queries.test_q -v2|python3 tests/runtests.py utils_tests.test_tree -v2|python3 tests/runtests.py queries.test_query -v2 2>&1 | tail -30 || error_failure_assertion_lines: ""TypeError: cannot pickle"" when applyi..."
django__django-28211,same_file_transfer,memory,raw;no_memory,high,Consistent with prior context exposing the target gold file and the successful run modifying that file.,/home/shashwatsuthar/research/openhands-adp-memory/analysis/contextbench_posthoc/20260606_220027/remote/execution_full_qwen36_65k_fix1_minimal/django__django-28211/no_memory|/home/shashwatsuthar/research/openhands-adp-memory/analysis/contextbench_posthoc/20260606_220027/remote/execution_full_qwen36_65k_fix1_minimal/django__django-28211/raw|/home/shashwatsuthar/research/openhands-adp-memory/analysis/contextbench_posthoc/20260606_220027/remote/execution_full_qwen36_65k_fix1_minimal/django__django-28211/memory,"prior_files_inspected: django/db/models/query_utils.py|django/utils/tree.py|tests/queries/test_q.py|test_issue.py|django/db/models/sql/query.py|/swebench_9_15/testbed/django/db/models/__pycache__/query.cpython-38.py|/swebench_9_15/testbed/django/db/models/sql/__pycache__/query.cpython-38.py || prior_files_edited: django/utils/tree.py || prior_test_commands: - [test] python3 -m pytest tests/queries/test_q.py -v|- [test] python3 tests/runtests.py queries.test_q -v2|platform darwin -- Python 3.8.8, pytest-8.3.5, pluggy-1.5.0 -- /opt/anaconda3/bin/python3 || error_failure_assertion_lines: ""TypeError: cannot pickle"" when applying | operator to a Q object|Using a reference to a non-pickleable t..."
django__django-28211,localization_hint,memory,raw;no_memory,medium,Consistent with prior-context localization: the winning run reached a target gold file or directory.,/home/shashwatsuthar/research/openhands-adp-memory/analysis/contextbench_posthoc/20260606_220027/remote/execution_full_qwen36_65k_fix1_minimal/django__django-28211/no_memory|/home/shashwatsuthar/research/openhands-adp-memory/analysis/contextbench_posthoc/20260606_220027/remote/execution_full_qwen36_65k_fix1_minimal/django__django-28211/raw|/home/shashwatsuthar/research/openhands-adp-memory/analysis/contextbench_posthoc/20260606_220027/remote/execution_full_qwen36_65k_fix1_minimal/django__django-28211/memory,"prior_files_inspected: django/db/models/query_utils.py|django/utils/tree.py|tests/queries/test_q.py|test_issue.py|django/db/models/sql/query.py|/swebench_9_15/testbed/django/db/models/__pycache__/query.cpython-38.py|/swebench_9_15/testbed/django/db/models/sql/__pycache__/query.cpython-38.py || prior_files_edited: django/utils/tree.py || prior_test_commands: - [test] python3 -m pytest tests/queries/test_q.py -v|- [test] python3 tests/runtests.py queries.test_q -v2|platform darwin -- Python 3.8.8, pytest-8.3.5, pluggy-1.5.0 -- /opt/anaconda3/bin/python3 || error_failure_assertion_lines: ""TypeError: cannot pickle"" when applying | operator to a Q object|Using a reference to a non-pickleable t... || first_gold_file_read_step=3"
django__django-28211,test_command_transfer,memory,raw;no_memory,high,Consistent with reuse of a prior-context test or reproduction command.,/home/shashwatsuthar/research/openhands-adp-memory/analysis/contextbench_posthoc/20260606_220027/remote/execution_full_qwen36_65k_fix1_minimal/django__django-28211/no_memory|/home/shashwatsuthar/research/openhands-adp-memory/analysis/contextbench_posthoc/20260606_220027/remote/execution_full_qwen36_65k_fix1_minimal/django__django-28211/raw|/home/shashwatsuthar/research/openhands-adp-memory/analysis/contextbench_posthoc/20260606_220027/remote/execution_full_qwen36_65k_fix1_minimal/django__django-28211/memory,"prior_files_inspected: django/db/models/query_utils.py|django/utils/tree.py|tests/queries/test_q.py|test_issue.py|django/db/models/sql/query.py|/swebench_9_15/testbed/django/db/models/__pycache__/query.cpython-38.py|/swebench_9_15/testbed/django/db/models/sql/__pycache__/query.cpython-38.py || prior_files_edited: django/utils/tree.py || prior_test_commands: - [test] python3 -m pytest tests/queries/test_q.py -v|- [test] python3 tests/runtests.py queries.test_q -v2|platform darwin -- Python 3.8.8, pytest-8.3.5, pluggy-1.5.0 -- /opt/anaconda3/bin/python3 || error_failure_assertion_lines: ""TypeError: cannot pickle"" when applying | operator to a Q object|Using a reference to a non-pickleable t... || run_tests=cd /testbed && python ./tests/runtests.py queries.test_q --verbosity=2 2>&1|cd /testbed && python ./tests/runtests.py or_lookups --verbosity=2 2>&1|cd /testbed && python ./tests/runte..."
django__django-28211,failure_signature_transfer,memory,raw;no_memory,medium,Consistent with the run observing a failure signature that overlaps prior or target issue evidence.,/home/shashwatsuthar/research/openhands-adp-memory/analysis/contextbench_posthoc/20260606_220027/remote/execution_full_qwen36_65k_fix1_minimal/django__django-28211/no_memory|/home/shashwatsuthar/research/openhands-adp-memory/analysis/contextbench_posthoc/20260606_220027/remote/execution_full_qwen36_65k_fix1_minimal/django__django-28211/raw|/home/shashwatsuthar/research/openhands-adp-memory/analysis/contextbench_posthoc/20260606_220027/remote/execution_full_qwen36_65k_fix1_minimal/django__django-28211/memory,"prior_files_inspected: django/db/models/query_utils.py|django/utils/tree.py|tests/queries/test_q.py|test_issue.py|django/db/models/sql/query.py|/swebench_9_15/testbed/django/db/models/__pycache__/query.cpython-38.py|/swebench_9_15/testbed/django/db/models/sql/__pycache__/query.cpython-38.py || prior_files_edited: django/utils/tree.py || prior_test_commands: - [test] python3 -m pytest tests/queries/test_q.py -v|- [test] python3 tests/runtests.py queries.test_q -v2|platform darwin -- Python 3.8.8, pytest-8.3.5, pluggy-1.5.0 -- /opt/anaconda3/bin/python3 || error_failure_assertion_lines: ""TypeError: cannot pickle"" when applying | operator to a Q object|Using a reference to a non-pickleable t... || run_failures=tests/middleware_exceptions/ | /testbed/tests/test_exceptions/|21 class InvalidQuery(Exception): | 63 raise TypeError(other)|13 from django.core.exceptions import FieldDoesNotExist..."
django__django-28211,patch_shape_transfer,memory,raw;no_memory,medium,Consistent with prior-context patch-shape hints aligning with the successful patch location.,/home/shashwatsuthar/research/openhands-adp-memory/analysis/contextbench_posthoc/20260606_220027/remote/execution_full_qwen36_65k_fix1_minimal/django__django-28211/no_memory|/home/shashwatsuthar/research/openhands-adp-memory/analysis/contextbench_posthoc/20260606_220027/remote/execution_full_qwen36_65k_fix1_minimal/django__django-28211/raw|/home/shashwatsuthar/research/openhands-adp-memory/analysis/contextbench_posthoc/20260606_220027/remote/execution_full_qwen36_65k_fix1_minimal/django__django-28211/memory,"prior_files_inspected: django/db/models/query_utils.py|django/utils/tree.py|tests/queries/test_q.py|test_issue.py|django/db/models/sql/query.py|/swebench_9_15/testbed/django/db/models/__pycache__/query.cpython-38.py|/swebench_9_15/testbed/django/db/models/sql/__pycache__/query.cpython-38.py || prior_files_edited: django/utils/tree.py || prior_test_commands: - [test] python3 -m pytest tests/queries/test_q.py -v|- [test] python3 tests/runtests.py queries.test_q -v2|platform darwin -- Python 3.8.8, pytest-8.3.5, pluggy-1.5.0 -- /opt/anaconda3/bin/python3 || error_failure_assertion_lines: ""TypeError: cannot pickle"" when applying | operator to a Q object|Using a reference to a non-pickleable t..."
django__django-28211,procedural_order_transfer,memory,raw;no_memory,low,"Consistent with a prior search/read/edit procedure, but not enough to claim causality.",/home/shashwatsuthar/research/openhands-adp-memory/analysis/contextbench_posthoc/20260606_220027/remote/execution_full_qwen36_65k_fix1_minimal/django__django-28211/no_memory|/home/shashwatsuthar/research/openhands-adp-memory/analysis/contextbench_posthoc/20260606_220027/remote/execution_full_qwen36_65k_fix1_minimal/django__django-28211/raw|/home/shashwatsuthar/research/openhands-adp-memory/analysis/contextbench_posthoc/20260606_220027/remote/execution_full_qwen36_65k_fix1_minimal/django__django-28211/memory,"prior_files_inspected: django/db/models/query_utils.py|django/utils/tree.py|tests/queries/test_q.py|test_issue.py|django/db/models/sql/query.py|/swebench_9_15/testbed/django/db/models/__pycache__/query.cpython-38.py|/swebench_9_15/testbed/django/db/models/sql/__pycache__/query.cpython-38.py || prior_files_edited: django/utils/tree.py || prior_test_commands: - [test] python3 -m pytest tests/queries/test_q.py -v|- [test] python3 tests/runtests.py queries.test_q -v2|platform darwin -- Python 3.8.8, pytest-8.3.5, pluggy-1.5.0 -- /opt/anaconda3/bin/python3 || error_failure_assertion_lines: ""TypeError: cannot pickle"" when applying | operator to a Q object|Using a reference to a non-pickleable t..."
django__django-30254,same_file_transfer,raw,memory;no_memory,high,Consistent with prior context exposing the target gold file and the successful run modifying that file.,/home/shashwatsuthar/research/openhands-adp-memory/analysis/contextbench_posthoc/20260606_220027/remote/execution_full_qwen36_65k_fix1_minimal/django__django-30254/no_memory|/home/shashwatsuthar/research/openhands-adp-memory/analysis/contextbench_posthoc/20260606_220027/remote/execution_full_qwen36_65k_fix1_minimal/django__django-30254/raw|/home/shashwatsuthar/research/openhands-adp-memory/analysis/contextbench_posthoc/20260606_220027/remote/execution_full_qwen36_65k_fix1_minimal/django__django-30254/memory,"prior_files_inspected: django/db/backends/base/creation.py|django/contrib/admin/options.py|django/db/models/fields/__init__.py|tests/runtests.py|tests/model_fields/tests.py || prior_files_edited: django/db/models/fields/__init__.py|test_comprehensive.py || prior_test_commands: cd testbed && python3 tests/runtests.py model_fields.tests --verbosity=2 2>&1 | grep -A5 -B5 ""get_.*_display/|test_.*choice|python3 tests/runtests.py model_fields.tests --verbosity=2 2>&1 | tail -50|python3 tests/runtests.py model_fields.tests 2>&1 | tail -10|python3 tests/runtests.py model_fields.tests.GetFieldDisplayTests 2>&1 | tail -20 || error_failure_assertion_lines: 948- raise ValueError(""get_next/get_previou..."
django__django-30254,localization_hint,raw,memory;no_memory,medium,Consistent with prior-context localization: the winning run reached a target gold file or directory.,/home/shashwatsuthar/research/openhands-adp-memory/analysis/contextbench_posthoc/20260606_220027/remote/execution_full_qwen36_65k_fix1_minimal/django__django-30254/no_memory|/home/shashwatsuthar/research/openhands-adp-memory/analysis/contextbench_posthoc/20260606_220027/remote/execution_full_qwen36_65k_fix1_minimal/django__django-30254/raw|/home/shashwatsuthar/research/openhands-adp-memory/analysis/contextbench_posthoc/20260606_220027/remote/execution_full_qwen36_65k_fix1_minimal/django__django-30254/memory,"prior_files_inspected: django/db/backends/base/creation.py|django/contrib/admin/options.py|django/db/models/fields/__init__.py|tests/runtests.py|tests/model_fields/tests.py || prior_files_edited: django/db/models/fields/__init__.py|test_comprehensive.py || prior_test_commands: cd testbed && python3 tests/runtests.py model_fields.tests --verbosity=2 2>&1 | grep -A5 -B5 ""get_.*_display/|test_.*choice|python3 tests/runtests.py model_fields.tests --verbosity=2 2>&1 | tail -50|python3 tests/runtests.py model_fields.tests 2>&1 | tail -10|python3 tests/runtests.py model_fields.tests.GetFieldDisplayTests 2>&1 | tail -20 || error_failure_assertion_lines: 948- raise ValueError(""get_next/get_previou... || first_gold_file_read_step=2"
django__django-30254,test_command_transfer,raw,memory;no_memory,high,Consistent with reuse of a prior-context test or reproduction command.,/home/shashwatsuthar/research/openhands-adp-memory/analysis/contextbench_posthoc/20260606_220027/remote/execution_full_qwen36_65k_fix1_minimal/django__django-30254/no_memory|/home/shashwatsuthar/research/openhands-adp-memory/analysis/contextbench_posthoc/20260606_220027/remote/execution_full_qwen36_65k_fix1_minimal/django__django-30254/raw|/home/shashwatsuthar/research/openhands-adp-memory/analysis/contextbench_posthoc/20260606_220027/remote/execution_full_qwen36_65k_fix1_minimal/django__django-30254/memory,"prior_files_inspected: django/db/backends/base/creation.py|django/contrib/admin/options.py|django/db/models/fields/__init__.py|tests/runtests.py|tests/model_fields/tests.py || prior_files_edited: django/db/models/fields/__init__.py|test_comprehensive.py || prior_test_commands: cd testbed && python3 tests/runtests.py model_fields.tests --verbosity=2 2>&1 | grep -A5 -B5 ""get_.*_display/|test_.*choice|python3 tests/runtests.py model_fields.tests --verbosity=2 2>&1 | tail -50|python3 tests/runtests.py model_fields.tests 2>&1 | tail -10|python3 tests/runtests.py model_fields.tests.GetFieldDisplayTests 2>&1 | tail -20 || error_failure_assertion_lines: 948- raise ValueError(""get_next/get_previou... || run_tests=cd /testbed && python tests/runtests.py model_inheritance --verbosity=1 2>&1 | tail -20|cd /testbed && python tests/runtests.py model_inheritance --verbosity=1 --parallel=1 2>&1 | tai..."
django__django-30254,failure_signature_transfer,raw,memory;no_memory,medium,Consistent with the run observing a failure signature that overlaps prior or target issue evidence.,/home/shashwatsuthar/research/openhands-adp-memory/analysis/contextbench_posthoc/20260606_220027/remote/execution_full_qwen36_65k_fix1_minimal/django__django-30254/no_memory|/home/shashwatsuthar/research/openhands-adp-memory/analysis/contextbench_posthoc/20260606_220027/remote/execution_full_qwen36_65k_fix1_minimal/django__django-30254/raw|/home/shashwatsuthar/research/openhands-adp-memory/analysis/contextbench_posthoc/20260606_220027/remote/execution_full_qwen36_65k_fix1_minimal/django__django-30254/memory,"prior_files_inspected: django/db/backends/base/creation.py|django/contrib/admin/options.py|django/db/models/fields/__init__.py|tests/runtests.py|tests/model_fields/tests.py || prior_files_edited: django/db/models/fields/__init__.py|test_comprehensive.py || prior_test_commands: cd testbed && python3 tests/runtests.py model_fields.tests --verbosity=2 2>&1 | grep -A5 -B5 ""get_.*_display/|test_.*choice|python3 tests/runtests.py model_fields.tests --verbosity=2 2>&1 | tail -50|python3 tests/runtests.py model_fields.tests 2>&1 | tail -10|python3 tests/runtests.py model_fields.tests.GetFieldDisplayTests 2>&1 | tail -20 || error_failure_assertion_lines: 948- raise ValueError(""get_next/get_previou... || run_failures=tests/middleware_exceptions/ | /testbed/tests/test_exceptions/|10 from django.core.exceptions import ( | 47 def subclass_exception(name, bases, module, attached_to): | 49 Create ex..."
django__django-30254,patch_shape_transfer,raw,memory;no_memory,medium,Consistent with prior-context patch-shape hints aligning with the successful patch location.,/home/shashwatsuthar/research/openhands-adp-memory/analysis/contextbench_posthoc/20260606_220027/remote/execution_full_qwen36_65k_fix1_minimal/django__django-30254/no_memory|/home/shashwatsuthar/research/openhands-adp-memory/analysis/contextbench_posthoc/20260606_220027/remote/execution_full_qwen36_65k_fix1_minimal/django__django-30254/raw|/home/shashwatsuthar/research/openhands-adp-memory/analysis/contextbench_posthoc/20260606_220027/remote/execution_full_qwen36_65k_fix1_minimal/django__django-30254/memory,"prior_files_inspected: django/db/backends/base/creation.py|django/contrib/admin/options.py|django/db/models/fields/__init__.py|tests/runtests.py|tests/model_fields/tests.py || prior_files_edited: django/db/models/fields/__init__.py|test_comprehensive.py || prior_test_commands: cd testbed && python3 tests/runtests.py model_fields.tests --verbosity=2 2>&1 | grep -A5 -B5 ""get_.*_display/|test_.*choice|python3 tests/runtests.py model_fields.tests --verbosity=2 2>&1 | tail -50|python3 tests/runtests.py model_fields.tests 2>&1 | tail -10|python3 tests/runtests.py model_fields.tests.GetFieldDisplayTests 2>&1 | tail -20 || error_failure_assertion_lines: 948- raise ValueError(""get_next/get_previou..."
django__django-30254,procedural_order_transfer,raw,memory;no_memory,low,"Consistent with a prior search/read/edit procedure, but not enough to claim causality.",/home/shashwatsuthar/research/openhands-adp-memory/analysis/contextbench_posthoc/20260606_220027/remote/execution_full_qwen36_65k_fix1_minimal/django__django-30254/no_memory|/home/shashwatsuthar/research/openhands-adp-memory/analysis/contextbench_posthoc/20260606_220027/remote/execution_full_qwen36_65k_fix1_minimal/django__django-30254/raw|/home/shashwatsuthar/research/openhands-adp-memory/analysis/contextbench_posthoc/20260606_220027/remote/execution_full_qwen36_65k_fix1_minimal/django__django-30254/memory,"prior_files_inspected: django/db/backends/base/creation.py|django/contrib/admin/options.py|django/db/models/fields/__init__.py|tests/runtests.py|tests/model_fields/tests.py || prior_files_edited: django/db/models/fields/__init__.py|test_comprehensive.py || prior_test_commands: cd testbed && python3 tests/runtests.py model_fields.tests --verbosity=2 2>&1 | grep -A5 -B5 ""get_.*_display/|test_.*choice|python3 tests/runtests.py model_fields.tests --verbosity=2 2>&1 | tail -50|python3 tests/runtests.py model_fields.tests 2>&1 | tail -10|python3 tests/runtests.py model_fields.tests.GetFieldDisplayTests 2>&1 | tail -20 || error_failure_assertion_lines: 948- raise ValueError(""get_next/get_previou..."
django__django-30254,same_file_transfer,adp,memory;no_memory,high,Consistent with prior context exposing the target gold file and the successful run modifying that file.,/home/shashwatsuthar/research/openhands-adp-memory/analysis/contextbench_posthoc/20260606_220027/remote/execution_full_qwen36_65k_fix1_minimal/django__django-30254/adp|/home/shashwatsuthar/research/openhands-adp-memory/analysis/contextbench_posthoc/20260606_220027/remote/execution_full_qwen36_65k_fix1_minimal/django__django-30254/no_memory|/home/shashwatsuthar/research/openhands-adp-memory/analysis/contextbench_posthoc/20260606_220027/remote/execution_full_qwen36_65k_fix1_minimal/django__django-30254/memory,"prior_files_inspected: django/contrib/admin/options.py|django/db/models/base.py|django/db/models/fields/__init__.py|tests/runtests.py|tests/model_fields/tests.py || prior_files_edited: django/db/models/fields/__init__.py || prior_test_commands: cd testbed && python3 tests/runtests.py model_fields.tests --verbosity=2 2>&1 | grep -A5 -B5 ""get_.*_display/|test_.*choice|python3 tests/runtests.py model_fields.tests --verbosity=2 2>&1 | tail -50|python3 tests/runtests.py model_fields.tests 2>&1 | tail -10|python3 tests/runtests.py model_fields.tests.GetFieldDisplayTests 2>&1 | tail -20 || error_failure_assertion_lines: 948- raise ValueError(""get_next/get_previous cannot be used on unsaved objec..."
django__django-30254,localization_hint,adp,memory;no_memory,medium,Consistent with prior-context localization: the winning run reached a target gold file or directory.,/home/shashwatsuthar/research/openhands-adp-memory/analysis/contextbench_posthoc/20260606_220027/remote/execution_full_qwen36_65k_fix1_minimal/django__django-30254/adp|/home/shashwatsuthar/research/openhands-adp-memory/analysis/contextbench_posthoc/20260606_220027/remote/execution_full_qwen36_65k_fix1_minimal/django__django-30254/no_memory|/home/shashwatsuthar/research/openhands-adp-memory/analysis/contextbench_posthoc/20260606_220027/remote/execution_full_qwen36_65k_fix1_minimal/django__django-30254/memory,"prior_files_inspected: django/contrib/admin/options.py|django/db/models/base.py|django/db/models/fields/__init__.py|tests/runtests.py|tests/model_fields/tests.py || prior_files_edited: django/db/models/fields/__init__.py || prior_test_commands: cd testbed && python3 tests/runtests.py model_fields.tests --verbosity=2 2>&1 | grep -A5 -B5 ""get_.*_display/|test_.*choice|python3 tests/runtests.py model_fields.tests --verbosity=2 2>&1 | tail -50|python3 tests/runtests.py model_fields.tests 2>&1 | tail -10|python3 tests/runtests.py model_fields.tests.GetFieldDisplayTests 2>&1 | tail -20 || error_failure_assertion_lines: 948- raise ValueError(""get_next/get_previous cannot be used on unsaved objec... || first_gold_file_read_step=2"
django__django-30254,test_command_transfer,adp,memory;no_memory,high,Consistent with reuse of a prior-context test or reproduction command.,/home/shashwatsuthar/research/openhands-adp-memory/analysis/contextbench_posthoc/20260606_220027/remote/execution_full_qwen36_65k_fix1_minimal/django__django-30254/adp|/home/shashwatsuthar/research/openhands-adp-memory/analysis/contextbench_posthoc/20260606_220027/remote/execution_full_qwen36_65k_fix1_minimal/django__django-30254/no_memory|/home/shashwatsuthar/research/openhands-adp-memory/analysis/contextbench_posthoc/20260606_220027/remote/execution_full_qwen36_65k_fix1_minimal/django__django-30254/memory,"prior_files_inspected: django/contrib/admin/options.py|django/db/models/base.py|django/db/models/fields/__init__.py|tests/runtests.py|tests/model_fields/tests.py || prior_files_edited: django/db/models/fields/__init__.py || prior_test_commands: cd testbed && python3 tests/runtests.py model_fields.tests --verbosity=2 2>&1 | grep -A5 -B5 ""get_.*_display/|test_.*choice|python3 tests/runtests.py model_fields.tests --verbosity=2 2>&1 | tail -50|python3 tests/runtests.py model_fields.tests 2>&1 | tail -10|python3 tests/runtests.py model_fields.tests.GetFieldDisplayTests 2>&1 | tail -20 || error_failure_assertion_lines: 948- raise ValueError(""get_next/get_previous cannot be used on unsaved objec... || run_tests=cd /testbed && python3 tests/runtests.py model_regress --verbosity=1 2>&1 | tail -30|cd /testbed && python3 tests/runtests.py model_fields.tests --verbosity=1 2>&1 | tail -20|cd /test..."
django__django-30254,failure_signature_transfer,adp,memory;no_memory,medium,Consistent with the run observing a failure signature that overlaps prior or target issue evidence.,/home/shashwatsuthar/research/openhands-adp-memory/analysis/contextbench_posthoc/20260606_220027/remote/execution_full_qwen36_65k_fix1_minimal/django__django-30254/adp|/home/shashwatsuthar/research/openhands-adp-memory/analysis/contextbench_posthoc/20260606_220027/remote/execution_full_qwen36_65k_fix1_minimal/django__django-30254/no_memory|/home/shashwatsuthar/research/openhands-adp-memory/analysis/contextbench_posthoc/20260606_220027/remote/execution_full_qwen36_65k_fix1_minimal/django__django-30254/memory,"prior_files_inspected: django/contrib/admin/options.py|django/db/models/base.py|django/db/models/fields/__init__.py|tests/runtests.py|tests/model_fields/tests.py || prior_files_edited: django/db/models/fields/__init__.py || prior_test_commands: cd testbed && python3 tests/runtests.py model_fields.tests --verbosity=2 2>&1 | grep -A5 -B5 ""get_.*_display/|test_.*choice|python3 tests/runtests.py model_fields.tests --verbosity=2 2>&1 | tail -50|python3 tests/runtests.py model_fields.tests 2>&1 | tail -10|python3 tests/runtests.py model_fields.tests.GetFieldDisplayTests 2>&1 | tail -20 || error_failure_assertion_lines: 948- raise ValueError(""get_next/get_previous cannot be used on unsaved objec... || run_failures=tests/middleware_exceptions/ | /testbed/tests/test_exceptions/|10 from django.core.exceptions import ( | 47 def subclass_exception(name, bases, module, attached_to): | 49 Create ex..."
django__django-30254,patch_shape_transfer,adp,memory;no_memory,medium,Consistent with prior-context patch-shape hints aligning with the successful patch location.,/home/shashwatsuthar/research/openhands-adp-memory/analysis/contextbench_posthoc/20260606_220027/remote/execution_full_qwen36_65k_fix1_minimal/django__django-30254/adp|/home/shashwatsuthar/research/openhands-adp-memory/analysis/contextbench_posthoc/20260606_220027/remote/execution_full_qwen36_65k_fix1_minimal/django__django-30254/no_memory|/home/shashwatsuthar/research/openhands-adp-memory/analysis/contextbench_posthoc/20260606_220027/remote/execution_full_qwen36_65k_fix1_minimal/django__django-30254/memory,"prior_files_inspected: django/contrib/admin/options.py|django/db/models/base.py|django/db/models/fields/__init__.py|tests/runtests.py|tests/model_fields/tests.py || prior_files_edited: django/db/models/fields/__init__.py || prior_test_commands: cd testbed && python3 tests/runtests.py model_fields.tests --verbosity=2 2>&1 | grep -A5 -B5 ""get_.*_display/|test_.*choice|python3 tests/runtests.py model_fields.tests --verbosity=2 2>&1 | tail -50|python3 tests/runtests.py model_fields.tests 2>&1 | tail -10|python3 tests/runtests.py model_fields.tests.GetFieldDisplayTests 2>&1 | tail -20 || error_failure_assertion_lines: 948- raise ValueError(""get_next/get_previous cannot be used on unsaved objec..."
django__django-30254,procedural_order_transfer,adp,memory;no_memory,low,"Consistent with a prior search/read/edit procedure, but not enough to claim causality.",/home/shashwatsuthar/research/openhands-adp-memory/analysis/contextbench_posthoc/20260606_220027/remote/execution_full_qwen36_65k_fix1_minimal/django__django-30254/adp|/home/shashwatsuthar/research/openhands-adp-memory/analysis/contextbench_posthoc/20260606_220027/remote/execution_full_qwen36_65k_fix1_minimal/django__django-30254/no_memory|/home/shashwatsuthar/research/openhands-adp-memory/analysis/contextbench_posthoc/20260606_220027/remote/execution_full_qwen36_65k_fix1_minimal/django__django-30254/memory,"prior_files_inspected: django/contrib/admin/options.py|django/db/models/base.py|django/db/models/fields/__init__.py|tests/runtests.py|tests/model_fields/tests.py || prior_files_edited: django/db/models/fields/__init__.py || prior_test_commands: cd testbed && python3 tests/runtests.py model_fields.tests --verbosity=2 2>&1 | grep -A5 -B5 ""get_.*_display/|test_.*choice|python3 tests/runtests.py model_fields.tests --verbosity=2 2>&1 | tail -50|python3 tests/runtests.py model_fields.tests 2>&1 | tail -10|python3 tests/runtests.py model_fields.tests.GetFieldDisplayTests 2>&1 | tail -20 || error_failure_assertion_lines: 948- raise ValueError(""get_next/get_previous cannot be used on unsaved objec..."
django__django-30931,same_file_transfer,raw,adp;memory;no_memory,high,Consistent with prior context exposing the target gold file and the successful run modifying that file.,/home/shashwatsuthar/research/openhands-adp-memory/analysis/contextbench_posthoc/20260606_220027/remote/execution_full_qwen36_65k_fix1_minimal/django__django-30931/adp|/home/shashwatsuthar/research/openhands-adp-memory/analysis/contextbench_posthoc/20260606_220027/remote/execution_full_qwen36_65k_fix1_minimal/django__django-30931/no_memory|/home/shashwatsuthar/research/openhands-adp-memory/analysis/contextbench_posthoc/20260606_220027/remote/execution_full_qwen36_65k_fix1_minimal/django__django-30931/raw|/home/shashwatsuthar/research/openhands-adp-memory/analysis/contextbench_posthoc/20260606_220027/remote/execution_full_qwen36_65k_fix1_minimal/django__django-30931/memory,"prior_files_inspected: django/contrib/admin/templatetags/admin_list.py|django/db/models/fields/__init__.py|django/db/models/base.py|test_issue.py|django/apps/registry.py|django/conf/__init__.py|tests/runtests.py|tests/model_fields/tests.py || prior_files_edited: django/db/models/fields/__init__.py || prior_test_commands: python3 -m pytest tests/model_fields/tests.py -v -k ""display"" 2>&1 | head -50|platform darwin -- Python 3.8.8, pytest-8.3.5, pluggy-1.5.0 -- /opt/anaconda3/bin/python3|python3 tests/runtests.py model_fields.tests.GetFieldDisplayTests -v 2 2>&1 | head -100|python3 tests/runtests.py model_fields.tests.GetFieldDisplayTests.test_overriding_FIELD_display -v 2 2>&1 | tail -20|p..."
django__django-30931,localization_hint,raw,adp;memory;no_memory,medium,Consistent with prior-context localization: the winning run reached a target gold file or directory.,/home/shashwatsuthar/research/openhands-adp-memory/analysis/contextbench_posthoc/20260606_220027/remote/execution_full_qwen36_65k_fix1_minimal/django__django-30931/adp|/home/shashwatsuthar/research/openhands-adp-memory/analysis/contextbench_posthoc/20260606_220027/remote/execution_full_qwen36_65k_fix1_minimal/django__django-30931/no_memory|/home/shashwatsuthar/research/openhands-adp-memory/analysis/contextbench_posthoc/20260606_220027/remote/execution_full_qwen36_65k_fix1_minimal/django__django-30931/raw|/home/shashwatsuthar/research/openhands-adp-memory/analysis/contextbench_posthoc/20260606_220027/remote/execution_full_qwen36_65k_fix1_minimal/django__django-30931/memory,"prior_files_inspected: django/contrib/admin/templatetags/admin_list.py|django/db/models/fields/__init__.py|django/db/models/base.py|test_issue.py|django/apps/registry.py|django/conf/__init__.py|tests/runtests.py|tests/model_fields/tests.py || prior_files_edited: django/db/models/fields/__init__.py || prior_test_commands: python3 -m pytest tests/model_fields/tests.py -v -k ""display"" 2>&1 | head -50|platform darwin -- Python 3.8.8, pytest-8.3.5, pluggy-1.5.0 -- /opt/anaconda3/bin/python3|python3 tests/runtests.py model_fields.tests.GetFieldDisplayTests -v 2 2>&1 | head -100|python3 tests/runtests.py model_fields.tests.GetFieldDisplayTests.test_overriding_FIELD_display -v 2 2>&1 | tail -20|p... || first_gold_file_read_step=5"
django__django-30931,test_command_transfer,raw,adp;memory;no_memory,high,Consistent with reuse of a prior-context test or reproduction command.,/home/shashwatsuthar/research/openhands-adp-memory/analysis/contextbench_posthoc/20260606_220027/remote/execution_full_qwen36_65k_fix1_minimal/django__django-30931/adp|/home/shashwatsuthar/research/openhands-adp-memory/analysis/contextbench_posthoc/20260606_220027/remote/execution_full_qwen36_65k_fix1_minimal/django__django-30931/no_memory|/home/shashwatsuthar/research/openhands-adp-memory/analysis/contextbench_posthoc/20260606_220027/remote/execution_full_qwen36_65k_fix1_minimal/django__django-30931/raw|/home/shashwatsuthar/research/openhands-adp-memory/analysis/contextbench_posthoc/20260606_220027/remote/execution_full_qwen36_65k_fix1_minimal/django__django-30931/memory,"prior_files_inspected: django/contrib/admin/templatetags/admin_list.py|django/db/models/fields/__init__.py|django/db/models/base.py|test_issue.py|django/apps/registry.py|django/conf/__init__.py|tests/runtests.py|tests/model_fields/tests.py || prior_files_edited: django/db/models/fields/__init__.py || prior_test_commands: python3 -m pytest tests/model_fields/tests.py -v -k ""display"" 2>&1 | head -50|platform darwin -- Python 3.8.8, pytest-8.3.5, pluggy-1.5.0 -- /opt/anaconda3/bin/python3|python3 tests/runtests.py model_fields.tests.GetFieldDisplayTests -v 2 2>&1 | head -100|python3 tests/runtests.py model_fields.tests.GetFieldDisplayTests.test_overriding_FIELD_display -v 2 2>&1 | tail -20|p... || run_tests=cd /testbed && python tests/runtests.py model_fields.tests.GetFieldDisplayTests -v 2 2>&1 | tail -30|cd /testbed && python tests/runtests.py model_fields -v 2 2>&1 | tail -40"
django__django-30931,failure_signature_transfer,raw,adp;memory;no_memory,medium,Consistent with the run observing a failure signature that overlaps prior or target issue evidence.,/home/shashwatsuthar/research/openhands-adp-memory/analysis/contextbench_posthoc/20260606_220027/remote/execution_full_qwen36_65k_fix1_minimal/django__django-30931/adp|/home/shashwatsuthar/research/openhands-adp-memory/analysis/contextbench_posthoc/20260606_220027/remote/execution_full_qwen36_65k_fix1_minimal/django__django-30931/no_memory|/home/shashwatsuthar/research/openhands-adp-memory/analysis/contextbench_posthoc/20260606_220027/remote/execution_full_qwen36_65k_fix1_minimal/django__django-30931/raw|/home/shashwatsuthar/research/openhands-adp-memory/analysis/contextbench_posthoc/20260606_220027/remote/execution_full_qwen36_65k_fix1_minimal/django__django-30931/memory,"prior_files_inspected: django/contrib/admin/templatetags/admin_list.py|django/db/models/fields/__init__.py|django/db/models/base.py|test_issue.py|django/apps/registry.py|django/conf/__init__.py|tests/runtests.py|tests/model_fields/tests.py || prior_files_edited: django/db/models/fields/__init__.py || prior_test_commands: python3 -m pytest tests/model_fields/tests.py -v -k ""display"" 2>&1 | head -50|platform darwin -- Python 3.8.8, pytest-8.3.5, pluggy-1.5.0 -- /opt/anaconda3/bin/python3|python3 tests/runtests.py model_fields.tests.GetFieldDisplayTests -v 2 2>&1 | head -100|python3 tests/runtests.py model_fields.tests.GetFieldDisplayTests.test_overriding_FIELD_display -v 2 2>&1 | tail -20|p... || run_failures=tests/middleware_exceptions/ | /testbed/tests/test_exceptions/|from django.core import checks, exceptions, validators | except (TypeError, ValueError): | except (TypeError, ValueEr..."
django__django-30931,patch_shape_transfer,raw,adp;memory;no_memory,medium,Consistent with prior-context patch-shape hints aligning with the successful patch location.,/home/shashwatsuthar/research/openhands-adp-memory/analysis/contextbench_posthoc/20260606_220027/remote/execution_full_qwen36_65k_fix1_minimal/django__django-30931/adp|/home/shashwatsuthar/research/openhands-adp-memory/analysis/contextbench_posthoc/20260606_220027/remote/execution_full_qwen36_65k_fix1_minimal/django__django-30931/no_memory|/home/shashwatsuthar/research/openhands-adp-memory/analysis/contextbench_posthoc/20260606_220027/remote/execution_full_qwen36_65k_fix1_minimal/django__django-30931/raw|/home/shashwatsuthar/research/openhands-adp-memory/analysis/contextbench_posthoc/20260606_220027/remote/execution_full_qwen36_65k_fix1_minimal/django__django-30931/memory,"prior_files_inspected: django/contrib/admin/templatetags/admin_list.py|django/db/models/fields/__init__.py|django/db/models/base.py|test_issue.py|django/apps/registry.py|django/conf/__init__.py|tests/runtests.py|tests/model_fields/tests.py || prior_files_edited: django/db/models/fields/__init__.py || prior_test_commands: python3 -m pytest tests/model_fields/tests.py -v -k ""display"" 2>&1 | head -50|platform darwin -- Python 3.8.8, pytest-8.3.5, pluggy-1.5.0 -- /opt/anaconda3/bin/python3|python3 tests/runtests.py model_fields.tests.GetFieldDisplayTests -v 2 2>&1 | head -100|python3 tests/runtests.py model_fields.tests.GetFieldDisplayTests.test_overriding_FIELD_display -v 2 2>&1 | tail -20|p..."
django__django-30931,procedural_order_transfer,raw,adp;memory;no_memory,low,"Consistent with a prior search/read/edit procedure, but not enough to claim causality.",/home/shashwatsuthar/research/openhands-adp-memory/analysis/contextbench_posthoc/20260606_220027/remote/execution_full_qwen36_65k_fix1_minimal/django__django-30931/adp|/home/shashwatsuthar/research/openhands-adp-memory/analysis/contextbench_posthoc/20260606_220027/remote/execution_full_qwen36_65k_fix1_minimal/django__django-30931/no_memory|/home/shashwatsuthar/research/openhands-adp-memory/analysis/contextbench_posthoc/20260606_220027/remote/execution_full_qwen36_65k_fix1_minimal/django__django-30931/raw|/home/shashwatsuthar/research/openhands-adp-memory/analysis/contextbench_posthoc/20260606_220027/remote/execution_full_qwen36_65k_fix1_minimal/django__django-30931/memory,"prior_files_inspected: django/contrib/admin/templatetags/admin_list.py|django/db/models/fields/__init__.py|django/db/models/base.py|test_issue.py|django/apps/registry.py|django/conf/__init__.py|tests/runtests.py|tests/model_fields/tests.py || prior_files_edited: django/db/models/fields/__init__.py || prior_test_commands: python3 -m pytest tests/model_fields/tests.py -v -k ""display"" 2>&1 | head -50|platform darwin -- Python 3.8.8, pytest-8.3.5, pluggy-1.5.0 -- /opt/anaconda3/bin/python3|python3 tests/runtests.py model_fields.tests.GetFieldDisplayTests -v 2 2>&1 | head -100|python3 tests/runtests.py model_fields.tests.GetFieldDisplayTests.test_overriding_FIELD_display -v 2 2>&1 | tail -20|p..."
django__django-30931,raw_redundancy_helped,raw,adp;memory,low,Consistent with raw transcript redundancy preserving useful evidence for the only successful prior representation.,/home/shashwatsuthar/research/openhands-adp-memory/analysis/contextbench_posthoc/20260606_220027/remote/execution_full_qwen36_65k_fix1_minimal/django__django-30931/adp|/home/shashwatsuthar/research/openhands-adp-memory/analysis/contextbench_posthoc/20260606_220027/remote/execution_full_qwen36_65k_fix1_minimal/django__django-30931/raw|/home/shashwatsuthar/research/openhands-adp-memory/analysis/contextbench_posthoc/20260606_220027/remote/execution_full_qwen36_65k_fix1_minimal/django__django-30931/memory,"prior_files_inspected: django/contrib/admin/templatetags/admin_list.py|django/db/models/fields/__init__.py|django/db/models/base.py|test_issue.py|django/apps/registry.py|django/conf/__init__.py|tests/runtests.py|tests/model_fields/tests.py || prior_files_edited: django/db/models/fields/__init__.py || prior_test_commands: python3 -m pytest tests/model_fields/tests.py -v -k ""display"" 2>&1 | head -50|platform darwin -- Python 3.8.8, pytest-8.3.5, pluggy-1.5.0 -- /opt/anaconda3/bin/python3|python3 tests/runtests.py model_fields.tests.GetFieldDisplayTests -v 2 2>&1 | head -100|python3 tests/runtests.py model_fields.tests.GetFieldDisplayTests.test_overriding_FIELD_display -v 2 2>&1 | tail -20|p..."
django__django-31181,same_file_transfer,memory,raw;adp;no_memory,high,Consistent with prior context exposing the target gold file and the successful run modifying that file.,/home/shashwatsuthar/research/openhands-adp-memory/analysis/contextbench_posthoc/20260606_220027/remote/execution_full_qwen36_65k_fix1_minimal/django__django-31181/adp|/home/shashwatsuthar/research/openhands-adp-memory/analysis/contextbench_posthoc/20260606_220027/remote/execution_full_qwen36_65k_fix1_minimal/django__django-31181/no_memory|/home/shashwatsuthar/research/openhands-adp-memory/analysis/contextbench_posthoc/20260606_220027/remote/execution_full_qwen36_65k_fix1_minimal/django__django-31181/raw|/home/shashwatsuthar/research/openhands-adp-memory/analysis/contextbench_posthoc/20260606_220027/remote/execution_full_qwen36_65k_fix1_minimal/django__django-31181/memory,prior_files_inspected: django/contrib/admin/helpers.py|tests/admin_views/customadmin.py|tests/admin_views/admin.py|tests/admin_utils/test_logentry.py|test_issue.py|test_readonly_field_custom_admin.py|django/contrib/admin/models.py|tests/admin_views/tests.py|django/contrib/admin/views/main.py|django/contrib/admin/widgets.py|django/contrib/admin/actions.py|django/contrib/admin/options.py|django/apps/registry.py|django/urls/base.py|django/urls/resolvers.py|docs/ref/contrib/admin/actions.txt|tests/gis_tests/geoadmin/models.py|tests/gis_tests/geoadmin_deprecated/models.py|tests/generic_inline_admin/admin.py|tests/proxy_models/admin.py|tests/admin_default_site/tests.py|tests/admin_views/models....
django__django-31181,localization_hint,memory,raw;adp;no_memory,medium,Consistent with prior-context localization: the winning run reached a target gold file or directory.,/home/shashwatsuthar/research/openhands-adp-memory/analysis/contextbench_posthoc/20260606_220027/remote/execution_full_qwen36_65k_fix1_minimal/django__django-31181/adp|/home/shashwatsuthar/research/openhands-adp-memory/analysis/contextbench_posthoc/20260606_220027/remote/execution_full_qwen36_65k_fix1_minimal/django__django-31181/no_memory|/home/shashwatsuthar/research/openhands-adp-memory/analysis/contextbench_posthoc/20260606_220027/remote/execution_full_qwen36_65k_fix1_minimal/django__django-31181/raw|/home/shashwatsuthar/research/openhands-adp-memory/analysis/contextbench_posthoc/20260606_220027/remote/execution_full_qwen36_65k_fix1_minimal/django__django-31181/memory,prior_files_inspected: django/contrib/admin/helpers.py|tests/admin_views/customadmin.py|tests/admin_views/admin.py|tests/admin_utils/test_logentry.py|test_issue.py|test_readonly_field_custom_admin.py|django/contrib/admin/models.py|tests/admin_views/tests.py|django/contrib/admin/views/main.py|django/contrib/admin/widgets.py|django/contrib/admin/actions.py|django/contrib/admin/options.py|django/apps/registry.py|django/urls/base.py|django/urls/resolvers.py|docs/ref/contrib/admin/actions.txt|tests/gis_tests/geoadmin/models.py|tests/gis_tests/geoadmin_deprecated/models.py|tests/generic_inline_admin/admin.py|tests/proxy_models/admin.py|tests/admin_default_site/tests.py|tests/admin_views/models.... || first_gold_file_read_step=3
django__django-31181,failure_signature_transfer,memory,raw;adp;no_memory,medium,Consistent with the run observing a failure signature that overlaps prior or target issue evidence.,/home/shashwatsuthar/research/openhands-adp-memory/analysis/contextbench_posthoc/20260606_220027/remote/execution_full_qwen36_65k_fix1_minimal/django__django-31181/adp|/home/shashwatsuthar/research/openhands-adp-memory/analysis/contextbench_posthoc/20260606_220027/remote/execution_full_qwen36_65k_fix1_minimal/django__django-31181/no_memory|/home/shashwatsuthar/research/openhands-adp-memory/analysis/contextbench_posthoc/20260606_220027/remote/execution_full_qwen36_65k_fix1_minimal/django__django-31181/raw|/home/shashwatsuthar/research/openhands-adp-memory/analysis/contextbench_posthoc/20260606_220027/remote/execution_full_qwen36_65k_fix1_minimal/django__django-31181/memory,"prior_files_inspected: django/contrib/admin/helpers.py|tests/admin_views/customadmin.py|tests/admin_views/admin.py|tests/admin_utils/test_logentry.py|test_issue.py|test_readonly_field_custom_admin.py|django/contrib/admin/models.py|tests/admin_views/tests.py|django/contrib/admin/views/main.py|django/contrib/admin/widgets.py|django/contrib/admin/actions.py|django/contrib/admin/options.py|django/apps/registry.py|django/urls/base.py|django/urls/resolvers.py|docs/ref/contrib/admin/actions.txt|tests/gis_tests/geoadmin/models.py|tests/gis_tests/geoadmin_deprecated/models.py|tests/generic_inline_admin/admin.py|tests/proxy_models/admin.py|tests/admin_default_site/tests.py|tests/admin_views/models.... || run_failures=tests/middleware_exceptions/ | /testbed/tests/test_exceptions/|8 from django.core.exceptions import ObjectDoesNotExist | 195 except (AttributeError, ValueError, ObjectDoesNotExist)..."
django__django-31181,patch_shape_transfer,memory,raw;adp;no_memory,medium,Consistent with prior-context patch-shape hints aligning with the successful patch location.,/home/shashwatsuthar/research/openhands-adp-memory/analysis/contextbench_posthoc/20260606_220027/remote/execution_full_qwen36_65k_fix1_minimal/django__django-31181/adp|/home/shashwatsuthar/research/openhands-adp-memory/analysis/contextbench_posthoc/20260606_220027/remote/execution_full_qwen36_65k_fix1_minimal/django__django-31181/no_memory|/home/shashwatsuthar/research/openhands-adp-memory/analysis/contextbench_posthoc/20260606_220027/remote/execution_full_qwen36_65k_fix1_minimal/django__django-31181/raw|/home/shashwatsuthar/research/openhands-adp-memory/analysis/contextbench_posthoc/20260606_220027/remote/execution_full_qwen36_65k_fix1_minimal/django__django-31181/memory,prior_files_inspected: django/contrib/admin/helpers.py|tests/admin_views/customadmin.py|tests/admin_views/admin.py|tests/admin_utils/test_logentry.py|test_issue.py|test_readonly_field_custom_admin.py|django/contrib/admin/models.py|tests/admin_views/tests.py|django/contrib/admin/views/main.py|django/contrib/admin/widgets.py|django/contrib/admin/actions.py|django/contrib/admin/options.py|django/apps/registry.py|django/urls/base.py|django/urls/resolvers.py|docs/ref/contrib/admin/actions.txt|tests/gis_tests/geoadmin/models.py|tests/gis_tests/geoadmin_deprecated/models.py|tests/generic_inline_admin/admin.py|tests/proxy_models/admin.py|tests/admin_default_site/tests.py|tests/admin_views/models....
django__django-31181,procedural_order_transfer,memory,raw;adp;no_memory,low,"Consistent with a prior search/read/edit procedure, but not enough to claim causality.",/home/shashwatsuthar/research/openhands-adp-memory/analysis/contextbench_posthoc/20260606_220027/remote/execution_full_qwen36_65k_fix1_minimal/django__django-31181/adp|/home/shashwatsuthar/research/openhands-adp-memory/analysis/contextbench_posthoc/20260606_220027/remote/execution_full_qwen36_65k_fix1_minimal/django__django-31181/no_memory|/home/shashwatsuthar/research/openhands-adp-memory/analysis/contextbench_posthoc/20260606_220027/remote/execution_full_qwen36_65k_fix1_minimal/django__django-31181/raw|/home/shashwatsuthar/research/openhands-adp-memory/analysis/contextbench_posthoc/20260606_220027/remote/execution_full_qwen36_65k_fix1_minimal/django__django-31181/memory,prior_files_inspected: django/contrib/admin/helpers.py|tests/admin_views/customadmin.py|tests/admin_views/admin.py|tests/admin_utils/test_logentry.py|test_issue.py|test_readonly_field_custom_admin.py|django/contrib/admin/models.py|tests/admin_views/tests.py|django/contrib/admin/views/main.py|django/contrib/admin/widgets.py|django/contrib/admin/actions.py|django/contrib/admin/options.py|django/apps/registry.py|django/urls/base.py|django/urls/resolvers.py|docs/ref/contrib/admin/actions.txt|tests/gis_tests/geoadmin/models.py|tests/gis_tests/geoadmin_deprecated/models.py|tests/generic_inline_admin/admin.py|tests/proxy_models/admin.py|tests/admin_default_site/tests.py|tests/admin_views/models....
django__django-31181,memory_compression_helped,memory,raw;adp,medium,Consistent with compressed memory surfacing useful evidence that did not lead to success in raw/ADP.,/home/shashwatsuthar/research/openhands-adp-memory/analysis/contextbench_posthoc/20260606_220027/remote/execution_full_qwen36_65k_fix1_minimal/django__django-31181/adp|/home/shashwatsuthar/research/openhands-adp-memory/analysis/contextbench_posthoc/20260606_220027/remote/execution_full_qwen36_65k_fix1_minimal/django__django-31181/raw|/home/shashwatsuthar/research/openhands-adp-memory/analysis/contextbench_posthoc/20260606_220027/remote/execution_full_qwen36_65k_fix1_minimal/django__django-31181/memory,prior_files_inspected: django/contrib/admin/helpers.py|tests/admin_views/customadmin.py|tests/admin_views/admin.py|tests/admin_utils/test_logentry.py|test_issue.py|test_readonly_field_custom_admin.py|django/contrib/admin/models.py|tests/admin_views/tests.py|django/contrib/admin/views/main.py|django/contrib/admin/widgets.py|django/contrib/admin/actions.py|django/contrib/admin/options.py|django/apps/registry.py|django/urls/base.py|django/urls/resolvers.py|docs/ref/contrib/admin/actions.txt|tests/gis_tests/geoadmin/models.py|tests/gis_tests/geoadmin_deprecated/models.py|tests/generic_inline_admin/admin.py|tests/proxy_models/admin.py|tests/admin_default_site/tests.py|tests/admin_views/models....
django__django-32450,same_file_transfer,raw,no_memory,high,Consistent with prior context exposing the target gold file and the successful run modifying that file.,/home/shashwatsuthar/research/openhands-adp-memory/analysis/contextbench_posthoc/20260606_220027/remote/execution_full_qwen36_65k_fix1_minimal/django__django-32450/no_memory|/home/shashwatsuthar/research/openhands-adp-memory/analysis/contextbench_posthoc/20260606_220027/remote/execution_full_qwen36_65k_fix1_minimal/django__django-32450/raw,"prior_files_inspected: django/db/models/query_utils.py|tests/gis_tests/geoapp/test_expressions.py|tests/queries/test_bulk_update.py|tests/queries/test_db_returning.py|tests/queries/test_q.py|tests/queries/models.py|django/db/models/base.py|django/apps/registry.py|django/conf/__init__.py|tests/runtests.py || prior_files_edited: django/db/models/query_utils.py|tests/queries/test_q.py || prior_test_commands: python3 -m pytest tests/queries/test_q.py::QWithExistsTests -xvs|platform darwin -- Python 3.8.8, pytest-8.3.5, pluggy-1.5.0 -- /opt/anaconda3/bin/python3|python3 tests/runtests.py queries.test_q.QWithExistsTests --verbosity=2|python3 tests/runtests.py queries.test_q --verbosity=2 || err..."
django__django-32450,localization_hint,raw,no_memory,medium,Consistent with prior-context localization: the winning run reached a target gold file or directory.,/home/shashwatsuthar/research/openhands-adp-memory/analysis/contextbench_posthoc/20260606_220027/remote/execution_full_qwen36_65k_fix1_minimal/django__django-32450/no_memory|/home/shashwatsuthar/research/openhands-adp-memory/analysis/contextbench_posthoc/20260606_220027/remote/execution_full_qwen36_65k_fix1_minimal/django__django-32450/raw,"prior_files_inspected: django/db/models/query_utils.py|tests/gis_tests/geoapp/test_expressions.py|tests/queries/test_bulk_update.py|tests/queries/test_db_returning.py|tests/queries/test_q.py|tests/queries/models.py|django/db/models/base.py|django/apps/registry.py|django/conf/__init__.py|tests/runtests.py || prior_files_edited: django/db/models/query_utils.py|tests/queries/test_q.py || prior_test_commands: python3 -m pytest tests/queries/test_q.py::QWithExistsTests -xvs|platform darwin -- Python 3.8.8, pytest-8.3.5, pluggy-1.5.0 -- /opt/anaconda3/bin/python3|python3 tests/runtests.py queries.test_q.QWithExistsTests --verbosity=2|python3 tests/runtests.py queries.test_q --verbosity=2 || err... || first_gold_file_read_step=2"
django__django-32450,test_command_transfer,raw,no_memory,high,Consistent with reuse of a prior-context test or reproduction command.,/home/shashwatsuthar/research/openhands-adp-memory/analysis/contextbench_posthoc/20260606_220027/remote/execution_full_qwen36_65k_fix1_minimal/django__django-32450/no_memory|/home/shashwatsuthar/research/openhands-adp-memory/analysis/contextbench_posthoc/20260606_220027/remote/execution_full_qwen36_65k_fix1_minimal/django__django-32450/raw,"prior_files_inspected: django/db/models/query_utils.py|tests/gis_tests/geoapp/test_expressions.py|tests/queries/test_bulk_update.py|tests/queries/test_db_returning.py|tests/queries/test_q.py|tests/queries/models.py|django/db/models/base.py|django/apps/registry.py|django/conf/__init__.py|tests/runtests.py || prior_files_edited: django/db/models/query_utils.py|tests/queries/test_q.py || prior_test_commands: python3 -m pytest tests/queries/test_q.py::QWithExistsTests -xvs|platform darwin -- Python 3.8.8, pytest-8.3.5, pluggy-1.5.0 -- /opt/anaconda3/bin/python3|python3 tests/runtests.py queries.test_q.QWithExistsTests --verbosity=2|python3 tests/runtests.py queries.test_q --verbosity=2 || err... || run_tests=cd /testbed && python3 tests/runtests.py queries.test_q --verbosity=2 2>&1|cd /testbed && python3 tests/runtests.py queries --verbosity=1 2>&1 | tail -30|cd /testbed && python3 tests/..."
django__django-32450,failure_signature_transfer,raw,no_memory,medium,Consistent with the run observing a failure signature that overlaps prior or target issue evidence.,/home/shashwatsuthar/research/openhands-adp-memory/analysis/contextbench_posthoc/20260606_220027/remote/execution_full_qwen36_65k_fix1_minimal/django__django-32450/no_memory|/home/shashwatsuthar/research/openhands-adp-memory/analysis/contextbench_posthoc/20260606_220027/remote/execution_full_qwen36_65k_fix1_minimal/django__django-32450/raw,"prior_files_inspected: django/db/models/query_utils.py|tests/gis_tests/geoapp/test_expressions.py|tests/queries/test_bulk_update.py|tests/queries/test_db_returning.py|tests/queries/test_q.py|tests/queries/models.py|django/db/models/base.py|django/apps/registry.py|django/conf/__init__.py|tests/runtests.py || prior_files_edited: django/db/models/query_utils.py|tests/queries/test_q.py || prior_test_commands: python3 -m pytest tests/queries/test_q.py::QWithExistsTests -xvs|platform darwin -- Python 3.8.8, pytest-8.3.5, pluggy-1.5.0 -- /opt/anaconda3/bin/python3|python3 tests/runtests.py queries.test_q.QWithExistsTests --verbosity=2|python3 tests/runtests.py queries.test_q --verbosity=2 || err... || run_failures=tests/middleware_exceptions/ | /testbed/tests/test_exceptions/|13 from django.core.exceptions import FieldError | 45 raise TypeError(other) | 289 raise ValueError('relation_name ca..."
django__django-32450,patch_shape_transfer,raw,no_memory,medium,Consistent with prior-context patch-shape hints aligning with the successful patch location.,/home/shashwatsuthar/research/openhands-adp-memory/analysis/contextbench_posthoc/20260606_220027/remote/execution_full_qwen36_65k_fix1_minimal/django__django-32450/no_memory|/home/shashwatsuthar/research/openhands-adp-memory/analysis/contextbench_posthoc/20260606_220027/remote/execution_full_qwen36_65k_fix1_minimal/django__django-32450/raw,"prior_files_inspected: django/db/models/query_utils.py|tests/gis_tests/geoapp/test_expressions.py|tests/queries/test_bulk_update.py|tests/queries/test_db_returning.py|tests/queries/test_q.py|tests/queries/models.py|django/db/models/base.py|django/apps/registry.py|django/conf/__init__.py|tests/runtests.py || prior_files_edited: django/db/models/query_utils.py|tests/queries/test_q.py || prior_test_commands: python3 -m pytest tests/queries/test_q.py::QWithExistsTests -xvs|platform darwin -- Python 3.8.8, pytest-8.3.5, pluggy-1.5.0 -- /opt/anaconda3/bin/python3|python3 tests/runtests.py queries.test_q.QWithExistsTests --verbosity=2|python3 tests/runtests.py queries.test_q --verbosity=2 || err..."
django__django-32450,procedural_order_transfer,raw,no_memory,low,"Consistent with a prior search/read/edit procedure, but not enough to claim causality.",/home/shashwatsuthar/research/openhands-adp-memory/analysis/contextbench_posthoc/20260606_220027/remote/execution_full_qwen36_65k_fix1_minimal/django__django-32450/no_memory|/home/shashwatsuthar/research/openhands-adp-memory/analysis/contextbench_posthoc/20260606_220027/remote/execution_full_qwen36_65k_fix1_minimal/django__django-32450/raw,"prior_files_inspected: django/db/models/query_utils.py|tests/gis_tests/geoapp/test_expressions.py|tests/queries/test_bulk_update.py|tests/queries/test_db_returning.py|tests/queries/test_q.py|tests/queries/models.py|django/db/models/base.py|django/apps/registry.py|django/conf/__init__.py|tests/runtests.py || prior_files_edited: django/db/models/query_utils.py|tests/queries/test_q.py || prior_test_commands: python3 -m pytest tests/queries/test_q.py::QWithExistsTests -xvs|platform darwin -- Python 3.8.8, pytest-8.3.5, pluggy-1.5.0 -- /opt/anaconda3/bin/python3|python3 tests/runtests.py queries.test_q.QWithExistsTests --verbosity=2|python3 tests/runtests.py queries.test_q --verbosity=2 || err..."
django__django-32450,same_file_transfer,adp,no_memory,high,Consistent with prior context exposing the target gold file and the successful run modifying that file.,/home/shashwatsuthar/research/openhands-adp-memory/analysis/contextbench_posthoc/20260606_220027/remote/execution_full_qwen36_65k_fix1_minimal/django__django-32450/adp|/home/shashwatsuthar/research/openhands-adp-memory/analysis/contextbench_posthoc/20260606_220027/remote/execution_full_qwen36_65k_fix1_minimal/django__django-32450/no_memory,"prior_files_inspected: django/db/models/query_utils.py|django/db/models/expressions.py|tests/gis_tests/geoapp/test_expressions.py|tests/queries/test_db_returning.py|tests/queries/test_q.py|tests/queries/models.py|django/db/models/base.py|django/apps/registry.py|django/conf/__init__.py|tests/runtests.py || prior_files_edited: django/db/models/query_utils.py|tests/queries/test_q.py || prior_test_commands: python3 -m pytest tests/queries/test_q.py::QWithExistsTests -xvs|platform darwin -- Python 3.8.8, pytest-8.3.5, pluggy-1.5.0 -- /opt/anaconda3/bin/python3|python3 tests/runtests.py queries.test_q.QWithExistsTests --verbosity=2|python3 tests/runtests.py queries.test_q --verbosity=2 || error..."
django__django-32450,localization_hint,adp,no_memory,medium,Consistent with prior-context localization: the winning run reached a target gold file or directory.,/home/shashwatsuthar/research/openhands-adp-memory/analysis/contextbench_posthoc/20260606_220027/remote/execution_full_qwen36_65k_fix1_minimal/django__django-32450/adp|/home/shashwatsuthar/research/openhands-adp-memory/analysis/contextbench_posthoc/20260606_220027/remote/execution_full_qwen36_65k_fix1_minimal/django__django-32450/no_memory,"prior_files_inspected: django/db/models/query_utils.py|django/db/models/expressions.py|tests/gis_tests/geoapp/test_expressions.py|tests/queries/test_db_returning.py|tests/queries/test_q.py|tests/queries/models.py|django/db/models/base.py|django/apps/registry.py|django/conf/__init__.py|tests/runtests.py || prior_files_edited: django/db/models/query_utils.py|tests/queries/test_q.py || prior_test_commands: python3 -m pytest tests/queries/test_q.py::QWithExistsTests -xvs|platform darwin -- Python 3.8.8, pytest-8.3.5, pluggy-1.5.0 -- /opt/anaconda3/bin/python3|python3 tests/runtests.py queries.test_q.QWithExistsTests --verbosity=2|python3 tests/runtests.py queries.test_q --verbosity=2 || error... || first_gold_file_read_step=3"
django__django-32450,test_command_transfer,adp,no_memory,high,Consistent with reuse of a prior-context test or reproduction command.,/home/shashwatsuthar/research/openhands-adp-memory/analysis/contextbench_posthoc/20260606_220027/remote/execution_full_qwen36_65k_fix1_minimal/django__django-32450/adp|/home/shashwatsuthar/research/openhands-adp-memory/analysis/contextbench_posthoc/20260606_220027/remote/execution_full_qwen36_65k_fix1_minimal/django__django-32450/no_memory,"prior_files_inspected: django/db/models/query_utils.py|django/db/models/expressions.py|tests/gis_tests/geoapp/test_expressions.py|tests/queries/test_db_returning.py|tests/queries/test_q.py|tests/queries/models.py|django/db/models/base.py|django/apps/registry.py|django/conf/__init__.py|tests/runtests.py || prior_files_edited: django/db/models/query_utils.py|tests/queries/test_q.py || prior_test_commands: python3 -m pytest tests/queries/test_q.py::QWithExistsTests -xvs|platform darwin -- Python 3.8.8, pytest-8.3.5, pluggy-1.5.0 -- /opt/anaconda3/bin/python3|python3 tests/runtests.py queries.test_q.QWithExistsTests --verbosity=2|python3 tests/runtests.py queries.test_q --verbosity=2 || error... || run_tests=cd /testbed && python tests/runtests.py queries.test_q --verbosity=2 2>&1|cd /testbed && python tests/runtests.py queries --verbosity=1 2>&1 | tail -30|cd /testbed && python tests/run..."
django__django-32450,failure_signature_transfer,adp,no_memory,medium,Consistent with the run observing a failure signature that overlaps prior or target issue evidence.,/home/shashwatsuthar/research/openhands-adp-memory/analysis/contextbench_posthoc/20260606_220027/remote/execution_full_qwen36_65k_fix1_minimal/django__django-32450/adp|/home/shashwatsuthar/research/openhands-adp-memory/analysis/contextbench_posthoc/20260606_220027/remote/execution_full_qwen36_65k_fix1_minimal/django__django-32450/no_memory,"prior_files_inspected: django/db/models/query_utils.py|django/db/models/expressions.py|tests/gis_tests/geoapp/test_expressions.py|tests/queries/test_db_returning.py|tests/queries/test_q.py|tests/queries/models.py|django/db/models/base.py|django/apps/registry.py|django/conf/__init__.py|tests/runtests.py || prior_files_edited: django/db/models/query_utils.py|tests/queries/test_q.py || prior_test_commands: python3 -m pytest tests/queries/test_q.py::QWithExistsTests -xvs|platform darwin -- Python 3.8.8, pytest-8.3.5, pluggy-1.5.0 -- /opt/anaconda3/bin/python3|python3 tests/runtests.py queries.test_q.QWithExistsTests --verbosity=2|python3 tests/runtests.py queries.test_q --verbosity=2 || error... || run_failures=tests/middleware_exceptions/ | /testbed/tests/test_exceptions/|13 from django.core.exceptions import FieldError | 45 raise TypeError(other) | 289 raise ValueError('relation_name ca..."
django__django-32450,patch_shape_transfer,adp,no_memory,medium,Consistent with prior-context patch-shape hints aligning with the successful patch location.,/home/shashwatsuthar/research/openhands-adp-memory/analysis/contextbench_posthoc/20260606_220027/remote/execution_full_qwen36_65k_fix1_minimal/django__django-32450/adp|/home/shashwatsuthar/research/openhands-adp-memory/analysis/contextbench_posthoc/20260606_220027/remote/execution_full_qwen36_65k_fix1_minimal/django__django-32450/no_memory,"prior_files_inspected: django/db/models/query_utils.py|django/db/models/expressions.py|tests/gis_tests/geoapp/test_expressions.py|tests/queries/test_db_returning.py|tests/queries/test_q.py|tests/queries/models.py|django/db/models/base.py|django/apps/registry.py|django/conf/__init__.py|tests/runtests.py || prior_files_edited: django/db/models/query_utils.py|tests/queries/test_q.py || prior_test_commands: python3 -m pytest tests/queries/test_q.py::QWithExistsTests -xvs|platform darwin -- Python 3.8.8, pytest-8.3.5, pluggy-1.5.0 -- /opt/anaconda3/bin/python3|python3 tests/runtests.py queries.test_q.QWithExistsTests --verbosity=2|python3 tests/runtests.py queries.test_q --verbosity=2 || error..."
django__django-32450,same_file_transfer,memory,no_memory,high,Consistent with prior context exposing the target gold file and the successful run modifying that file.,/home/shashwatsuthar/research/openhands-adp-memory/analysis/contextbench_posthoc/20260606_220027/remote/execution_full_qwen36_65k_fix1_minimal/django__django-32450/no_memory|/home/shashwatsuthar/research/openhands-adp-memory/analysis/contextbench_posthoc/20260606_220027/remote/execution_full_qwen36_65k_fix1_minimal/django__django-32450/memory,"prior_files_inspected: django/db/models/query_utils.py|django/db/models/expressions.py|tests/queries/test_q.py|tests/queries/models.py|tests/queries/test_bulk_update.py|tests/queries/test_db_returning.py || prior_files_edited: django/db/models/query_utils.py|tests/queries/test_q.py || prior_test_commands: - [test] python3 -m pytest tests/queries/test_q.py::QWithExistsTests -xvs|platform darwin -- Python 3.8.8, pytest-8.3.5, pluggy-1.5.0 -- /opt/anaconda3/bin/python3 || error_failure_assertion_lines: Q(...) & Exists(...) raises a TypeError|Exists(...) & Q(...) works, but Q(...) & Exists(...) raise a TypeError|TypeError Traceback (most recent call last)|---> 73 raise TypeError(other)|TypeEr..."
django__django-32450,localization_hint,memory,no_memory,medium,Consistent with prior-context localization: the winning run reached a target gold file or directory.,/home/shashwatsuthar/research/openhands-adp-memory/analysis/contextbench_posthoc/20260606_220027/remote/execution_full_qwen36_65k_fix1_minimal/django__django-32450/no_memory|/home/shashwatsuthar/research/openhands-adp-memory/analysis/contextbench_posthoc/20260606_220027/remote/execution_full_qwen36_65k_fix1_minimal/django__django-32450/memory,"prior_files_inspected: django/db/models/query_utils.py|django/db/models/expressions.py|tests/queries/test_q.py|tests/queries/models.py|tests/queries/test_bulk_update.py|tests/queries/test_db_returning.py || prior_files_edited: django/db/models/query_utils.py|tests/queries/test_q.py || prior_test_commands: - [test] python3 -m pytest tests/queries/test_q.py::QWithExistsTests -xvs|platform darwin -- Python 3.8.8, pytest-8.3.5, pluggy-1.5.0 -- /opt/anaconda3/bin/python3 || error_failure_assertion_lines: Q(...) & Exists(...) raises a TypeError|Exists(...) & Q(...) works, but Q(...) & Exists(...) raise a TypeError|TypeError Traceback (most recent call last)|---> 73 raise TypeError(other)|TypeEr... || first_gold_file_read_step=2"
django__django-32450,test_command_transfer,memory,no_memory,high,Consistent with reuse of a prior-context test or reproduction command.,/home/shashwatsuthar/research/openhands-adp-memory/analysis/contextbench_posthoc/20260606_220027/remote/execution_full_qwen36_65k_fix1_minimal/django__django-32450/no_memory|/home/shashwatsuthar/research/openhands-adp-memory/analysis/contextbench_posthoc/20260606_220027/remote/execution_full_qwen36_65k_fix1_minimal/django__django-32450/memory,"prior_files_inspected: django/db/models/query_utils.py|django/db/models/expressions.py|tests/queries/test_q.py|tests/queries/models.py|tests/queries/test_bulk_update.py|tests/queries/test_db_returning.py || prior_files_edited: django/db/models/query_utils.py|tests/queries/test_q.py || prior_test_commands: - [test] python3 -m pytest tests/queries/test_q.py::QWithExistsTests -xvs|platform darwin -- Python 3.8.8, pytest-8.3.5, pluggy-1.5.0 -- /opt/anaconda3/bin/python3 || error_failure_assertion_lines: Q(...) & Exists(...) raises a TypeError|Exists(...) & Q(...) works, but Q(...) & Exists(...) raise a TypeError|TypeError Traceback (most recent call last)|---> 73 raise TypeError(other)|TypeEr... || run_tests=cd /testbed && python -m django.test.utils.get_runner tests/queries/test_q.py --settings=tests.settings 2>&1 | head -50|cd /testbed && python tests/runtests.py queries.test_q 2>&1|cd ..."
django__django-32450,failure_signature_transfer,memory,no_memory,medium,Consistent with the run observing a failure signature that overlaps prior or target issue evidence.,/home/shashwatsuthar/research/openhands-adp-memory/analysis/contextbench_posthoc/20260606_220027/remote/execution_full_qwen36_65k_fix1_minimal/django__django-32450/no_memory|/home/shashwatsuthar/research/openhands-adp-memory/analysis/contextbench_posthoc/20260606_220027/remote/execution_full_qwen36_65k_fix1_minimal/django__django-32450/memory,"prior_files_inspected: django/db/models/query_utils.py|django/db/models/expressions.py|tests/queries/test_q.py|tests/queries/models.py|tests/queries/test_bulk_update.py|tests/queries/test_db_returning.py || prior_files_edited: django/db/models/query_utils.py|tests/queries/test_q.py || prior_test_commands: - [test] python3 -m pytest tests/queries/test_q.py::QWithExistsTests -xvs|platform darwin -- Python 3.8.8, pytest-8.3.5, pluggy-1.5.0 -- /opt/anaconda3/bin/python3 || error_failure_assertion_lines: Q(...) & Exists(...) raises a TypeError|Exists(...) & Q(...) works, but Q(...) & Exists(...) raise a TypeError|TypeError Traceback (most recent call last)|---> 73 raise TypeError(other)|TypeEr... || run_failures=tests/middleware_exceptions/ | /testbed/tests/test_exceptions/|13 from django.core.exceptions import FieldError | 45 raise TypeError(other) | 289 raise ValueError('relation_name ca..."
django__django-32450,patch_shape_transfer,memory,no_memory,medium,Consistent with prior-context patch-shape hints aligning with the successful patch location.,/home/shashwatsuthar/research/openhands-adp-memory/analysis/contextbench_posthoc/20260606_220027/remote/execution_full_qwen36_65k_fix1_minimal/django__django-32450/no_memory|/home/shashwatsuthar/research/openhands-adp-memory/analysis/contextbench_posthoc/20260606_220027/remote/execution_full_qwen36_65k_fix1_minimal/django__django-32450/memory,"prior_files_inspected: django/db/models/query_utils.py|django/db/models/expressions.py|tests/queries/test_q.py|tests/queries/models.py|tests/queries/test_bulk_update.py|tests/queries/test_db_returning.py || prior_files_edited: django/db/models/query_utils.py|tests/queries/test_q.py || prior_test_commands: - [test] python3 -m pytest tests/queries/test_q.py::QWithExistsTests -xvs|platform darwin -- Python 3.8.8, pytest-8.3.5, pluggy-1.5.0 -- /opt/anaconda3/bin/python3 || error_failure_assertion_lines: Q(...) & Exists(...) raises a TypeError|Exists(...) & Q(...) works, but Q(...) & Exists(...) raise a TypeError|TypeError Traceback (most recent call last)|---> 73 raise TypeError(other)|TypeEr..."
django__django-32450,procedural_order_transfer,memory,no_memory,low,"Consistent with a prior search/read/edit procedure, but not enough to claim causality.",/home/shashwatsuthar/research/openhands-adp-memory/analysis/contextbench_posthoc/20260606_220027/remote/execution_full_qwen36_65k_fix1_minimal/django__django-32450/no_memory|/home/shashwatsuthar/research/openhands-adp-memory/analysis/contextbench_posthoc/20260606_220027/remote/execution_full_qwen36_65k_fix1_minimal/django__django-32450/memory,"prior_files_inspected: django/db/models/query_utils.py|django/db/models/expressions.py|tests/queries/test_q.py|tests/queries/models.py|tests/queries/test_bulk_update.py|tests/queries/test_db_returning.py || prior_files_edited: django/db/models/query_utils.py|tests/queries/test_q.py || prior_test_commands: - [test] python3 -m pytest tests/queries/test_q.py::QWithExistsTests -xvs|platform darwin -- Python 3.8.8, pytest-8.3.5, pluggy-1.5.0 -- /opt/anaconda3/bin/python3 || error_failure_assertion_lines: Q(...) & Exists(...) raises a TypeError|Exists(...) & Q(...) works, but Q(...) & Exists(...) raise a TypeError|TypeError Traceback (most recent call last)|---> 73 raise TypeError(other)|TypeEr..."
django__django-33461,test_command_transfer,raw,memory;no_memory,high,Consistent with reuse of a prior-context test or reproduction command.,/home/shashwatsuthar/research/openhands-adp-memory/analysis/contextbench_posthoc/20260606_220027/remote/execution_full_qwen36_65k_fix1_minimal/django__django-33461/no_memory|/home/shashwatsuthar/research/openhands-adp-memory/analysis/contextbench_posthoc/20260606_220027/remote/execution_full_qwen36_65k_fix1_minimal/django__django-33461/raw|/home/shashwatsuthar/research/openhands-adp-memory/analysis/contextbench_posthoc/20260606_220027/remote/execution_full_qwen36_65k_fix1_minimal/django__django-33461/memory,"prior_files_inspected: django/template/autoreload.py|django/utils/autoreload.py|tests/template_tests/test_autoreloader.py|django/utils/_os.py|tests/runtests.py|django/conf/project_template/project_name/settings.py || prior_files_edited: django/template/autoreload.py || prior_test_commands: 2→from unittest import mock|cd testbed && python -m pytest tests/template_tests/test_autoreloader.py::TemplateReloadTests::test_template_dirs_normalized_to_paths -xvs|/Applications/ADFRsuite-1.0/bin/python: No module named pytest|cd testbed && python tests/runtests.py template_tests.test_autoreloader.TemplateReloadTests.test_template_dirs_normalized_to_paths -v2|File ""tests/runtests.py"", line 20|cd test... || run_tests=python3 tests/runtests.py view_tests.test_debug -v2 2>&1 | head -100|python3 tests/runtests.py view_tests.tests.test_debug --parallel=1 2>&1 | tail -50|python3 tests/runtests.py view_..."
django__django-33461,failure_signature_transfer,raw,memory;no_memory,medium,Consistent with the run observing a failure signature that overlaps prior or target issue evidence.,/home/shashwatsuthar/research/openhands-adp-memory/analysis/contextbench_posthoc/20260606_220027/remote/execution_full_qwen36_65k_fix1_minimal/django__django-33461/no_memory|/home/shashwatsuthar/research/openhands-adp-memory/analysis/contextbench_posthoc/20260606_220027/remote/execution_full_qwen36_65k_fix1_minimal/django__django-33461/raw|/home/shashwatsuthar/research/openhands-adp-memory/analysis/contextbench_posthoc/20260606_220027/remote/execution_full_qwen36_65k_fix1_minimal/django__django-33461/memory,"prior_files_inspected: django/template/autoreload.py|django/utils/autoreload.py|tests/template_tests/test_autoreloader.py|django/utils/_os.py|tests/runtests.py|django/conf/project_template/project_name/settings.py || prior_files_edited: django/template/autoreload.py || prior_test_commands: 2→from unittest import mock|cd testbed && python -m pytest tests/template_tests/test_autoreloader.py::TemplateReloadTests::test_template_dirs_normalized_to_paths -xvs|/Applications/ADFRsuite-1.0/bin/python: No module named pytest|cd testbed && python tests/runtests.py template_tests.test_autoreloader.TemplateReloadTests.test_template_dirs_normalized_to_paths -v2|File ""tests/runtests.py"", line 20|cd test... || run_failures=tests/middleware_exceptions/ | /testbed/tests/test_exceptions/|6 <title>{% if exception_type %}{{ exception_type }}{% else %}Report{% endif %} | 33 ul.traceback { list-style-type:n..."
django__django-33461,patch_shape_transfer,raw,memory;no_memory,medium,Consistent with prior-context patch-shape hints aligning with the successful patch location.,/home/shashwatsuthar/research/openhands-adp-memory/analysis/contextbench_posthoc/20260606_220027/remote/execution_full_qwen36_65k_fix1_minimal/django__django-33461/no_memory|/home/shashwatsuthar/research/openhands-adp-memory/analysis/contextbench_posthoc/20260606_220027/remote/execution_full_qwen36_65k_fix1_minimal/django__django-33461/raw|/home/shashwatsuthar/research/openhands-adp-memory/analysis/contextbench_posthoc/20260606_220027/remote/execution_full_qwen36_65k_fix1_minimal/django__django-33461/memory,"prior_files_inspected: django/template/autoreload.py|django/utils/autoreload.py|tests/template_tests/test_autoreloader.py|django/utils/_os.py|tests/runtests.py|django/conf/project_template/project_name/settings.py || prior_files_edited: django/template/autoreload.py || prior_test_commands: 2→from unittest import mock|cd testbed && python -m pytest tests/template_tests/test_autoreloader.py::TemplateReloadTests::test_template_dirs_normalized_to_paths -xvs|/Applications/ADFRsuite-1.0/bin/python: No module named pytest|cd testbed && python tests/runtests.py template_tests.test_autoreloader.TemplateReloadTests.test_template_dirs_normalized_to_paths -v2|File ""tests/runtests.py"", line 20|cd test..."
django__django-33461,procedural_order_transfer,raw,memory;no_memory,low,"Consistent with a prior search/read/edit procedure, but not enough to claim causality.",/home/shashwatsuthar/research/openhands-adp-memory/analysis/contextbench_posthoc/20260606_220027/remote/execution_full_qwen36_65k_fix1_minimal/django__django-33461/no_memory|/home/shashwatsuthar/research/openhands-adp-memory/analysis/contextbench_posthoc/20260606_220027/remote/execution_full_qwen36_65k_fix1_minimal/django__django-33461/raw|/home/shashwatsuthar/research/openhands-adp-memory/analysis/contextbench_posthoc/20260606_220027/remote/execution_full_qwen36_65k_fix1_minimal/django__django-33461/memory,"prior_files_inspected: django/template/autoreload.py|django/utils/autoreload.py|tests/template_tests/test_autoreloader.py|django/utils/_os.py|tests/runtests.py|django/conf/project_template/project_name/settings.py || prior_files_edited: django/template/autoreload.py || prior_test_commands: 2→from unittest import mock|cd testbed && python -m pytest tests/template_tests/test_autoreloader.py::TemplateReloadTests::test_template_dirs_normalized_to_paths -xvs|/Applications/ADFRsuite-1.0/bin/python: No module named pytest|cd testbed && python tests/runtests.py template_tests.test_autoreloader.TemplateReloadTests.test_template_dirs_normalized_to_paths -v2|File ""tests/runtests.py"", line 20|cd test..."
django__django-33461,test_command_transfer,adp,memory;no_memory,high,Consistent with reuse of a prior-context test or reproduction command.,/home/shashwatsuthar/research/openhands-adp-memory/analysis/contextbench_posthoc/20260606_220027/remote/execution_full_qwen36_65k_fix1_minimal/django__django-33461/adp|/home/shashwatsuthar/research/openhands-adp-memory/analysis/contextbench_posthoc/20260606_220027/remote/execution_full_qwen36_65k_fix1_minimal/django__django-33461/no_memory|/home/shashwatsuthar/research/openhands-adp-memory/analysis/contextbench_posthoc/20260606_220027/remote/execution_full_qwen36_65k_fix1_minimal/django__django-33461/memory,"prior_files_inspected: django/template/autoreload.py|tests/template_tests/test_autoreloader.py|django/utils/_os.py|tests/runtests.py|django/utils/autoreload.py|django/conf/project_template/project_name/settings.py || prior_files_edited: django/template/autoreload.py || prior_test_commands: 2→from unittest import mock|cd testbed && python -m pytest tests/template_tests/test_autoreloader.py::TemplateReloadTests::test_template_dirs_normalized_to_paths -xvs|/Applications/ADFRsuite-1.0/bin/python: No module named pytest|cd testbed && python tests/runtests.py template_tests.test_autoreloader.TemplateReloadTests.test_template_dirs_normalized_to_paths -v2|File ""tests/runtests.py"", line 20|cd test... || run_tests=cd /testbed && python3 tests/runtests.py template_tests.tests -v2 2>&1 | head -100|cd /testbed && python3 tests/runtests.py template_tests.tests.TemplateTests.test_exception_message_e..."
django__django-33461,failure_signature_transfer,adp,memory;no_memory,medium,Consistent with the run observing a failure signature that overlaps prior or target issue evidence.,/home/shashwatsuthar/research/openhands-adp-memory/analysis/contextbench_posthoc/20260606_220027/remote/execution_full_qwen36_65k_fix1_minimal/django__django-33461/adp|/home/shashwatsuthar/research/openhands-adp-memory/analysis/contextbench_posthoc/20260606_220027/remote/execution_full_qwen36_65k_fix1_minimal/django__django-33461/no_memory|/home/shashwatsuthar/research/openhands-adp-memory/analysis/contextbench_posthoc/20260606_220027/remote/execution_full_qwen36_65k_fix1_minimal/django__django-33461/memory,"prior_files_inspected: django/template/autoreload.py|tests/template_tests/test_autoreloader.py|django/utils/_os.py|tests/runtests.py|django/utils/autoreload.py|django/conf/project_template/project_name/settings.py || prior_files_edited: django/template/autoreload.py || prior_test_commands: 2→from unittest import mock|cd testbed && python -m pytest tests/template_tests/test_autoreloader.py::TemplateReloadTests::test_template_dirs_normalized_to_paths -xvs|/Applications/ADFRsuite-1.0/bin/python: No module named pytest|cd testbed && python tests/runtests.py template_tests.test_autoreloader.TemplateReloadTests.test_template_dirs_normalized_to_paths -v2|File ""tests/runtests.py"", line 20|cd test... || run_failures=tests/middleware_exceptions/ | /testbed/tests/test_exceptions/|6 <title>{% if exception_type %}{{ exception_type }}{% else %}Report{% endif %} | 33 ul.traceback { list-style-type:n..."
django__django-33461,procedural_order_transfer,adp,memory;no_memory,low,"Consistent with a prior search/read/edit procedure, but not enough to claim causality.",/home/shashwatsuthar/research/openhands-adp-memory/analysis/contextbench_posthoc/20260606_220027/remote/execution_full_qwen36_65k_fix1_minimal/django__django-33461/adp|/home/shashwatsuthar/research/openhands-adp-memory/analysis/contextbench_posthoc/20260606_220027/remote/execution_full_qwen36_65k_fix1_minimal/django__django-33461/no_memory|/home/shashwatsuthar/research/openhands-adp-memory/analysis/contextbench_posthoc/20260606_220027/remote/execution_full_qwen36_65k_fix1_minimal/django__django-33461/memory,"prior_files_inspected: django/template/autoreload.py|tests/template_tests/test_autoreloader.py|django/utils/_os.py|tests/runtests.py|django/utils/autoreload.py|django/conf/project_template/project_name/settings.py || prior_files_edited: django/template/autoreload.py || prior_test_commands: 2→from unittest import mock|cd testbed && python -m pytest tests/template_tests/test_autoreloader.py::TemplateReloadTests::test_template_dirs_normalized_to_paths -xvs|/Applications/ADFRsuite-1.0/bin/python: No module named pytest|cd testbed && python tests/runtests.py template_tests.test_autoreloader.TemplateReloadTests.test_template_dirs_normalized_to_paths -v2|File ""tests/runtests.py"", line 20|cd test..."
django__django-33871,same_file_transfer,memory,raw;adp;no_memory,high,Consistent with prior context exposing the target gold file and the successful run modifying that file.,/home/shashwatsuthar/research/openhands-adp-memory/analysis/contextbench_posthoc/20260606_220027/remote/execution_full_qwen36_65k_fix1_minimal/django__django-33871/adp|/home/shashwatsuthar/research/openhands-adp-memory/analysis/contextbench_posthoc/20260606_220027/remote/execution_full_qwen36_65k_fix1_minimal/django__django-33871/no_memory|/home/shashwatsuthar/research/openhands-adp-memory/analysis/contextbench_posthoc/20260606_220027/remote/execution_full_qwen36_65k_fix1_minimal/django__django-33871/raw|/home/shashwatsuthar/research/openhands-adp-memory/analysis/contextbench_posthoc/20260606_220027/remote/execution_full_qwen36_65k_fix1_minimal/django__django-33871/memory,"prior_files_inspected: django/forms/fields.py|django/forms/boundfield.py|django/db/models/fields/__init__.py|django/forms/models.py|django/forms/forms.py|Desktop/swebbed/django/forms/boundfield.py|tests/model_forms/tests.py|../test_issue.py|test_issue.py|tests/runtests.py|tests/postgres_tests/test_ranges.py|docs/releases/1.7.3.txt|docs/releases/1.6.10.txt|django/forms/formsets.py || prior_files_edited: ../test_issue.py|django/db/models/fields/__init__.py|tests/model_forms/tests.py || prior_test_commands: - [test] cd ./swebench_9_15/testbed && python3 tests/runtests.py model_forms --verbosity=2|3→from unittest import mock, skipUnless || error_failure_assertion_lines: - Traceback (most rece..."
django__django-33871,localization_hint,memory,raw;adp;no_memory,medium,Consistent with prior-context localization: the winning run reached a target gold file or directory.,/home/shashwatsuthar/research/openhands-adp-memory/analysis/contextbench_posthoc/20260606_220027/remote/execution_full_qwen36_65k_fix1_minimal/django__django-33871/adp|/home/shashwatsuthar/research/openhands-adp-memory/analysis/contextbench_posthoc/20260606_220027/remote/execution_full_qwen36_65k_fix1_minimal/django__django-33871/no_memory|/home/shashwatsuthar/research/openhands-adp-memory/analysis/contextbench_posthoc/20260606_220027/remote/execution_full_qwen36_65k_fix1_minimal/django__django-33871/raw|/home/shashwatsuthar/research/openhands-adp-memory/analysis/contextbench_posthoc/20260606_220027/remote/execution_full_qwen36_65k_fix1_minimal/django__django-33871/memory,"prior_files_inspected: django/forms/fields.py|django/forms/boundfield.py|django/db/models/fields/__init__.py|django/forms/models.py|django/forms/forms.py|Desktop/swebbed/django/forms/boundfield.py|tests/model_forms/tests.py|../test_issue.py|test_issue.py|tests/runtests.py|tests/postgres_tests/test_ranges.py|docs/releases/1.7.3.txt|docs/releases/1.6.10.txt|django/forms/formsets.py || prior_files_edited: ../test_issue.py|django/db/models/fields/__init__.py|tests/model_forms/tests.py || prior_test_commands: - [test] cd ./swebench_9_15/testbed && python3 tests/runtests.py model_forms --verbosity=2|3→from unittest import mock, skipUnless || error_failure_assertion_lines: - Traceback (most rece... || first_gold_file_read_step=38"
django__django-33871,test_command_transfer,memory,raw;adp;no_memory,high,Consistent with reuse of a prior-context test or reproduction command.,/home/shashwatsuthar/research/openhands-adp-memory/analysis/contextbench_posthoc/20260606_220027/remote/execution_full_qwen36_65k_fix1_minimal/django__django-33871/adp|/home/shashwatsuthar/research/openhands-adp-memory/analysis/contextbench_posthoc/20260606_220027/remote/execution_full_qwen36_65k_fix1_minimal/django__django-33871/no_memory|/home/shashwatsuthar/research/openhands-adp-memory/analysis/contextbench_posthoc/20260606_220027/remote/execution_full_qwen36_65k_fix1_minimal/django__django-33871/raw|/home/shashwatsuthar/research/openhands-adp-memory/analysis/contextbench_posthoc/20260606_220027/remote/execution_full_qwen36_65k_fix1_minimal/django__django-33871/memory,"prior_files_inspected: django/forms/fields.py|django/forms/boundfield.py|django/db/models/fields/__init__.py|django/forms/models.py|django/forms/forms.py|Desktop/swebbed/django/forms/boundfield.py|tests/model_forms/tests.py|../test_issue.py|test_issue.py|tests/runtests.py|tests/postgres_tests/test_ranges.py|docs/releases/1.7.3.txt|docs/releases/1.6.10.txt|django/forms/formsets.py || prior_files_edited: ../test_issue.py|django/db/models/fields/__init__.py|tests/model_forms/tests.py || prior_test_commands: - [test] cd ./swebench_9_15/testbed && python3 tests/runtests.py model_forms --verbosity=2|3→from unittest import mock, skipUnless || error_failure_assertion_lines: - Traceback (most rece... || run_tests=cd /testbed && python tests/runtests.py model_forms.tests.OtherModelFormTests.test_callable_field_default_jsonfield --verbosity=2 2>&1|cd /testbed && python tests/runtests.py model_fo..."
django__django-33871,failure_signature_transfer,memory,raw;adp;no_memory,medium,Consistent with the run observing a failure signature that overlaps prior or target issue evidence.,/home/shashwatsuthar/research/openhands-adp-memory/analysis/contextbench_posthoc/20260606_220027/remote/execution_full_qwen36_65k_fix1_minimal/django__django-33871/adp|/home/shashwatsuthar/research/openhands-adp-memory/analysis/contextbench_posthoc/20260606_220027/remote/execution_full_qwen36_65k_fix1_minimal/django__django-33871/no_memory|/home/shashwatsuthar/research/openhands-adp-memory/analysis/contextbench_posthoc/20260606_220027/remote/execution_full_qwen36_65k_fix1_minimal/django__django-33871/raw|/home/shashwatsuthar/research/openhands-adp-memory/analysis/contextbench_posthoc/20260606_220027/remote/execution_full_qwen36_65k_fix1_minimal/django__django-33871/memory,"prior_files_inspected: django/forms/fields.py|django/forms/boundfield.py|django/db/models/fields/__init__.py|django/forms/models.py|django/forms/forms.py|Desktop/swebbed/django/forms/boundfield.py|tests/model_forms/tests.py|../test_issue.py|test_issue.py|tests/runtests.py|tests/postgres_tests/test_ranges.py|docs/releases/1.7.3.txt|docs/releases/1.6.10.txt|django/forms/formsets.py || prior_files_edited: ../test_issue.py|django/db/models/fields/__init__.py|tests/model_forms/tests.py || prior_test_commands: - [test] cd ./swebench_9_15/testbed && python3 tests/runtests.py model_forms --verbosity=2|3→from unittest import mock, skipUnless || error_failure_assertion_lines: - Traceback (most rece... || run_failures=tests/middleware_exceptions/ | /testbed/tests/test_exceptions/|4 from django.core import checks, exceptions | 39 raise ValueError(""The encoder parameter must be a callable object.""..."
django__django-33871,patch_shape_transfer,memory,raw;adp;no_memory,medium,Consistent with prior-context patch-shape hints aligning with the successful patch location.,/home/shashwatsuthar/research/openhands-adp-memory/analysis/contextbench_posthoc/20260606_220027/remote/execution_full_qwen36_65k_fix1_minimal/django__django-33871/adp|/home/shashwatsuthar/research/openhands-adp-memory/analysis/contextbench_posthoc/20260606_220027/remote/execution_full_qwen36_65k_fix1_minimal/django__django-33871/no_memory|/home/shashwatsuthar/research/openhands-adp-memory/analysis/contextbench_posthoc/20260606_220027/remote/execution_full_qwen36_65k_fix1_minimal/django__django-33871/raw|/home/shashwatsuthar/research/openhands-adp-memory/analysis/contextbench_posthoc/20260606_220027/remote/execution_full_qwen36_65k_fix1_minimal/django__django-33871/memory,"prior_files_inspected: django/forms/fields.py|django/forms/boundfield.py|django/db/models/fields/__init__.py|django/forms/models.py|django/forms/forms.py|Desktop/swebbed/django/forms/boundfield.py|tests/model_forms/tests.py|../test_issue.py|test_issue.py|tests/runtests.py|tests/postgres_tests/test_ranges.py|docs/releases/1.7.3.txt|docs/releases/1.6.10.txt|django/forms/formsets.py || prior_files_edited: ../test_issue.py|django/db/models/fields/__init__.py|tests/model_forms/tests.py || prior_test_commands: - [test] cd ./swebench_9_15/testbed && python3 tests/runtests.py model_forms --verbosity=2|3→from unittest import mock, skipUnless || error_failure_assertion_lines: - Traceback (most rece..."
django__django-33871,procedural_order_transfer,memory,raw;adp;no_memory,low,"Consistent with a prior search/read/edit procedure, but not enough to claim causality.",/home/shashwatsuthar/research/openhands-adp-memory/analysis/contextbench_posthoc/20260606_220027/remote/execution_full_qwen36_65k_fix1_minimal/django__django-33871/adp|/home/shashwatsuthar/research/openhands-adp-memory/analysis/contextbench_posthoc/20260606_220027/remote/execution_full_qwen36_65k_fix1_minimal/django__django-33871/no_memory|/home/shashwatsuthar/research/openhands-adp-memory/analysis/contextbench_posthoc/20260606_220027/remote/execution_full_qwen36_65k_fix1_minimal/django__django-33871/raw|/home/shashwatsuthar/research/openhands-adp-memory/analysis/contextbench_posthoc/20260606_220027/remote/execution_full_qwen36_65k_fix1_minimal/django__django-33871/memory,"prior_files_inspected: django/forms/fields.py|django/forms/boundfield.py|django/db/models/fields/__init__.py|django/forms/models.py|django/forms/forms.py|Desktop/swebbed/django/forms/boundfield.py|tests/model_forms/tests.py|../test_issue.py|test_issue.py|tests/runtests.py|tests/postgres_tests/test_ranges.py|docs/releases/1.7.3.txt|docs/releases/1.6.10.txt|django/forms/formsets.py || prior_files_edited: ../test_issue.py|django/db/models/fields/__init__.py|tests/model_forms/tests.py || prior_test_commands: - [test] cd ./swebench_9_15/testbed && python3 tests/runtests.py model_forms --verbosity=2|3→from unittest import mock, skipUnless || error_failure_assertion_lines: - Traceback (most rece..."
django__django-33871,memory_compression_helped,memory,raw;adp,medium,Consistent with compressed memory surfacing useful evidence that did not lead to success in raw/ADP.,/home/shashwatsuthar/research/openhands-adp-memory/analysis/contextbench_posthoc/20260606_220027/remote/execution_full_qwen36_65k_fix1_minimal/django__django-33871/adp|/home/shashwatsuthar/research/openhands-adp-memory/analysis/contextbench_posthoc/20260606_220027/remote/execution_full_qwen36_65k_fix1_minimal/django__django-33871/raw|/home/shashwatsuthar/research/openhands-adp-memory/analysis/contextbench_posthoc/20260606_220027/remote/execution_full_qwen36_65k_fix1_minimal/django__django-33871/memory,"prior_files_inspected: django/forms/fields.py|django/forms/boundfield.py|django/db/models/fields/__init__.py|django/forms/models.py|django/forms/forms.py|Desktop/swebbed/django/forms/boundfield.py|tests/model_forms/tests.py|../test_issue.py|test_issue.py|tests/runtests.py|tests/postgres_tests/test_ranges.py|docs/releases/1.7.3.txt|docs/releases/1.6.10.txt|django/forms/formsets.py || prior_files_edited: ../test_issue.py|django/db/models/fields/__init__.py|tests/model_forms/tests.py || prior_test_commands: - [test] cd ./swebench_9_15/testbed && python3 tests/runtests.py model_forms --verbosity=2|3→from unittest import mock, skipUnless || error_failure_assertion_lines: - Traceback (most rece..."
django__django-33871,raw_noise_hurt,memory,raw,low,Consistent with the raw condition failing to reach the gold file while memory succeeded.,/home/shashwatsuthar/research/openhands-adp-memory/analysis/contextbench_posthoc/20260606_220027/remote/execution_full_qwen36_65k_fix1_minimal/django__django-33871/raw|/home/shashwatsuthar/research/openhands-adp-memory/analysis/contextbench_posthoc/20260606_220027/remote/execution_full_qwen36_65k_fix1_minimal/django__django-33871/memory,"prior_files_inspected: django/forms/fields.py|django/forms/boundfield.py|django/db/models/fields/__init__.py|django/forms/models.py|django/forms/forms.py|Desktop/swebbed/django/forms/boundfield.py|tests/model_forms/tests.py|../test_issue.py|test_issue.py|tests/runtests.py|tests/postgres_tests/test_ranges.py|docs/releases/1.7.3.txt|docs/releases/1.6.10.txt|django/forms/formsets.py || prior_files_edited: ../test_issue.py|django/db/models/fields/__init__.py|tests/model_forms/tests.py || prior_test_commands: - [test] cd ./swebench_9_15/testbed && python3 tests/runtests.py model_forms --verbosity=2|3→from unittest import mock, skipUnless || error_failure_assertion_lines: - Traceback (most rece..."
django__django-34570,same_file_transfer,memory,raw;adp;no_memory,high,Consistent with prior context exposing the target gold file and the successful run modifying that file.,/home/shashwatsuthar/research/openhands-adp-memory/analysis/contextbench_posthoc/20260606_220027/remote/execution_full_qwen36_65k_fix1_minimal/django__django-34570/adp|/home/shashwatsuthar/research/openhands-adp-memory/analysis/contextbench_posthoc/20260606_220027/remote/execution_full_qwen36_65k_fix1_minimal/django__django-34570/no_memory|/home/shashwatsuthar/research/openhands-adp-memory/analysis/contextbench_posthoc/20260606_220027/remote/execution_full_qwen36_65k_fix1_minimal/django__django-34570/raw|/home/shashwatsuthar/research/openhands-adp-memory/analysis/contextbench_posthoc/20260606_220027/remote/execution_full_qwen36_65k_fix1_minimal/django__django-34570/memory,"prior_files_inspected: django/db/models/query.py|django/db/models/sql/query.py|setup.cfg|setup.py || prior_files_edited: django/db/models/sql/query.py || error_failure_assertion_lines: - Traceback (most recent call last):|1736- raise TypeError(""Cannot call only() after .values() or .values_list()"")|1740- raise TypeError(""Cannot pass None as an argument to only()."")|1744- raise ValueError(""only() is not supported with FilteredRelation."")|SyntaxError: Non-ASCII character '/xe2' in file test_issue.py on line 98, but no encoding declared; see http:/www.python.org/peps/pep-0263.html for details|SyntaxError: invalid syntax|Traceback (most recent call last):|AttributeError: 'NoneType' object has..."
django__django-34570,localization_hint,memory,raw;adp;no_memory,medium,Consistent with prior-context localization: the winning run reached a target gold file or directory.,/home/shashwatsuthar/research/openhands-adp-memory/analysis/contextbench_posthoc/20260606_220027/remote/execution_full_qwen36_65k_fix1_minimal/django__django-34570/adp|/home/shashwatsuthar/research/openhands-adp-memory/analysis/contextbench_posthoc/20260606_220027/remote/execution_full_qwen36_65k_fix1_minimal/django__django-34570/no_memory|/home/shashwatsuthar/research/openhands-adp-memory/analysis/contextbench_posthoc/20260606_220027/remote/execution_full_qwen36_65k_fix1_minimal/django__django-34570/raw|/home/shashwatsuthar/research/openhands-adp-memory/analysis/contextbench_posthoc/20260606_220027/remote/execution_full_qwen36_65k_fix1_minimal/django__django-34570/memory,"prior_files_inspected: django/db/models/query.py|django/db/models/sql/query.py|setup.cfg|setup.py || prior_files_edited: django/db/models/sql/query.py || error_failure_assertion_lines: - Traceback (most recent call last):|1736- raise TypeError(""Cannot call only() after .values() or .values_list()"")|1740- raise TypeError(""Cannot pass None as an argument to only()."")|1744- raise ValueError(""only() is not supported with FilteredRelation."")|SyntaxError: Non-ASCII character '/xe2' in file test_issue.py on line 98, but no encoding declared; see http:/www.python.org/peps/pep-0263.html for details|SyntaxError: invalid syntax|Traceback (most recent call last):|AttributeError: 'NoneType' object has... || first_gold_file_read_step=2"
django__django-34570,failure_signature_transfer,memory,raw;adp;no_memory,medium,Consistent with the run observing a failure signature that overlaps prior or target issue evidence.,/home/shashwatsuthar/research/openhands-adp-memory/analysis/contextbench_posthoc/20260606_220027/remote/execution_full_qwen36_65k_fix1_minimal/django__django-34570/adp|/home/shashwatsuthar/research/openhands-adp-memory/analysis/contextbench_posthoc/20260606_220027/remote/execution_full_qwen36_65k_fix1_minimal/django__django-34570/no_memory|/home/shashwatsuthar/research/openhands-adp-memory/analysis/contextbench_posthoc/20260606_220027/remote/execution_full_qwen36_65k_fix1_minimal/django__django-34570/raw|/home/shashwatsuthar/research/openhands-adp-memory/analysis/contextbench_posthoc/20260606_220027/remote/execution_full_qwen36_65k_fix1_minimal/django__django-34570/memory,"prior_files_inspected: django/db/models/query.py|django/db/models/sql/query.py|setup.cfg|setup.py || prior_files_edited: django/db/models/sql/query.py || error_failure_assertion_lines: - Traceback (most recent call last):|1736- raise TypeError(""Cannot call only() after .values() or .values_list()"")|1740- raise TypeError(""Cannot pass None as an argument to only()."")|1744- raise ValueError(""only() is not supported with FilteredRelation."")|SyntaxError: Non-ASCII character '/xe2' in file test_issue.py on line 98, but no encoding declared; see http:/www.python.org/peps/pep-0263.html for details|SyntaxError: invalid syntax|Traceback (most recent call last):|AttributeError: 'NoneType' object has... || run_failures=tests/middleware_exceptions/ | /testbed/tests/test_exceptions/|1360 except AttributeError: | 1362 raise TypeError( | 1376 raise ValueError(|1 from django.core.exceptions import Fie..."
django__django-34570,patch_shape_transfer,memory,raw;adp;no_memory,medium,Consistent with prior-context patch-shape hints aligning with the successful patch location.,/home/shashwatsuthar/research/openhands-adp-memory/analysis/contextbench_posthoc/20260606_220027/remote/execution_full_qwen36_65k_fix1_minimal/django__django-34570/adp|/home/shashwatsuthar/research/openhands-adp-memory/analysis/contextbench_posthoc/20260606_220027/remote/execution_full_qwen36_65k_fix1_minimal/django__django-34570/no_memory|/home/shashwatsuthar/research/openhands-adp-memory/analysis/contextbench_posthoc/20260606_220027/remote/execution_full_qwen36_65k_fix1_minimal/django__django-34570/raw|/home/shashwatsuthar/research/openhands-adp-memory/analysis/contextbench_posthoc/20260606_220027/remote/execution_full_qwen36_65k_fix1_minimal/django__django-34570/memory,"prior_files_inspected: django/db/models/query.py|django/db/models/sql/query.py|setup.cfg|setup.py || prior_files_edited: django/db/models/sql/query.py || error_failure_assertion_lines: - Traceback (most recent call last):|1736- raise TypeError(""Cannot call only() after .values() or .values_list()"")|1740- raise TypeError(""Cannot pass None as an argument to only()."")|1744- raise ValueError(""only() is not supported with FilteredRelation."")|SyntaxError: Non-ASCII character '/xe2' in file test_issue.py on line 98, but no encoding declared; see http:/www.python.org/peps/pep-0263.html for details|SyntaxError: invalid syntax|Traceback (most recent call last):|AttributeError: 'NoneType' object has..."
django__django-34570,procedural_order_transfer,memory,raw;adp;no_memory,low,"Consistent with a prior search/read/edit procedure, but not enough to claim causality.",/home/shashwatsuthar/research/openhands-adp-memory/analysis/contextbench_posthoc/20260606_220027/remote/execution_full_qwen36_65k_fix1_minimal/django__django-34570/adp|/home/shashwatsuthar/research/openhands-adp-memory/analysis/contextbench_posthoc/20260606_220027/remote/execution_full_qwen36_65k_fix1_minimal/django__django-34570/no_memory|/home/shashwatsuthar/research/openhands-adp-memory/analysis/contextbench_posthoc/20260606_220027/remote/execution_full_qwen36_65k_fix1_minimal/django__django-34570/raw|/home/shashwatsuthar/research/openhands-adp-memory/analysis/contextbench_posthoc/20260606_220027/remote/execution_full_qwen36_65k_fix1_minimal/django__django-34570/memory,"prior_files_inspected: django/db/models/query.py|django/db/models/sql/query.py|setup.cfg|setup.py || prior_files_edited: django/db/models/sql/query.py || error_failure_assertion_lines: - Traceback (most recent call last):|1736- raise TypeError(""Cannot call only() after .values() or .values_list()"")|1740- raise TypeError(""Cannot pass None as an argument to only()."")|1744- raise ValueError(""only() is not supported with FilteredRelation."")|SyntaxError: Non-ASCII character '/xe2' in file test_issue.py on line 98, but no encoding declared; see http:/www.python.org/peps/pep-0263.html for details|SyntaxError: invalid syntax|Traceback (most recent call last):|AttributeError: 'NoneType' object has..."
django__django-34570,memory_compression_helped,memory,raw;adp,medium,Consistent with compressed memory surfacing useful evidence that did not lead to success in raw/ADP.,/home/shashwatsuthar/research/openhands-adp-memory/analysis/contextbench_posthoc/20260606_220027/remote/execution_full_qwen36_65k_fix1_minimal/django__django-34570/adp|/home/shashwatsuthar/research/openhands-adp-memory/analysis/contextbench_posthoc/20260606_220027/remote/execution_full_qwen36_65k_fix1_minimal/django__django-34570/raw|/home/shashwatsuthar/research/openhands-adp-memory/analysis/contextbench_posthoc/20260606_220027/remote/execution_full_qwen36_65k_fix1_minimal/django__django-34570/memory,"prior_files_inspected: django/db/models/query.py|django/db/models/sql/query.py|setup.cfg|setup.py || prior_files_edited: django/db/models/sql/query.py || error_failure_assertion_lines: - Traceback (most recent call last):|1736- raise TypeError(""Cannot call only() after .values() or .values_list()"")|1740- raise TypeError(""Cannot pass None as an argument to only()."")|1744- raise ValueError(""only() is not supported with FilteredRelation."")|SyntaxError: Non-ASCII character '/xe2' in file test_issue.py on line 98, but no encoding declared; see http:/www.python.org/peps/pep-0263.html for details|SyntaxError: invalid syntax|Traceback (most recent call last):|AttributeError: 'NoneType' object has..."
matplotlib__matplotlib-10050,same_file_transfer,raw,no_memory,high,Consistent with prior context exposing the target gold file and the successful run modifying that file.,/home/shashwatsuthar/research/openhands-adp-memory/analysis/contextbench_posthoc/20260606_220027/remote/execution_full_qwen36_65k_fix1_minimal/matplotlib__matplotlib-10050/no_memory|/home/shashwatsuthar/research/openhands-adp-memory/analysis/contextbench_posthoc/20260606_220027/remote/execution_full_qwen36_65k_fix1_minimal/matplotlib__matplotlib-10050/raw,"prior_files_inspected: examples/text_labels_and_annotations/legend.py|lib/matplotlib/legend.py|../test_draggable.py|Applications/ADFRsuite-1.0/lib/python2.7/site-packages/matplotlib/pyplot.py|Applications/ADFRsuite-1.0/lib/python2.7/site-packages/matplotlib/figure.py|Applications/ADFRsuite-1.0/lib/python2.7/site-packages/matplotlib/image.py || prior_files_edited: lib/matplotlib/legend.py|../test_draggable.py|test_draggable.py || error_failure_assertion_lines: ERROR: pip's dependency resolver does not currently take into account all the packages that are installed. This behaviour is the source of the following dependency conflicts.|565→ except AttributeError:|576→ raise ValueError(f""Invali..."
matplotlib__matplotlib-10050,localization_hint,raw,no_memory,medium,Consistent with prior-context localization: the winning run reached a target gold file or directory.,/home/shashwatsuthar/research/openhands-adp-memory/analysis/contextbench_posthoc/20260606_220027/remote/execution_full_qwen36_65k_fix1_minimal/matplotlib__matplotlib-10050/no_memory|/home/shashwatsuthar/research/openhands-adp-memory/analysis/contextbench_posthoc/20260606_220027/remote/execution_full_qwen36_65k_fix1_minimal/matplotlib__matplotlib-10050/raw,"prior_files_inspected: examples/text_labels_and_annotations/legend.py|lib/matplotlib/legend.py|../test_draggable.py|Applications/ADFRsuite-1.0/lib/python2.7/site-packages/matplotlib/pyplot.py|Applications/ADFRsuite-1.0/lib/python2.7/site-packages/matplotlib/figure.py|Applications/ADFRsuite-1.0/lib/python2.7/site-packages/matplotlib/image.py || prior_files_edited: lib/matplotlib/legend.py|../test_draggable.py|test_draggable.py || error_failure_assertion_lines: ERROR: pip's dependency resolver does not currently take into account all the packages that are installed. This behaviour is the source of the following dependency conflicts.|565→ except AttributeError:|576→ raise ValueError(f""Invali... || first_gold_file_read_step=2"
matplotlib__matplotlib-10050,failure_signature_transfer,raw,no_memory,medium,Consistent with the run observing a failure signature that overlaps prior or target issue evidence.,/home/shashwatsuthar/research/openhands-adp-memory/analysis/contextbench_posthoc/20260606_220027/remote/execution_full_qwen36_65k_fix1_minimal/matplotlib__matplotlib-10050/no_memory|/home/shashwatsuthar/research/openhands-adp-memory/analysis/contextbench_posthoc/20260606_220027/remote/execution_full_qwen36_65k_fix1_minimal/matplotlib__matplotlib-10050/raw,"prior_files_inspected: examples/text_labels_and_annotations/legend.py|lib/matplotlib/legend.py|../test_draggable.py|Applications/ADFRsuite-1.0/lib/python2.7/site-packages/matplotlib/pyplot.py|Applications/ADFRsuite-1.0/lib/python2.7/site-packages/matplotlib/figure.py|Applications/ADFRsuite-1.0/lib/python2.7/site-packages/matplotlib/image.py || prior_files_edited: lib/matplotlib/legend.py|../test_draggable.py|test_draggable.py || error_failure_assertion_lines: ERROR: pip's dependency resolver does not currently take into account all the packages that are installed. This behaviour is the source of the following dependency conflicts.|565→ except AttributeError:|576→ raise ValueError(f""Invali... || run_failures=src/py_exceptions.h|66 raise ValueError(""update parameter '%s' is not supported."" % | 83 raise RuntimeError(""update parameter '%s' is not supported."" % | 429 raise TypeError('Inval..."
matplotlib__matplotlib-10050,patch_shape_transfer,raw,no_memory,medium,Consistent with prior-context patch-shape hints aligning with the successful patch location.,/home/shashwatsuthar/research/openhands-adp-memory/analysis/contextbench_posthoc/20260606_220027/remote/execution_full_qwen36_65k_fix1_minimal/matplotlib__matplotlib-10050/no_memory|/home/shashwatsuthar/research/openhands-adp-memory/analysis/contextbench_posthoc/20260606_220027/remote/execution_full_qwen36_65k_fix1_minimal/matplotlib__matplotlib-10050/raw,"prior_files_inspected: examples/text_labels_and_annotations/legend.py|lib/matplotlib/legend.py|../test_draggable.py|Applications/ADFRsuite-1.0/lib/python2.7/site-packages/matplotlib/pyplot.py|Applications/ADFRsuite-1.0/lib/python2.7/site-packages/matplotlib/figure.py|Applications/ADFRsuite-1.0/lib/python2.7/site-packages/matplotlib/image.py || prior_files_edited: lib/matplotlib/legend.py|../test_draggable.py|test_draggable.py || error_failure_assertion_lines: ERROR: pip's dependency resolver does not currently take into account all the packages that are installed. This behaviour is the source of the following dependency conflicts.|565→ except AttributeError:|576→ raise ValueError(f""Invali..."
matplotlib__matplotlib-10050,procedural_order_transfer,raw,no_memory,low,"Consistent with a prior search/read/edit procedure, but not enough to claim causality.",/home/shashwatsuthar/research/openhands-adp-memory/analysis/contextbench_posthoc/20260606_220027/remote/execution_full_qwen36_65k_fix1_minimal/matplotlib__matplotlib-10050/no_memory|/home/shashwatsuthar/research/openhands-adp-memory/analysis/contextbench_posthoc/20260606_220027/remote/execution_full_qwen36_65k_fix1_minimal/matplotlib__matplotlib-10050/raw,"prior_files_inspected: examples/text_labels_and_annotations/legend.py|lib/matplotlib/legend.py|../test_draggable.py|Applications/ADFRsuite-1.0/lib/python2.7/site-packages/matplotlib/pyplot.py|Applications/ADFRsuite-1.0/lib/python2.7/site-packages/matplotlib/figure.py|Applications/ADFRsuite-1.0/lib/python2.7/site-packages/matplotlib/image.py || prior_files_edited: lib/matplotlib/legend.py|../test_draggable.py|test_draggable.py || error_failure_assertion_lines: ERROR: pip's dependency resolver does not currently take into account all the packages that are installed. This behaviour is the source of the following dependency conflicts.|565→ except AttributeError:|576→ raise ValueError(f""Invali..."
matplotlib__matplotlib-10050,same_file_transfer,adp,no_memory,high,Consistent with prior context exposing the target gold file and the successful run modifying that file.,/home/shashwatsuthar/research/openhands-adp-memory/analysis/contextbench_posthoc/20260606_220027/remote/execution_full_qwen36_65k_fix1_minimal/matplotlib__matplotlib-10050/adp|/home/shashwatsuthar/research/openhands-adp-memory/analysis/contextbench_posthoc/20260606_220027/remote/execution_full_qwen36_65k_fix1_minimal/matplotlib__matplotlib-10050/no_memory,"prior_files_inspected: examples/text_labels_and_annotations/legend.py|lib/matplotlib/legend.py|../test_draggable.py|Applications/ADFRsuite-1.0/lib/python2.7/site-packages/matplotlib/pyplot.py|Applications/ADFRsuite-1.0/lib/python2.7/site-packages/matplotlib/figure.py|Applications/ADFRsuite-1.0/lib/python2.7/site-packages/matplotlib/image.py || prior_files_edited: lib/matplotlib/legend.py|test_draggable.py || error_failure_assertion_lines: ERROR: pip's dependency resolver does not currently take into account all the packages that are installed. This behaviour is the source of the following dependency conflicts.|565→ except AttributeError:|576→ raise ValueError(f""Invalid labelcolor: {labelc..."
matplotlib__matplotlib-10050,localization_hint,adp,no_memory,medium,Consistent with prior-context localization: the winning run reached a target gold file or directory.,/home/shashwatsuthar/research/openhands-adp-memory/analysis/contextbench_posthoc/20260606_220027/remote/execution_full_qwen36_65k_fix1_minimal/matplotlib__matplotlib-10050/adp|/home/shashwatsuthar/research/openhands-adp-memory/analysis/contextbench_posthoc/20260606_220027/remote/execution_full_qwen36_65k_fix1_minimal/matplotlib__matplotlib-10050/no_memory,"prior_files_inspected: examples/text_labels_and_annotations/legend.py|lib/matplotlib/legend.py|../test_draggable.py|Applications/ADFRsuite-1.0/lib/python2.7/site-packages/matplotlib/pyplot.py|Applications/ADFRsuite-1.0/lib/python2.7/site-packages/matplotlib/figure.py|Applications/ADFRsuite-1.0/lib/python2.7/site-packages/matplotlib/image.py || prior_files_edited: lib/matplotlib/legend.py|test_draggable.py || error_failure_assertion_lines: ERROR: pip's dependency resolver does not currently take into account all the packages that are installed. This behaviour is the source of the following dependency conflicts.|565→ except AttributeError:|576→ raise ValueError(f""Invalid labelcolor: {labelc... || first_gold_file_read_step=2"
matplotlib__matplotlib-10050,failure_signature_transfer,adp,no_memory,medium,Consistent with the run observing a failure signature that overlaps prior or target issue evidence.,/home/shashwatsuthar/research/openhands-adp-memory/analysis/contextbench_posthoc/20260606_220027/remote/execution_full_qwen36_65k_fix1_minimal/matplotlib__matplotlib-10050/adp|/home/shashwatsuthar/research/openhands-adp-memory/analysis/contextbench_posthoc/20260606_220027/remote/execution_full_qwen36_65k_fix1_minimal/matplotlib__matplotlib-10050/no_memory,"prior_files_inspected: examples/text_labels_and_annotations/legend.py|lib/matplotlib/legend.py|../test_draggable.py|Applications/ADFRsuite-1.0/lib/python2.7/site-packages/matplotlib/pyplot.py|Applications/ADFRsuite-1.0/lib/python2.7/site-packages/matplotlib/figure.py|Applications/ADFRsuite-1.0/lib/python2.7/site-packages/matplotlib/image.py || prior_files_edited: lib/matplotlib/legend.py|test_draggable.py || error_failure_assertion_lines: ERROR: pip's dependency resolver does not currently take into account all the packages that are installed. This behaviour is the source of the following dependency conflicts.|565→ except AttributeError:|576→ raise ValueError(f""Invalid labelcolor: {labelc... || run_failures=66 raise ValueError(""update parameter '%s' is not supported."" % | 83 raise RuntimeError(""update parameter '%s' is not supported."" % | 429 raise TypeError('Invalid arguments to lege..."
matplotlib__matplotlib-10050,patch_shape_transfer,adp,no_memory,medium,Consistent with prior-context patch-shape hints aligning with the successful patch location.,/home/shashwatsuthar/research/openhands-adp-memory/analysis/contextbench_posthoc/20260606_220027/remote/execution_full_qwen36_65k_fix1_minimal/matplotlib__matplotlib-10050/adp|/home/shashwatsuthar/research/openhands-adp-memory/analysis/contextbench_posthoc/20260606_220027/remote/execution_full_qwen36_65k_fix1_minimal/matplotlib__matplotlib-10050/no_memory,"prior_files_inspected: examples/text_labels_and_annotations/legend.py|lib/matplotlib/legend.py|../test_draggable.py|Applications/ADFRsuite-1.0/lib/python2.7/site-packages/matplotlib/pyplot.py|Applications/ADFRsuite-1.0/lib/python2.7/site-packages/matplotlib/figure.py|Applications/ADFRsuite-1.0/lib/python2.7/site-packages/matplotlib/image.py || prior_files_edited: lib/matplotlib/legend.py|test_draggable.py || error_failure_assertion_lines: ERROR: pip's dependency resolver does not currently take into account all the packages that are installed. This behaviour is the source of the following dependency conflicts.|565→ except AttributeError:|576→ raise ValueError(f""Invalid labelcolor: {labelc..."
matplotlib__matplotlib-10050,procedural_order_transfer,adp,no_memory,low,"Consistent with a prior search/read/edit procedure, but not enough to claim causality.",/home/shashwatsuthar/research/openhands-adp-memory/analysis/contextbench_posthoc/20260606_220027/remote/execution_full_qwen36_65k_fix1_minimal/matplotlib__matplotlib-10050/adp|/home/shashwatsuthar/research/openhands-adp-memory/analysis/contextbench_posthoc/20260606_220027/remote/execution_full_qwen36_65k_fix1_minimal/matplotlib__matplotlib-10050/no_memory,"prior_files_inspected: examples/text_labels_and_annotations/legend.py|lib/matplotlib/legend.py|../test_draggable.py|Applications/ADFRsuite-1.0/lib/python2.7/site-packages/matplotlib/pyplot.py|Applications/ADFRsuite-1.0/lib/python2.7/site-packages/matplotlib/figure.py|Applications/ADFRsuite-1.0/lib/python2.7/site-packages/matplotlib/image.py || prior_files_edited: lib/matplotlib/legend.py|test_draggable.py || error_failure_assertion_lines: ERROR: pip's dependency resolver does not currently take into account all the packages that are installed. This behaviour is the source of the following dependency conflicts.|565→ except AttributeError:|576→ raise ValueError(f""Invalid labelcolor: {labelc..."
matplotlib__matplotlib-10050,same_file_transfer,memory,no_memory,high,Consistent with prior context exposing the target gold file and the successful run modifying that file.,/home/shashwatsuthar/research/openhands-adp-memory/analysis/contextbench_posthoc/20260606_220027/remote/execution_full_qwen36_65k_fix1_minimal/matplotlib__matplotlib-10050/no_memory|/home/shashwatsuthar/research/openhands-adp-memory/analysis/contextbench_posthoc/20260606_220027/remote/execution_full_qwen36_65k_fix1_minimal/matplotlib__matplotlib-10050/memory,"prior_files_inspected: lib/matplotlib/legend.py|../test_draggable.py|examples/text_labels_and_annotations/legend.py|Applications/ADFRsuite-1.0/lib/python2.7/site-packages/matplotlib/pyplot.py|Applications/ADFRsuite-1.0/lib/python2.7/site-packages/matplotlib/figure.py|Applications/ADFRsuite-1.0/lib/python2.7/site-packages/matplotlib/image.py || prior_files_edited: lib/matplotlib/legend.py|test_draggable.py || error_failure_assertion_lines: - Traceback (most recent call last):|- ImportError: dlopen(/Applications/ADFRsuite-1.0/lib/python2.7/site-packages/matplotlib/_png.so, 0x0002): Library not loaded: /usr/local/lib/libpng12.0.dylib|565→ except AttributeError:|576→ raise ValueError(f""Invali..."
matplotlib__matplotlib-10050,localization_hint,memory,no_memory,medium,Consistent with prior-context localization: the winning run reached a target gold file or directory.,/home/shashwatsuthar/research/openhands-adp-memory/analysis/contextbench_posthoc/20260606_220027/remote/execution_full_qwen36_65k_fix1_minimal/matplotlib__matplotlib-10050/no_memory|/home/shashwatsuthar/research/openhands-adp-memory/analysis/contextbench_posthoc/20260606_220027/remote/execution_full_qwen36_65k_fix1_minimal/matplotlib__matplotlib-10050/memory,"prior_files_inspected: lib/matplotlib/legend.py|../test_draggable.py|examples/text_labels_and_annotations/legend.py|Applications/ADFRsuite-1.0/lib/python2.7/site-packages/matplotlib/pyplot.py|Applications/ADFRsuite-1.0/lib/python2.7/site-packages/matplotlib/figure.py|Applications/ADFRsuite-1.0/lib/python2.7/site-packages/matplotlib/image.py || prior_files_edited: lib/matplotlib/legend.py|test_draggable.py || error_failure_assertion_lines: - Traceback (most recent call last):|- ImportError: dlopen(/Applications/ADFRsuite-1.0/lib/python2.7/site-packages/matplotlib/_png.so, 0x0002): Library not loaded: /usr/local/lib/libpng12.0.dylib|565→ except AttributeError:|576→ raise ValueError(f""Invali... || first_gold_file_read_step=2"
matplotlib__matplotlib-10050,failure_signature_transfer,memory,no_memory,medium,Consistent with the run observing a failure signature that overlaps prior or target issue evidence.,/home/shashwatsuthar/research/openhands-adp-memory/analysis/contextbench_posthoc/20260606_220027/remote/execution_full_qwen36_65k_fix1_minimal/matplotlib__matplotlib-10050/no_memory|/home/shashwatsuthar/research/openhands-adp-memory/analysis/contextbench_posthoc/20260606_220027/remote/execution_full_qwen36_65k_fix1_minimal/matplotlib__matplotlib-10050/memory,"prior_files_inspected: lib/matplotlib/legend.py|../test_draggable.py|examples/text_labels_and_annotations/legend.py|Applications/ADFRsuite-1.0/lib/python2.7/site-packages/matplotlib/pyplot.py|Applications/ADFRsuite-1.0/lib/python2.7/site-packages/matplotlib/figure.py|Applications/ADFRsuite-1.0/lib/python2.7/site-packages/matplotlib/image.py || prior_files_edited: lib/matplotlib/legend.py|test_draggable.py || error_failure_assertion_lines: - Traceback (most recent call last):|- ImportError: dlopen(/Applications/ADFRsuite-1.0/lib/python2.7/site-packages/matplotlib/_png.so, 0x0002): Library not loaded: /usr/local/lib/libpng12.0.dylib|565→ except AttributeError:|576→ raise ValueError(f""Invali... || run_failures=src/py_exceptions.h|66 raise ValueError(""update parameter '%s' is not supported."" % | 83 raise RuntimeError(""update parameter '%s' is not supported."" % | 429 raise TypeError('Inval..."
matplotlib__matplotlib-10050,patch_shape_transfer,memory,no_memory,medium,Consistent with prior-context patch-shape hints aligning with the successful patch location.,/home/shashwatsuthar/research/openhands-adp-memory/analysis/contextbench_posthoc/20260606_220027/remote/execution_full_qwen36_65k_fix1_minimal/matplotlib__matplotlib-10050/no_memory|/home/shashwatsuthar/research/openhands-adp-memory/analysis/contextbench_posthoc/20260606_220027/remote/execution_full_qwen36_65k_fix1_minimal/matplotlib__matplotlib-10050/memory,"prior_files_inspected: lib/matplotlib/legend.py|../test_draggable.py|examples/text_labels_and_annotations/legend.py|Applications/ADFRsuite-1.0/lib/python2.7/site-packages/matplotlib/pyplot.py|Applications/ADFRsuite-1.0/lib/python2.7/site-packages/matplotlib/figure.py|Applications/ADFRsuite-1.0/lib/python2.7/site-packages/matplotlib/image.py || prior_files_edited: lib/matplotlib/legend.py|test_draggable.py || error_failure_assertion_lines: - Traceback (most recent call last):|- ImportError: dlopen(/Applications/ADFRsuite-1.0/lib/python2.7/site-packages/matplotlib/_png.so, 0x0002): Library not loaded: /usr/local/lib/libpng12.0.dylib|565→ except AttributeError:|576→ raise ValueError(f""Invali..."
matplotlib__matplotlib-10050,procedural_order_transfer,memory,no_memory,low,"Consistent with a prior search/read/edit procedure, but not enough to claim causality.",/home/shashwatsuthar/research/openhands-adp-memory/analysis/contextbench_posthoc/20260606_220027/remote/execution_full_qwen36_65k_fix1_minimal/matplotlib__matplotlib-10050/no_memory|/home/shashwatsuthar/research/openhands-adp-memory/analysis/contextbench_posthoc/20260606_220027/remote/execution_full_qwen36_65k_fix1_minimal/matplotlib__matplotlib-10050/memory,"prior_files_inspected: lib/matplotlib/legend.py|../test_draggable.py|examples/text_labels_and_annotations/legend.py|Applications/ADFRsuite-1.0/lib/python2.7/site-packages/matplotlib/pyplot.py|Applications/ADFRsuite-1.0/lib/python2.7/site-packages/matplotlib/figure.py|Applications/ADFRsuite-1.0/lib/python2.7/site-packages/matplotlib/image.py || prior_files_edited: lib/matplotlib/legend.py|test_draggable.py || error_failure_assertion_lines: - Traceback (most recent call last):|- ImportError: dlopen(/Applications/ADFRsuite-1.0/lib/python2.7/site-packages/matplotlib/_png.so, 0x0002): Library not loaded: /usr/local/lib/libpng12.0.dylib|565→ except AttributeError:|576→ raise ValueError(f""Invali..."
matplotlib__matplotlib-22482,raw_noise_hurt,no_memory,raw;adp;memory,low,Consistent with prior context distracting the agent: no prior representation solved while no_memory did.,/home/shashwatsuthar/research/openhands-adp-memory/analysis/contextbench_posthoc/20260606_220027/remote/execution_full_qwen36_65k_fix1_minimal/matplotlib__matplotlib-22482/adp|/home/shashwatsuthar/research/openhands-adp-memory/analysis/contextbench_posthoc/20260606_220027/remote/execution_full_qwen36_65k_fix1_minimal/matplotlib__matplotlib-22482/no_memory|/home/shashwatsuthar/research/openhands-adp-memory/analysis/contextbench_posthoc/20260606_220027/remote/execution_full_qwen36_65k_fix1_minimal/matplotlib__matplotlib-22482/raw|/home/shashwatsuthar/research/openhands-adp-memory/analysis/contextbench_posthoc/20260606_220027/remote/execution_full_qwen36_65k_fix1_minimal/matplotlib__matplotlib-22482/memory,No prior-condition solve; inspect representation_disagreement_cases for run behavior.
matplotlib__matplotlib-22686,same_file_transfer,raw,no_memory,high,Consistent with prior context exposing the target gold file and the successful run modifying that file.,/home/shashwatsuthar/research/openhands-adp-memory/analysis/contextbench_posthoc/20260606_220027/remote/execution_full_qwen36_65k_fix1_minimal/matplotlib__matplotlib-22686/no_memory|/home/shashwatsuthar/research/openhands-adp-memory/analysis/contextbench_posthoc/20260606_220027/remote/execution_full_qwen36_65k_fix1_minimal/matplotlib__matplotlib-22686/raw,"prior_files_inspected: lib/matplotlib/widgets.py|lib/matplotlib/testing/widgets.py || prior_files_edited: lib/matplotlib/widgets.py || error_failure_assertion_lines: IndexError: index 4 is out of bounds for axis 0 with size 4|raise ValueError(|SyntaxError: invalid syntax || grep_search_anchors: **/widgets.py|class RangeSlider|def set_val || patch_shape_hints: 636→ The initial positions of the slider. If None the initial positions|640→ %-format string used to format the slider values. If None, a|936→ return self._observers.connect('changed', lambda val: func(val)) || failure_overlap: IndexError: index 4 is out of bounds for axis 0 with size 4 || raise ValueError( || IndexError: index 4 is ..."
matplotlib__matplotlib-22686,localization_hint,raw,no_memory,medium,Consistent with prior-context localization: the winning run reached a target gold file or directory.,/home/shashwatsuthar/research/openhands-adp-memory/analysis/contextbench_posthoc/20260606_220027/remote/execution_full_qwen36_65k_fix1_minimal/matplotlib__matplotlib-22686/no_memory|/home/shashwatsuthar/research/openhands-adp-memory/analysis/contextbench_posthoc/20260606_220027/remote/execution_full_qwen36_65k_fix1_minimal/matplotlib__matplotlib-22686/raw,"prior_files_inspected: lib/matplotlib/widgets.py|lib/matplotlib/testing/widgets.py || prior_files_edited: lib/matplotlib/widgets.py || error_failure_assertion_lines: IndexError: index 4 is out of bounds for axis 0 with size 4|raise ValueError(|SyntaxError: invalid syntax || grep_search_anchors: **/widgets.py|class RangeSlider|def set_val || patch_shape_hints: 636→ The initial positions of the slider. If None the initial positions|640→ %-format string used to format the slider values. If None, a|936→ return self._observers.connect('changed', lambda val: func(val)) || failure_overlap: IndexError: index 4 is out of bounds for axis 0 with size 4 || raise ValueError( || IndexError: index 4 is ... || first_gold_file_read_step=4"
matplotlib__matplotlib-22686,failure_signature_transfer,raw,no_memory,medium,Consistent with the run observing a failure signature that overlaps prior or target issue evidence.,/home/shashwatsuthar/research/openhands-adp-memory/analysis/contextbench_posthoc/20260606_220027/remote/execution_full_qwen36_65k_fix1_minimal/matplotlib__matplotlib-22686/no_memory|/home/shashwatsuthar/research/openhands-adp-memory/analysis/contextbench_posthoc/20260606_220027/remote/execution_full_qwen36_65k_fix1_minimal/matplotlib__matplotlib-22686/raw,"prior_files_inspected: lib/matplotlib/widgets.py|lib/matplotlib/testing/widgets.py || prior_files_edited: lib/matplotlib/widgets.py || error_failure_assertion_lines: IndexError: index 4 is out of bounds for axis 0 with size 4|raise ValueError(|SyntaxError: invalid syntax || grep_search_anchors: **/widgets.py|class RangeSlider|def set_val || patch_shape_hints: 636→ The initial positions of the slider. If None the initial positions|640→ %-format string used to format the slider values. If None, a|936→ return self._observers.connect('changed', lambda val: func(val)) || failure_overlap: IndexError: index 4 is out of bounds for axis 0 with size 4 || raise ValueError( || IndexError: index 4 is ... || run_failures=Traceback (most recent call last): | ImportError: cannot import name '_c_internal_utils' from partially initialized module 'matplotlib' (most likely due to a circular import) (/tes..."
matplotlib__matplotlib-22686,patch_shape_transfer,raw,no_memory,medium,Consistent with prior-context patch-shape hints aligning with the successful patch location.,/home/shashwatsuthar/research/openhands-adp-memory/analysis/contextbench_posthoc/20260606_220027/remote/execution_full_qwen36_65k_fix1_minimal/matplotlib__matplotlib-22686/no_memory|/home/shashwatsuthar/research/openhands-adp-memory/analysis/contextbench_posthoc/20260606_220027/remote/execution_full_qwen36_65k_fix1_minimal/matplotlib__matplotlib-22686/raw,"prior_files_inspected: lib/matplotlib/widgets.py|lib/matplotlib/testing/widgets.py || prior_files_edited: lib/matplotlib/widgets.py || error_failure_assertion_lines: IndexError: index 4 is out of bounds for axis 0 with size 4|raise ValueError(|SyntaxError: invalid syntax || grep_search_anchors: **/widgets.py|class RangeSlider|def set_val || patch_shape_hints: 636→ The initial positions of the slider. If None the initial positions|640→ %-format string used to format the slider values. If None, a|936→ return self._observers.connect('changed', lambda val: func(val)) || failure_overlap: IndexError: index 4 is out of bounds for axis 0 with size 4 || raise ValueError( || IndexError: index 4 is ..."
matplotlib__matplotlib-22686,procedural_order_transfer,raw,no_memory,low,"Consistent with a prior search/read/edit procedure, but not enough to claim causality.",/home/shashwatsuthar/research/openhands-adp-memory/analysis/contextbench_posthoc/20260606_220027/remote/execution_full_qwen36_65k_fix1_minimal/matplotlib__matplotlib-22686/no_memory|/home/shashwatsuthar/research/openhands-adp-memory/analysis/contextbench_posthoc/20260606_220027/remote/execution_full_qwen36_65k_fix1_minimal/matplotlib__matplotlib-22686/raw,"prior_files_inspected: lib/matplotlib/widgets.py|lib/matplotlib/testing/widgets.py || prior_files_edited: lib/matplotlib/widgets.py || error_failure_assertion_lines: IndexError: index 4 is out of bounds for axis 0 with size 4|raise ValueError(|SyntaxError: invalid syntax || grep_search_anchors: **/widgets.py|class RangeSlider|def set_val || patch_shape_hints: 636→ The initial positions of the slider. If None the initial positions|640→ %-format string used to format the slider values. If None, a|936→ return self._observers.connect('changed', lambda val: func(val)) || failure_overlap: IndexError: index 4 is out of bounds for axis 0 with size 4 || raise ValueError( || IndexError: index 4 is ..."
matplotlib__matplotlib-22686,same_file_transfer,adp,no_memory,high,Consistent with prior context exposing the target gold file and the successful run modifying that file.,/home/shashwatsuthar/research/openhands-adp-memory/analysis/contextbench_posthoc/20260606_220027/remote/execution_full_qwen36_65k_fix1_minimal/matplotlib__matplotlib-22686/adp|/home/shashwatsuthar/research/openhands-adp-memory/analysis/contextbench_posthoc/20260606_220027/remote/execution_full_qwen36_65k_fix1_minimal/matplotlib__matplotlib-22686/no_memory,"prior_files_inspected: lib/matplotlib/testing/widgets.py|lib/matplotlib/widgets.py || prior_files_edited: lib/matplotlib/widgets.py|test_rangeslider.py|test_rangeslider_comprehensive.py || error_failure_assertion_lines: SyntaxError: invalid syntax || grep_search_anchors: **/widgets.py|class RangeSlider|def set_val || patch_shape_hints: 636→ The initial positions of the slider. If None the initial positions|640→ %-format string used to format the slider values. If None, a|936→ return self._observers.connect('changed', lambda val: func(val)) || failure_overlap: SyntaxError: invalid syntax || IndexError: index 4 is out of bounds for axis 0 with size 4 || raise ValueError("
matplotlib__matplotlib-22686,localization_hint,adp,no_memory,medium,Consistent with prior-context localization: the winning run reached a target gold file or directory.,/home/shashwatsuthar/research/openhands-adp-memory/analysis/contextbench_posthoc/20260606_220027/remote/execution_full_qwen36_65k_fix1_minimal/matplotlib__matplotlib-22686/adp|/home/shashwatsuthar/research/openhands-adp-memory/analysis/contextbench_posthoc/20260606_220027/remote/execution_full_qwen36_65k_fix1_minimal/matplotlib__matplotlib-22686/no_memory,"prior_files_inspected: lib/matplotlib/testing/widgets.py|lib/matplotlib/widgets.py || prior_files_edited: lib/matplotlib/widgets.py|test_rangeslider.py|test_rangeslider_comprehensive.py || error_failure_assertion_lines: SyntaxError: invalid syntax || grep_search_anchors: **/widgets.py|class RangeSlider|def set_val || patch_shape_hints: 636→ The initial positions of the slider. If None the initial positions|640→ %-format string used to format the slider values. If None, a|936→ return self._observers.connect('changed', lambda val: func(val)) || failure_overlap: SyntaxError: invalid syntax || IndexError: index 4 is out of bounds for axis 0 with size 4 || raise ValueError( || first_gold_file_read_step=3"
matplotlib__matplotlib-22686,failure_signature_transfer,adp,no_memory,medium,Consistent with the run observing a failure signature that overlaps prior or target issue evidence.,/home/shashwatsuthar/research/openhands-adp-memory/analysis/contextbench_posthoc/20260606_220027/remote/execution_full_qwen36_65k_fix1_minimal/matplotlib__matplotlib-22686/adp|/home/shashwatsuthar/research/openhands-adp-memory/analysis/contextbench_posthoc/20260606_220027/remote/execution_full_qwen36_65k_fix1_minimal/matplotlib__matplotlib-22686/no_memory,"prior_files_inspected: lib/matplotlib/testing/widgets.py|lib/matplotlib/widgets.py || prior_files_edited: lib/matplotlib/widgets.py|test_rangeslider.py|test_rangeslider_comprehensive.py || error_failure_assertion_lines: SyntaxError: invalid syntax || grep_search_anchors: **/widgets.py|class RangeSlider|def set_val || patch_shape_hints: 636→ The initial positions of the slider. If None the initial positions|640→ %-format string used to format the slider values. If None, a|936→ return self._observers.connect('changed', lambda val: func(val)) || failure_overlap: SyntaxError: invalid syntax || IndexError: index 4 is out of bounds for axis 0 with size 4 || raise ValueError( || run_failures=src/py_exceptions.h|Traceback (most recent call last): | ImportError: cannot import name '_c_internal_utils' from partially initialized module 'matplotlib' (most likely due to a circular import) (/testbe..."
matplotlib__matplotlib-22686,patch_shape_transfer,adp,no_memory,medium,Consistent with prior-context patch-shape hints aligning with the successful patch location.,/home/shashwatsuthar/research/openhands-adp-memory/analysis/contextbench_posthoc/20260606_220027/remote/execution_full_qwen36_65k_fix1_minimal/matplotlib__matplotlib-22686/adp|/home/shashwatsuthar/research/openhands-adp-memory/analysis/contextbench_posthoc/20260606_220027/remote/execution_full_qwen36_65k_fix1_minimal/matplotlib__matplotlib-22686/no_memory,"prior_files_inspected: lib/matplotlib/testing/widgets.py|lib/matplotlib/widgets.py || prior_files_edited: lib/matplotlib/widgets.py|test_rangeslider.py|test_rangeslider_comprehensive.py || error_failure_assertion_lines: SyntaxError: invalid syntax || grep_search_anchors: **/widgets.py|class RangeSlider|def set_val || patch_shape_hints: 636→ The initial positions of the slider. If None the initial positions|640→ %-format string used to format the slider values. If None, a|936→ return self._observers.connect('changed', lambda val: func(val)) || failure_overlap: SyntaxError: invalid syntax || IndexError: index 4 is out of bounds for axis 0 with size 4 || raise ValueError("
matplotlib__matplotlib-22686,procedural_order_transfer,adp,no_memory,low,"Consistent with a prior search/read/edit procedure, but not enough to claim causality.",/home/shashwatsuthar/research/openhands-adp-memory/analysis/contextbench_posthoc/20260606_220027/remote/execution_full_qwen36_65k_fix1_minimal/matplotlib__matplotlib-22686/adp|/home/shashwatsuthar/research/openhands-adp-memory/analysis/contextbench_posthoc/20260606_220027/remote/execution_full_qwen36_65k_fix1_minimal/matplotlib__matplotlib-22686/no_memory,"prior_files_inspected: lib/matplotlib/testing/widgets.py|lib/matplotlib/widgets.py || prior_files_edited: lib/matplotlib/widgets.py|test_rangeslider.py|test_rangeslider_comprehensive.py || error_failure_assertion_lines: SyntaxError: invalid syntax || grep_search_anchors: **/widgets.py|class RangeSlider|def set_val || patch_shape_hints: 636→ The initial positions of the slider. If None the initial positions|640→ %-format string used to format the slider values. If None, a|936→ return self._observers.connect('changed', lambda val: func(val)) || failure_overlap: SyntaxError: invalid syntax || IndexError: index 4 is out of bounds for axis 0 with size 4 || raise ValueError("
matplotlib__matplotlib-22686,same_file_transfer,memory,no_memory,high,Consistent with prior context exposing the target gold file and the successful run modifying that file.,/home/shashwatsuthar/research/openhands-adp-memory/analysis/contextbench_posthoc/20260606_220027/remote/execution_full_qwen36_65k_fix1_minimal/matplotlib__matplotlib-22686/no_memory|/home/shashwatsuthar/research/openhands-adp-memory/analysis/contextbench_posthoc/20260606_220027/remote/execution_full_qwen36_65k_fix1_minimal/matplotlib__matplotlib-22686/memory,prior_files_inspected: lib/matplotlib/widgets.py|lib/matplotlib/testing/widgets.py || prior_files_edited: lib/matplotlib/widgets.py|test_rangeslider.py|test_rangeslider_comprehensive.py || error_failure_assertion_lines: IndexError: index 4 is out of bounds for axis 0 with size 4|raise ValueError(|SyntaxError: invalid syntax || failure_overlap: IndexError: index 4 is out of bounds for axis 0 with size 4 || raise ValueError( || IndexError: index 4 is out of bounds for axis 0 with size 4 || raise ValueError(
matplotlib__matplotlib-22686,localization_hint,memory,no_memory,medium,Consistent with prior-context localization: the winning run reached a target gold file or directory.,/home/shashwatsuthar/research/openhands-adp-memory/analysis/contextbench_posthoc/20260606_220027/remote/execution_full_qwen36_65k_fix1_minimal/matplotlib__matplotlib-22686/no_memory|/home/shashwatsuthar/research/openhands-adp-memory/analysis/contextbench_posthoc/20260606_220027/remote/execution_full_qwen36_65k_fix1_minimal/matplotlib__matplotlib-22686/memory,prior_files_inspected: lib/matplotlib/widgets.py|lib/matplotlib/testing/widgets.py || prior_files_edited: lib/matplotlib/widgets.py|test_rangeslider.py|test_rangeslider_comprehensive.py || error_failure_assertion_lines: IndexError: index 4 is out of bounds for axis 0 with size 4|raise ValueError(|SyntaxError: invalid syntax || failure_overlap: IndexError: index 4 is out of bounds for axis 0 with size 4 || raise ValueError( || IndexError: index 4 is out of bounds for axis 0 with size 4 || raise ValueError( || first_gold_file_read_step=2
matplotlib__matplotlib-22686,failure_signature_transfer,memory,no_memory,medium,Consistent with the run observing a failure signature that overlaps prior or target issue evidence.,/home/shashwatsuthar/research/openhands-adp-memory/analysis/contextbench_posthoc/20260606_220027/remote/execution_full_qwen36_65k_fix1_minimal/matplotlib__matplotlib-22686/no_memory|/home/shashwatsuthar/research/openhands-adp-memory/analysis/contextbench_posthoc/20260606_220027/remote/execution_full_qwen36_65k_fix1_minimal/matplotlib__matplotlib-22686/memory,prior_files_inspected: lib/matplotlib/widgets.py|lib/matplotlib/testing/widgets.py || prior_files_edited: lib/matplotlib/widgets.py|test_rangeslider.py|test_rangeslider_comprehensive.py || error_failure_assertion_lines: IndexError: index 4 is out of bounds for axis 0 with size 4|raise ValueError(|SyntaxError: invalid syntax || failure_overlap: IndexError: index 4 is out of bounds for axis 0 with size 4 || raise ValueError( || IndexError: index 4 is out of bounds for axis 0 with size 4 || raise ValueError( || run_failures=src/py_exceptions.h|Traceback (most recent call last): | ImportError: cannot import name '_c_internal_utils' from partially initialized module 'matplotlib' (most likely due to a circular import) (/testbed/lib/matplotlib/__init__.py)|ERROR: Could not install packages due to an OSError: [Errno 13] Permission denied: '/opt/conda/envs/testbed/lib/python3.8/site-packages/z...
matplotlib__matplotlib-22686,procedural_order_transfer,memory,no_memory,low,"Consistent with a prior search/read/edit procedure, but not enough to claim causality.",/home/shashwatsuthar/research/openhands-adp-memory/analysis/contextbench_posthoc/20260606_220027/remote/execution_full_qwen36_65k_fix1_minimal/matplotlib__matplotlib-22686/no_memory|/home/shashwatsuthar/research/openhands-adp-memory/analysis/contextbench_posthoc/20260606_220027/remote/execution_full_qwen36_65k_fix1_minimal/matplotlib__matplotlib-22686/memory,prior_files_inspected: lib/matplotlib/widgets.py|lib/matplotlib/testing/widgets.py || prior_files_edited: lib/matplotlib/widgets.py|test_rangeslider.py|test_rangeslider_comprehensive.py || error_failure_assertion_lines: IndexError: index 4 is out of bounds for axis 0 with size 4|raise ValueError(|SyntaxError: invalid syntax || failure_overlap: IndexError: index 4 is out of bounds for axis 0 with size 4 || raise ValueError( || IndexError: index 4 is out of bounds for axis 0 with size 4 || raise ValueError(
matplotlib__matplotlib-22706,same_file_transfer,raw,no_memory,high,Consistent with prior context exposing the target gold file and the successful run modifying that file.,/home/shashwatsuthar/research/openhands-adp-memory/analysis/contextbench_posthoc/20260606_220027/remote/execution_full_qwen36_65k_fix1_minimal/matplotlib__matplotlib-22706/no_memory|/home/shashwatsuthar/research/openhands-adp-memory/analysis/contextbench_posthoc/20260606_220027/remote/execution_full_qwen36_65k_fix1_minimal/matplotlib__matplotlib-22706/raw,"prior_files_inspected: lib/matplotlib/widgets.py|lib/matplotlib/testing/widgets.py || prior_files_edited: lib/matplotlib/widgets.py || error_failure_assertion_lines: IndexError: index 4 is out of bounds for axis 0 with size 4|raise ValueError(|SyntaxError: invalid syntax || grep_search_anchors: **/widgets.py|class RangeSlider|def set_val || patch_shape_hints: 636→ The initial positions of the slider. If None the initial positions|640→ %-format string used to format the slider values. If None, a|936→ return self._observers.connect('changed', lambda val: func(val)) || failure_overlap: IndexError: index 4 is out of bounds for axis 0 with size 4 || raise ValueError("
matplotlib__matplotlib-22706,localization_hint,raw,no_memory,medium,Consistent with prior-context localization: the winning run reached a target gold file or directory.,/home/shashwatsuthar/research/openhands-adp-memory/analysis/contextbench_posthoc/20260606_220027/remote/execution_full_qwen36_65k_fix1_minimal/matplotlib__matplotlib-22706/no_memory|/home/shashwatsuthar/research/openhands-adp-memory/analysis/contextbench_posthoc/20260606_220027/remote/execution_full_qwen36_65k_fix1_minimal/matplotlib__matplotlib-22706/raw,"prior_files_inspected: lib/matplotlib/widgets.py|lib/matplotlib/testing/widgets.py || prior_files_edited: lib/matplotlib/widgets.py || error_failure_assertion_lines: IndexError: index 4 is out of bounds for axis 0 with size 4|raise ValueError(|SyntaxError: invalid syntax || grep_search_anchors: **/widgets.py|class RangeSlider|def set_val || patch_shape_hints: 636→ The initial positions of the slider. If None the initial positions|640→ %-format string used to format the slider values. If None, a|936→ return self._observers.connect('changed', lambda val: func(val)) || failure_overlap: IndexError: index 4 is out of bounds for axis 0 with size 4 || raise ValueError( || first_gold_file_read_step=4"
matplotlib__matplotlib-22706,failure_signature_transfer,raw,no_memory,medium,Consistent with the run observing a failure signature that overlaps prior or target issue evidence.,/home/shashwatsuthar/research/openhands-adp-memory/analysis/contextbench_posthoc/20260606_220027/remote/execution_full_qwen36_65k_fix1_minimal/matplotlib__matplotlib-22706/no_memory|/home/shashwatsuthar/research/openhands-adp-memory/analysis/contextbench_posthoc/20260606_220027/remote/execution_full_qwen36_65k_fix1_minimal/matplotlib__matplotlib-22706/raw,"prior_files_inspected: lib/matplotlib/widgets.py|lib/matplotlib/testing/widgets.py || prior_files_edited: lib/matplotlib/widgets.py || error_failure_assertion_lines: IndexError: index 4 is out of bounds for axis 0 with size 4|raise ValueError(|SyntaxError: invalid syntax || grep_search_anchors: **/widgets.py|class RangeSlider|def set_val || patch_shape_hints: 636→ The initial positions of the slider. If None the initial positions|640→ %-format string used to format the slider values. If None, a|936→ return self._observers.connect('changed', lambda val: func(val)) || failure_overlap: IndexError: index 4 is out of bounds for axis 0 with size 4 || raise ValueError( || run_failures=src/py_exceptions.h|lib/matplotlib/testing/exceptions.py|raise ValueError('already locked') | raise ValueError('you do not own this lock') | raise ValueError('Sliders cannot be added to 3D Axes') | raise ValueE..."
matplotlib__matplotlib-22706,patch_shape_transfer,raw,no_memory,medium,Consistent with prior-context patch-shape hints aligning with the successful patch location.,/home/shashwatsuthar/research/openhands-adp-memory/analysis/contextbench_posthoc/20260606_220027/remote/execution_full_qwen36_65k_fix1_minimal/matplotlib__matplotlib-22706/no_memory|/home/shashwatsuthar/research/openhands-adp-memory/analysis/contextbench_posthoc/20260606_220027/remote/execution_full_qwen36_65k_fix1_minimal/matplotlib__matplotlib-22706/raw,"prior_files_inspected: lib/matplotlib/widgets.py|lib/matplotlib/testing/widgets.py || prior_files_edited: lib/matplotlib/widgets.py || error_failure_assertion_lines: IndexError: index 4 is out of bounds for axis 0 with size 4|raise ValueError(|SyntaxError: invalid syntax || grep_search_anchors: **/widgets.py|class RangeSlider|def set_val || patch_shape_hints: 636→ The initial positions of the slider. If None the initial positions|640→ %-format string used to format the slider values. If None, a|936→ return self._observers.connect('changed', lambda val: func(val)) || failure_overlap: IndexError: index 4 is out of bounds for axis 0 with size 4 || raise ValueError("
matplotlib__matplotlib-22706,procedural_order_transfer,raw,no_memory,low,"Consistent with a prior search/read/edit procedure, but not enough to claim causality.",/home/shashwatsuthar/research/openhands-adp-memory/analysis/contextbench_posthoc/20260606_220027/remote/execution_full_qwen36_65k_fix1_minimal/matplotlib__matplotlib-22706/no_memory|/home/shashwatsuthar/research/openhands-adp-memory/analysis/contextbench_posthoc/20260606_220027/remote/execution_full_qwen36_65k_fix1_minimal/matplotlib__matplotlib-22706/raw,"prior_files_inspected: lib/matplotlib/widgets.py|lib/matplotlib/testing/widgets.py || prior_files_edited: lib/matplotlib/widgets.py || error_failure_assertion_lines: IndexError: index 4 is out of bounds for axis 0 with size 4|raise ValueError(|SyntaxError: invalid syntax || grep_search_anchors: **/widgets.py|class RangeSlider|def set_val || patch_shape_hints: 636→ The initial positions of the slider. If None the initial positions|640→ %-format string used to format the slider values. If None, a|936→ return self._observers.connect('changed', lambda val: func(val)) || failure_overlap: IndexError: index 4 is out of bounds for axis 0 with size 4 || raise ValueError("
matplotlib__matplotlib-22706,same_file_transfer,adp,no_memory,high,Consistent with prior context exposing the target gold file and the successful run modifying that file.,/home/shashwatsuthar/research/openhands-adp-memory/analysis/contextbench_posthoc/20260606_220027/remote/execution_full_qwen36_65k_fix1_minimal/matplotlib__matplotlib-22706/adp|/home/shashwatsuthar/research/openhands-adp-memory/analysis/contextbench_posthoc/20260606_220027/remote/execution_full_qwen36_65k_fix1_minimal/matplotlib__matplotlib-22706/no_memory,"prior_files_inspected: lib/matplotlib/testing/widgets.py|lib/matplotlib/widgets.py || prior_files_edited: lib/matplotlib/widgets.py|test_rangeslider.py|test_rangeslider_comprehensive.py || error_failure_assertion_lines: SyntaxError: invalid syntax || grep_search_anchors: **/widgets.py|class RangeSlider|def set_val || patch_shape_hints: 636→ The initial positions of the slider. If None the initial positions|640→ %-format string used to format the slider values. If None, a|936→ return self._observers.connect('changed', lambda val: func(val)) || failure_overlap: SyntaxError: invalid syntax"
matplotlib__matplotlib-22706,localization_hint,adp,no_memory,medium,Consistent with prior-context localization: the winning run reached a target gold file or directory.,/home/shashwatsuthar/research/openhands-adp-memory/analysis/contextbench_posthoc/20260606_220027/remote/execution_full_qwen36_65k_fix1_minimal/matplotlib__matplotlib-22706/adp|/home/shashwatsuthar/research/openhands-adp-memory/analysis/contextbench_posthoc/20260606_220027/remote/execution_full_qwen36_65k_fix1_minimal/matplotlib__matplotlib-22706/no_memory,"prior_files_inspected: lib/matplotlib/testing/widgets.py|lib/matplotlib/widgets.py || prior_files_edited: lib/matplotlib/widgets.py|test_rangeslider.py|test_rangeslider_comprehensive.py || error_failure_assertion_lines: SyntaxError: invalid syntax || grep_search_anchors: **/widgets.py|class RangeSlider|def set_val || patch_shape_hints: 636→ The initial positions of the slider. If None the initial positions|640→ %-format string used to format the slider values. If None, a|936→ return self._observers.connect('changed', lambda val: func(val)) || failure_overlap: SyntaxError: invalid syntax || first_gold_file_read_step=2"
matplotlib__matplotlib-22706,patch_shape_transfer,adp,no_memory,medium,Consistent with prior-context patch-shape hints aligning with the successful patch location.,/home/shashwatsuthar/research/openhands-adp-memory/analysis/contextbench_posthoc/20260606_220027/remote/execution_full_qwen36_65k_fix1_minimal/matplotlib__matplotlib-22706/adp|/home/shashwatsuthar/research/openhands-adp-memory/analysis/contextbench_posthoc/20260606_220027/remote/execution_full_qwen36_65k_fix1_minimal/matplotlib__matplotlib-22706/no_memory,"prior_files_inspected: lib/matplotlib/testing/widgets.py|lib/matplotlib/widgets.py || prior_files_edited: lib/matplotlib/widgets.py|test_rangeslider.py|test_rangeslider_comprehensive.py || error_failure_assertion_lines: SyntaxError: invalid syntax || grep_search_anchors: **/widgets.py|class RangeSlider|def set_val || patch_shape_hints: 636→ The initial positions of the slider. If None the initial positions|640→ %-format string used to format the slider values. If None, a|936→ return self._observers.connect('changed', lambda val: func(val)) || failure_overlap: SyntaxError: invalid syntax"
matplotlib__matplotlib-22706,procedural_order_transfer,adp,no_memory,low,"Consistent with a prior search/read/edit procedure, but not enough to claim causality.",/home/shashwatsuthar/research/openhands-adp-memory/analysis/contextbench_posthoc/20260606_220027/remote/execution_full_qwen36_65k_fix1_minimal/matplotlib__matplotlib-22706/adp|/home/shashwatsuthar/research/openhands-adp-memory/analysis/contextbench_posthoc/20260606_220027/remote/execution_full_qwen36_65k_fix1_minimal/matplotlib__matplotlib-22706/no_memory,"prior_files_inspected: lib/matplotlib/testing/widgets.py|lib/matplotlib/widgets.py || prior_files_edited: lib/matplotlib/widgets.py|test_rangeslider.py|test_rangeslider_comprehensive.py || error_failure_assertion_lines: SyntaxError: invalid syntax || grep_search_anchors: **/widgets.py|class RangeSlider|def set_val || patch_shape_hints: 636→ The initial positions of the slider. If None the initial positions|640→ %-format string used to format the slider values. If None, a|936→ return self._observers.connect('changed', lambda val: func(val)) || failure_overlap: SyntaxError: invalid syntax"
matplotlib__matplotlib-22706,same_file_transfer,memory,no_memory,high,Consistent with prior context exposing the target gold file and the successful run modifying that file.,/home/shashwatsuthar/research/openhands-adp-memory/analysis/contextbench_posthoc/20260606_220027/remote/execution_full_qwen36_65k_fix1_minimal/matplotlib__matplotlib-22706/no_memory|/home/shashwatsuthar/research/openhands-adp-memory/analysis/contextbench_posthoc/20260606_220027/remote/execution_full_qwen36_65k_fix1_minimal/matplotlib__matplotlib-22706/memory,prior_files_inspected: lib/matplotlib/widgets.py|lib/matplotlib/testing/widgets.py || prior_files_edited: lib/matplotlib/widgets.py|test_rangeslider.py|test_rangeslider_comprehensive.py || error_failure_assertion_lines: IndexError: index 4 is out of bounds for axis 0 with size 4|raise ValueError(|SyntaxError: invalid syntax || failure_overlap: IndexError: index 4 is out of bounds for axis 0 with size 4 || raise ValueError(
matplotlib__matplotlib-22706,localization_hint,memory,no_memory,medium,Consistent with prior-context localization: the winning run reached a target gold file or directory.,/home/shashwatsuthar/research/openhands-adp-memory/analysis/contextbench_posthoc/20260606_220027/remote/execution_full_qwen36_65k_fix1_minimal/matplotlib__matplotlib-22706/no_memory|/home/shashwatsuthar/research/openhands-adp-memory/analysis/contextbench_posthoc/20260606_220027/remote/execution_full_qwen36_65k_fix1_minimal/matplotlib__matplotlib-22706/memory,prior_files_inspected: lib/matplotlib/widgets.py|lib/matplotlib/testing/widgets.py || prior_files_edited: lib/matplotlib/widgets.py|test_rangeslider.py|test_rangeslider_comprehensive.py || error_failure_assertion_lines: IndexError: index 4 is out of bounds for axis 0 with size 4|raise ValueError(|SyntaxError: invalid syntax || failure_overlap: IndexError: index 4 is out of bounds for axis 0 with size 4 || raise ValueError( || first_gold_file_read_step=2
matplotlib__matplotlib-22706,failure_signature_transfer,memory,no_memory,medium,Consistent with the run observing a failure signature that overlaps prior or target issue evidence.,/home/shashwatsuthar/research/openhands-adp-memory/analysis/contextbench_posthoc/20260606_220027/remote/execution_full_qwen36_65k_fix1_minimal/matplotlib__matplotlib-22706/no_memory|/home/shashwatsuthar/research/openhands-adp-memory/analysis/contextbench_posthoc/20260606_220027/remote/execution_full_qwen36_65k_fix1_minimal/matplotlib__matplotlib-22706/memory,prior_files_inspected: lib/matplotlib/widgets.py|lib/matplotlib/testing/widgets.py || prior_files_edited: lib/matplotlib/widgets.py|test_rangeslider.py|test_rangeslider_comprehensive.py || error_failure_assertion_lines: IndexError: index 4 is out of bounds for axis 0 with size 4|raise ValueError(|SyntaxError: invalid syntax || failure_overlap: IndexError: index 4 is out of bounds for axis 0 with size 4 || raise ValueError( || run_failures=src/py_exceptions.h|Traceback (most recent call last): | ImportError: cannot import name '_c_internal_utils' from partially initialized module 'matplotlib' (most likely due to a circular import) (/testbed/lib/matplotlib/__init__.py)|ERROR: Could not install packages due to an OSError: [Errno 13] Permission denied: '/opt/conda/envs/testbed/lib/python3.8/site-packages/zipp|Traceback (most recent call last): | ModuleNotFoundError: No module named 'matpl...
matplotlib__matplotlib-22706,procedural_order_transfer,memory,no_memory,low,"Consistent with a prior search/read/edit procedure, but not enough to claim causality.",/home/shashwatsuthar/research/openhands-adp-memory/analysis/contextbench_posthoc/20260606_220027/remote/execution_full_qwen36_65k_fix1_minimal/matplotlib__matplotlib-22706/no_memory|/home/shashwatsuthar/research/openhands-adp-memory/analysis/contextbench_posthoc/20260606_220027/remote/execution_full_qwen36_65k_fix1_minimal/matplotlib__matplotlib-22706/memory,prior_files_inspected: lib/matplotlib/widgets.py|lib/matplotlib/testing/widgets.py || prior_files_edited: lib/matplotlib/widgets.py|test_rangeslider.py|test_rangeslider_comprehensive.py || error_failure_assertion_lines: IndexError: index 4 is out of bounds for axis 0 with size 4|raise ValueError(|SyntaxError: invalid syntax || failure_overlap: IndexError: index 4 is out of bounds for axis 0 with size 4 || raise ValueError(
matplotlib__matplotlib-25352,same_file_transfer,raw,adp;memory;no_memory,high,Consistent with prior context exposing the target gold file and the successful run modifying that file.,/home/shashwatsuthar/research/openhands-adp-memory/analysis/contextbench_posthoc/20260606_220027/remote/execution_full_qwen36_65k_fix1_minimal/matplotlib__matplotlib-25352/adp|/home/shashwatsuthar/research/openhands-adp-memory/analysis/contextbench_posthoc/20260606_220027/remote/execution_full_qwen36_65k_fix1_minimal/matplotlib__matplotlib-25352/no_memory|/home/shashwatsuthar/research/openhands-adp-memory/analysis/contextbench_posthoc/20260606_220027/remote/execution_full_qwen36_65k_fix1_minimal/matplotlib__matplotlib-25352/raw|/home/shashwatsuthar/research/openhands-adp-memory/analysis/contextbench_posthoc/20260606_220027/remote/execution_full_qwen36_65k_fix1_minimal/matplotlib__matplotlib-25352/memory,"prior_files_inspected: lib/matplotlib/figure.py|lib/matplotlib/cbook.py|test_grouper_debug.py|test_grouper_debug2.py|test_matplotlib_pickle.py|final_test.py || prior_files_edited: lib/matplotlib/cbook.py|lib/matplotlib/__init__.py || prior_test_commands: python3 ./swebench_9_15/testbed/test_grouper_debug.py 2>&1 | grep -v ""Error processing|python3 ./swebench_9_15/testbed/final_test.py 2>&1 | grep -v ""Error processing || error_failure_assertion_lines: TypeError: cannot pickle 'weakref.ReferenceType' object|Traceback (most recent call last):|AttributeError: 'NoneType' object has no attribute 'loader'|TypeError: cannot pickle 'weakref' object|FAILURE: TypeError: cannot pickle 'weakref' objec..."
matplotlib__matplotlib-25352,localization_hint,raw,adp;memory;no_memory,medium,Consistent with prior-context localization: the winning run reached a target gold file or directory.,/home/shashwatsuthar/research/openhands-adp-memory/analysis/contextbench_posthoc/20260606_220027/remote/execution_full_qwen36_65k_fix1_minimal/matplotlib__matplotlib-25352/adp|/home/shashwatsuthar/research/openhands-adp-memory/analysis/contextbench_posthoc/20260606_220027/remote/execution_full_qwen36_65k_fix1_minimal/matplotlib__matplotlib-25352/no_memory|/home/shashwatsuthar/research/openhands-adp-memory/analysis/contextbench_posthoc/20260606_220027/remote/execution_full_qwen36_65k_fix1_minimal/matplotlib__matplotlib-25352/raw|/home/shashwatsuthar/research/openhands-adp-memory/analysis/contextbench_posthoc/20260606_220027/remote/execution_full_qwen36_65k_fix1_minimal/matplotlib__matplotlib-25352/memory,"prior_files_inspected: lib/matplotlib/figure.py|lib/matplotlib/cbook.py|test_grouper_debug.py|test_grouper_debug2.py|test_matplotlib_pickle.py|final_test.py || prior_files_edited: lib/matplotlib/cbook.py|lib/matplotlib/__init__.py || prior_test_commands: python3 ./swebench_9_15/testbed/test_grouper_debug.py 2>&1 | grep -v ""Error processing|python3 ./swebench_9_15/testbed/final_test.py 2>&1 | grep -v ""Error processing || error_failure_assertion_lines: TypeError: cannot pickle 'weakref.ReferenceType' object|Traceback (most recent call last):|AttributeError: 'NoneType' object has no attribute 'loader'|TypeError: cannot pickle 'weakref' object|FAILURE: TypeError: cannot pickle 'weakref' objec... || first_gold_file_read_step=3"
matplotlib__matplotlib-25352,failure_signature_transfer,raw,adp;memory;no_memory,medium,Consistent with the run observing a failure signature that overlaps prior or target issue evidence.,/home/shashwatsuthar/research/openhands-adp-memory/analysis/contextbench_posthoc/20260606_220027/remote/execution_full_qwen36_65k_fix1_minimal/matplotlib__matplotlib-25352/adp|/home/shashwatsuthar/research/openhands-adp-memory/analysis/contextbench_posthoc/20260606_220027/remote/execution_full_qwen36_65k_fix1_minimal/matplotlib__matplotlib-25352/no_memory|/home/shashwatsuthar/research/openhands-adp-memory/analysis/contextbench_posthoc/20260606_220027/remote/execution_full_qwen36_65k_fix1_minimal/matplotlib__matplotlib-25352/raw|/home/shashwatsuthar/research/openhands-adp-memory/analysis/contextbench_posthoc/20260606_220027/remote/execution_full_qwen36_65k_fix1_minimal/matplotlib__matplotlib-25352/memory,"prior_files_inspected: lib/matplotlib/figure.py|lib/matplotlib/cbook.py|test_grouper_debug.py|test_grouper_debug2.py|test_matplotlib_pickle.py|final_test.py || prior_files_edited: lib/matplotlib/cbook.py|lib/matplotlib/__init__.py || prior_test_commands: python3 ./swebench_9_15/testbed/test_grouper_debug.py 2>&1 | grep -v ""Error processing|python3 ./swebench_9_15/testbed/final_test.py 2>&1 | grep -v ""Error processing || error_failure_assertion_lines: TypeError: cannot pickle 'weakref.ReferenceType' object|Traceback (most recent call last):|AttributeError: 'NoneType' object has no attribute 'loader'|TypeError: cannot pickle 'weakref' object|FAILURE: TypeError: cannot pickle 'weakref' objec... || run_failures=src/py_exceptions.h|20 import traceback|import traceback | def _exception_printer(exc): | traceback.print_exc() | except TypeError: | exception_handler : callable, optional | If no..."
matplotlib__matplotlib-25352,patch_shape_transfer,raw,adp;memory;no_memory,medium,Consistent with prior-context patch-shape hints aligning with the successful patch location.,/home/shashwatsuthar/research/openhands-adp-memory/analysis/contextbench_posthoc/20260606_220027/remote/execution_full_qwen36_65k_fix1_minimal/matplotlib__matplotlib-25352/adp|/home/shashwatsuthar/research/openhands-adp-memory/analysis/contextbench_posthoc/20260606_220027/remote/execution_full_qwen36_65k_fix1_minimal/matplotlib__matplotlib-25352/no_memory|/home/shashwatsuthar/research/openhands-adp-memory/analysis/contextbench_posthoc/20260606_220027/remote/execution_full_qwen36_65k_fix1_minimal/matplotlib__matplotlib-25352/raw|/home/shashwatsuthar/research/openhands-adp-memory/analysis/contextbench_posthoc/20260606_220027/remote/execution_full_qwen36_65k_fix1_minimal/matplotlib__matplotlib-25352/memory,"prior_files_inspected: lib/matplotlib/figure.py|lib/matplotlib/cbook.py|test_grouper_debug.py|test_grouper_debug2.py|test_matplotlib_pickle.py|final_test.py || prior_files_edited: lib/matplotlib/cbook.py|lib/matplotlib/__init__.py || prior_test_commands: python3 ./swebench_9_15/testbed/test_grouper_debug.py 2>&1 | grep -v ""Error processing|python3 ./swebench_9_15/testbed/final_test.py 2>&1 | grep -v ""Error processing || error_failure_assertion_lines: TypeError: cannot pickle 'weakref.ReferenceType' object|Traceback (most recent call last):|AttributeError: 'NoneType' object has no attribute 'loader'|TypeError: cannot pickle 'weakref' object|FAILURE: TypeError: cannot pickle 'weakref' objec..."
matplotlib__matplotlib-25352,procedural_order_transfer,raw,adp;memory;no_memory,low,"Consistent with a prior search/read/edit procedure, but not enough to claim causality.",/home/shashwatsuthar/research/openhands-adp-memory/analysis/contextbench_posthoc/20260606_220027/remote/execution_full_qwen36_65k_fix1_minimal/matplotlib__matplotlib-25352/adp|/home/shashwatsuthar/research/openhands-adp-memory/analysis/contextbench_posthoc/20260606_220027/remote/execution_full_qwen36_65k_fix1_minimal/matplotlib__matplotlib-25352/no_memory|/home/shashwatsuthar/research/openhands-adp-memory/analysis/contextbench_posthoc/20260606_220027/remote/execution_full_qwen36_65k_fix1_minimal/matplotlib__matplotlib-25352/raw|/home/shashwatsuthar/research/openhands-adp-memory/analysis/contextbench_posthoc/20260606_220027/remote/execution_full_qwen36_65k_fix1_minimal/matplotlib__matplotlib-25352/memory,"prior_files_inspected: lib/matplotlib/figure.py|lib/matplotlib/cbook.py|test_grouper_debug.py|test_grouper_debug2.py|test_matplotlib_pickle.py|final_test.py || prior_files_edited: lib/matplotlib/cbook.py|lib/matplotlib/__init__.py || prior_test_commands: python3 ./swebench_9_15/testbed/test_grouper_debug.py 2>&1 | grep -v ""Error processing|python3 ./swebench_9_15/testbed/final_test.py 2>&1 | grep -v ""Error processing || error_failure_assertion_lines: TypeError: cannot pickle 'weakref.ReferenceType' object|Traceback (most recent call last):|AttributeError: 'NoneType' object has no attribute 'loader'|TypeError: cannot pickle 'weakref' object|FAILURE: TypeError: cannot pickle 'weakref' objec..."
matplotlib__matplotlib-25352,raw_redundancy_helped,raw,adp;memory,low,Consistent with raw transcript redundancy preserving useful evidence for the only successful prior representation.,/home/shashwatsuthar/research/openhands-adp-memory/analysis/contextbench_posthoc/20260606_220027/remote/execution_full_qwen36_65k_fix1_minimal/matplotlib__matplotlib-25352/adp|/home/shashwatsuthar/research/openhands-adp-memory/analysis/contextbench_posthoc/20260606_220027/remote/execution_full_qwen36_65k_fix1_minimal/matplotlib__matplotlib-25352/raw|/home/shashwatsuthar/research/openhands-adp-memory/analysis/contextbench_posthoc/20260606_220027/remote/execution_full_qwen36_65k_fix1_minimal/matplotlib__matplotlib-25352/memory,"prior_files_inspected: lib/matplotlib/figure.py|lib/matplotlib/cbook.py|test_grouper_debug.py|test_grouper_debug2.py|test_matplotlib_pickle.py|final_test.py || prior_files_edited: lib/matplotlib/cbook.py|lib/matplotlib/__init__.py || prior_test_commands: python3 ./swebench_9_15/testbed/test_grouper_debug.py 2>&1 | grep -v ""Error processing|python3 ./swebench_9_15/testbed/final_test.py 2>&1 | grep -v ""Error processing || error_failure_assertion_lines: TypeError: cannot pickle 'weakref.ReferenceType' object|Traceback (most recent call last):|AttributeError: 'NoneType' object has no attribute 'loader'|TypeError: cannot pickle 'weakref' object|FAILURE: TypeError: cannot pickle 'weakref' objec..."
matplotlib__matplotlib-26331,same_directory_transfer,raw,adp;memory;no_memory,medium,Consistent with prior context localizing the agent to the target directory rather than an exact same file.,/home/shashwatsuthar/research/openhands-adp-memory/analysis/contextbench_posthoc/20260606_220027/remote/execution_full_qwen36_65k_fix1_minimal/matplotlib__matplotlib-26331/adp|/home/shashwatsuthar/research/openhands-adp-memory/analysis/contextbench_posthoc/20260606_220027/remote/execution_full_qwen36_65k_fix1_minimal/matplotlib__matplotlib-26331/no_memory|/home/shashwatsuthar/research/openhands-adp-memory/analysis/contextbench_posthoc/20260606_220027/remote/execution_full_qwen36_65k_fix1_minimal/matplotlib__matplotlib-26331/raw|/home/shashwatsuthar/research/openhands-adp-memory/analysis/contextbench_posthoc/20260606_220027/remote/execution_full_qwen36_65k_fix1_minimal/matplotlib__matplotlib-26331/memory,"prior_files_inspected: /home/jonasg/stuff/bugreport_mpl_toolkits_AxesGrid.py|lib/mpl_toolkits/axes_grid1/axes_grid.py|lib/mpl_toolkits/axisartist/axes_grid.py|lib/mpl_toolkits/axes_grid1/mpl_axes.py|lib/mpl_toolkits/axes_grid1/tests/test_axes_grid1.py || prior_files_edited: test_issue.py|lib/mpl_toolkits/axes_grid1/axes_grid.py|lib/matplotlib/__init__.py || prior_test_commands: pytest 5.3.4 py37_0 conda-forge|/opt/homebrew/bin/python3.11 -m pytest lib/mpl_toolkits/axes_grid1/tests/test_axes_grid1.py -v 2>&1 | head -100|ERROR: ./swebench_9_15/testbed/pytest.ini: 'minversion' requires pytest-7.0.0, actual pytest-0.1.dev493+g4964b468c|/opt/homebrew/bin/python3.11 -m pytest ./swebench_9_15/te..."
matplotlib__matplotlib-26331,localization_hint,raw,adp;memory;no_memory,medium,Consistent with prior-context localization: the winning run reached a target gold file or directory.,/home/shashwatsuthar/research/openhands-adp-memory/analysis/contextbench_posthoc/20260606_220027/remote/execution_full_qwen36_65k_fix1_minimal/matplotlib__matplotlib-26331/adp|/home/shashwatsuthar/research/openhands-adp-memory/analysis/contextbench_posthoc/20260606_220027/remote/execution_full_qwen36_65k_fix1_minimal/matplotlib__matplotlib-26331/no_memory|/home/shashwatsuthar/research/openhands-adp-memory/analysis/contextbench_posthoc/20260606_220027/remote/execution_full_qwen36_65k_fix1_minimal/matplotlib__matplotlib-26331/raw|/home/shashwatsuthar/research/openhands-adp-memory/analysis/contextbench_posthoc/20260606_220027/remote/execution_full_qwen36_65k_fix1_minimal/matplotlib__matplotlib-26331/memory,"prior_files_inspected: /home/jonasg/stuff/bugreport_mpl_toolkits_AxesGrid.py|lib/mpl_toolkits/axes_grid1/axes_grid.py|lib/mpl_toolkits/axisartist/axes_grid.py|lib/mpl_toolkits/axes_grid1/mpl_axes.py|lib/mpl_toolkits/axes_grid1/tests/test_axes_grid1.py || prior_files_edited: test_issue.py|lib/mpl_toolkits/axes_grid1/axes_grid.py|lib/matplotlib/__init__.py || prior_test_commands: pytest 5.3.4 py37_0 conda-forge|/opt/homebrew/bin/python3.11 -m pytest lib/mpl_toolkits/axes_grid1/tests/test_axes_grid1.py -v 2>&1 | head -100|ERROR: ./swebench_9_15/testbed/pytest.ini: 'minversion' requires pytest-7.0.0, actual pytest-0.1.dev493+g4964b468c|/opt/homebrew/bin/python3.11 -m pytest ./swebench_9_15/te... || first_gold_file_read_step=3"
matplotlib__matplotlib-26331,test_command_transfer,raw,adp;memory;no_memory,high,Consistent with reuse of a prior-context test or reproduction command.,/home/shashwatsuthar/research/openhands-adp-memory/analysis/contextbench_posthoc/20260606_220027/remote/execution_full_qwen36_65k_fix1_minimal/matplotlib__matplotlib-26331/adp|/home/shashwatsuthar/research/openhands-adp-memory/analysis/contextbench_posthoc/20260606_220027/remote/execution_full_qwen36_65k_fix1_minimal/matplotlib__matplotlib-26331/no_memory|/home/shashwatsuthar/research/openhands-adp-memory/analysis/contextbench_posthoc/20260606_220027/remote/execution_full_qwen36_65k_fix1_minimal/matplotlib__matplotlib-26331/raw|/home/shashwatsuthar/research/openhands-adp-memory/analysis/contextbench_posthoc/20260606_220027/remote/execution_full_qwen36_65k_fix1_minimal/matplotlib__matplotlib-26331/memory,"prior_files_inspected: /home/jonasg/stuff/bugreport_mpl_toolkits_AxesGrid.py|lib/mpl_toolkits/axes_grid1/axes_grid.py|lib/mpl_toolkits/axisartist/axes_grid.py|lib/mpl_toolkits/axes_grid1/mpl_axes.py|lib/mpl_toolkits/axes_grid1/tests/test_axes_grid1.py || prior_files_edited: test_issue.py|lib/mpl_toolkits/axes_grid1/axes_grid.py|lib/matplotlib/__init__.py || prior_test_commands: pytest 5.3.4 py37_0 conda-forge|/opt/homebrew/bin/python3.11 -m pytest lib/mpl_toolkits/axes_grid1/tests/test_axes_grid1.py -v 2>&1 | head -100|ERROR: ./swebench_9_15/testbed/pytest.ini: 'minversion' requires pytest-7.0.0, actual pytest-0.1.dev493+g4964b468c|/opt/homebrew/bin/python3.11 -m pytest ./swebench_9_15/te... || run_tests=cd /testbed && python3 -m pytest lib/mpl_toolkits/axes_grid1/tests/test_axes_grid1.py::test_rgb_axes -xvs 2>&1|cd /testbed && python3 -m pytest lib/mpl_toolkits/axes_grid1/tests/test_..."
matplotlib__matplotlib-26331,failure_signature_transfer,raw,adp;memory;no_memory,medium,Consistent with the run observing a failure signature that overlaps prior or target issue evidence.,/home/shashwatsuthar/research/openhands-adp-memory/analysis/contextbench_posthoc/20260606_220027/remote/execution_full_qwen36_65k_fix1_minimal/matplotlib__matplotlib-26331/adp|/home/shashwatsuthar/research/openhands-adp-memory/analysis/contextbench_posthoc/20260606_220027/remote/execution_full_qwen36_65k_fix1_minimal/matplotlib__matplotlib-26331/no_memory|/home/shashwatsuthar/research/openhands-adp-memory/analysis/contextbench_posthoc/20260606_220027/remote/execution_full_qwen36_65k_fix1_minimal/matplotlib__matplotlib-26331/raw|/home/shashwatsuthar/research/openhands-adp-memory/analysis/contextbench_posthoc/20260606_220027/remote/execution_full_qwen36_65k_fix1_minimal/matplotlib__matplotlib-26331/memory,"prior_files_inspected: /home/jonasg/stuff/bugreport_mpl_toolkits_AxesGrid.py|lib/mpl_toolkits/axes_grid1/axes_grid.py|lib/mpl_toolkits/axisartist/axes_grid.py|lib/mpl_toolkits/axes_grid1/mpl_axes.py|lib/mpl_toolkits/axes_grid1/tests/test_axes_grid1.py || prior_files_edited: test_issue.py|lib/mpl_toolkits/axes_grid1/axes_grid.py|lib/matplotlib/__init__.py || prior_test_commands: pytest 5.3.4 py37_0 conda-forge|/opt/homebrew/bin/python3.11 -m pytest lib/mpl_toolkits/axes_grid1/tests/test_axes_grid1.py -v 2>&1 | head -100|ERROR: ./swebench_9_15/testbed/pytest.ini: 'minversion' requires pytest-7.0.0, actual pytest-0.1.dev493+g4964b468c|/opt/homebrew/bin/python3.11 -m pytest ./swebench_9_15/te... || run_failures=48 except AttributeError: | 133 raise ValueError(|36 raise ValueError(""Unsupported slice"") | 70 raise ValueError(|284 ((1, 1), None, TypeError, ""Incorrect rect format""), | 285 (111..."
matplotlib__matplotlib-26331,patch_shape_transfer,raw,adp;memory;no_memory,medium,Consistent with prior-context patch-shape hints aligning with the successful patch location.,/home/shashwatsuthar/research/openhands-adp-memory/analysis/contextbench_posthoc/20260606_220027/remote/execution_full_qwen36_65k_fix1_minimal/matplotlib__matplotlib-26331/adp|/home/shashwatsuthar/research/openhands-adp-memory/analysis/contextbench_posthoc/20260606_220027/remote/execution_full_qwen36_65k_fix1_minimal/matplotlib__matplotlib-26331/no_memory|/home/shashwatsuthar/research/openhands-adp-memory/analysis/contextbench_posthoc/20260606_220027/remote/execution_full_qwen36_65k_fix1_minimal/matplotlib__matplotlib-26331/raw|/home/shashwatsuthar/research/openhands-adp-memory/analysis/contextbench_posthoc/20260606_220027/remote/execution_full_qwen36_65k_fix1_minimal/matplotlib__matplotlib-26331/memory,"prior_files_inspected: /home/jonasg/stuff/bugreport_mpl_toolkits_AxesGrid.py|lib/mpl_toolkits/axes_grid1/axes_grid.py|lib/mpl_toolkits/axisartist/axes_grid.py|lib/mpl_toolkits/axes_grid1/mpl_axes.py|lib/mpl_toolkits/axes_grid1/tests/test_axes_grid1.py || prior_files_edited: test_issue.py|lib/mpl_toolkits/axes_grid1/axes_grid.py|lib/matplotlib/__init__.py || prior_test_commands: pytest 5.3.4 py37_0 conda-forge|/opt/homebrew/bin/python3.11 -m pytest lib/mpl_toolkits/axes_grid1/tests/test_axes_grid1.py -v 2>&1 | head -100|ERROR: ./swebench_9_15/testbed/pytest.ini: 'minversion' requires pytest-7.0.0, actual pytest-0.1.dev493+g4964b468c|/opt/homebrew/bin/python3.11 -m pytest ./swebench_9_15/te..."
matplotlib__matplotlib-26331,procedural_order_transfer,raw,adp;memory;no_memory,low,"Consistent with a prior search/read/edit procedure, but not enough to claim causality.",/home/shashwatsuthar/research/openhands-adp-memory/analysis/contextbench_posthoc/20260606_220027/remote/execution_full_qwen36_65k_fix1_minimal/matplotlib__matplotlib-26331/adp|/home/shashwatsuthar/research/openhands-adp-memory/analysis/contextbench_posthoc/20260606_220027/remote/execution_full_qwen36_65k_fix1_minimal/matplotlib__matplotlib-26331/no_memory|/home/shashwatsuthar/research/openhands-adp-memory/analysis/contextbench_posthoc/20260606_220027/remote/execution_full_qwen36_65k_fix1_minimal/matplotlib__matplotlib-26331/raw|/home/shashwatsuthar/research/openhands-adp-memory/analysis/contextbench_posthoc/20260606_220027/remote/execution_full_qwen36_65k_fix1_minimal/matplotlib__matplotlib-26331/memory,"prior_files_inspected: /home/jonasg/stuff/bugreport_mpl_toolkits_AxesGrid.py|lib/mpl_toolkits/axes_grid1/axes_grid.py|lib/mpl_toolkits/axisartist/axes_grid.py|lib/mpl_toolkits/axes_grid1/mpl_axes.py|lib/mpl_toolkits/axes_grid1/tests/test_axes_grid1.py || prior_files_edited: test_issue.py|lib/mpl_toolkits/axes_grid1/axes_grid.py|lib/matplotlib/__init__.py || prior_test_commands: pytest 5.3.4 py37_0 conda-forge|/opt/homebrew/bin/python3.11 -m pytest lib/mpl_toolkits/axes_grid1/tests/test_axes_grid1.py -v 2>&1 | head -100|ERROR: ./swebench_9_15/testbed/pytest.ini: 'minversion' requires pytest-7.0.0, actual pytest-0.1.dev493+g4964b468c|/opt/homebrew/bin/python3.11 -m pytest ./swebench_9_15/te..."
matplotlib__matplotlib-26331,raw_redundancy_helped,raw,adp;memory,medium,Consistent with raw transcript redundancy preserving useful evidence for the only successful prior representation.,/home/shashwatsuthar/research/openhands-adp-memory/analysis/contextbench_posthoc/20260606_220027/remote/execution_full_qwen36_65k_fix1_minimal/matplotlib__matplotlib-26331/adp|/home/shashwatsuthar/research/openhands-adp-memory/analysis/contextbench_posthoc/20260606_220027/remote/execution_full_qwen36_65k_fix1_minimal/matplotlib__matplotlib-26331/raw|/home/shashwatsuthar/research/openhands-adp-memory/analysis/contextbench_posthoc/20260606_220027/remote/execution_full_qwen36_65k_fix1_minimal/matplotlib__matplotlib-26331/memory,"prior_files_inspected: /home/jonasg/stuff/bugreport_mpl_toolkits_AxesGrid.py|lib/mpl_toolkits/axes_grid1/axes_grid.py|lib/mpl_toolkits/axisartist/axes_grid.py|lib/mpl_toolkits/axes_grid1/mpl_axes.py|lib/mpl_toolkits/axes_grid1/tests/test_axes_grid1.py || prior_files_edited: test_issue.py|lib/mpl_toolkits/axes_grid1/axes_grid.py|lib/matplotlib/__init__.py || prior_test_commands: pytest 5.3.4 py37_0 conda-forge|/opt/homebrew/bin/python3.11 -m pytest lib/mpl_toolkits/axes_grid1/tests/test_axes_grid1.py -v 2>&1 | head -100|ERROR: ./swebench_9_15/testbed/pytest.ini: 'minversion' requires pytest-7.0.0, actual pytest-0.1.dev493+g4964b468c|/opt/homebrew/bin/python3.11 -m pytest ./swebench_9_15/te..."
matplotlib__matplotlib-27361,same_file_transfer,adp,raw;no_memory,high,Consistent with prior context exposing the target gold file and the successful run modifying that file.,/home/shashwatsuthar/research/openhands-adp-memory/analysis/contextbench_posthoc/20260606_220027/remote/execution_full_qwen36_65k_fix1_minimal/matplotlib__matplotlib-27361/adp|/home/shashwatsuthar/research/openhands-adp-memory/analysis/contextbench_posthoc/20260606_220027/remote/execution_full_qwen36_65k_fix1_minimal/matplotlib__matplotlib-27361/no_memory|/home/shashwatsuthar/research/openhands-adp-memory/analysis/contextbench_posthoc/20260606_220027/remote/execution_full_qwen36_65k_fix1_minimal/matplotlib__matplotlib-27361/raw,"prior_files_inspected: lib/mpl_toolkits/mplot3d/art3d.py|examples/shapes_and_collections/collections.py|lib/matplotlib/collections.py|lib/matplotlib/artist.py|lib/mpl_toolkits/mplot3d/axes3d.py || prior_files_edited: lib/mpl_toolkits/mplot3d/art3d.py|test_comprehensive.py || error_failure_assertion_lines: It fails on the last line with the following traceback:|AttributeError Traceback (most recent call last)|AttributeError: 'Poly3DCollection' object has no attribute '_facecolors2d'|No matches found|print(f""AttributeError: {e}"")|SyntaxError: invalid syntax|878→ raise ValueError('Collections can only map rank 1 arrays')|705→ raise ValueError('verts must be a list of (N, 3) array-like')|708→..."
matplotlib__matplotlib-27361,localization_hint,adp,raw;no_memory,medium,Consistent with prior-context localization: the winning run reached a target gold file or directory.,/home/shashwatsuthar/research/openhands-adp-memory/analysis/contextbench_posthoc/20260606_220027/remote/execution_full_qwen36_65k_fix1_minimal/matplotlib__matplotlib-27361/adp|/home/shashwatsuthar/research/openhands-adp-memory/analysis/contextbench_posthoc/20260606_220027/remote/execution_full_qwen36_65k_fix1_minimal/matplotlib__matplotlib-27361/no_memory|/home/shashwatsuthar/research/openhands-adp-memory/analysis/contextbench_posthoc/20260606_220027/remote/execution_full_qwen36_65k_fix1_minimal/matplotlib__matplotlib-27361/raw,"prior_files_inspected: lib/mpl_toolkits/mplot3d/art3d.py|examples/shapes_and_collections/collections.py|lib/matplotlib/collections.py|lib/matplotlib/artist.py|lib/mpl_toolkits/mplot3d/axes3d.py || prior_files_edited: lib/mpl_toolkits/mplot3d/art3d.py|test_comprehensive.py || error_failure_assertion_lines: It fails on the last line with the following traceback:|AttributeError Traceback (most recent call last)|AttributeError: 'Poly3DCollection' object has no attribute '_facecolors2d'|No matches found|print(f""AttributeError: {e}"")|SyntaxError: invalid syntax|878→ raise ValueError('Collections can only map rank 1 arrays')|705→ raise ValueError('verts must be a list of (N, 3) array-like')|708→... || first_gold_file_read_step=4"
matplotlib__matplotlib-27361,failure_signature_transfer,adp,raw;no_memory,medium,Consistent with the run observing a failure signature that overlaps prior or target issue evidence.,/home/shashwatsuthar/research/openhands-adp-memory/analysis/contextbench_posthoc/20260606_220027/remote/execution_full_qwen36_65k_fix1_minimal/matplotlib__matplotlib-27361/adp|/home/shashwatsuthar/research/openhands-adp-memory/analysis/contextbench_posthoc/20260606_220027/remote/execution_full_qwen36_65k_fix1_minimal/matplotlib__matplotlib-27361/no_memory|/home/shashwatsuthar/research/openhands-adp-memory/analysis/contextbench_posthoc/20260606_220027/remote/execution_full_qwen36_65k_fix1_minimal/matplotlib__matplotlib-27361/raw,"prior_files_inspected: lib/mpl_toolkits/mplot3d/art3d.py|examples/shapes_and_collections/collections.py|lib/matplotlib/collections.py|lib/matplotlib/artist.py|lib/mpl_toolkits/mplot3d/axes3d.py || prior_files_edited: lib/mpl_toolkits/mplot3d/art3d.py|test_comprehensive.py || error_failure_assertion_lines: It fails on the last line with the following traceback:|AttributeError Traceback (most recent call last)|AttributeError: 'Poly3DCollection' object has no attribute '_facecolors2d'|No matches found|print(f""AttributeError: {e}"")|SyntaxError: invalid syntax|878→ raise ValueError('Collections can only map rank 1 arrays')|705→ raise ValueError('verts must be a list of (N, 3) array-like')|708→... || run_failures=src/py_exceptions.h|73 raise ValueError(""'x', 'y', 'z', None or vector of length 3 expected"") | 252 raise RuntimeError(f'{name} must be a sequence') | 322 except (AttributeError, T..."
matplotlib__matplotlib-27361,patch_shape_transfer,adp,raw;no_memory,medium,Consistent with prior-context patch-shape hints aligning with the successful patch location.,/home/shashwatsuthar/research/openhands-adp-memory/analysis/contextbench_posthoc/20260606_220027/remote/execution_full_qwen36_65k_fix1_minimal/matplotlib__matplotlib-27361/adp|/home/shashwatsuthar/research/openhands-adp-memory/analysis/contextbench_posthoc/20260606_220027/remote/execution_full_qwen36_65k_fix1_minimal/matplotlib__matplotlib-27361/no_memory|/home/shashwatsuthar/research/openhands-adp-memory/analysis/contextbench_posthoc/20260606_220027/remote/execution_full_qwen36_65k_fix1_minimal/matplotlib__matplotlib-27361/raw,"prior_files_inspected: lib/mpl_toolkits/mplot3d/art3d.py|examples/shapes_and_collections/collections.py|lib/matplotlib/collections.py|lib/matplotlib/artist.py|lib/mpl_toolkits/mplot3d/axes3d.py || prior_files_edited: lib/mpl_toolkits/mplot3d/art3d.py|test_comprehensive.py || error_failure_assertion_lines: It fails on the last line with the following traceback:|AttributeError Traceback (most recent call last)|AttributeError: 'Poly3DCollection' object has no attribute '_facecolors2d'|No matches found|print(f""AttributeError: {e}"")|SyntaxError: invalid syntax|878→ raise ValueError('Collections can only map rank 1 arrays')|705→ raise ValueError('verts must be a list of (N, 3) array-like')|708→..."
matplotlib__matplotlib-27361,procedural_order_transfer,adp,raw;no_memory,low,"Consistent with a prior search/read/edit procedure, but not enough to claim causality.",/home/shashwatsuthar/research/openhands-adp-memory/analysis/contextbench_posthoc/20260606_220027/remote/execution_full_qwen36_65k_fix1_minimal/matplotlib__matplotlib-27361/adp|/home/shashwatsuthar/research/openhands-adp-memory/analysis/contextbench_posthoc/20260606_220027/remote/execution_full_qwen36_65k_fix1_minimal/matplotlib__matplotlib-27361/no_memory|/home/shashwatsuthar/research/openhands-adp-memory/analysis/contextbench_posthoc/20260606_220027/remote/execution_full_qwen36_65k_fix1_minimal/matplotlib__matplotlib-27361/raw,"prior_files_inspected: lib/mpl_toolkits/mplot3d/art3d.py|examples/shapes_and_collections/collections.py|lib/matplotlib/collections.py|lib/matplotlib/artist.py|lib/mpl_toolkits/mplot3d/axes3d.py || prior_files_edited: lib/mpl_toolkits/mplot3d/art3d.py|test_comprehensive.py || error_failure_assertion_lines: It fails on the last line with the following traceback:|AttributeError Traceback (most recent call last)|AttributeError: 'Poly3DCollection' object has no attribute '_facecolors2d'|No matches found|print(f""AttributeError: {e}"")|SyntaxError: invalid syntax|878→ raise ValueError('Collections can only map rank 1 arrays')|705→ raise ValueError('verts must be a list of (N, 3) array-like')|708→..."
matplotlib__matplotlib-27361,same_file_transfer,memory,raw;no_memory,high,Consistent with prior context exposing the target gold file and the successful run modifying that file.,/home/shashwatsuthar/research/openhands-adp-memory/analysis/contextbench_posthoc/20260606_220027/remote/execution_full_qwen36_65k_fix1_minimal/matplotlib__matplotlib-27361/no_memory|/home/shashwatsuthar/research/openhands-adp-memory/analysis/contextbench_posthoc/20260606_220027/remote/execution_full_qwen36_65k_fix1_minimal/matplotlib__matplotlib-27361/raw|/home/shashwatsuthar/research/openhands-adp-memory/analysis/contextbench_posthoc/20260606_220027/remote/execution_full_qwen36_65k_fix1_minimal/matplotlib__matplotlib-27361/memory,"prior_files_inspected: lib/mpl_toolkits/mplot3d/art3d.py|lib/matplotlib/collections.py|lib/mpl_toolkits/mplot3d/axes3d.py || prior_files_edited: lib/mpl_toolkits/mplot3d/art3d.py|test_comprehensive.py || error_failure_assertion_lines: It fails on the last line with the following traceback:|AttributeError Traceback (most recent call last)|AttributeError: 'Poly3DCollection' object has no attribute '_facecolors2d'|No matches found|print(f""AttributeError: {e}"")|SyntaxError: invalid syntax || grep_search_anchors: art3d.py|__pycache__|collections.py|from matplotlib.collections import PolyCollection; print(dir(PolyCollection))|\n|facecolor || patch_shape_hints: --> 636 return self._facecolors2d|..."
matplotlib__matplotlib-27361,localization_hint,memory,raw;no_memory,medium,Consistent with prior-context localization: the winning run reached a target gold file or directory.,/home/shashwatsuthar/research/openhands-adp-memory/analysis/contextbench_posthoc/20260606_220027/remote/execution_full_qwen36_65k_fix1_minimal/matplotlib__matplotlib-27361/no_memory|/home/shashwatsuthar/research/openhands-adp-memory/analysis/contextbench_posthoc/20260606_220027/remote/execution_full_qwen36_65k_fix1_minimal/matplotlib__matplotlib-27361/raw|/home/shashwatsuthar/research/openhands-adp-memory/analysis/contextbench_posthoc/20260606_220027/remote/execution_full_qwen36_65k_fix1_minimal/matplotlib__matplotlib-27361/memory,"prior_files_inspected: lib/mpl_toolkits/mplot3d/art3d.py|lib/matplotlib/collections.py|lib/mpl_toolkits/mplot3d/axes3d.py || prior_files_edited: lib/mpl_toolkits/mplot3d/art3d.py|test_comprehensive.py || error_failure_assertion_lines: It fails on the last line with the following traceback:|AttributeError Traceback (most recent call last)|AttributeError: 'Poly3DCollection' object has no attribute '_facecolors2d'|No matches found|print(f""AttributeError: {e}"")|SyntaxError: invalid syntax || grep_search_anchors: art3d.py|__pycache__|collections.py|from matplotlib.collections import PolyCollection; print(dir(PolyCollection))|\n|facecolor || patch_shape_hints: --> 636 return self._facecolors2d|... || first_gold_file_read_step=5"
matplotlib__matplotlib-27361,failure_signature_transfer,memory,raw;no_memory,medium,Consistent with the run observing a failure signature that overlaps prior or target issue evidence.,/home/shashwatsuthar/research/openhands-adp-memory/analysis/contextbench_posthoc/20260606_220027/remote/execution_full_qwen36_65k_fix1_minimal/matplotlib__matplotlib-27361/no_memory|/home/shashwatsuthar/research/openhands-adp-memory/analysis/contextbench_posthoc/20260606_220027/remote/execution_full_qwen36_65k_fix1_minimal/matplotlib__matplotlib-27361/raw|/home/shashwatsuthar/research/openhands-adp-memory/analysis/contextbench_posthoc/20260606_220027/remote/execution_full_qwen36_65k_fix1_minimal/matplotlib__matplotlib-27361/memory,"prior_files_inspected: lib/mpl_toolkits/mplot3d/art3d.py|lib/matplotlib/collections.py|lib/mpl_toolkits/mplot3d/axes3d.py || prior_files_edited: lib/mpl_toolkits/mplot3d/art3d.py|test_comprehensive.py || error_failure_assertion_lines: It fails on the last line with the following traceback:|AttributeError Traceback (most recent call last)|AttributeError: 'Poly3DCollection' object has no attribute '_facecolors2d'|No matches found|print(f""AttributeError: {e}"")|SyntaxError: invalid syntax || grep_search_anchors: art3d.py|__pycache__|collections.py|from matplotlib.collections import PolyCollection; print(dir(PolyCollection))|\n|facecolor || patch_shape_hints: --> 636 return self._facecolors2d|... || run_failures=Traceback (most recent call last): | AttributeError: 'PathPatch3D' object has no attribute '_path2d'|raise ValueError(""'x', 'y', 'z', None or vector of length 3 expected"") | raise ..."
matplotlib__matplotlib-27361,patch_shape_transfer,memory,raw;no_memory,medium,Consistent with prior-context patch-shape hints aligning with the successful patch location.,/home/shashwatsuthar/research/openhands-adp-memory/analysis/contextbench_posthoc/20260606_220027/remote/execution_full_qwen36_65k_fix1_minimal/matplotlib__matplotlib-27361/no_memory|/home/shashwatsuthar/research/openhands-adp-memory/analysis/contextbench_posthoc/20260606_220027/remote/execution_full_qwen36_65k_fix1_minimal/matplotlib__matplotlib-27361/raw|/home/shashwatsuthar/research/openhands-adp-memory/analysis/contextbench_posthoc/20260606_220027/remote/execution_full_qwen36_65k_fix1_minimal/matplotlib__matplotlib-27361/memory,"prior_files_inspected: lib/mpl_toolkits/mplot3d/art3d.py|lib/matplotlib/collections.py|lib/mpl_toolkits/mplot3d/axes3d.py || prior_files_edited: lib/mpl_toolkits/mplot3d/art3d.py|test_comprehensive.py || error_failure_assertion_lines: It fails on the last line with the following traceback:|AttributeError Traceback (most recent call last)|AttributeError: 'Poly3DCollection' object has no attribute '_facecolors2d'|No matches found|print(f""AttributeError: {e}"")|SyntaxError: invalid syntax || grep_search_anchors: art3d.py|__pycache__|collections.py|from matplotlib.collections import PolyCollection; print(dir(PolyCollection))|\n|facecolor || patch_shape_hints: --> 636 return self._facecolors2d|..."
matplotlib__matplotlib-27361,procedural_order_transfer,memory,raw;no_memory,low,"Consistent with a prior search/read/edit procedure, but not enough to claim causality.",/home/shashwatsuthar/research/openhands-adp-memory/analysis/contextbench_posthoc/20260606_220027/remote/execution_full_qwen36_65k_fix1_minimal/matplotlib__matplotlib-27361/no_memory|/home/shashwatsuthar/research/openhands-adp-memory/analysis/contextbench_posthoc/20260606_220027/remote/execution_full_qwen36_65k_fix1_minimal/matplotlib__matplotlib-27361/raw|/home/shashwatsuthar/research/openhands-adp-memory/analysis/contextbench_posthoc/20260606_220027/remote/execution_full_qwen36_65k_fix1_minimal/matplotlib__matplotlib-27361/memory,"prior_files_inspected: lib/mpl_toolkits/mplot3d/art3d.py|lib/matplotlib/collections.py|lib/mpl_toolkits/mplot3d/axes3d.py || prior_files_edited: lib/mpl_toolkits/mplot3d/art3d.py|test_comprehensive.py || error_failure_assertion_lines: It fails on the last line with the following traceback:|AttributeError Traceback (most recent call last)|AttributeError: 'Poly3DCollection' object has no attribute '_facecolors2d'|No matches found|print(f""AttributeError: {e}"")|SyntaxError: invalid syntax || grep_search_anchors: art3d.py|__pycache__|collections.py|from matplotlib.collections import PolyCollection; print(dir(PolyCollection))|\n|facecolor || patch_shape_hints: --> 636 return self._facecolors2d|..."
mwaskom__seaborn-3091,same_file_transfer,raw,no_memory,high,Consistent with prior context exposing the target gold file and the successful run modifying that file.,/home/shashwatsuthar/research/openhands-adp-memory/analysis/contextbench_posthoc/20260606_220027/remote/execution_full_qwen36_65k_fix1_minimal/mwaskom__seaborn-3091/no_memory|/home/shashwatsuthar/research/openhands-adp-memory/analysis/contextbench_posthoc/20260606_220027/remote/execution_full_qwen36_65k_fix1_minimal/mwaskom__seaborn-3091/raw,prior_files_inspected: code/seaborn/seaborn/_core/groupby.py|miniconda3/envs/seaborn-py39-latest/lib/python3.9/site-packages/numpy/lib/polynomial.py|miniconda3/envs/seaborn-py39-latest/lib/python3.9/site-packages/numpy/linalg/linalg.py|seaborn/_stats/regression.py|seaborn/_stats/aggregation.py|../test_issue.py|seaborn/_core/groupby.py|opt/anaconda3/lib/python3.8/site-packages/numpy/linalg/linalg.py|tests/_stats/test_regression.py|tests/test_regression.py || prior_files_edited: opt/anaconda3/lib/python3.8/site-packages/numpy/linalg/linalg.py|seaborn/_stats/regression.py || prior_test_commands: 5→import pytest|14→ @pytest.fixture|python3 -m pytest tests/_stats/test_regression.py -v|platform...
mwaskom__seaborn-3091,localization_hint,raw,no_memory,medium,Consistent with prior-context localization: the winning run reached a target gold file or directory.,/home/shashwatsuthar/research/openhands-adp-memory/analysis/contextbench_posthoc/20260606_220027/remote/execution_full_qwen36_65k_fix1_minimal/mwaskom__seaborn-3091/no_memory|/home/shashwatsuthar/research/openhands-adp-memory/analysis/contextbench_posthoc/20260606_220027/remote/execution_full_qwen36_65k_fix1_minimal/mwaskom__seaborn-3091/raw,prior_files_inspected: code/seaborn/seaborn/_core/groupby.py|miniconda3/envs/seaborn-py39-latest/lib/python3.9/site-packages/numpy/lib/polynomial.py|miniconda3/envs/seaborn-py39-latest/lib/python3.9/site-packages/numpy/linalg/linalg.py|seaborn/_stats/regression.py|seaborn/_stats/aggregation.py|../test_issue.py|seaborn/_core/groupby.py|opt/anaconda3/lib/python3.8/site-packages/numpy/linalg/linalg.py|tests/_stats/test_regression.py|tests/test_regression.py || prior_files_edited: opt/anaconda3/lib/python3.8/site-packages/numpy/linalg/linalg.py|seaborn/_stats/regression.py || prior_test_commands: 5→import pytest|14→ @pytest.fixture|python3 -m pytest tests/_stats/test_regression.py -v|platform... || first_gold_file_read_step=2
mwaskom__seaborn-3091,test_command_transfer,raw,no_memory,high,Consistent with reuse of a prior-context test or reproduction command.,/home/shashwatsuthar/research/openhands-adp-memory/analysis/contextbench_posthoc/20260606_220027/remote/execution_full_qwen36_65k_fix1_minimal/mwaskom__seaborn-3091/no_memory|/home/shashwatsuthar/research/openhands-adp-memory/analysis/contextbench_posthoc/20260606_220027/remote/execution_full_qwen36_65k_fix1_minimal/mwaskom__seaborn-3091/raw,prior_files_inspected: code/seaborn/seaborn/_core/groupby.py|miniconda3/envs/seaborn-py39-latest/lib/python3.9/site-packages/numpy/lib/polynomial.py|miniconda3/envs/seaborn-py39-latest/lib/python3.9/site-packages/numpy/linalg/linalg.py|seaborn/_stats/regression.py|seaborn/_stats/aggregation.py|../test_issue.py|seaborn/_core/groupby.py|opt/anaconda3/lib/python3.8/site-packages/numpy/linalg/linalg.py|tests/_stats/test_regression.py|tests/test_regression.py || prior_files_edited: opt/anaconda3/lib/python3.8/site-packages/numpy/linalg/linalg.py|seaborn/_stats/regression.py || prior_test_commands: 5→import pytest|14→ @pytest.fixture|python3 -m pytest tests/_stats/test_regression.py -v|platform... || run_tests=python3 -m pytest tests/_stats/test_regression.py -v 2>&1 | head -50|python3 -m pytest tests/_stats/test_regression.py -v 2>&1
mwaskom__seaborn-3091,failure_signature_transfer,raw,no_memory,medium,Consistent with the run observing a failure signature that overlaps prior or target issue evidence.,/home/shashwatsuthar/research/openhands-adp-memory/analysis/contextbench_posthoc/20260606_220027/remote/execution_full_qwen36_65k_fix1_minimal/mwaskom__seaborn-3091/no_memory|/home/shashwatsuthar/research/openhands-adp-memory/analysis/contextbench_posthoc/20260606_220027/remote/execution_full_qwen36_65k_fix1_minimal/mwaskom__seaborn-3091/raw,prior_files_inspected: code/seaborn/seaborn/_core/groupby.py|miniconda3/envs/seaborn-py39-latest/lib/python3.9/site-packages/numpy/lib/polynomial.py|miniconda3/envs/seaborn-py39-latest/lib/python3.9/site-packages/numpy/linalg/linalg.py|seaborn/_stats/regression.py|seaborn/_stats/aggregation.py|../test_issue.py|seaborn/_core/groupby.py|opt/anaconda3/lib/python3.8/site-packages/numpy/linalg/linalg.py|tests/_stats/test_regression.py|tests/test_regression.py || prior_files_edited: opt/anaconda3/lib/python3.8/site-packages/numpy/linalg/linalg.py|seaborn/_stats/regression.py || prior_test_commands: 5→import pytest|14→ @pytest.fixture|python3 -m pytest tests/_stats/test_regression.py -v|platform... || run_failures=except Exception as e: | print(f'ERROR: {type(e).__name__}: {e}') | ERROR: ValueError: On entry to DLASCL parameter number 4 had an illegal value|except Exception as e: | Error wit...
mwaskom__seaborn-3091,patch_shape_transfer,raw,no_memory,medium,Consistent with prior-context patch-shape hints aligning with the successful patch location.,/home/shashwatsuthar/research/openhands-adp-memory/analysis/contextbench_posthoc/20260606_220027/remote/execution_full_qwen36_65k_fix1_minimal/mwaskom__seaborn-3091/no_memory|/home/shashwatsuthar/research/openhands-adp-memory/analysis/contextbench_posthoc/20260606_220027/remote/execution_full_qwen36_65k_fix1_minimal/mwaskom__seaborn-3091/raw,prior_files_inspected: code/seaborn/seaborn/_core/groupby.py|miniconda3/envs/seaborn-py39-latest/lib/python3.9/site-packages/numpy/lib/polynomial.py|miniconda3/envs/seaborn-py39-latest/lib/python3.9/site-packages/numpy/linalg/linalg.py|seaborn/_stats/regression.py|seaborn/_stats/aggregation.py|../test_issue.py|seaborn/_core/groupby.py|opt/anaconda3/lib/python3.8/site-packages/numpy/linalg/linalg.py|tests/_stats/test_regression.py|tests/test_regression.py || prior_files_edited: opt/anaconda3/lib/python3.8/site-packages/numpy/linalg/linalg.py|seaborn/_stats/regression.py || prior_test_commands: 5→import pytest|14→ @pytest.fixture|python3 -m pytest tests/_stats/test_regression.py -v|platform...
mwaskom__seaborn-3091,same_file_transfer,adp,no_memory,high,Consistent with prior context exposing the target gold file and the successful run modifying that file.,/home/shashwatsuthar/research/openhands-adp-memory/analysis/contextbench_posthoc/20260606_220027/remote/execution_full_qwen36_65k_fix1_minimal/mwaskom__seaborn-3091/adp|/home/shashwatsuthar/research/openhands-adp-memory/analysis/contextbench_posthoc/20260606_220027/remote/execution_full_qwen36_65k_fix1_minimal/mwaskom__seaborn-3091/no_memory,"prior_files_inspected: seaborn/_stats/regression.py|seaborn/_stats/aggregation.py|../test_issue.py|seaborn/_core/groupby.py|opt/anaconda3/lib/python3.8/site-packages/numpy/linalg/linalg.py|../test_comprehensive.py|tests/_stats/test_regression.py|tests/test_regression.py|../test_edge_cases.py || prior_files_edited: seaborn/_stats/regression.py|test_comprehensive.py|test_edge_cases.py || prior_test_commands: 5→import pytest|14→ @pytest.fixture|python3 -m pytest tests/_stats/test_regression.py -v|platform darwin -- Python 3.8.8, pytest-8.3.5, pluggy-1.5.0 -- /opt/anaconda3/bin/python3 || error_failure_assertion_lines: <details><summary>Traceback</summary>|```python-traceback|LinAlgError Trac..."
mwaskom__seaborn-3091,localization_hint,adp,no_memory,medium,Consistent with prior-context localization: the winning run reached a target gold file or directory.,/home/shashwatsuthar/research/openhands-adp-memory/analysis/contextbench_posthoc/20260606_220027/remote/execution_full_qwen36_65k_fix1_minimal/mwaskom__seaborn-3091/adp|/home/shashwatsuthar/research/openhands-adp-memory/analysis/contextbench_posthoc/20260606_220027/remote/execution_full_qwen36_65k_fix1_minimal/mwaskom__seaborn-3091/no_memory,"prior_files_inspected: seaborn/_stats/regression.py|seaborn/_stats/aggregation.py|../test_issue.py|seaborn/_core/groupby.py|opt/anaconda3/lib/python3.8/site-packages/numpy/linalg/linalg.py|../test_comprehensive.py|tests/_stats/test_regression.py|tests/test_regression.py|../test_edge_cases.py || prior_files_edited: seaborn/_stats/regression.py|test_comprehensive.py|test_edge_cases.py || prior_test_commands: 5→import pytest|14→ @pytest.fixture|python3 -m pytest tests/_stats/test_regression.py -v|platform darwin -- Python 3.8.8, pytest-8.3.5, pluggy-1.5.0 -- /opt/anaconda3/bin/python3 || error_failure_assertion_lines: <details><summary>Traceback</summary>|```python-traceback|LinAlgError Trac... || first_gold_file_read_step=2"
mwaskom__seaborn-3091,test_command_transfer,adp,no_memory,high,Consistent with reuse of a prior-context test or reproduction command.,/home/shashwatsuthar/research/openhands-adp-memory/analysis/contextbench_posthoc/20260606_220027/remote/execution_full_qwen36_65k_fix1_minimal/mwaskom__seaborn-3091/adp|/home/shashwatsuthar/research/openhands-adp-memory/analysis/contextbench_posthoc/20260606_220027/remote/execution_full_qwen36_65k_fix1_minimal/mwaskom__seaborn-3091/no_memory,"prior_files_inspected: seaborn/_stats/regression.py|seaborn/_stats/aggregation.py|../test_issue.py|seaborn/_core/groupby.py|opt/anaconda3/lib/python3.8/site-packages/numpy/linalg/linalg.py|../test_comprehensive.py|tests/_stats/test_regression.py|tests/test_regression.py|../test_edge_cases.py || prior_files_edited: seaborn/_stats/regression.py|test_comprehensive.py|test_edge_cases.py || prior_test_commands: 5→import pytest|14→ @pytest.fixture|python3 -m pytest tests/_stats/test_regression.py -v|platform darwin -- Python 3.8.8, pytest-8.3.5, pluggy-1.5.0 -- /opt/anaconda3/bin/python3 || error_failure_assertion_lines: <details><summary>Traceback</summary>|```python-traceback|LinAlgError Trac... || run_tests=cd /testbed && python3 -m pytest tests/_stats/test_regression.py -v 2>&1|cd /testbed && python3 -m pytest tests/test_regression.py -v 2>&1|cd /testbed && python3 -m pytest tests/_stat..."
mwaskom__seaborn-3091,failure_signature_transfer,adp,no_memory,medium,Consistent with the run observing a failure signature that overlaps prior or target issue evidence.,/home/shashwatsuthar/research/openhands-adp-memory/analysis/contextbench_posthoc/20260606_220027/remote/execution_full_qwen36_65k_fix1_minimal/mwaskom__seaborn-3091/adp|/home/shashwatsuthar/research/openhands-adp-memory/analysis/contextbench_posthoc/20260606_220027/remote/execution_full_qwen36_65k_fix1_minimal/mwaskom__seaborn-3091/no_memory,"prior_files_inspected: seaborn/_stats/regression.py|seaborn/_stats/aggregation.py|../test_issue.py|seaborn/_core/groupby.py|opt/anaconda3/lib/python3.8/site-packages/numpy/linalg/linalg.py|../test_comprehensive.py|tests/_stats/test_regression.py|tests/test_regression.py|../test_edge_cases.py || prior_files_edited: seaborn/_stats/regression.py|test_comprehensive.py|test_edge_cases.py || prior_test_commands: 5→import pytest|14→ @pytest.fixture|python3 -m pytest tests/_stats/test_regression.py -v|platform darwin -- Python 3.8.8, pytest-8.3.5, pluggy-1.5.0 -- /opt/anaconda3/bin/python3 || error_failure_assertion_lines: <details><summary>Traceback</summary>|```python-traceback|LinAlgError Trac... || run_failures=Traceback (most recent call last): | AttributeError: 'Plotter' object has no attribute 'layers'|Traceback (most recent call last): | AttributeError: 'Plot' object has no attribute ..."
mwaskom__seaborn-3091,patch_shape_transfer,adp,no_memory,medium,Consistent with prior-context patch-shape hints aligning with the successful patch location.,/home/shashwatsuthar/research/openhands-adp-memory/analysis/contextbench_posthoc/20260606_220027/remote/execution_full_qwen36_65k_fix1_minimal/mwaskom__seaborn-3091/adp|/home/shashwatsuthar/research/openhands-adp-memory/analysis/contextbench_posthoc/20260606_220027/remote/execution_full_qwen36_65k_fix1_minimal/mwaskom__seaborn-3091/no_memory,"prior_files_inspected: seaborn/_stats/regression.py|seaborn/_stats/aggregation.py|../test_issue.py|seaborn/_core/groupby.py|opt/anaconda3/lib/python3.8/site-packages/numpy/linalg/linalg.py|../test_comprehensive.py|tests/_stats/test_regression.py|tests/test_regression.py|../test_edge_cases.py || prior_files_edited: seaborn/_stats/regression.py|test_comprehensive.py|test_edge_cases.py || prior_test_commands: 5→import pytest|14→ @pytest.fixture|python3 -m pytest tests/_stats/test_regression.py -v|platform darwin -- Python 3.8.8, pytest-8.3.5, pluggy-1.5.0 -- /opt/anaconda3/bin/python3 || error_failure_assertion_lines: <details><summary>Traceback</summary>|```python-traceback|LinAlgError Trac..."
mwaskom__seaborn-3091,procedural_order_transfer,adp,no_memory,low,"Consistent with a prior search/read/edit procedure, but not enough to claim causality.",/home/shashwatsuthar/research/openhands-adp-memory/analysis/contextbench_posthoc/20260606_220027/remote/execution_full_qwen36_65k_fix1_minimal/mwaskom__seaborn-3091/adp|/home/shashwatsuthar/research/openhands-adp-memory/analysis/contextbench_posthoc/20260606_220027/remote/execution_full_qwen36_65k_fix1_minimal/mwaskom__seaborn-3091/no_memory,"prior_files_inspected: seaborn/_stats/regression.py|seaborn/_stats/aggregation.py|../test_issue.py|seaborn/_core/groupby.py|opt/anaconda3/lib/python3.8/site-packages/numpy/linalg/linalg.py|../test_comprehensive.py|tests/_stats/test_regression.py|tests/test_regression.py|../test_edge_cases.py || prior_files_edited: seaborn/_stats/regression.py|test_comprehensive.py|test_edge_cases.py || prior_test_commands: 5→import pytest|14→ @pytest.fixture|python3 -m pytest tests/_stats/test_regression.py -v|platform darwin -- Python 3.8.8, pytest-8.3.5, pluggy-1.5.0 -- /opt/anaconda3/bin/python3 || error_failure_assertion_lines: <details><summary>Traceback</summary>|```python-traceback|LinAlgError Trac..."
mwaskom__seaborn-3091,same_file_transfer,memory,no_memory,high,Consistent with prior context exposing the target gold file and the successful run modifying that file.,/home/shashwatsuthar/research/openhands-adp-memory/analysis/contextbench_posthoc/20260606_220027/remote/execution_full_qwen36_65k_fix1_minimal/mwaskom__seaborn-3091/no_memory|/home/shashwatsuthar/research/openhands-adp-memory/analysis/contextbench_posthoc/20260606_220027/remote/execution_full_qwen36_65k_fix1_minimal/mwaskom__seaborn-3091/memory,"prior_files_inspected: code/seaborn/seaborn/_core/groupby.py|miniconda3/envs/seaborn-py39-latest/lib/python3.9/site-packages/numpy/lib/polynomial.py|miniconda3/envs/seaborn-py39-latest/lib/python3.9/site-packages/numpy/linalg/linalg.py|seaborn/_stats/regression.py|seaborn/_stats/aggregation.py|tests/_stats/test_regression.py|tests/test_regression.py || prior_files_edited: seaborn/_stats/regression.py|test_comprehensive.py|test_edge_cases.py || prior_test_commands: 5→import pytest|14→ @pytest.fixture|platform darwin -- Python 3.8.8, pytest-8.3.5, pluggy-1.5.0 -- /opt/anaconda3/bin/python3 || error_failure_assertion_lines: <details><summary>Traceback</summary>|```python-traceback|LinAlgErro..."
mwaskom__seaborn-3091,localization_hint,memory,no_memory,medium,Consistent with prior-context localization: the winning run reached a target gold file or directory.,/home/shashwatsuthar/research/openhands-adp-memory/analysis/contextbench_posthoc/20260606_220027/remote/execution_full_qwen36_65k_fix1_minimal/mwaskom__seaborn-3091/no_memory|/home/shashwatsuthar/research/openhands-adp-memory/analysis/contextbench_posthoc/20260606_220027/remote/execution_full_qwen36_65k_fix1_minimal/mwaskom__seaborn-3091/memory,"prior_files_inspected: code/seaborn/seaborn/_core/groupby.py|miniconda3/envs/seaborn-py39-latest/lib/python3.9/site-packages/numpy/lib/polynomial.py|miniconda3/envs/seaborn-py39-latest/lib/python3.9/site-packages/numpy/linalg/linalg.py|seaborn/_stats/regression.py|seaborn/_stats/aggregation.py|tests/_stats/test_regression.py|tests/test_regression.py || prior_files_edited: seaborn/_stats/regression.py|test_comprehensive.py|test_edge_cases.py || prior_test_commands: 5→import pytest|14→ @pytest.fixture|platform darwin -- Python 3.8.8, pytest-8.3.5, pluggy-1.5.0 -- /opt/anaconda3/bin/python3 || error_failure_assertion_lines: <details><summary>Traceback</summary>|```python-traceback|LinAlgErro... || first_gold_file_read_step=2"
mwaskom__seaborn-3091,failure_signature_transfer,memory,no_memory,medium,Consistent with the run observing a failure signature that overlaps prior or target issue evidence.,/home/shashwatsuthar/research/openhands-adp-memory/analysis/contextbench_posthoc/20260606_220027/remote/execution_full_qwen36_65k_fix1_minimal/mwaskom__seaborn-3091/no_memory|/home/shashwatsuthar/research/openhands-adp-memory/analysis/contextbench_posthoc/20260606_220027/remote/execution_full_qwen36_65k_fix1_minimal/mwaskom__seaborn-3091/memory,"prior_files_inspected: code/seaborn/seaborn/_core/groupby.py|miniconda3/envs/seaborn-py39-latest/lib/python3.9/site-packages/numpy/lib/polynomial.py|miniconda3/envs/seaborn-py39-latest/lib/python3.9/site-packages/numpy/linalg/linalg.py|seaborn/_stats/regression.py|seaborn/_stats/aggregation.py|tests/_stats/test_regression.py|tests/test_regression.py || prior_files_edited: seaborn/_stats/regression.py|test_comprehensive.py|test_edge_cases.py || prior_test_commands: 5→import pytest|14→ @pytest.fixture|platform darwin -- Python 3.8.8, pytest-8.3.5, pluggy-1.5.0 -- /opt/anaconda3/bin/python3 || error_failure_assertion_lines: <details><summary>Traceback</summary>|```python-traceback|LinAlgErro... || run_failures=210 raise TypeError(err) | 240 raise TypeError(err) | 295 except KeyError:|428 raise TypeError(msg) | 450 if error: | 456 raise TypeError(msg)|SyntaxError: f-string: unterminated s..."
mwaskom__seaborn-3091,patch_shape_transfer,memory,no_memory,medium,Consistent with prior-context patch-shape hints aligning with the successful patch location.,/home/shashwatsuthar/research/openhands-adp-memory/analysis/contextbench_posthoc/20260606_220027/remote/execution_full_qwen36_65k_fix1_minimal/mwaskom__seaborn-3091/no_memory|/home/shashwatsuthar/research/openhands-adp-memory/analysis/contextbench_posthoc/20260606_220027/remote/execution_full_qwen36_65k_fix1_minimal/mwaskom__seaborn-3091/memory,"prior_files_inspected: code/seaborn/seaborn/_core/groupby.py|miniconda3/envs/seaborn-py39-latest/lib/python3.9/site-packages/numpy/lib/polynomial.py|miniconda3/envs/seaborn-py39-latest/lib/python3.9/site-packages/numpy/linalg/linalg.py|seaborn/_stats/regression.py|seaborn/_stats/aggregation.py|tests/_stats/test_regression.py|tests/test_regression.py || prior_files_edited: seaborn/_stats/regression.py|test_comprehensive.py|test_edge_cases.py || prior_test_commands: 5→import pytest|14→ @pytest.fixture|platform darwin -- Python 3.8.8, pytest-8.3.5, pluggy-1.5.0 -- /opt/anaconda3/bin/python3 || error_failure_assertion_lines: <details><summary>Traceback</summary>|```python-traceback|LinAlgErro..."
mwaskom__seaborn-3091,procedural_order_transfer,memory,no_memory,low,"Consistent with a prior search/read/edit procedure, but not enough to claim causality.",/home/shashwatsuthar/research/openhands-adp-memory/analysis/contextbench_posthoc/20260606_220027/remote/execution_full_qwen36_65k_fix1_minimal/mwaskom__seaborn-3091/no_memory|/home/shashwatsuthar/research/openhands-adp-memory/analysis/contextbench_posthoc/20260606_220027/remote/execution_full_qwen36_65k_fix1_minimal/mwaskom__seaborn-3091/memory,"prior_files_inspected: code/seaborn/seaborn/_core/groupby.py|miniconda3/envs/seaborn-py39-latest/lib/python3.9/site-packages/numpy/lib/polynomial.py|miniconda3/envs/seaborn-py39-latest/lib/python3.9/site-packages/numpy/linalg/linalg.py|seaborn/_stats/regression.py|seaborn/_stats/aggregation.py|tests/_stats/test_regression.py|tests/test_regression.py || prior_files_edited: seaborn/_stats/regression.py|test_comprehensive.py|test_edge_cases.py || prior_test_commands: 5→import pytest|14→ @pytest.fixture|platform darwin -- Python 3.8.8, pytest-8.3.5, pluggy-1.5.0 -- /opt/anaconda3/bin/python3 || error_failure_assertion_lines: <details><summary>Traceback</summary>|```python-traceback|LinAlgErro..."
pylint-dev__pylint-6471,same_file_transfer,raw,memory;no_memory,high,Consistent with prior context exposing the target gold file and the successful run modifying that file.,/home/shashwatsuthar/research/openhands-adp-memory/analysis/contextbench_posthoc/20260606_220027/remote/execution_full_qwen36_65k_fix1_minimal/pylint-dev__pylint-6471/no_memory|/home/shashwatsuthar/research/openhands-adp-memory/analysis/contextbench_posthoc/20260606_220027/remote/execution_full_qwen36_65k_fix1_minimal/pylint-dev__pylint-6471/raw|/home/shashwatsuthar/research/openhands-adp-memory/analysis/contextbench_posthoc/20260606_220027/remote/execution_full_qwen36_65k_fix1_minimal/pylint-dev__pylint-6471/memory,prior_files_inspected: pylint/lint/base_options.py|pylint/lint/pylinter.py|github.com/PyCQA/pylint/blob/main/CONTRIBUTORS.txt|tests/test_self.py|tests/functional/n/no/no_member_imports.py|tests/functional/n/no/no_member_imports.txt|tests/regrtest_data/directory/package/subpackage/module.py|tests/regrtest_data/directory/package/module.py|tests/regrtest_data/directory/ignored_subdirectory/failing.py || prior_files_edited: pylint/lint/pylinter.py|test_recursive_ignore/src/region_selection.py|test_recursive_ignore/src/gen/about.py || prior_test_commands: /opt/anaconda3/bin/python -m pytest tests/test_self.py::test_ignore_path_recursive -xvs|/opt/anaconda3/bin/python: No module named pytest|py...
pylint-dev__pylint-6471,localization_hint,raw,memory;no_memory,medium,Consistent with prior-context localization: the winning run reached a target gold file or directory.,/home/shashwatsuthar/research/openhands-adp-memory/analysis/contextbench_posthoc/20260606_220027/remote/execution_full_qwen36_65k_fix1_minimal/pylint-dev__pylint-6471/no_memory|/home/shashwatsuthar/research/openhands-adp-memory/analysis/contextbench_posthoc/20260606_220027/remote/execution_full_qwen36_65k_fix1_minimal/pylint-dev__pylint-6471/raw|/home/shashwatsuthar/research/openhands-adp-memory/analysis/contextbench_posthoc/20260606_220027/remote/execution_full_qwen36_65k_fix1_minimal/pylint-dev__pylint-6471/memory,prior_files_inspected: pylint/lint/base_options.py|pylint/lint/pylinter.py|github.com/PyCQA/pylint/blob/main/CONTRIBUTORS.txt|tests/test_self.py|tests/functional/n/no/no_member_imports.py|tests/functional/n/no/no_member_imports.txt|tests/regrtest_data/directory/package/subpackage/module.py|tests/regrtest_data/directory/package/module.py|tests/regrtest_data/directory/ignored_subdirectory/failing.py || prior_files_edited: pylint/lint/pylinter.py|test_recursive_ignore/src/region_selection.py|test_recursive_ignore/src/gen/about.py || prior_test_commands: /opt/anaconda3/bin/python -m pytest tests/test_self.py::test_ignore_path_recursive -xvs|/opt/anaconda3/bin/python: No module named pytest|py... || first_gold_file_read_step=4
pylint-dev__pylint-6471,test_command_transfer,raw,memory;no_memory,high,Consistent with reuse of a prior-context test or reproduction command.,/home/shashwatsuthar/research/openhands-adp-memory/analysis/contextbench_posthoc/20260606_220027/remote/execution_full_qwen36_65k_fix1_minimal/pylint-dev__pylint-6471/no_memory|/home/shashwatsuthar/research/openhands-adp-memory/analysis/contextbench_posthoc/20260606_220027/remote/execution_full_qwen36_65k_fix1_minimal/pylint-dev__pylint-6471/raw|/home/shashwatsuthar/research/openhands-adp-memory/analysis/contextbench_posthoc/20260606_220027/remote/execution_full_qwen36_65k_fix1_minimal/pylint-dev__pylint-6471/memory,"prior_files_inspected: pylint/lint/base_options.py|pylint/lint/pylinter.py|github.com/PyCQA/pylint/blob/main/CONTRIBUTORS.txt|tests/test_self.py|tests/functional/n/no/no_member_imports.py|tests/functional/n/no/no_member_imports.txt|tests/regrtest_data/directory/package/subpackage/module.py|tests/regrtest_data/directory/package/module.py|tests/regrtest_data/directory/ignored_subdirectory/failing.py || prior_files_edited: pylint/lint/pylinter.py|test_recursive_ignore/src/region_selection.py|test_recursive_ignore/src/gen/about.py || prior_test_commands: /opt/anaconda3/bin/python -m pytest tests/test_self.py::test_ignore_path_recursive -xvs|/opt/anaconda3/bin/python: No module named pytest|py... || run_tests=cd /testbed && python -m pytest tests/test_self.py::TestRunPylintWithFiles::test_ignore_path_recursive -xvs 2>&1|cd /testbed && python -m pytest tests/test_self.py -k ""recursive"" -xvs..."
pylint-dev__pylint-6471,failure_signature_transfer,raw,memory;no_memory,medium,Consistent with the run observing a failure signature that overlaps prior or target issue evidence.,/home/shashwatsuthar/research/openhands-adp-memory/analysis/contextbench_posthoc/20260606_220027/remote/execution_full_qwen36_65k_fix1_minimal/pylint-dev__pylint-6471/no_memory|/home/shashwatsuthar/research/openhands-adp-memory/analysis/contextbench_posthoc/20260606_220027/remote/execution_full_qwen36_65k_fix1_minimal/pylint-dev__pylint-6471/raw|/home/shashwatsuthar/research/openhands-adp-memory/analysis/contextbench_posthoc/20260606_220027/remote/execution_full_qwen36_65k_fix1_minimal/pylint-dev__pylint-6471/memory,"prior_files_inspected: pylint/lint/base_options.py|pylint/lint/pylinter.py|github.com/PyCQA/pylint/blob/main/CONTRIBUTORS.txt|tests/test_self.py|tests/functional/n/no/no_member_imports.py|tests/functional/n/no/no_member_imports.txt|tests/regrtest_data/directory/package/subpackage/module.py|tests/regrtest_data/directory/package/module.py|tests/regrtest_data/directory/ignored_subdirectory/failing.py || prior_files_edited: pylint/lint/pylinter.py|test_recursive_ignore/src/region_selection.py|test_recursive_ignore/src/gen/about.py || prior_test_commands: /opt/anaconda3/bin/python -m pytest tests/test_self.py::test_ignore_path_recursive -xvs|/opt/anaconda3/bin/python: No module named pytest|py... || run_failures=pylint/exceptions.py|13 import traceback | 23 from pylint import checkers, exceptions, interfaces, reporters | 110 ""traceback. Please report such errors !"", | 116 ""Used when an exc..."
pylint-dev__pylint-6471,patch_shape_transfer,raw,memory;no_memory,medium,Consistent with prior-context patch-shape hints aligning with the successful patch location.,/home/shashwatsuthar/research/openhands-adp-memory/analysis/contextbench_posthoc/20260606_220027/remote/execution_full_qwen36_65k_fix1_minimal/pylint-dev__pylint-6471/no_memory|/home/shashwatsuthar/research/openhands-adp-memory/analysis/contextbench_posthoc/20260606_220027/remote/execution_full_qwen36_65k_fix1_minimal/pylint-dev__pylint-6471/raw|/home/shashwatsuthar/research/openhands-adp-memory/analysis/contextbench_posthoc/20260606_220027/remote/execution_full_qwen36_65k_fix1_minimal/pylint-dev__pylint-6471/memory,prior_files_inspected: pylint/lint/base_options.py|pylint/lint/pylinter.py|github.com/PyCQA/pylint/blob/main/CONTRIBUTORS.txt|tests/test_self.py|tests/functional/n/no/no_member_imports.py|tests/functional/n/no/no_member_imports.txt|tests/regrtest_data/directory/package/subpackage/module.py|tests/regrtest_data/directory/package/module.py|tests/regrtest_data/directory/ignored_subdirectory/failing.py || prior_files_edited: pylint/lint/pylinter.py|test_recursive_ignore/src/region_selection.py|test_recursive_ignore/src/gen/about.py || prior_test_commands: /opt/anaconda3/bin/python -m pytest tests/test_self.py::test_ignore_path_recursive -xvs|/opt/anaconda3/bin/python: No module named pytest|py...
pylint-dev__pylint-6471,procedural_order_transfer,raw,memory;no_memory,low,"Consistent with a prior search/read/edit procedure, but not enough to claim causality.",/home/shashwatsuthar/research/openhands-adp-memory/analysis/contextbench_posthoc/20260606_220027/remote/execution_full_qwen36_65k_fix1_minimal/pylint-dev__pylint-6471/no_memory|/home/shashwatsuthar/research/openhands-adp-memory/analysis/contextbench_posthoc/20260606_220027/remote/execution_full_qwen36_65k_fix1_minimal/pylint-dev__pylint-6471/raw|/home/shashwatsuthar/research/openhands-adp-memory/analysis/contextbench_posthoc/20260606_220027/remote/execution_full_qwen36_65k_fix1_minimal/pylint-dev__pylint-6471/memory,prior_files_inspected: pylint/lint/base_options.py|pylint/lint/pylinter.py|github.com/PyCQA/pylint/blob/main/CONTRIBUTORS.txt|tests/test_self.py|tests/functional/n/no/no_member_imports.py|tests/functional/n/no/no_member_imports.txt|tests/regrtest_data/directory/package/subpackage/module.py|tests/regrtest_data/directory/package/module.py|tests/regrtest_data/directory/ignored_subdirectory/failing.py || prior_files_edited: pylint/lint/pylinter.py|test_recursive_ignore/src/region_selection.py|test_recursive_ignore/src/gen/about.py || prior_test_commands: /opt/anaconda3/bin/python -m pytest tests/test_self.py::test_ignore_path_recursive -xvs|/opt/anaconda3/bin/python: No module named pytest|py...
pylint-dev__pylint-6471,same_file_transfer,adp,memory;no_memory,high,Consistent with prior context exposing the target gold file and the successful run modifying that file.,/home/shashwatsuthar/research/openhands-adp-memory/analysis/contextbench_posthoc/20260606_220027/remote/execution_full_qwen36_65k_fix1_minimal/pylint-dev__pylint-6471/adp|/home/shashwatsuthar/research/openhands-adp-memory/analysis/contextbench_posthoc/20260606_220027/remote/execution_full_qwen36_65k_fix1_minimal/pylint-dev__pylint-6471/no_memory|/home/shashwatsuthar/research/openhands-adp-memory/analysis/contextbench_posthoc/20260606_220027/remote/execution_full_qwen36_65k_fix1_minimal/pylint-dev__pylint-6471/memory,prior_files_inspected: calculate_session_usage.py|pylint/lint/base_options.py|pylint/lint/pylinter.py|github.com/PyCQA/pylint/blob/main/CONTRIBUTORS.txt|tests/test_self.py|tests/functional/n/no/no_member_imports.txt|tests/regrtest_data/directory/package/module.py|tests/regrtest_data/directory/ignored_subdirectory/failing.py || prior_files_edited: pylint/lint/pylinter.py|test_recursive_ignore/src/region_selection.py|test_recursive_ignore/src/gen/about.py|test_recursive_ignore/pyproject.toml || prior_test_commands: /opt/anaconda3/bin/python -m pytest tests/test_self.py::test_ignore_path_recursive -xvs|/opt/anaconda3/bin/python: No module named pytest|python -m pytest tests/test_self.py::tes...
pylint-dev__pylint-6471,localization_hint,adp,memory;no_memory,medium,Consistent with prior-context localization: the winning run reached a target gold file or directory.,/home/shashwatsuthar/research/openhands-adp-memory/analysis/contextbench_posthoc/20260606_220027/remote/execution_full_qwen36_65k_fix1_minimal/pylint-dev__pylint-6471/adp|/home/shashwatsuthar/research/openhands-adp-memory/analysis/contextbench_posthoc/20260606_220027/remote/execution_full_qwen36_65k_fix1_minimal/pylint-dev__pylint-6471/no_memory|/home/shashwatsuthar/research/openhands-adp-memory/analysis/contextbench_posthoc/20260606_220027/remote/execution_full_qwen36_65k_fix1_minimal/pylint-dev__pylint-6471/memory,prior_files_inspected: calculate_session_usage.py|pylint/lint/base_options.py|pylint/lint/pylinter.py|github.com/PyCQA/pylint/blob/main/CONTRIBUTORS.txt|tests/test_self.py|tests/functional/n/no/no_member_imports.txt|tests/regrtest_data/directory/package/module.py|tests/regrtest_data/directory/ignored_subdirectory/failing.py || prior_files_edited: pylint/lint/pylinter.py|test_recursive_ignore/src/region_selection.py|test_recursive_ignore/src/gen/about.py|test_recursive_ignore/pyproject.toml || prior_test_commands: /opt/anaconda3/bin/python -m pytest tests/test_self.py::test_ignore_path_recursive -xvs|/opt/anaconda3/bin/python: No module named pytest|python -m pytest tests/test_self.py::tes... || first_gold_file_read_step=3
pylint-dev__pylint-6471,test_command_transfer,adp,memory;no_memory,high,Consistent with reuse of a prior-context test or reproduction command.,/home/shashwatsuthar/research/openhands-adp-memory/analysis/contextbench_posthoc/20260606_220027/remote/execution_full_qwen36_65k_fix1_minimal/pylint-dev__pylint-6471/adp|/home/shashwatsuthar/research/openhands-adp-memory/analysis/contextbench_posthoc/20260606_220027/remote/execution_full_qwen36_65k_fix1_minimal/pylint-dev__pylint-6471/no_memory|/home/shashwatsuthar/research/openhands-adp-memory/analysis/contextbench_posthoc/20260606_220027/remote/execution_full_qwen36_65k_fix1_minimal/pylint-dev__pylint-6471/memory,"prior_files_inspected: calculate_session_usage.py|pylint/lint/base_options.py|pylint/lint/pylinter.py|github.com/PyCQA/pylint/blob/main/CONTRIBUTORS.txt|tests/test_self.py|tests/functional/n/no/no_member_imports.txt|tests/regrtest_data/directory/package/module.py|tests/regrtest_data/directory/ignored_subdirectory/failing.py || prior_files_edited: pylint/lint/pylinter.py|test_recursive_ignore/src/region_selection.py|test_recursive_ignore/src/gen/about.py|test_recursive_ignore/pyproject.toml || prior_test_commands: /opt/anaconda3/bin/python -m pytest tests/test_self.py::test_ignore_path_recursive -xvs|/opt/anaconda3/bin/python: No module named pytest|python -m pytest tests/test_self.py::tes... || run_tests=cd /testbed && python -m pytest tests/test_self.py::LinterUnitTestCase::test_ignore_recursive -xvs 2>&1|cd /testbed && python -m pytest tests/test_self.py -k ""ignore_recursive"" -xvs 2..."
pylint-dev__pylint-6471,failure_signature_transfer,adp,memory;no_memory,medium,Consistent with the run observing a failure signature that overlaps prior or target issue evidence.,/home/shashwatsuthar/research/openhands-adp-memory/analysis/contextbench_posthoc/20260606_220027/remote/execution_full_qwen36_65k_fix1_minimal/pylint-dev__pylint-6471/adp|/home/shashwatsuthar/research/openhands-adp-memory/analysis/contextbench_posthoc/20260606_220027/remote/execution_full_qwen36_65k_fix1_minimal/pylint-dev__pylint-6471/no_memory|/home/shashwatsuthar/research/openhands-adp-memory/analysis/contextbench_posthoc/20260606_220027/remote/execution_full_qwen36_65k_fix1_minimal/pylint-dev__pylint-6471/memory,"prior_files_inspected: calculate_session_usage.py|pylint/lint/base_options.py|pylint/lint/pylinter.py|github.com/PyCQA/pylint/blob/main/CONTRIBUTORS.txt|tests/test_self.py|tests/functional/n/no/no_member_imports.txt|tests/regrtest_data/directory/package/module.py|tests/regrtest_data/directory/ignored_subdirectory/failing.py || prior_files_edited: pylint/lint/pylinter.py|test_recursive_ignore/src/region_selection.py|test_recursive_ignore/src/gen/about.py|test_recursive_ignore/pyproject.toml || prior_test_commands: /opt/anaconda3/bin/python -m pytest tests/test_self.py::test_ignore_path_recursive -xvs|/opt/anaconda3/bin/python: No module named pytest|python -m pytest tests/test_self.py::tes... || run_failures=pylint/exceptions.py|13 import traceback | 23 from pylint import checkers, exceptions, interfaces, reporters | 110 ""traceback. Please report such errors !"", | 116 ""Used when an exc..."
pylint-dev__pylint-6471,patch_shape_transfer,adp,memory;no_memory,medium,Consistent with prior-context patch-shape hints aligning with the successful patch location.,/home/shashwatsuthar/research/openhands-adp-memory/analysis/contextbench_posthoc/20260606_220027/remote/execution_full_qwen36_65k_fix1_minimal/pylint-dev__pylint-6471/adp|/home/shashwatsuthar/research/openhands-adp-memory/analysis/contextbench_posthoc/20260606_220027/remote/execution_full_qwen36_65k_fix1_minimal/pylint-dev__pylint-6471/no_memory|/home/shashwatsuthar/research/openhands-adp-memory/analysis/contextbench_posthoc/20260606_220027/remote/execution_full_qwen36_65k_fix1_minimal/pylint-dev__pylint-6471/memory,prior_files_inspected: calculate_session_usage.py|pylint/lint/base_options.py|pylint/lint/pylinter.py|github.com/PyCQA/pylint/blob/main/CONTRIBUTORS.txt|tests/test_self.py|tests/functional/n/no/no_member_imports.txt|tests/regrtest_data/directory/package/module.py|tests/regrtest_data/directory/ignored_subdirectory/failing.py || prior_files_edited: pylint/lint/pylinter.py|test_recursive_ignore/src/region_selection.py|test_recursive_ignore/src/gen/about.py|test_recursive_ignore/pyproject.toml || prior_test_commands: /opt/anaconda3/bin/python -m pytest tests/test_self.py::test_ignore_path_recursive -xvs|/opt/anaconda3/bin/python: No module named pytest|python -m pytest tests/test_self.py::tes...
pylint-dev__pylint-6471,procedural_order_transfer,adp,memory;no_memory,low,"Consistent with a prior search/read/edit procedure, but not enough to claim causality.",/home/shashwatsuthar/research/openhands-adp-memory/analysis/contextbench_posthoc/20260606_220027/remote/execution_full_qwen36_65k_fix1_minimal/pylint-dev__pylint-6471/adp|/home/shashwatsuthar/research/openhands-adp-memory/analysis/contextbench_posthoc/20260606_220027/remote/execution_full_qwen36_65k_fix1_minimal/pylint-dev__pylint-6471/no_memory|/home/shashwatsuthar/research/openhands-adp-memory/analysis/contextbench_posthoc/20260606_220027/remote/execution_full_qwen36_65k_fix1_minimal/pylint-dev__pylint-6471/memory,prior_files_inspected: calculate_session_usage.py|pylint/lint/base_options.py|pylint/lint/pylinter.py|github.com/PyCQA/pylint/blob/main/CONTRIBUTORS.txt|tests/test_self.py|tests/functional/n/no/no_member_imports.txt|tests/regrtest_data/directory/package/module.py|tests/regrtest_data/directory/ignored_subdirectory/failing.py || prior_files_edited: pylint/lint/pylinter.py|test_recursive_ignore/src/region_selection.py|test_recursive_ignore/src/gen/about.py|test_recursive_ignore/pyproject.toml || prior_test_commands: /opt/anaconda3/bin/python -m pytest tests/test_self.py::test_ignore_path_recursive -xvs|/opt/anaconda3/bin/python: No module named pytest|python -m pytest tests/test_self.py::tes...
scikit-learn__scikit-learn-12622,same_file_transfer,raw,no_memory,high,Consistent with prior context exposing the target gold file and the successful run modifying that file.,/home/shashwatsuthar/research/openhands-adp-memory/analysis/contextbench_posthoc/20260606_220027/remote/execution_full_qwen36_65k_fix1_minimal/scikit-learn__scikit-learn-12622/no_memory|/home/shashwatsuthar/research/openhands-adp-memory/analysis/contextbench_posthoc/20260606_220027/remote/execution_full_qwen36_65k_fix1_minimal/scikit-learn__scikit-learn-12622/raw,"prior_files_inspected: sklearn/utils/validation.py|sklearn/utils/__init__.py|sklearn/model_selection/tests/test_validation.py|sklearn/utils/tests/test_validation.py || prior_files_edited: sklearn/utils/validation.py|sklearn/utils/tests/test_validation.py || prior_test_commands: 8→import pytest || error_failure_assertion_lines: ```python-traceback|24→from ..exceptions import NonBLASDotWarning|25→from ..exceptions import NotFittedError|26→from ..exceptions import DataConversionWarning|print(f""Import error: {e}"")|SyntaxError: invalid syntax|Import error: No module named pandas|Traceback (most recent call last):|ImportError: No module named pandas|Import error: No module named 'sklearn.utils...."
scikit-learn__scikit-learn-12622,localization_hint,raw,no_memory,medium,Consistent with prior-context localization: the winning run reached a target gold file or directory.,/home/shashwatsuthar/research/openhands-adp-memory/analysis/contextbench_posthoc/20260606_220027/remote/execution_full_qwen36_65k_fix1_minimal/scikit-learn__scikit-learn-12622/no_memory|/home/shashwatsuthar/research/openhands-adp-memory/analysis/contextbench_posthoc/20260606_220027/remote/execution_full_qwen36_65k_fix1_minimal/scikit-learn__scikit-learn-12622/raw,"prior_files_inspected: sklearn/utils/validation.py|sklearn/utils/__init__.py|sklearn/model_selection/tests/test_validation.py|sklearn/utils/tests/test_validation.py || prior_files_edited: sklearn/utils/validation.py|sklearn/utils/tests/test_validation.py || prior_test_commands: 8→import pytest || error_failure_assertion_lines: ```python-traceback|24→from ..exceptions import NonBLASDotWarning|25→from ..exceptions import NotFittedError|26→from ..exceptions import DataConversionWarning|print(f""Import error: {e}"")|SyntaxError: invalid syntax|Import error: No module named pandas|Traceback (most recent call last):|ImportError: No module named pandas|Import error: No module named 'sklearn.utils.... || first_gold_file_read_step=5"
scikit-learn__scikit-learn-12622,failure_signature_transfer,raw,no_memory,medium,Consistent with the run observing a failure signature that overlaps prior or target issue evidence.,/home/shashwatsuthar/research/openhands-adp-memory/analysis/contextbench_posthoc/20260606_220027/remote/execution_full_qwen36_65k_fix1_minimal/scikit-learn__scikit-learn-12622/no_memory|/home/shashwatsuthar/research/openhands-adp-memory/analysis/contextbench_posthoc/20260606_220027/remote/execution_full_qwen36_65k_fix1_minimal/scikit-learn__scikit-learn-12622/raw,"prior_files_inspected: sklearn/utils/validation.py|sklearn/utils/__init__.py|sklearn/model_selection/tests/test_validation.py|sklearn/utils/tests/test_validation.py || prior_files_edited: sklearn/utils/validation.py|sklearn/utils/tests/test_validation.py || prior_test_commands: 8→import pytest || error_failure_assertion_lines: ```python-traceback|24→from ..exceptions import NonBLASDotWarning|25→from ..exceptions import NotFittedError|26→from ..exceptions import DataConversionWarning|print(f""Import error: {e}"")|SyntaxError: invalid syntax|Import error: No module named pandas|Traceback (most recent call last):|ImportError: No module named pandas|Import error: No module named 'sklearn.utils.... || run_failures=sklearn/exceptions.py|148 raise ValueError( | 152 raise ValueError(""Can only scale sparse matrix on axis=0, ""|24 from ..exceptions import NonBLASDotWarning | 25 from ..exceptions i..."
scikit-learn__scikit-learn-12622,patch_shape_transfer,raw,no_memory,medium,Consistent with prior-context patch-shape hints aligning with the successful patch location.,/home/shashwatsuthar/research/openhands-adp-memory/analysis/contextbench_posthoc/20260606_220027/remote/execution_full_qwen36_65k_fix1_minimal/scikit-learn__scikit-learn-12622/no_memory|/home/shashwatsuthar/research/openhands-adp-memory/analysis/contextbench_posthoc/20260606_220027/remote/execution_full_qwen36_65k_fix1_minimal/scikit-learn__scikit-learn-12622/raw,"prior_files_inspected: sklearn/utils/validation.py|sklearn/utils/__init__.py|sklearn/model_selection/tests/test_validation.py|sklearn/utils/tests/test_validation.py || prior_files_edited: sklearn/utils/validation.py|sklearn/utils/tests/test_validation.py || prior_test_commands: 8→import pytest || error_failure_assertion_lines: ```python-traceback|24→from ..exceptions import NonBLASDotWarning|25→from ..exceptions import NotFittedError|26→from ..exceptions import DataConversionWarning|print(f""Import error: {e}"")|SyntaxError: invalid syntax|Import error: No module named pandas|Traceback (most recent call last):|ImportError: No module named pandas|Import error: No module named 'sklearn.utils...."
scikit-learn__scikit-learn-12622,procedural_order_transfer,raw,no_memory,low,"Consistent with a prior search/read/edit procedure, but not enough to claim causality.",/home/shashwatsuthar/research/openhands-adp-memory/analysis/contextbench_posthoc/20260606_220027/remote/execution_full_qwen36_65k_fix1_minimal/scikit-learn__scikit-learn-12622/no_memory|/home/shashwatsuthar/research/openhands-adp-memory/analysis/contextbench_posthoc/20260606_220027/remote/execution_full_qwen36_65k_fix1_minimal/scikit-learn__scikit-learn-12622/raw,"prior_files_inspected: sklearn/utils/validation.py|sklearn/utils/__init__.py|sklearn/model_selection/tests/test_validation.py|sklearn/utils/tests/test_validation.py || prior_files_edited: sklearn/utils/validation.py|sklearn/utils/tests/test_validation.py || prior_test_commands: 8→import pytest || error_failure_assertion_lines: ```python-traceback|24→from ..exceptions import NonBLASDotWarning|25→from ..exceptions import NotFittedError|26→from ..exceptions import DataConversionWarning|print(f""Import error: {e}"")|SyntaxError: invalid syntax|Import error: No module named pandas|Traceback (most recent call last):|ImportError: No module named pandas|Import error: No module named 'sklearn.utils...."
scikit-learn__scikit-learn-12622,same_file_transfer,adp,no_memory,high,Consistent with prior context exposing the target gold file and the successful run modifying that file.,/home/shashwatsuthar/research/openhands-adp-memory/analysis/contextbench_posthoc/20260606_220027/remote/execution_full_qwen36_65k_fix1_minimal/scikit-learn__scikit-learn-12622/adp|/home/shashwatsuthar/research/openhands-adp-memory/analysis/contextbench_posthoc/20260606_220027/remote/execution_full_qwen36_65k_fix1_minimal/scikit-learn__scikit-learn-12622/no_memory,"prior_files_inspected: sklearn/utils/validation.py|sklearn/utils/__init__.py|sklearn/model_selection/tests/test_validation.py|sklearn/utils/tests/test_validation.py || prior_files_edited: test_simple.py|sklearn/utils/validation.py|test_fix.py|test_validation_direct.py|sklearn/utils/tests/test_validation.py|test_fix_complete.py|test_original_issue.py|SOLUTION_SUMMARY.md || prior_test_commands: 8→import pytest || error_failure_assertion_lines: ```python-traceback|24→from ..exceptions import NonBLASDotWarning|25→from ..exceptions import NotFittedError|26→from ..exceptions import DataConversionWarning|print(f""Import error: {e}"")|SyntaxError: invalid syntax|Import error: No module named pandas..."
scikit-learn__scikit-learn-12622,localization_hint,adp,no_memory,medium,Consistent with prior-context localization: the winning run reached a target gold file or directory.,/home/shashwatsuthar/research/openhands-adp-memory/analysis/contextbench_posthoc/20260606_220027/remote/execution_full_qwen36_65k_fix1_minimal/scikit-learn__scikit-learn-12622/adp|/home/shashwatsuthar/research/openhands-adp-memory/analysis/contextbench_posthoc/20260606_220027/remote/execution_full_qwen36_65k_fix1_minimal/scikit-learn__scikit-learn-12622/no_memory,"prior_files_inspected: sklearn/utils/validation.py|sklearn/utils/__init__.py|sklearn/model_selection/tests/test_validation.py|sklearn/utils/tests/test_validation.py || prior_files_edited: test_simple.py|sklearn/utils/validation.py|test_fix.py|test_validation_direct.py|sklearn/utils/tests/test_validation.py|test_fix_complete.py|test_original_issue.py|SOLUTION_SUMMARY.md || prior_test_commands: 8→import pytest || error_failure_assertion_lines: ```python-traceback|24→from ..exceptions import NonBLASDotWarning|25→from ..exceptions import NotFittedError|26→from ..exceptions import DataConversionWarning|print(f""Import error: {e}"")|SyntaxError: invalid syntax|Import error: No module named pandas... || first_gold_file_read_step=3"
scikit-learn__scikit-learn-12622,failure_signature_transfer,adp,no_memory,medium,Consistent with the run observing a failure signature that overlaps prior or target issue evidence.,/home/shashwatsuthar/research/openhands-adp-memory/analysis/contextbench_posthoc/20260606_220027/remote/execution_full_qwen36_65k_fix1_minimal/scikit-learn__scikit-learn-12622/adp|/home/shashwatsuthar/research/openhands-adp-memory/analysis/contextbench_posthoc/20260606_220027/remote/execution_full_qwen36_65k_fix1_minimal/scikit-learn__scikit-learn-12622/no_memory,"prior_files_inspected: sklearn/utils/validation.py|sklearn/utils/__init__.py|sklearn/model_selection/tests/test_validation.py|sklearn/utils/tests/test_validation.py || prior_files_edited: test_simple.py|sklearn/utils/validation.py|test_fix.py|test_validation_direct.py|sklearn/utils/tests/test_validation.py|test_fix_complete.py|test_original_issue.py|SOLUTION_SUMMARY.md || prior_test_commands: 8→import pytest || error_failure_assertion_lines: ```python-traceback|24→from ..exceptions import NonBLASDotWarning|25→from ..exceptions import NotFittedError|26→from ..exceptions import DataConversionWarning|print(f""Import error: {e}"")|SyntaxError: invalid syntax|Import error: No module named pandas... || run_failures=587 raise ValueError(""Found array with %d feature(s) (shape=%s) while"" | 614 """"""Raise a ValueError if X has 64bit indices and accept_large_sparse=False|500 raise ValueError('force_..."
scikit-learn__scikit-learn-12622,patch_shape_transfer,adp,no_memory,medium,Consistent with prior-context patch-shape hints aligning with the successful patch location.,/home/shashwatsuthar/research/openhands-adp-memory/analysis/contextbench_posthoc/20260606_220027/remote/execution_full_qwen36_65k_fix1_minimal/scikit-learn__scikit-learn-12622/adp|/home/shashwatsuthar/research/openhands-adp-memory/analysis/contextbench_posthoc/20260606_220027/remote/execution_full_qwen36_65k_fix1_minimal/scikit-learn__scikit-learn-12622/no_memory,"prior_files_inspected: sklearn/utils/validation.py|sklearn/utils/__init__.py|sklearn/model_selection/tests/test_validation.py|sklearn/utils/tests/test_validation.py || prior_files_edited: test_simple.py|sklearn/utils/validation.py|test_fix.py|test_validation_direct.py|sklearn/utils/tests/test_validation.py|test_fix_complete.py|test_original_issue.py|SOLUTION_SUMMARY.md || prior_test_commands: 8→import pytest || error_failure_assertion_lines: ```python-traceback|24→from ..exceptions import NonBLASDotWarning|25→from ..exceptions import NotFittedError|26→from ..exceptions import DataConversionWarning|print(f""Import error: {e}"")|SyntaxError: invalid syntax|Import error: No module named pandas..."
scikit-learn__scikit-learn-12622,procedural_order_transfer,adp,no_memory,low,"Consistent with a prior search/read/edit procedure, but not enough to claim causality.",/home/shashwatsuthar/research/openhands-adp-memory/analysis/contextbench_posthoc/20260606_220027/remote/execution_full_qwen36_65k_fix1_minimal/scikit-learn__scikit-learn-12622/adp|/home/shashwatsuthar/research/openhands-adp-memory/analysis/contextbench_posthoc/20260606_220027/remote/execution_full_qwen36_65k_fix1_minimal/scikit-learn__scikit-learn-12622/no_memory,"prior_files_inspected: sklearn/utils/validation.py|sklearn/utils/__init__.py|sklearn/model_selection/tests/test_validation.py|sklearn/utils/tests/test_validation.py || prior_files_edited: test_simple.py|sklearn/utils/validation.py|test_fix.py|test_validation_direct.py|sklearn/utils/tests/test_validation.py|test_fix_complete.py|test_original_issue.py|SOLUTION_SUMMARY.md || prior_test_commands: 8→import pytest || error_failure_assertion_lines: ```python-traceback|24→from ..exceptions import NonBLASDotWarning|25→from ..exceptions import NotFittedError|26→from ..exceptions import DataConversionWarning|print(f""Import error: {e}"")|SyntaxError: invalid syntax|Import error: No module named pandas..."
scikit-learn__scikit-learn-12622,same_file_transfer,memory,no_memory,high,Consistent with prior context exposing the target gold file and the successful run modifying that file.,/home/shashwatsuthar/research/openhands-adp-memory/analysis/contextbench_posthoc/20260606_220027/remote/execution_full_qwen36_65k_fix1_minimal/scikit-learn__scikit-learn-12622/no_memory|/home/shashwatsuthar/research/openhands-adp-memory/analysis/contextbench_posthoc/20260606_220027/remote/execution_full_qwen36_65k_fix1_minimal/scikit-learn__scikit-learn-12622/memory,prior_files_inspected: sklearn/utils/validation.py|sklearn/utils/tests/test_validation.py|sklearn/utils/__init__.py || prior_files_edited: sklearn/utils/validation.py|SOLUTION_SUMMARY.md|test_simple.py|test_fix.py|test_validation_direct.py|sklearn/utils/tests/test_validation.py|test_fix_complete.py|test_original_issue.py || prior_test_commands: 8→import pytest || error_failure_assertion_lines: ```python-traceback|- Traceback (most recent call last):|- ModuleNotFoundError: No module named 'sklearn.utils.murmurhash|- ImportError: No module named pandas|24→from ..exceptions import NonBLASDotWarning|25→from ..exceptions import NotFittedError|26→from ..exceptions import DataConversionWarning|p...
scikit-learn__scikit-learn-12622,localization_hint,memory,no_memory,medium,Consistent with prior-context localization: the winning run reached a target gold file or directory.,/home/shashwatsuthar/research/openhands-adp-memory/analysis/contextbench_posthoc/20260606_220027/remote/execution_full_qwen36_65k_fix1_minimal/scikit-learn__scikit-learn-12622/no_memory|/home/shashwatsuthar/research/openhands-adp-memory/analysis/contextbench_posthoc/20260606_220027/remote/execution_full_qwen36_65k_fix1_minimal/scikit-learn__scikit-learn-12622/memory,prior_files_inspected: sklearn/utils/validation.py|sklearn/utils/tests/test_validation.py|sklearn/utils/__init__.py || prior_files_edited: sklearn/utils/validation.py|SOLUTION_SUMMARY.md|test_simple.py|test_fix.py|test_validation_direct.py|sklearn/utils/tests/test_validation.py|test_fix_complete.py|test_original_issue.py || prior_test_commands: 8→import pytest || error_failure_assertion_lines: ```python-traceback|- Traceback (most recent call last):|- ModuleNotFoundError: No module named 'sklearn.utils.murmurhash|- ImportError: No module named pandas|24→from ..exceptions import NonBLASDotWarning|25→from ..exceptions import NotFittedError|26→from ..exceptions import DataConversionWarning|p... || first_gold_file_read_step=2
scikit-learn__scikit-learn-12622,failure_signature_transfer,memory,no_memory,medium,Consistent with the run observing a failure signature that overlaps prior or target issue evidence.,/home/shashwatsuthar/research/openhands-adp-memory/analysis/contextbench_posthoc/20260606_220027/remote/execution_full_qwen36_65k_fix1_minimal/scikit-learn__scikit-learn-12622/no_memory|/home/shashwatsuthar/research/openhands-adp-memory/analysis/contextbench_posthoc/20260606_220027/remote/execution_full_qwen36_65k_fix1_minimal/scikit-learn__scikit-learn-12622/memory,prior_files_inspected: sklearn/utils/validation.py|sklearn/utils/tests/test_validation.py|sklearn/utils/__init__.py || prior_files_edited: sklearn/utils/validation.py|SOLUTION_SUMMARY.md|test_simple.py|test_fix.py|test_validation_direct.py|sklearn/utils/tests/test_validation.py|test_fix_complete.py|test_original_issue.py || prior_test_commands: 8→import pytest || error_failure_assertion_lines: ```python-traceback|- Traceback (most recent call last):|- ModuleNotFoundError: No module named 'sklearn.utils.murmurhash|- ImportError: No module named pandas|24→from ..exceptions import NonBLASDotWarning|25→from ..exceptions import NotFittedError|26→from ..exceptions import DataConversionWarning|p... || run_failures=sklearn/exceptions.py|24 from ..exceptions import NonBLASDotWarning | 25 from ..exceptions import NotFittedError | 26 from ..exceptions import DataConversionWarning | 56 raise Valu...
scikit-learn__scikit-learn-12622,patch_shape_transfer,memory,no_memory,medium,Consistent with prior-context patch-shape hints aligning with the successful patch location.,/home/shashwatsuthar/research/openhands-adp-memory/analysis/contextbench_posthoc/20260606_220027/remote/execution_full_qwen36_65k_fix1_minimal/scikit-learn__scikit-learn-12622/no_memory|/home/shashwatsuthar/research/openhands-adp-memory/analysis/contextbench_posthoc/20260606_220027/remote/execution_full_qwen36_65k_fix1_minimal/scikit-learn__scikit-learn-12622/memory,prior_files_inspected: sklearn/utils/validation.py|sklearn/utils/tests/test_validation.py|sklearn/utils/__init__.py || prior_files_edited: sklearn/utils/validation.py|SOLUTION_SUMMARY.md|test_simple.py|test_fix.py|test_validation_direct.py|sklearn/utils/tests/test_validation.py|test_fix_complete.py|test_original_issue.py || prior_test_commands: 8→import pytest || error_failure_assertion_lines: ```python-traceback|- Traceback (most recent call last):|- ModuleNotFoundError: No module named 'sklearn.utils.murmurhash|- ImportError: No module named pandas|24→from ..exceptions import NonBLASDotWarning|25→from ..exceptions import NotFittedError|26→from ..exceptions import DataConversionWarning|p...
scikit-learn__scikit-learn-12622,procedural_order_transfer,memory,no_memory,low,"Consistent with a prior search/read/edit procedure, but not enough to claim causality.",/home/shashwatsuthar/research/openhands-adp-memory/analysis/contextbench_posthoc/20260606_220027/remote/execution_full_qwen36_65k_fix1_minimal/scikit-learn__scikit-learn-12622/no_memory|/home/shashwatsuthar/research/openhands-adp-memory/analysis/contextbench_posthoc/20260606_220027/remote/execution_full_qwen36_65k_fix1_minimal/scikit-learn__scikit-learn-12622/memory,prior_files_inspected: sklearn/utils/validation.py|sklearn/utils/tests/test_validation.py|sklearn/utils/__init__.py || prior_files_edited: sklearn/utils/validation.py|SOLUTION_SUMMARY.md|test_simple.py|test_fix.py|test_validation_direct.py|sklearn/utils/tests/test_validation.py|test_fix_complete.py|test_original_issue.py || prior_test_commands: 8→import pytest || error_failure_assertion_lines: ```python-traceback|- Traceback (most recent call last):|- ModuleNotFoundError: No module named 'sklearn.utils.murmurhash|- ImportError: No module named pandas|24→from ..exceptions import NonBLASDotWarning|25→from ..exceptions import NotFittedError|26→from ..exceptions import DataConversionWarning|p...
scikit-learn__scikit-learn-15093,same_file_transfer,adp,raw;memory;no_memory,high,Consistent with prior context exposing the target gold file and the successful run modifying that file.,/home/shashwatsuthar/research/openhands-adp-memory/analysis/contextbench_posthoc/20260606_220027/remote/execution_full_qwen36_65k_fix1_minimal/scikit-learn__scikit-learn-15093/adp|/home/shashwatsuthar/research/openhands-adp-memory/analysis/contextbench_posthoc/20260606_220027/remote/execution_full_qwen36_65k_fix1_minimal/scikit-learn__scikit-learn-15093/no_memory|/home/shashwatsuthar/research/openhands-adp-memory/analysis/contextbench_posthoc/20260606_220027/remote/execution_full_qwen36_65k_fix1_minimal/scikit-learn__scikit-learn-15093/raw|/home/shashwatsuthar/research/openhands-adp-memory/analysis/contextbench_posthoc/20260606_220027/remote/execution_full_qwen36_65k_fix1_minimal/scikit-learn__scikit-learn-15093/memory,"prior_files_inspected: sklearn/utils/validation.py|sklearn/utils/__init__.py|sklearn/model_selection/tests/test_validation.py|sklearn/utils/tests/test_validation.py || prior_files_edited: test_simple.py|sklearn/utils/validation.py|test_fix.py|test_validation_direct.py|sklearn/utils/tests/test_validation.py|test_fix_complete.py|test_original_issue.py|SOLUTION_SUMMARY.md || prior_test_commands: 8→import pytest || error_failure_assertion_lines: ```python-traceback|24→from ..exceptions import NonBLASDotWarning|25→from ..exceptions import NotFittedError|26→from ..exceptions import DataConversionWarning|print(f""Import error: {e}"")|SyntaxError: invalid syntax|Import error: No module named pandas..."
scikit-learn__scikit-learn-15093,localization_hint,adp,raw;memory;no_memory,medium,Consistent with prior-context localization: the winning run reached a target gold file or directory.,/home/shashwatsuthar/research/openhands-adp-memory/analysis/contextbench_posthoc/20260606_220027/remote/execution_full_qwen36_65k_fix1_minimal/scikit-learn__scikit-learn-15093/adp|/home/shashwatsuthar/research/openhands-adp-memory/analysis/contextbench_posthoc/20260606_220027/remote/execution_full_qwen36_65k_fix1_minimal/scikit-learn__scikit-learn-15093/no_memory|/home/shashwatsuthar/research/openhands-adp-memory/analysis/contextbench_posthoc/20260606_220027/remote/execution_full_qwen36_65k_fix1_minimal/scikit-learn__scikit-learn-15093/raw|/home/shashwatsuthar/research/openhands-adp-memory/analysis/contextbench_posthoc/20260606_220027/remote/execution_full_qwen36_65k_fix1_minimal/scikit-learn__scikit-learn-15093/memory,"prior_files_inspected: sklearn/utils/validation.py|sklearn/utils/__init__.py|sklearn/model_selection/tests/test_validation.py|sklearn/utils/tests/test_validation.py || prior_files_edited: test_simple.py|sklearn/utils/validation.py|test_fix.py|test_validation_direct.py|sklearn/utils/tests/test_validation.py|test_fix_complete.py|test_original_issue.py|SOLUTION_SUMMARY.md || prior_test_commands: 8→import pytest || error_failure_assertion_lines: ```python-traceback|24→from ..exceptions import NonBLASDotWarning|25→from ..exceptions import NotFittedError|26→from ..exceptions import DataConversionWarning|print(f""Import error: {e}"")|SyntaxError: invalid syntax|Import error: No module named pandas... || first_gold_file_read_step=8"
scikit-learn__scikit-learn-15093,failure_signature_transfer,adp,raw;memory;no_memory,medium,Consistent with the run observing a failure signature that overlaps prior or target issue evidence.,/home/shashwatsuthar/research/openhands-adp-memory/analysis/contextbench_posthoc/20260606_220027/remote/execution_full_qwen36_65k_fix1_minimal/scikit-learn__scikit-learn-15093/adp|/home/shashwatsuthar/research/openhands-adp-memory/analysis/contextbench_posthoc/20260606_220027/remote/execution_full_qwen36_65k_fix1_minimal/scikit-learn__scikit-learn-15093/no_memory|/home/shashwatsuthar/research/openhands-adp-memory/analysis/contextbench_posthoc/20260606_220027/remote/execution_full_qwen36_65k_fix1_minimal/scikit-learn__scikit-learn-15093/raw|/home/shashwatsuthar/research/openhands-adp-memory/analysis/contextbench_posthoc/20260606_220027/remote/execution_full_qwen36_65k_fix1_minimal/scikit-learn__scikit-learn-15093/memory,"prior_files_inspected: sklearn/utils/validation.py|sklearn/utils/__init__.py|sklearn/model_selection/tests/test_validation.py|sklearn/utils/tests/test_validation.py || prior_files_edited: test_simple.py|sklearn/utils/validation.py|test_fix.py|test_validation_direct.py|sklearn/utils/tests/test_validation.py|test_fix_complete.py|test_original_issue.py|SOLUTION_SUMMARY.md || prior_test_commands: 8→import pytest || error_failure_assertion_lines: ```python-traceback|24→from ..exceptions import NonBLASDotWarning|25→from ..exceptions import NotFittedError|26→from ..exceptions import DataConversionWarning|print(f""Import error: {e}"")|SyntaxError: invalid syntax|Import error: No module named pandas... || run_failures=sklearn/exceptions.py|474 raise ValueError('force_all_finite should be a bool or ""allow-nan""' | 513 raise ValueError(""Complex data not supported/n"" | 519 # and we need to catch and..."
scikit-learn__scikit-learn-15093,patch_shape_transfer,adp,raw;memory;no_memory,medium,Consistent with prior-context patch-shape hints aligning with the successful patch location.,/home/shashwatsuthar/research/openhands-adp-memory/analysis/contextbench_posthoc/20260606_220027/remote/execution_full_qwen36_65k_fix1_minimal/scikit-learn__scikit-learn-15093/adp|/home/shashwatsuthar/research/openhands-adp-memory/analysis/contextbench_posthoc/20260606_220027/remote/execution_full_qwen36_65k_fix1_minimal/scikit-learn__scikit-learn-15093/no_memory|/home/shashwatsuthar/research/openhands-adp-memory/analysis/contextbench_posthoc/20260606_220027/remote/execution_full_qwen36_65k_fix1_minimal/scikit-learn__scikit-learn-15093/raw|/home/shashwatsuthar/research/openhands-adp-memory/analysis/contextbench_posthoc/20260606_220027/remote/execution_full_qwen36_65k_fix1_minimal/scikit-learn__scikit-learn-15093/memory,"prior_files_inspected: sklearn/utils/validation.py|sklearn/utils/__init__.py|sklearn/model_selection/tests/test_validation.py|sklearn/utils/tests/test_validation.py || prior_files_edited: test_simple.py|sklearn/utils/validation.py|test_fix.py|test_validation_direct.py|sklearn/utils/tests/test_validation.py|test_fix_complete.py|test_original_issue.py|SOLUTION_SUMMARY.md || prior_test_commands: 8→import pytest || error_failure_assertion_lines: ```python-traceback|24→from ..exceptions import NonBLASDotWarning|25→from ..exceptions import NotFittedError|26→from ..exceptions import DataConversionWarning|print(f""Import error: {e}"")|SyntaxError: invalid syntax|Import error: No module named pandas..."
scikit-learn__scikit-learn-15093,procedural_order_transfer,adp,raw;memory;no_memory,low,"Consistent with a prior search/read/edit procedure, but not enough to claim causality.",/home/shashwatsuthar/research/openhands-adp-memory/analysis/contextbench_posthoc/20260606_220027/remote/execution_full_qwen36_65k_fix1_minimal/scikit-learn__scikit-learn-15093/adp|/home/shashwatsuthar/research/openhands-adp-memory/analysis/contextbench_posthoc/20260606_220027/remote/execution_full_qwen36_65k_fix1_minimal/scikit-learn__scikit-learn-15093/no_memory|/home/shashwatsuthar/research/openhands-adp-memory/analysis/contextbench_posthoc/20260606_220027/remote/execution_full_qwen36_65k_fix1_minimal/scikit-learn__scikit-learn-15093/raw|/home/shashwatsuthar/research/openhands-adp-memory/analysis/contextbench_posthoc/20260606_220027/remote/execution_full_qwen36_65k_fix1_minimal/scikit-learn__scikit-learn-15093/memory,"prior_files_inspected: sklearn/utils/validation.py|sklearn/utils/__init__.py|sklearn/model_selection/tests/test_validation.py|sklearn/utils/tests/test_validation.py || prior_files_edited: test_simple.py|sklearn/utils/validation.py|test_fix.py|test_validation_direct.py|sklearn/utils/tests/test_validation.py|test_fix_complete.py|test_original_issue.py|SOLUTION_SUMMARY.md || prior_test_commands: 8→import pytest || error_failure_assertion_lines: ```python-traceback|24→from ..exceptions import NonBLASDotWarning|25→from ..exceptions import NotFittedError|26→from ..exceptions import DataConversionWarning|print(f""Import error: {e}"")|SyntaxError: invalid syntax|Import error: No module named pandas..."
scikit-learn__scikit-learn-15093,ADP_structure_helped,adp,raw;memory,medium,Consistent with normalized action/observation structure surfacing useful procedural evidence.,/home/shashwatsuthar/research/openhands-adp-memory/analysis/contextbench_posthoc/20260606_220027/remote/execution_full_qwen36_65k_fix1_minimal/scikit-learn__scikit-learn-15093/adp|/home/shashwatsuthar/research/openhands-adp-memory/analysis/contextbench_posthoc/20260606_220027/remote/execution_full_qwen36_65k_fix1_minimal/scikit-learn__scikit-learn-15093/raw|/home/shashwatsuthar/research/openhands-adp-memory/analysis/contextbench_posthoc/20260606_220027/remote/execution_full_qwen36_65k_fix1_minimal/scikit-learn__scikit-learn-15093/memory,"prior_files_inspected: sklearn/utils/validation.py|sklearn/utils/__init__.py|sklearn/model_selection/tests/test_validation.py|sklearn/utils/tests/test_validation.py || prior_files_edited: test_simple.py|sklearn/utils/validation.py|test_fix.py|test_validation_direct.py|sklearn/utils/tests/test_validation.py|test_fix_complete.py|test_original_issue.py|SOLUTION_SUMMARY.md || prior_test_commands: 8→import pytest || error_failure_assertion_lines: ```python-traceback|24→from ..exceptions import NonBLASDotWarning|25→from ..exceptions import NotFittedError|26→from ..exceptions import DataConversionWarning|print(f""Import error: {e}"")|SyntaxError: invalid syntax|Import error: No module named pandas..."
scikit-learn__scikit-learn-25365,failure_signature_transfer,raw,adp;no_memory,medium,Consistent with the run observing a failure signature that overlaps prior or target issue evidence.,/home/shashwatsuthar/research/openhands-adp-memory/analysis/contextbench_posthoc/20260606_220027/remote/execution_full_qwen36_65k_fix1_minimal/scikit-learn__scikit-learn-25365/adp|/home/shashwatsuthar/research/openhands-adp-memory/analysis/contextbench_posthoc/20260606_220027/remote/execution_full_qwen36_65k_fix1_minimal/scikit-learn__scikit-learn-25365/no_memory|/home/shashwatsuthar/research/openhands-adp-memory/analysis/contextbench_posthoc/20260606_220027/remote/execution_full_qwen36_65k_fix1_minimal/scikit-learn__scikit-learn-25365/raw,"prior_files_inspected: ../../../../.anaconda3/envs/strategy-training/lib/python3.9/site-packages/joblib/parallel.py|../../../../.anaconda3/envs/strategy-training/lib/python3.9/site-packages/sklearn/utils/fixes.py|../../../../.anaconda3/envs/strategy-training/lib/python3.9/site-packages/sklearn/model_selection/_validation.py|sklearn/calibration.py|sklearn/pipeline.py|sklearn/compose/_column_transformer.py|sklearn/utils/_array_api.py|sklearn/utils/tests/test_array_api.py|metrics/_classification.py|metrics/_regression.py|metrics/_ranking.py|sklearn/utils/validation.py|sklearn/tests/test_calibration.py || prior_files_edited: ../../../../.anaconda3/envs/strategy-training/lib/python3.9/site-pac... || run_failures=sklearn/exceptions.py|Traceback (most recent call last): | ModuleNotFoundError: No module named 'sklearn.__check_build._check_build' | During handling of the above exception, anoth..."
scikit-learn__scikit-learn-25365,patch_shape_transfer,raw,adp;no_memory,medium,Consistent with prior-context patch-shape hints aligning with the successful patch location.,/home/shashwatsuthar/research/openhands-adp-memory/analysis/contextbench_posthoc/20260606_220027/remote/execution_full_qwen36_65k_fix1_minimal/scikit-learn__scikit-learn-25365/adp|/home/shashwatsuthar/research/openhands-adp-memory/analysis/contextbench_posthoc/20260606_220027/remote/execution_full_qwen36_65k_fix1_minimal/scikit-learn__scikit-learn-25365/no_memory|/home/shashwatsuthar/research/openhands-adp-memory/analysis/contextbench_posthoc/20260606_220027/remote/execution_full_qwen36_65k_fix1_minimal/scikit-learn__scikit-learn-25365/raw,prior_files_inspected: ../../../../.anaconda3/envs/strategy-training/lib/python3.9/site-packages/joblib/parallel.py|../../../../.anaconda3/envs/strategy-training/lib/python3.9/site-packages/sklearn/utils/fixes.py|../../../../.anaconda3/envs/strategy-training/lib/python3.9/site-packages/sklearn/model_selection/_validation.py|sklearn/calibration.py|sklearn/pipeline.py|sklearn/compose/_column_transformer.py|sklearn/utils/_array_api.py|sklearn/utils/tests/test_array_api.py|metrics/_classification.py|metrics/_regression.py|metrics/_ranking.py|sklearn/utils/validation.py|sklearn/tests/test_calibration.py || prior_files_edited: ../../../../.anaconda3/envs/strategy-training/lib/python3.9/site-pac...
scikit-learn__scikit-learn-25365,procedural_order_transfer,raw,adp;no_memory,low,"Consistent with a prior search/read/edit procedure, but not enough to claim causality.",/home/shashwatsuthar/research/openhands-adp-memory/analysis/contextbench_posthoc/20260606_220027/remote/execution_full_qwen36_65k_fix1_minimal/scikit-learn__scikit-learn-25365/adp|/home/shashwatsuthar/research/openhands-adp-memory/analysis/contextbench_posthoc/20260606_220027/remote/execution_full_qwen36_65k_fix1_minimal/scikit-learn__scikit-learn-25365/no_memory|/home/shashwatsuthar/research/openhands-adp-memory/analysis/contextbench_posthoc/20260606_220027/remote/execution_full_qwen36_65k_fix1_minimal/scikit-learn__scikit-learn-25365/raw,prior_files_inspected: ../../../../.anaconda3/envs/strategy-training/lib/python3.9/site-packages/joblib/parallel.py|../../../../.anaconda3/envs/strategy-training/lib/python3.9/site-packages/sklearn/utils/fixes.py|../../../../.anaconda3/envs/strategy-training/lib/python3.9/site-packages/sklearn/model_selection/_validation.py|sklearn/calibration.py|sklearn/pipeline.py|sklearn/compose/_column_transformer.py|sklearn/utils/_array_api.py|sklearn/utils/tests/test_array_api.py|metrics/_classification.py|metrics/_regression.py|metrics/_ranking.py|sklearn/utils/validation.py|sklearn/tests/test_calibration.py || prior_files_edited: ../../../../.anaconda3/envs/strategy-training/lib/python3.9/site-pac...
scikit-learn__scikit-learn-25365,failure_signature_transfer,memory,adp;no_memory,medium,Consistent with the run observing a failure signature that overlaps prior or target issue evidence.,/home/shashwatsuthar/research/openhands-adp-memory/analysis/contextbench_posthoc/20260606_220027/remote/execution_full_qwen36_65k_fix1_minimal/scikit-learn__scikit-learn-25365/adp|/home/shashwatsuthar/research/openhands-adp-memory/analysis/contextbench_posthoc/20260606_220027/remote/execution_full_qwen36_65k_fix1_minimal/scikit-learn__scikit-learn-25365/no_memory|/home/shashwatsuthar/research/openhands-adp-memory/analysis/contextbench_posthoc/20260606_220027/remote/execution_full_qwen36_65k_fix1_minimal/scikit-learn__scikit-learn-25365/memory,prior_files_inspected: ../../../../.anaconda3/envs/strategy-training/lib/python3.9/site-packages/joblib/parallel.py|../../../../.anaconda3/envs/strategy-training/lib/python3.9/site-packages/sklearn/utils/fixes.py|../../../../.anaconda3/envs/strategy-training/lib/python3.9/site-packages/sklearn/model_selection/_validation.py|sklearn/calibration.py|sklearn/tests/test_calibration.py|sklearn/utils/tests/test_set_output.py|sklearn/pipeline.py|sklearn/compose/_column_transformer.py|sklearn/utils/_array_api.py|sklearn/utils/tests/test_array_api.py|metrics/_classification.py|metrics/_regression.py|metrics/_ranking.py|sklearn/utils/validation.py || prior_files_edited: ../../../../.anaconda3/envs/s... || run_failures=sklearn/exceptions.py|28 # mypy error: Module 'sklearn.manifold' has no attribute '_utils' | 31 # mypy error: Module 'sklearn.manifold' has no attribute '_barnes_hut_tsne' | 161 co...
scikit-learn__scikit-learn-25365,patch_shape_transfer,memory,adp;no_memory,medium,Consistent with prior-context patch-shape hints aligning with the successful patch location.,/home/shashwatsuthar/research/openhands-adp-memory/analysis/contextbench_posthoc/20260606_220027/remote/execution_full_qwen36_65k_fix1_minimal/scikit-learn__scikit-learn-25365/adp|/home/shashwatsuthar/research/openhands-adp-memory/analysis/contextbench_posthoc/20260606_220027/remote/execution_full_qwen36_65k_fix1_minimal/scikit-learn__scikit-learn-25365/no_memory|/home/shashwatsuthar/research/openhands-adp-memory/analysis/contextbench_posthoc/20260606_220027/remote/execution_full_qwen36_65k_fix1_minimal/scikit-learn__scikit-learn-25365/memory,prior_files_inspected: ../../../../.anaconda3/envs/strategy-training/lib/python3.9/site-packages/joblib/parallel.py|../../../../.anaconda3/envs/strategy-training/lib/python3.9/site-packages/sklearn/utils/fixes.py|../../../../.anaconda3/envs/strategy-training/lib/python3.9/site-packages/sklearn/model_selection/_validation.py|sklearn/calibration.py|sklearn/tests/test_calibration.py|sklearn/utils/tests/test_set_output.py|sklearn/pipeline.py|sklearn/compose/_column_transformer.py|sklearn/utils/_array_api.py|sklearn/utils/tests/test_array_api.py|metrics/_classification.py|metrics/_regression.py|metrics/_ranking.py|sklearn/utils/validation.py || prior_files_edited: ../../../../.anaconda3/envs/s...
scikit-learn__scikit-learn-25365,procedural_order_transfer,memory,adp;no_memory,low,"Consistent with a prior search/read/edit procedure, but not enough to claim causality.",/home/shashwatsuthar/research/openhands-adp-memory/analysis/contextbench_posthoc/20260606_220027/remote/execution_full_qwen36_65k_fix1_minimal/scikit-learn__scikit-learn-25365/adp|/home/shashwatsuthar/research/openhands-adp-memory/analysis/contextbench_posthoc/20260606_220027/remote/execution_full_qwen36_65k_fix1_minimal/scikit-learn__scikit-learn-25365/no_memory|/home/shashwatsuthar/research/openhands-adp-memory/analysis/contextbench_posthoc/20260606_220027/remote/execution_full_qwen36_65k_fix1_minimal/scikit-learn__scikit-learn-25365/memory,prior_files_inspected: ../../../../.anaconda3/envs/strategy-training/lib/python3.9/site-packages/joblib/parallel.py|../../../../.anaconda3/envs/strategy-training/lib/python3.9/site-packages/sklearn/utils/fixes.py|../../../../.anaconda3/envs/strategy-training/lib/python3.9/site-packages/sklearn/model_selection/_validation.py|sklearn/calibration.py|sklearn/tests/test_calibration.py|sklearn/utils/tests/test_set_output.py|sklearn/pipeline.py|sklearn/compose/_column_transformer.py|sklearn/utils/_array_api.py|sklearn/utils/tests/test_array_api.py|metrics/_classification.py|metrics/_regression.py|metrics/_ranking.py|sklearn/utils/validation.py || prior_files_edited: ../../../../.anaconda3/envs/s...
scikit-learn__scikit-learn-25763,same_directory_transfer,adp,raw;no_memory,medium,Consistent with prior context localizing the agent to the target directory rather than an exact same file.,/home/shashwatsuthar/research/openhands-adp-memory/analysis/contextbench_posthoc/20260606_220027/remote/execution_full_qwen36_65k_fix1_minimal/scikit-learn__scikit-learn-25763/adp|/home/shashwatsuthar/research/openhands-adp-memory/analysis/contextbench_posthoc/20260606_220027/remote/execution_full_qwen36_65k_fix1_minimal/scikit-learn__scikit-learn-25763/no_memory|/home/shashwatsuthar/research/openhands-adp-memory/analysis/contextbench_posthoc/20260606_220027/remote/execution_full_qwen36_65k_fix1_minimal/scikit-learn__scikit-learn-25763/raw,"prior_files_inspected: sklearn/calibration.py|sklearn/compose/_column_transformer.py|sklearn/utils/_array_api.py|sklearn/utils/tests/test_array_api.py|metrics/_classification.py|metrics/_regression.py|metrics/_ranking.py|sklearn/utils/validation.py|sklearn/tests/test_calibration.py|test_fix.py || prior_files_edited: ../../../../.anaconda3/envs/strategy-training/lib/python3.9/site-packages/joblib/parallel.py|../../../../.anaconda3/envs/strategy-training/lib/python3.9/site-packages/joblib/_parallel_backends.py|sklearn/calibration.py|test_fix.py || prior_test_commands: sklearn/utils/tests/test_array_api.py-148- xp = pytest.importorskip(""numpy.array_api"") || error_failure_assertion_lines: skl..."
scikit-learn__scikit-learn-25763,localization_hint,adp,raw;no_memory,medium,Consistent with prior-context localization: the winning run reached a target gold file or directory.,/home/shashwatsuthar/research/openhands-adp-memory/analysis/contextbench_posthoc/20260606_220027/remote/execution_full_qwen36_65k_fix1_minimal/scikit-learn__scikit-learn-25763/adp|/home/shashwatsuthar/research/openhands-adp-memory/analysis/contextbench_posthoc/20260606_220027/remote/execution_full_qwen36_65k_fix1_minimal/scikit-learn__scikit-learn-25763/no_memory|/home/shashwatsuthar/research/openhands-adp-memory/analysis/contextbench_posthoc/20260606_220027/remote/execution_full_qwen36_65k_fix1_minimal/scikit-learn__scikit-learn-25763/raw,"prior_files_inspected: sklearn/calibration.py|sklearn/compose/_column_transformer.py|sklearn/utils/_array_api.py|sklearn/utils/tests/test_array_api.py|metrics/_classification.py|metrics/_regression.py|metrics/_ranking.py|sklearn/utils/validation.py|sklearn/tests/test_calibration.py|test_fix.py || prior_files_edited: ../../../../.anaconda3/envs/strategy-training/lib/python3.9/site-packages/joblib/parallel.py|../../../../.anaconda3/envs/strategy-training/lib/python3.9/site-packages/joblib/_parallel_backends.py|sklearn/calibration.py|test_fix.py || prior_test_commands: sklearn/utils/tests/test_array_api.py-148- xp = pytest.importorskip(""numpy.array_api"") || error_failure_assertion_lines: skl... || first_gold_file_read_step=3"
scikit-learn__scikit-learn-25763,failure_signature_transfer,adp,raw;no_memory,medium,Consistent with the run observing a failure signature that overlaps prior or target issue evidence.,/home/shashwatsuthar/research/openhands-adp-memory/analysis/contextbench_posthoc/20260606_220027/remote/execution_full_qwen36_65k_fix1_minimal/scikit-learn__scikit-learn-25763/adp|/home/shashwatsuthar/research/openhands-adp-memory/analysis/contextbench_posthoc/20260606_220027/remote/execution_full_qwen36_65k_fix1_minimal/scikit-learn__scikit-learn-25763/no_memory|/home/shashwatsuthar/research/openhands-adp-memory/analysis/contextbench_posthoc/20260606_220027/remote/execution_full_qwen36_65k_fix1_minimal/scikit-learn__scikit-learn-25763/raw,"prior_files_inspected: sklearn/calibration.py|sklearn/compose/_column_transformer.py|sklearn/utils/_array_api.py|sklearn/utils/tests/test_array_api.py|metrics/_classification.py|metrics/_regression.py|metrics/_ranking.py|sklearn/utils/validation.py|sklearn/tests/test_calibration.py|test_fix.py || prior_files_edited: ../../../../.anaconda3/envs/strategy-training/lib/python3.9/site-packages/joblib/parallel.py|../../../../.anaconda3/envs/strategy-training/lib/python3.9/site-packages/joblib/_parallel_backends.py|sklearn/calibration.py|test_fix.py || prior_test_commands: sklearn/utils/tests/test_array_api.py-148- xp = pytest.importorskip(""numpy.array_api"") || error_failure_assertion_lines: skl... || run_failures=sklearn/exceptions.py|166 - 'raise', a `ValueError` is raised. | 250 raise ValueError(msg)|failed to spawn agents: Unknown agent 'researcher'. Available types: none registered. Use..."
scikit-learn__scikit-learn-25763,patch_shape_transfer,adp,raw;no_memory,medium,Consistent with prior-context patch-shape hints aligning with the successful patch location.,/home/shashwatsuthar/research/openhands-adp-memory/analysis/contextbench_posthoc/20260606_220027/remote/execution_full_qwen36_65k_fix1_minimal/scikit-learn__scikit-learn-25763/adp|/home/shashwatsuthar/research/openhands-adp-memory/analysis/contextbench_posthoc/20260606_220027/remote/execution_full_qwen36_65k_fix1_minimal/scikit-learn__scikit-learn-25763/no_memory|/home/shashwatsuthar/research/openhands-adp-memory/analysis/contextbench_posthoc/20260606_220027/remote/execution_full_qwen36_65k_fix1_minimal/scikit-learn__scikit-learn-25763/raw,"prior_files_inspected: sklearn/calibration.py|sklearn/compose/_column_transformer.py|sklearn/utils/_array_api.py|sklearn/utils/tests/test_array_api.py|metrics/_classification.py|metrics/_regression.py|metrics/_ranking.py|sklearn/utils/validation.py|sklearn/tests/test_calibration.py|test_fix.py || prior_files_edited: ../../../../.anaconda3/envs/strategy-training/lib/python3.9/site-packages/joblib/parallel.py|../../../../.anaconda3/envs/strategy-training/lib/python3.9/site-packages/joblib/_parallel_backends.py|sklearn/calibration.py|test_fix.py || prior_test_commands: sklearn/utils/tests/test_array_api.py-148- xp = pytest.importorskip(""numpy.array_api"") || error_failure_assertion_lines: skl..."
scikit-learn__scikit-learn-25763,procedural_order_transfer,adp,raw;no_memory,low,"Consistent with a prior search/read/edit procedure, but not enough to claim causality.",/home/shashwatsuthar/research/openhands-adp-memory/analysis/contextbench_posthoc/20260606_220027/remote/execution_full_qwen36_65k_fix1_minimal/scikit-learn__scikit-learn-25763/adp|/home/shashwatsuthar/research/openhands-adp-memory/analysis/contextbench_posthoc/20260606_220027/remote/execution_full_qwen36_65k_fix1_minimal/scikit-learn__scikit-learn-25763/no_memory|/home/shashwatsuthar/research/openhands-adp-memory/analysis/contextbench_posthoc/20260606_220027/remote/execution_full_qwen36_65k_fix1_minimal/scikit-learn__scikit-learn-25763/raw,"prior_files_inspected: sklearn/calibration.py|sklearn/compose/_column_transformer.py|sklearn/utils/_array_api.py|sklearn/utils/tests/test_array_api.py|metrics/_classification.py|metrics/_regression.py|metrics/_ranking.py|sklearn/utils/validation.py|sklearn/tests/test_calibration.py|test_fix.py || prior_files_edited: ../../../../.anaconda3/envs/strategy-training/lib/python3.9/site-packages/joblib/parallel.py|../../../../.anaconda3/envs/strategy-training/lib/python3.9/site-packages/joblib/_parallel_backends.py|sklearn/calibration.py|test_fix.py || prior_test_commands: sklearn/utils/tests/test_array_api.py-148- xp = pytest.importorskip(""numpy.array_api"") || error_failure_assertion_lines: skl..."
scikit-learn__scikit-learn-25763,same_directory_transfer,memory,raw;no_memory,medium,Consistent with prior context localizing the agent to the target directory rather than an exact same file.,/home/shashwatsuthar/research/openhands-adp-memory/analysis/contextbench_posthoc/20260606_220027/remote/execution_full_qwen36_65k_fix1_minimal/scikit-learn__scikit-learn-25763/no_memory|/home/shashwatsuthar/research/openhands-adp-memory/analysis/contextbench_posthoc/20260606_220027/remote/execution_full_qwen36_65k_fix1_minimal/scikit-learn__scikit-learn-25763/raw|/home/shashwatsuthar/research/openhands-adp-memory/analysis/contextbench_posthoc/20260606_220027/remote/execution_full_qwen36_65k_fix1_minimal/scikit-learn__scikit-learn-25763/memory,prior_files_inspected: ../../../../.anaconda3/envs/strategy-training/lib/python3.9/site-packages/joblib/parallel.py|../../../../.anaconda3/envs/strategy-training/lib/python3.9/site-packages/sklearn/utils/fixes.py|../../../../.anaconda3/envs/strategy-training/lib/python3.9/site-packages/sklearn/model_selection/_validation.py|sklearn/calibration.py|sklearn/tests/test_calibration.py|sklearn/utils/tests/test_set_output.py|sklearn/pipeline.py|sklearn/compose/_column_transformer.py|sklearn/utils/_array_api.py|sklearn/utils/tests/test_array_api.py|metrics/_classification.py|metrics/_regression.py|metrics/_ranking.py|sklearn/utils/validation.py || prior_files_edited: ../../../../.anaconda3/envs/s...
scikit-learn__scikit-learn-25763,localization_hint,memory,raw;no_memory,medium,Consistent with prior-context localization: the winning run reached a target gold file or directory.,/home/shashwatsuthar/research/openhands-adp-memory/analysis/contextbench_posthoc/20260606_220027/remote/execution_full_qwen36_65k_fix1_minimal/scikit-learn__scikit-learn-25763/no_memory|/home/shashwatsuthar/research/openhands-adp-memory/analysis/contextbench_posthoc/20260606_220027/remote/execution_full_qwen36_65k_fix1_minimal/scikit-learn__scikit-learn-25763/raw|/home/shashwatsuthar/research/openhands-adp-memory/analysis/contextbench_posthoc/20260606_220027/remote/execution_full_qwen36_65k_fix1_minimal/scikit-learn__scikit-learn-25763/memory,prior_files_inspected: ../../../../.anaconda3/envs/strategy-training/lib/python3.9/site-packages/joblib/parallel.py|../../../../.anaconda3/envs/strategy-training/lib/python3.9/site-packages/sklearn/utils/fixes.py|../../../../.anaconda3/envs/strategy-training/lib/python3.9/site-packages/sklearn/model_selection/_validation.py|sklearn/calibration.py|sklearn/tests/test_calibration.py|sklearn/utils/tests/test_set_output.py|sklearn/pipeline.py|sklearn/compose/_column_transformer.py|sklearn/utils/_array_api.py|sklearn/utils/tests/test_array_api.py|metrics/_classification.py|metrics/_regression.py|metrics/_ranking.py|sklearn/utils/validation.py || prior_files_edited: ../../../../.anaconda3/envs/s... || first_gold_file_read_step=5
scikit-learn__scikit-learn-25763,failure_signature_transfer,memory,raw;no_memory,medium,Consistent with the run observing a failure signature that overlaps prior or target issue evidence.,/home/shashwatsuthar/research/openhands-adp-memory/analysis/contextbench_posthoc/20260606_220027/remote/execution_full_qwen36_65k_fix1_minimal/scikit-learn__scikit-learn-25763/no_memory|/home/shashwatsuthar/research/openhands-adp-memory/analysis/contextbench_posthoc/20260606_220027/remote/execution_full_qwen36_65k_fix1_minimal/scikit-learn__scikit-learn-25763/raw|/home/shashwatsuthar/research/openhands-adp-memory/analysis/contextbench_posthoc/20260606_220027/remote/execution_full_qwen36_65k_fix1_minimal/scikit-learn__scikit-learn-25763/memory,"prior_files_inspected: ../../../../.anaconda3/envs/strategy-training/lib/python3.9/site-packages/joblib/parallel.py|../../../../.anaconda3/envs/strategy-training/lib/python3.9/site-packages/sklearn/utils/fixes.py|../../../../.anaconda3/envs/strategy-training/lib/python3.9/site-packages/sklearn/model_selection/_validation.py|sklearn/calibration.py|sklearn/tests/test_calibration.py|sklearn/utils/tests/test_set_output.py|sklearn/pipeline.py|sklearn/compose/_column_transformer.py|sklearn/utils/_array_api.py|sklearn/utils/tests/test_array_api.py|metrics/_classification.py|metrics/_regression.py|metrics/_ranking.py|sklearn/utils/validation.py || prior_files_edited: ../../../../.anaconda3/envs/s... || run_failures=sklearn/exceptions.py|166 - 'raise', a `ValueError` is raised. | 250 raise ValueError(msg)|45 raise ValueError(""Pandas output does not support sparse data."") | 50 except Exception:..."
scikit-learn__scikit-learn-25763,patch_shape_transfer,memory,raw;no_memory,medium,Consistent with prior-context patch-shape hints aligning with the successful patch location.,/home/shashwatsuthar/research/openhands-adp-memory/analysis/contextbench_posthoc/20260606_220027/remote/execution_full_qwen36_65k_fix1_minimal/scikit-learn__scikit-learn-25763/no_memory|/home/shashwatsuthar/research/openhands-adp-memory/analysis/contextbench_posthoc/20260606_220027/remote/execution_full_qwen36_65k_fix1_minimal/scikit-learn__scikit-learn-25763/raw|/home/shashwatsuthar/research/openhands-adp-memory/analysis/contextbench_posthoc/20260606_220027/remote/execution_full_qwen36_65k_fix1_minimal/scikit-learn__scikit-learn-25763/memory,prior_files_inspected: ../../../../.anaconda3/envs/strategy-training/lib/python3.9/site-packages/joblib/parallel.py|../../../../.anaconda3/envs/strategy-training/lib/python3.9/site-packages/sklearn/utils/fixes.py|../../../../.anaconda3/envs/strategy-training/lib/python3.9/site-packages/sklearn/model_selection/_validation.py|sklearn/calibration.py|sklearn/tests/test_calibration.py|sklearn/utils/tests/test_set_output.py|sklearn/pipeline.py|sklearn/compose/_column_transformer.py|sklearn/utils/_array_api.py|sklearn/utils/tests/test_array_api.py|metrics/_classification.py|metrics/_regression.py|metrics/_ranking.py|sklearn/utils/validation.py || prior_files_edited: ../../../../.anaconda3/envs/s...
scikit-learn__scikit-learn-25763,procedural_order_transfer,memory,raw;no_memory,low,"Consistent with a prior search/read/edit procedure, but not enough to claim causality.",/home/shashwatsuthar/research/openhands-adp-memory/analysis/contextbench_posthoc/20260606_220027/remote/execution_full_qwen36_65k_fix1_minimal/scikit-learn__scikit-learn-25763/no_memory|/home/shashwatsuthar/research/openhands-adp-memory/analysis/contextbench_posthoc/20260606_220027/remote/execution_full_qwen36_65k_fix1_minimal/scikit-learn__scikit-learn-25763/raw|/home/shashwatsuthar/research/openhands-adp-memory/analysis/contextbench_posthoc/20260606_220027/remote/execution_full_qwen36_65k_fix1_minimal/scikit-learn__scikit-learn-25763/memory,prior_files_inspected: ../../../../.anaconda3/envs/strategy-training/lib/python3.9/site-packages/joblib/parallel.py|../../../../.anaconda3/envs/strategy-training/lib/python3.9/site-packages/sklearn/utils/fixes.py|../../../../.anaconda3/envs/strategy-training/lib/python3.9/site-packages/sklearn/model_selection/_validation.py|sklearn/calibration.py|sklearn/tests/test_calibration.py|sklearn/utils/tests/test_set_output.py|sklearn/pipeline.py|sklearn/compose/_column_transformer.py|sklearn/utils/_array_api.py|sklearn/utils/tests/test_array_api.py|metrics/_classification.py|metrics/_regression.py|metrics/_ranking.py|sklearn/utils/validation.py || prior_files_edited: ../../../../.anaconda3/envs/s...
sympy__sympy-11286,same_directory_transfer,raw,adp;no_memory,medium,Consistent with prior context localizing the agent to the target directory rather than an exact same file.,/home/shashwatsuthar/research/openhands-adp-memory/analysis/contextbench_posthoc/20260606_220027/remote/execution_full_qwen36_65k_fix1_minimal/sympy__sympy-11286/adp|/home/shashwatsuthar/research/openhands-adp-memory/analysis/contextbench_posthoc/20260606_220027/remote/execution_full_qwen36_65k_fix1_minimal/sympy__sympy-11286/no_memory|/home/shashwatsuthar/research/openhands-adp-memory/analysis/contextbench_posthoc/20260606_220027/remote/execution_full_qwen36_65k_fix1_minimal/sympy__sympy-11286/raw,prior_files_inspected: calculate_session_usage.py|sympy/printing/tests/test_ccode.py|sympy/printing/ccode.py|sympy/integrals/risch.py|sympy/functions/elementary/trigonometric.py|sympy/integrals/tests/test_transforms.py|sympy/integrals/manualintegrate.py|sympy/core/basic.py|sympy/solvers/diophantine.py|sympy/plotting/plot.py|sympy/__init__.py || prior_files_edited: sympy/functions/elementary/trigonometric.py|sympy/printing/ccode.py|sympy/printing/tests/test_ccode.py || prior_test_commands: 8→from sympy.utilities.pytest import raises|python -m pytest sympy/printing/tests/test_ccode.py::test_ccode_sinc -xvs|/Applications/ADFRsuite-1.0/bin/python: No module named pytest|python3 -m pytest symp...
sympy__sympy-11286,localization_hint,raw,adp;no_memory,medium,Consistent with prior-context localization: the winning run reached a target gold file or directory.,/home/shashwatsuthar/research/openhands-adp-memory/analysis/contextbench_posthoc/20260606_220027/remote/execution_full_qwen36_65k_fix1_minimal/sympy__sympy-11286/adp|/home/shashwatsuthar/research/openhands-adp-memory/analysis/contextbench_posthoc/20260606_220027/remote/execution_full_qwen36_65k_fix1_minimal/sympy__sympy-11286/no_memory|/home/shashwatsuthar/research/openhands-adp-memory/analysis/contextbench_posthoc/20260606_220027/remote/execution_full_qwen36_65k_fix1_minimal/sympy__sympy-11286/raw,prior_files_inspected: calculate_session_usage.py|sympy/printing/tests/test_ccode.py|sympy/printing/ccode.py|sympy/integrals/risch.py|sympy/functions/elementary/trigonometric.py|sympy/integrals/tests/test_transforms.py|sympy/integrals/manualintegrate.py|sympy/core/basic.py|sympy/solvers/diophantine.py|sympy/plotting/plot.py|sympy/__init__.py || prior_files_edited: sympy/functions/elementary/trigonometric.py|sympy/printing/ccode.py|sympy/printing/tests/test_ccode.py || prior_test_commands: 8→from sympy.utilities.pytest import raises|python -m pytest sympy/printing/tests/test_ccode.py::test_ccode_sinc -xvs|/Applications/ADFRsuite-1.0/bin/python: No module named pytest|python3 -m pytest symp... || first_gold_file_read_step=3
sympy__sympy-11286,test_command_transfer,raw,adp;no_memory,high,Consistent with reuse of a prior-context test or reproduction command.,/home/shashwatsuthar/research/openhands-adp-memory/analysis/contextbench_posthoc/20260606_220027/remote/execution_full_qwen36_65k_fix1_minimal/sympy__sympy-11286/adp|/home/shashwatsuthar/research/openhands-adp-memory/analysis/contextbench_posthoc/20260606_220027/remote/execution_full_qwen36_65k_fix1_minimal/sympy__sympy-11286/no_memory|/home/shashwatsuthar/research/openhands-adp-memory/analysis/contextbench_posthoc/20260606_220027/remote/execution_full_qwen36_65k_fix1_minimal/sympy__sympy-11286/raw,"prior_files_inspected: calculate_session_usage.py|sympy/printing/tests/test_ccode.py|sympy/printing/ccode.py|sympy/integrals/risch.py|sympy/functions/elementary/trigonometric.py|sympy/integrals/tests/test_transforms.py|sympy/integrals/manualintegrate.py|sympy/core/basic.py|sympy/solvers/diophantine.py|sympy/plotting/plot.py|sympy/__init__.py || prior_files_edited: sympy/functions/elementary/trigonometric.py|sympy/printing/ccode.py|sympy/printing/tests/test_ccode.py || prior_test_commands: 8→from sympy.utilities.pytest import raises|python -m pytest sympy/printing/tests/test_ccode.py::test_ccode_sinc -xvs|/Applications/ADFRsuite-1.0/bin/python: No module named pytest|python3 -m pytest symp... || run_tests=cd /testbed && python3 -m pytest sympy/printing/tests/test_octave.py::test_sinc -xvs 2>&1 | head -30|cd /testbed && grep -n ""from sympy.utilities.pytest import"" sympy/printing/tests/t..."
sympy__sympy-11286,failure_signature_transfer,raw,adp;no_memory,medium,Consistent with the run observing a failure signature that overlaps prior or target issue evidence.,/home/shashwatsuthar/research/openhands-adp-memory/analysis/contextbench_posthoc/20260606_220027/remote/execution_full_qwen36_65k_fix1_minimal/sympy__sympy-11286/adp|/home/shashwatsuthar/research/openhands-adp-memory/analysis/contextbench_posthoc/20260606_220027/remote/execution_full_qwen36_65k_fix1_minimal/sympy__sympy-11286/no_memory|/home/shashwatsuthar/research/openhands-adp-memory/analysis/contextbench_posthoc/20260606_220027/remote/execution_full_qwen36_65k_fix1_minimal/sympy__sympy-11286/raw,"prior_files_inspected: calculate_session_usage.py|sympy/printing/tests/test_ccode.py|sympy/printing/ccode.py|sympy/integrals/risch.py|sympy/functions/elementary/trigonometric.py|sympy/integrals/tests/test_transforms.py|sympy/integrals/manualintegrate.py|sympy/core/basic.py|sympy/solvers/diophantine.py|sympy/plotting/plot.py|sympy/__init__.py || prior_files_edited: sympy/functions/elementary/trigonometric.py|sympy/printing/ccode.py|sympy/printing/tests/test_ccode.py || prior_test_commands: 8→from sympy.utilities.pytest import raises|python -m pytest sympy/printing/tests/test_ccode.py::test_ccode_sinc -xvs|/Applications/ADFRsuite-1.0/bin/python: No module named pytest|python3 -m pytest symp... || run_failures=247 raises(ValueError, lambda: mcode(expr)) | 271 raises(ValueError, lambda: mcode(A, assign_to=x)) | 272 raises(ValueError, lambda: mcode(A, assign_to=C)) | 282 raises(ValueError,..."
sympy__sympy-11286,patch_shape_transfer,raw,adp;no_memory,medium,Consistent with prior-context patch-shape hints aligning with the successful patch location.,/home/shashwatsuthar/research/openhands-adp-memory/analysis/contextbench_posthoc/20260606_220027/remote/execution_full_qwen36_65k_fix1_minimal/sympy__sympy-11286/adp|/home/shashwatsuthar/research/openhands-adp-memory/analysis/contextbench_posthoc/20260606_220027/remote/execution_full_qwen36_65k_fix1_minimal/sympy__sympy-11286/no_memory|/home/shashwatsuthar/research/openhands-adp-memory/analysis/contextbench_posthoc/20260606_220027/remote/execution_full_qwen36_65k_fix1_minimal/sympy__sympy-11286/raw,prior_files_inspected: calculate_session_usage.py|sympy/printing/tests/test_ccode.py|sympy/printing/ccode.py|sympy/integrals/risch.py|sympy/functions/elementary/trigonometric.py|sympy/integrals/tests/test_transforms.py|sympy/integrals/manualintegrate.py|sympy/core/basic.py|sympy/solvers/diophantine.py|sympy/plotting/plot.py|sympy/__init__.py || prior_files_edited: sympy/functions/elementary/trigonometric.py|sympy/printing/ccode.py|sympy/printing/tests/test_ccode.py || prior_test_commands: 8→from sympy.utilities.pytest import raises|python -m pytest sympy/printing/tests/test_ccode.py::test_ccode_sinc -xvs|/Applications/ADFRsuite-1.0/bin/python: No module named pytest|python3 -m pytest symp...
sympy__sympy-11286,procedural_order_transfer,raw,adp;no_memory,low,"Consistent with a prior search/read/edit procedure, but not enough to claim causality.",/home/shashwatsuthar/research/openhands-adp-memory/analysis/contextbench_posthoc/20260606_220027/remote/execution_full_qwen36_65k_fix1_minimal/sympy__sympy-11286/adp|/home/shashwatsuthar/research/openhands-adp-memory/analysis/contextbench_posthoc/20260606_220027/remote/execution_full_qwen36_65k_fix1_minimal/sympy__sympy-11286/no_memory|/home/shashwatsuthar/research/openhands-adp-memory/analysis/contextbench_posthoc/20260606_220027/remote/execution_full_qwen36_65k_fix1_minimal/sympy__sympy-11286/raw,prior_files_inspected: calculate_session_usage.py|sympy/printing/tests/test_ccode.py|sympy/printing/ccode.py|sympy/integrals/risch.py|sympy/functions/elementary/trigonometric.py|sympy/integrals/tests/test_transforms.py|sympy/integrals/manualintegrate.py|sympy/core/basic.py|sympy/solvers/diophantine.py|sympy/plotting/plot.py|sympy/__init__.py || prior_files_edited: sympy/functions/elementary/trigonometric.py|sympy/printing/ccode.py|sympy/printing/tests/test_ccode.py || prior_test_commands: 8→from sympy.utilities.pytest import raises|python -m pytest sympy/printing/tests/test_ccode.py::test_ccode_sinc -xvs|/Applications/ADFRsuite-1.0/bin/python: No module named pytest|python3 -m pytest symp...
sympy__sympy-11286,same_directory_transfer,memory,adp;no_memory,medium,Consistent with prior context localizing the agent to the target directory rather than an exact same file.,/home/shashwatsuthar/research/openhands-adp-memory/analysis/contextbench_posthoc/20260606_220027/remote/execution_full_qwen36_65k_fix1_minimal/sympy__sympy-11286/adp|/home/shashwatsuthar/research/openhands-adp-memory/analysis/contextbench_posthoc/20260606_220027/remote/execution_full_qwen36_65k_fix1_minimal/sympy__sympy-11286/no_memory|/home/shashwatsuthar/research/openhands-adp-memory/analysis/contextbench_posthoc/20260606_220027/remote/execution_full_qwen36_65k_fix1_minimal/sympy__sympy-11286/memory,prior_files_inspected: sympy/functions/elementary/trigonometric.py|sympy/printing/ccode.py|sympy/printing/tests/test_ccode.py|calculate_session_usage.py|sympy/integrals/tests/test_transforms.py|sympy/integrals/manualintegrate.py || prior_files_edited: sympy/functions/elementary/trigonometric.py|sympy/printing/ccode.py|sympy/printing/tests/test_ccode.py || prior_test_commands: - [test] python -m pytest sympy/printing/tests/test_ccode.py::test_ccode_sinc -xvs|- E ImportError: cannot import name 'raises' from 'sympy.utilities.pytest' (./swebench_9_15/testbed/sympy/utilities/pytest.py)|8→from sympy.utilities.pytest import raises|/Applications/ADFRsuite-1.0/bin/python: No module named pytest|p...
sympy__sympy-11286,localization_hint,memory,adp;no_memory,medium,Consistent with prior-context localization: the winning run reached a target gold file or directory.,/home/shashwatsuthar/research/openhands-adp-memory/analysis/contextbench_posthoc/20260606_220027/remote/execution_full_qwen36_65k_fix1_minimal/sympy__sympy-11286/adp|/home/shashwatsuthar/research/openhands-adp-memory/analysis/contextbench_posthoc/20260606_220027/remote/execution_full_qwen36_65k_fix1_minimal/sympy__sympy-11286/no_memory|/home/shashwatsuthar/research/openhands-adp-memory/analysis/contextbench_posthoc/20260606_220027/remote/execution_full_qwen36_65k_fix1_minimal/sympy__sympy-11286/memory,prior_files_inspected: sympy/functions/elementary/trigonometric.py|sympy/printing/ccode.py|sympy/printing/tests/test_ccode.py|calculate_session_usage.py|sympy/integrals/tests/test_transforms.py|sympy/integrals/manualintegrate.py || prior_files_edited: sympy/functions/elementary/trigonometric.py|sympy/printing/ccode.py|sympy/printing/tests/test_ccode.py || prior_test_commands: - [test] python -m pytest sympy/printing/tests/test_ccode.py::test_ccode_sinc -xvs|- E ImportError: cannot import name 'raises' from 'sympy.utilities.pytest' (./swebench_9_15/testbed/sympy/utilities/pytest.py)|8→from sympy.utilities.pytest import raises|/Applications/ADFRsuite-1.0/bin/python: No module named pytest|p... || first_gold_file_read_step=3
sympy__sympy-11286,test_command_transfer,memory,adp;no_memory,high,Consistent with reuse of a prior-context test or reproduction command.,/home/shashwatsuthar/research/openhands-adp-memory/analysis/contextbench_posthoc/20260606_220027/remote/execution_full_qwen36_65k_fix1_minimal/sympy__sympy-11286/adp|/home/shashwatsuthar/research/openhands-adp-memory/analysis/contextbench_posthoc/20260606_220027/remote/execution_full_qwen36_65k_fix1_minimal/sympy__sympy-11286/no_memory|/home/shashwatsuthar/research/openhands-adp-memory/analysis/contextbench_posthoc/20260606_220027/remote/execution_full_qwen36_65k_fix1_minimal/sympy__sympy-11286/memory,"prior_files_inspected: sympy/functions/elementary/trigonometric.py|sympy/printing/ccode.py|sympy/printing/tests/test_ccode.py|calculate_session_usage.py|sympy/integrals/tests/test_transforms.py|sympy/integrals/manualintegrate.py || prior_files_edited: sympy/functions/elementary/trigonometric.py|sympy/printing/ccode.py|sympy/printing/tests/test_ccode.py || prior_test_commands: - [test] python -m pytest sympy/printing/tests/test_ccode.py::test_ccode_sinc -xvs|- E ImportError: cannot import name 'raises' from 'sympy.utilities.pytest' (./swebench_9_15/testbed/sympy/utilities/pytest.py)|8→from sympy.utilities.pytest import raises|/Applications/ADFRsuite-1.0/bin/python: No module named pytest|p... || run_tests=cd /testbed && python -m pytest sympy/printing/tests/test_octave.py::test_sinc -xvs|cd /testbed && grep -n ""from sympy.utilities.pytest import"" sympy/printing/tests/test_octave.py | h..."
sympy__sympy-11286,failure_signature_transfer,memory,adp;no_memory,medium,Consistent with the run observing a failure signature that overlaps prior or target issue evidence.,/home/shashwatsuthar/research/openhands-adp-memory/analysis/contextbench_posthoc/20260606_220027/remote/execution_full_qwen36_65k_fix1_minimal/sympy__sympy-11286/adp|/home/shashwatsuthar/research/openhands-adp-memory/analysis/contextbench_posthoc/20260606_220027/remote/execution_full_qwen36_65k_fix1_minimal/sympy__sympy-11286/no_memory|/home/shashwatsuthar/research/openhands-adp-memory/analysis/contextbench_posthoc/20260606_220027/remote/execution_full_qwen36_65k_fix1_minimal/sympy__sympy-11286/memory,"prior_files_inspected: sympy/functions/elementary/trigonometric.py|sympy/printing/ccode.py|sympy/printing/tests/test_ccode.py|calculate_session_usage.py|sympy/integrals/tests/test_transforms.py|sympy/integrals/manualintegrate.py || prior_files_edited: sympy/functions/elementary/trigonometric.py|sympy/printing/ccode.py|sympy/printing/tests/test_ccode.py || prior_test_commands: - [test] python -m pytest sympy/printing/tests/test_ccode.py::test_ccode_sinc -xvs|- E ImportError: cannot import name 'raises' from 'sympy.utilities.pytest' (./swebench_9_15/testbed/sympy/utilities/pytest.py)|8→from sympy.utilities.pytest import raises|/Applications/ADFRsuite-1.0/bin/python: No module named pytest|p... || run_failures=247 raises(ValueError, lambda: mcode(expr)) | 271 raises(ValueError, lambda: mcode(A, assign_to=x)) | 272 raises(ValueError, lambda: mcode(A, assign_to=C)) | 282 raises(ValueError,..."
sympy__sympy-11286,patch_shape_transfer,memory,adp;no_memory,medium,Consistent with prior-context patch-shape hints aligning with the successful patch location.,/home/shashwatsuthar/research/openhands-adp-memory/analysis/contextbench_posthoc/20260606_220027/remote/execution_full_qwen36_65k_fix1_minimal/sympy__sympy-11286/adp|/home/shashwatsuthar/research/openhands-adp-memory/analysis/contextbench_posthoc/20260606_220027/remote/execution_full_qwen36_65k_fix1_minimal/sympy__sympy-11286/no_memory|/home/shashwatsuthar/research/openhands-adp-memory/analysis/contextbench_posthoc/20260606_220027/remote/execution_full_qwen36_65k_fix1_minimal/sympy__sympy-11286/memory,prior_files_inspected: sympy/functions/elementary/trigonometric.py|sympy/printing/ccode.py|sympy/printing/tests/test_ccode.py|calculate_session_usage.py|sympy/integrals/tests/test_transforms.py|sympy/integrals/manualintegrate.py || prior_files_edited: sympy/functions/elementary/trigonometric.py|sympy/printing/ccode.py|sympy/printing/tests/test_ccode.py || prior_test_commands: - [test] python -m pytest sympy/printing/tests/test_ccode.py::test_ccode_sinc -xvs|- E ImportError: cannot import name 'raises' from 'sympy.utilities.pytest' (./swebench_9_15/testbed/sympy/utilities/pytest.py)|8→from sympy.utilities.pytest import raises|/Applications/ADFRsuite-1.0/bin/python: No module named pytest|p...
sympy__sympy-11286,procedural_order_transfer,memory,adp;no_memory,low,"Consistent with a prior search/read/edit procedure, but not enough to claim causality.",/home/shashwatsuthar/research/openhands-adp-memory/analysis/contextbench_posthoc/20260606_220027/remote/execution_full_qwen36_65k_fix1_minimal/sympy__sympy-11286/adp|/home/shashwatsuthar/research/openhands-adp-memory/analysis/contextbench_posthoc/20260606_220027/remote/execution_full_qwen36_65k_fix1_minimal/sympy__sympy-11286/no_memory|/home/shashwatsuthar/research/openhands-adp-memory/analysis/contextbench_posthoc/20260606_220027/remote/execution_full_qwen36_65k_fix1_minimal/sympy__sympy-11286/memory,prior_files_inspected: sympy/functions/elementary/trigonometric.py|sympy/printing/ccode.py|sympy/printing/tests/test_ccode.py|calculate_session_usage.py|sympy/integrals/tests/test_transforms.py|sympy/integrals/manualintegrate.py || prior_files_edited: sympy/functions/elementary/trigonometric.py|sympy/printing/ccode.py|sympy/printing/tests/test_ccode.py || prior_test_commands: - [test] python -m pytest sympy/printing/tests/test_ccode.py::test_ccode_sinc -xvs|- E ImportError: cannot import name 'raises' from 'sympy.utilities.pytest' (./swebench_9_15/testbed/sympy/utilities/pytest.py)|8→from sympy.utilities.pytest import raises|/Applications/ADFRsuite-1.0/bin/python: No module named pytest|p...
sympy__sympy-12426,same_file_transfer,raw,adp;memory;no_memory,high,Consistent with prior context exposing the target gold file and the successful run modifying that file.,/home/shashwatsuthar/research/openhands-adp-memory/analysis/contextbench_posthoc/20260606_220027/remote/execution_full_qwen36_65k_fix1_minimal/sympy__sympy-12426/adp|/home/shashwatsuthar/research/openhands-adp-memory/analysis/contextbench_posthoc/20260606_220027/remote/execution_full_qwen36_65k_fix1_minimal/sympy__sympy-12426/no_memory|/home/shashwatsuthar/research/openhands-adp-memory/analysis/contextbench_posthoc/20260606_220027/remote/execution_full_qwen36_65k_fix1_minimal/sympy__sympy-12426/raw|/home/shashwatsuthar/research/openhands-adp-memory/analysis/contextbench_posthoc/20260606_220027/remote/execution_full_qwen36_65k_fix1_minimal/sympy__sympy-12426/memory,prior_files_inspected: sympy/core/basic.py|sympy/solvers/diophantine.py|sympy/plotting/plot.py|sympy/assumptions/sathandlers.py|sympy/matrices/expressions/tests/test_factorizations.py|sympy/matrices/expressions/matexpr.py|sympy/functions/elementary/miscellaneous.py|sympy/categories/baseclasses.py|sympy/concrete/tests/test_gosper.py|sympy/concrete/__init__.py|sympy/concrete/summations.py|sympy/functions/special/tensor_functions.py|sympy/core/tests/test_args.py|sympy/concrete/tests/test_delta.py|test_simplification.py|sympy/concrete/delta.py|sympy/matrices/expressions/tests/test_matexpr.py|sympy/concrete/tests/test_sums_products.py || prior_files_edited: sympy/matrices/expressions/matexpr.p...
sympy__sympy-12426,localization_hint,raw,adp;memory;no_memory,medium,Consistent with prior-context localization: the winning run reached a target gold file or directory.,/home/shashwatsuthar/research/openhands-adp-memory/analysis/contextbench_posthoc/20260606_220027/remote/execution_full_qwen36_65k_fix1_minimal/sympy__sympy-12426/adp|/home/shashwatsuthar/research/openhands-adp-memory/analysis/contextbench_posthoc/20260606_220027/remote/execution_full_qwen36_65k_fix1_minimal/sympy__sympy-12426/no_memory|/home/shashwatsuthar/research/openhands-adp-memory/analysis/contextbench_posthoc/20260606_220027/remote/execution_full_qwen36_65k_fix1_minimal/sympy__sympy-12426/raw|/home/shashwatsuthar/research/openhands-adp-memory/analysis/contextbench_posthoc/20260606_220027/remote/execution_full_qwen36_65k_fix1_minimal/sympy__sympy-12426/memory,prior_files_inspected: sympy/core/basic.py|sympy/solvers/diophantine.py|sympy/plotting/plot.py|sympy/assumptions/sathandlers.py|sympy/matrices/expressions/tests/test_factorizations.py|sympy/matrices/expressions/matexpr.py|sympy/functions/elementary/miscellaneous.py|sympy/categories/baseclasses.py|sympy/concrete/tests/test_gosper.py|sympy/concrete/__init__.py|sympy/concrete/summations.py|sympy/functions/special/tensor_functions.py|sympy/core/tests/test_args.py|sympy/concrete/tests/test_delta.py|test_simplification.py|sympy/concrete/delta.py|sympy/matrices/expressions/tests/test_matexpr.py|sympy/concrete/tests/test_sums_products.py || prior_files_edited: sympy/matrices/expressions/matexpr.p... || first_gold_file_read_step=3
sympy__sympy-12426,test_command_transfer,raw,adp;memory;no_memory,high,Consistent with reuse of a prior-context test or reproduction command.,/home/shashwatsuthar/research/openhands-adp-memory/analysis/contextbench_posthoc/20260606_220027/remote/execution_full_qwen36_65k_fix1_minimal/sympy__sympy-12426/adp|/home/shashwatsuthar/research/openhands-adp-memory/analysis/contextbench_posthoc/20260606_220027/remote/execution_full_qwen36_65k_fix1_minimal/sympy__sympy-12426/no_memory|/home/shashwatsuthar/research/openhands-adp-memory/analysis/contextbench_posthoc/20260606_220027/remote/execution_full_qwen36_65k_fix1_minimal/sympy__sympy-12426/raw|/home/shashwatsuthar/research/openhands-adp-memory/analysis/contextbench_posthoc/20260606_220027/remote/execution_full_qwen36_65k_fix1_minimal/sympy__sympy-12426/memory,prior_files_inspected: sympy/core/basic.py|sympy/solvers/diophantine.py|sympy/plotting/plot.py|sympy/assumptions/sathandlers.py|sympy/matrices/expressions/tests/test_factorizations.py|sympy/matrices/expressions/matexpr.py|sympy/functions/elementary/miscellaneous.py|sympy/categories/baseclasses.py|sympy/concrete/tests/test_gosper.py|sympy/concrete/__init__.py|sympy/concrete/summations.py|sympy/functions/special/tensor_functions.py|sympy/core/tests/test_args.py|sympy/concrete/tests/test_delta.py|test_simplification.py|sympy/concrete/delta.py|sympy/matrices/expressions/tests/test_matexpr.py|sympy/concrete/tests/test_sums_products.py || prior_files_edited: sympy/matrices/expressions/matexpr.p... || run_tests=cd /testbed && python3 -m pytest sympy/matrices/expressions/tests/test_diagonal.py -xvs 2>&1 | head -80|cd /testbed && python3 -m pytest sympy/matrices/expressions/tests/test_diagonal...
sympy__sympy-12426,failure_signature_transfer,raw,adp;memory;no_memory,medium,Consistent with the run observing a failure signature that overlaps prior or target issue evidence.,/home/shashwatsuthar/research/openhands-adp-memory/analysis/contextbench_posthoc/20260606_220027/remote/execution_full_qwen36_65k_fix1_minimal/sympy__sympy-12426/adp|/home/shashwatsuthar/research/openhands-adp-memory/analysis/contextbench_posthoc/20260606_220027/remote/execution_full_qwen36_65k_fix1_minimal/sympy__sympy-12426/no_memory|/home/shashwatsuthar/research/openhands-adp-memory/analysis/contextbench_posthoc/20260606_220027/remote/execution_full_qwen36_65k_fix1_minimal/sympy__sympy-12426/raw|/home/shashwatsuthar/research/openhands-adp-memory/analysis/contextbench_posthoc/20260606_220027/remote/execution_full_qwen36_65k_fix1_minimal/sympy__sympy-12426/memory,"prior_files_inspected: sympy/core/basic.py|sympy/solvers/diophantine.py|sympy/plotting/plot.py|sympy/assumptions/sathandlers.py|sympy/matrices/expressions/tests/test_factorizations.py|sympy/matrices/expressions/matexpr.py|sympy/functions/elementary/miscellaneous.py|sympy/categories/baseclasses.py|sympy/concrete/tests/test_gosper.py|sympy/concrete/__init__.py|sympy/concrete/summations.py|sympy/functions/special/tensor_functions.py|sympy/core/tests/test_args.py|sympy/concrete/tests/test_delta.py|test_simplification.py|sympy/concrete/delta.py|sympy/matrices/expressions/tests/test_matexpr.py|sympy/concrete/tests/test_sums_products.py || prior_files_edited: sympy/matrices/expressions/matexpr.p... || run_failures=sympy/matrices/expressions/tests/test_diagonal.py::test_DiagonalMatrix FAILED | E IndexError: Invalid indices (1, 1) | FAILED sympy/matrices/expressions/tests/test_diagonal.py::tes..."
sympy__sympy-12426,patch_shape_transfer,raw,adp;memory;no_memory,medium,Consistent with prior-context patch-shape hints aligning with the successful patch location.,/home/shashwatsuthar/research/openhands-adp-memory/analysis/contextbench_posthoc/20260606_220027/remote/execution_full_qwen36_65k_fix1_minimal/sympy__sympy-12426/adp|/home/shashwatsuthar/research/openhands-adp-memory/analysis/contextbench_posthoc/20260606_220027/remote/execution_full_qwen36_65k_fix1_minimal/sympy__sympy-12426/no_memory|/home/shashwatsuthar/research/openhands-adp-memory/analysis/contextbench_posthoc/20260606_220027/remote/execution_full_qwen36_65k_fix1_minimal/sympy__sympy-12426/raw|/home/shashwatsuthar/research/openhands-adp-memory/analysis/contextbench_posthoc/20260606_220027/remote/execution_full_qwen36_65k_fix1_minimal/sympy__sympy-12426/memory,prior_files_inspected: sympy/core/basic.py|sympy/solvers/diophantine.py|sympy/plotting/plot.py|sympy/assumptions/sathandlers.py|sympy/matrices/expressions/tests/test_factorizations.py|sympy/matrices/expressions/matexpr.py|sympy/functions/elementary/miscellaneous.py|sympy/categories/baseclasses.py|sympy/concrete/tests/test_gosper.py|sympy/concrete/__init__.py|sympy/concrete/summations.py|sympy/functions/special/tensor_functions.py|sympy/core/tests/test_args.py|sympy/concrete/tests/test_delta.py|test_simplification.py|sympy/concrete/delta.py|sympy/matrices/expressions/tests/test_matexpr.py|sympy/concrete/tests/test_sums_products.py || prior_files_edited: sympy/matrices/expressions/matexpr.p...
sympy__sympy-12426,procedural_order_transfer,raw,adp;memory;no_memory,low,"Consistent with a prior search/read/edit procedure, but not enough to claim causality.",/home/shashwatsuthar/research/openhands-adp-memory/analysis/contextbench_posthoc/20260606_220027/remote/execution_full_qwen36_65k_fix1_minimal/sympy__sympy-12426/adp|/home/shashwatsuthar/research/openhands-adp-memory/analysis/contextbench_posthoc/20260606_220027/remote/execution_full_qwen36_65k_fix1_minimal/sympy__sympy-12426/no_memory|/home/shashwatsuthar/research/openhands-adp-memory/analysis/contextbench_posthoc/20260606_220027/remote/execution_full_qwen36_65k_fix1_minimal/sympy__sympy-12426/raw|/home/shashwatsuthar/research/openhands-adp-memory/analysis/contextbench_posthoc/20260606_220027/remote/execution_full_qwen36_65k_fix1_minimal/sympy__sympy-12426/memory,prior_files_inspected: sympy/core/basic.py|sympy/solvers/diophantine.py|sympy/plotting/plot.py|sympy/assumptions/sathandlers.py|sympy/matrices/expressions/tests/test_factorizations.py|sympy/matrices/expressions/matexpr.py|sympy/functions/elementary/miscellaneous.py|sympy/categories/baseclasses.py|sympy/concrete/tests/test_gosper.py|sympy/concrete/__init__.py|sympy/concrete/summations.py|sympy/functions/special/tensor_functions.py|sympy/core/tests/test_args.py|sympy/concrete/tests/test_delta.py|test_simplification.py|sympy/concrete/delta.py|sympy/matrices/expressions/tests/test_matexpr.py|sympy/concrete/tests/test_sums_products.py || prior_files_edited: sympy/matrices/expressions/matexpr.p...
sympy__sympy-12426,raw_redundancy_helped,raw,adp;memory,medium,Consistent with raw transcript redundancy preserving useful evidence for the only successful prior representation.,/home/shashwatsuthar/research/openhands-adp-memory/analysis/contextbench_posthoc/20260606_220027/remote/execution_full_qwen36_65k_fix1_minimal/sympy__sympy-12426/adp|/home/shashwatsuthar/research/openhands-adp-memory/analysis/contextbench_posthoc/20260606_220027/remote/execution_full_qwen36_65k_fix1_minimal/sympy__sympy-12426/raw|/home/shashwatsuthar/research/openhands-adp-memory/analysis/contextbench_posthoc/20260606_220027/remote/execution_full_qwen36_65k_fix1_minimal/sympy__sympy-12426/memory,prior_files_inspected: sympy/core/basic.py|sympy/solvers/diophantine.py|sympy/plotting/plot.py|sympy/assumptions/sathandlers.py|sympy/matrices/expressions/tests/test_factorizations.py|sympy/matrices/expressions/matexpr.py|sympy/functions/elementary/miscellaneous.py|sympy/categories/baseclasses.py|sympy/concrete/tests/test_gosper.py|sympy/concrete/__init__.py|sympy/concrete/summations.py|sympy/functions/special/tensor_functions.py|sympy/core/tests/test_args.py|sympy/concrete/tests/test_delta.py|test_simplification.py|sympy/concrete/delta.py|sympy/matrices/expressions/tests/test_matexpr.py|sympy/concrete/tests/test_sums_products.py || prior_files_edited: sympy/matrices/expressions/matexpr.p...
sympy__sympy-16689,same_file_transfer,raw,adp;no_memory,high,Consistent with prior context exposing the target gold file and the successful run modifying that file.,/home/shashwatsuthar/research/openhands-adp-memory/analysis/contextbench_posthoc/20260606_220027/remote/execution_full_qwen36_65k_fix1_minimal/sympy__sympy-16689/adp|/home/shashwatsuthar/research/openhands-adp-memory/analysis/contextbench_posthoc/20260606_220027/remote/execution_full_qwen36_65k_fix1_minimal/sympy__sympy-16689/no_memory|/home/shashwatsuthar/research/openhands-adp-memory/analysis/contextbench_posthoc/20260606_220027/remote/execution_full_qwen36_65k_fix1_minimal/sympy__sympy-16689/raw,"prior_files_inspected: sympy/utilities/codegen.py|sympy/utilities/autowrap.py || prior_files_edited: sympy/utilities/codegen.py || error_failure_assertion_lines: TypeError: only size-1 arrays can be converted to Python scalars|SyntaxError: invalid syntax|✗ Test 1 FAILED: TypeError: only size-1 arrays can be converted to Python scalars|Traceback (most recent call last):|AttributeError: 'NoneType' object has no attribute 'loader'|597→ raise ValueError(""No expression given"")|741→ except KeyError:|1333→ raise ValueError(""No expression given"")|1796→ raise ValueError(""No expression given"")|1870→ except KeyError: || grep_search_anchors: **/autowrap.py|**/codegen.py|def make_routine|class C99Code..."
sympy__sympy-16689,localization_hint,raw,adp;no_memory,medium,Consistent with prior-context localization: the winning run reached a target gold file or directory.,/home/shashwatsuthar/research/openhands-adp-memory/analysis/contextbench_posthoc/20260606_220027/remote/execution_full_qwen36_65k_fix1_minimal/sympy__sympy-16689/adp|/home/shashwatsuthar/research/openhands-adp-memory/analysis/contextbench_posthoc/20260606_220027/remote/execution_full_qwen36_65k_fix1_minimal/sympy__sympy-16689/no_memory|/home/shashwatsuthar/research/openhands-adp-memory/analysis/contextbench_posthoc/20260606_220027/remote/execution_full_qwen36_65k_fix1_minimal/sympy__sympy-16689/raw,"prior_files_inspected: sympy/utilities/codegen.py|sympy/utilities/autowrap.py || prior_files_edited: sympy/utilities/codegen.py || error_failure_assertion_lines: TypeError: only size-1 arrays can be converted to Python scalars|SyntaxError: invalid syntax|✗ Test 1 FAILED: TypeError: only size-1 arrays can be converted to Python scalars|Traceback (most recent call last):|AttributeError: 'NoneType' object has no attribute 'loader'|597→ raise ValueError(""No expression given"")|741→ except KeyError:|1333→ raise ValueError(""No expression given"")|1796→ raise ValueError(""No expression given"")|1870→ except KeyError: || grep_search_anchors: **/autowrap.py|**/codegen.py|def make_routine|class C99Code... || first_gold_file_read_step=3"
sympy__sympy-16689,failure_signature_transfer,raw,adp;no_memory,medium,Consistent with the run observing a failure signature that overlaps prior or target issue evidence.,/home/shashwatsuthar/research/openhands-adp-memory/analysis/contextbench_posthoc/20260606_220027/remote/execution_full_qwen36_65k_fix1_minimal/sympy__sympy-16689/adp|/home/shashwatsuthar/research/openhands-adp-memory/analysis/contextbench_posthoc/20260606_220027/remote/execution_full_qwen36_65k_fix1_minimal/sympy__sympy-16689/no_memory|/home/shashwatsuthar/research/openhands-adp-memory/analysis/contextbench_posthoc/20260606_220027/remote/execution_full_qwen36_65k_fix1_minimal/sympy__sympy-16689/raw,"prior_files_inspected: sympy/utilities/codegen.py|sympy/utilities/autowrap.py || prior_files_edited: sympy/utilities/codegen.py || error_failure_assertion_lines: TypeError: only size-1 arrays can be converted to Python scalars|SyntaxError: invalid syntax|✗ Test 1 FAILED: TypeError: only size-1 arrays can be converted to Python scalars|Traceback (most recent call last):|AttributeError: 'NoneType' object has no attribute 'loader'|597→ raise ValueError(""No expression given"")|741→ except KeyError:|1333→ raise ValueError(""No expression given"")|1796→ raise ValueError(""No expression given"")|1870→ except KeyError: || grep_search_anchors: **/autowrap.py|**/codegen.py|def make_routine|class C99Code... || run_failures=123 present in these languages. The CodeGen part must raise an exception | 174 raise ValueError(""Unknown Routine argument: %s"" % arg) | 178 raise ValueError(""Unknown Routine result..."
sympy__sympy-16689,patch_shape_transfer,raw,adp;no_memory,medium,Consistent with prior-context patch-shape hints aligning with the successful patch location.,/home/shashwatsuthar/research/openhands-adp-memory/analysis/contextbench_posthoc/20260606_220027/remote/execution_full_qwen36_65k_fix1_minimal/sympy__sympy-16689/adp|/home/shashwatsuthar/research/openhands-adp-memory/analysis/contextbench_posthoc/20260606_220027/remote/execution_full_qwen36_65k_fix1_minimal/sympy__sympy-16689/no_memory|/home/shashwatsuthar/research/openhands-adp-memory/analysis/contextbench_posthoc/20260606_220027/remote/execution_full_qwen36_65k_fix1_minimal/sympy__sympy-16689/raw,"prior_files_inspected: sympy/utilities/codegen.py|sympy/utilities/autowrap.py || prior_files_edited: sympy/utilities/codegen.py || error_failure_assertion_lines: TypeError: only size-1 arrays can be converted to Python scalars|SyntaxError: invalid syntax|✗ Test 1 FAILED: TypeError: only size-1 arrays can be converted to Python scalars|Traceback (most recent call last):|AttributeError: 'NoneType' object has no attribute 'loader'|597→ raise ValueError(""No expression given"")|741→ except KeyError:|1333→ raise ValueError(""No expression given"")|1796→ raise ValueError(""No expression given"")|1870→ except KeyError: || grep_search_anchors: **/autowrap.py|**/codegen.py|def make_routine|class C99Code..."
sympy__sympy-16689,same_file_transfer,memory,adp;no_memory,high,Consistent with prior context exposing the target gold file and the successful run modifying that file.,/home/shashwatsuthar/research/openhands-adp-memory/analysis/contextbench_posthoc/20260606_220027/remote/execution_full_qwen36_65k_fix1_minimal/sympy__sympy-16689/adp|/home/shashwatsuthar/research/openhands-adp-memory/analysis/contextbench_posthoc/20260606_220027/remote/execution_full_qwen36_65k_fix1_minimal/sympy__sympy-16689/no_memory|/home/shashwatsuthar/research/openhands-adp-memory/analysis/contextbench_posthoc/20260606_220027/remote/execution_full_qwen36_65k_fix1_minimal/sympy__sympy-16689/memory,"prior_files_inspected: sympy/utilities/autowrap.py|sympy/utilities/codegen.py|sympy/plotting/plot.py || prior_files_edited: sympy/utilities/codegen.py || error_failure_assertion_lines: TypeError: only size-1 arrays can be converted to Python scalars|- Traceback (most recent call last):|SyntaxError: invalid syntax|✗ Test 1 FAILED: TypeError: only size-1 arrays can be converted to Python scalars|Traceback (most recent call last):|AttributeError: 'NoneType' object has no attribute 'loader'|597→ raise ValueError(""No expression given"")|741→ except KeyError:|1333→ raise ValueError(""No expression given"")|1796→ raise ValueError(""No expression g|1870→ except KeyError: || patch_shape_hints: This sh..."
sympy__sympy-16689,localization_hint,memory,adp;no_memory,medium,Consistent with prior-context localization: the winning run reached a target gold file or directory.,/home/shashwatsuthar/research/openhands-adp-memory/analysis/contextbench_posthoc/20260606_220027/remote/execution_full_qwen36_65k_fix1_minimal/sympy__sympy-16689/adp|/home/shashwatsuthar/research/openhands-adp-memory/analysis/contextbench_posthoc/20260606_220027/remote/execution_full_qwen36_65k_fix1_minimal/sympy__sympy-16689/no_memory|/home/shashwatsuthar/research/openhands-adp-memory/analysis/contextbench_posthoc/20260606_220027/remote/execution_full_qwen36_65k_fix1_minimal/sympy__sympy-16689/memory,"prior_files_inspected: sympy/utilities/autowrap.py|sympy/utilities/codegen.py|sympy/plotting/plot.py || prior_files_edited: sympy/utilities/codegen.py || error_failure_assertion_lines: TypeError: only size-1 arrays can be converted to Python scalars|- Traceback (most recent call last):|SyntaxError: invalid syntax|✗ Test 1 FAILED: TypeError: only size-1 arrays can be converted to Python scalars|Traceback (most recent call last):|AttributeError: 'NoneType' object has no attribute 'loader'|597→ raise ValueError(""No expression given"")|741→ except KeyError:|1333→ raise ValueError(""No expression given"")|1796→ raise ValueError(""No expression g|1870→ except KeyError: || patch_shape_hints: This sh... || first_gold_file_read_step=2"
sympy__sympy-16689,failure_signature_transfer,memory,adp;no_memory,medium,Consistent with the run observing a failure signature that overlaps prior or target issue evidence.,/home/shashwatsuthar/research/openhands-adp-memory/analysis/contextbench_posthoc/20260606_220027/remote/execution_full_qwen36_65k_fix1_minimal/sympy__sympy-16689/adp|/home/shashwatsuthar/research/openhands-adp-memory/analysis/contextbench_posthoc/20260606_220027/remote/execution_full_qwen36_65k_fix1_minimal/sympy__sympy-16689/no_memory|/home/shashwatsuthar/research/openhands-adp-memory/analysis/contextbench_posthoc/20260606_220027/remote/execution_full_qwen36_65k_fix1_minimal/sympy__sympy-16689/memory,"prior_files_inspected: sympy/utilities/autowrap.py|sympy/utilities/codegen.py|sympy/plotting/plot.py || prior_files_edited: sympy/utilities/codegen.py || error_failure_assertion_lines: TypeError: only size-1 arrays can be converted to Python scalars|- Traceback (most recent call last):|SyntaxError: invalid syntax|✗ Test 1 FAILED: TypeError: only size-1 arrays can be converted to Python scalars|Traceback (most recent call last):|AttributeError: 'NoneType' object has no attribute 'loader'|597→ raise ValueError(""No expression given"")|741→ except KeyError:|1333→ raise ValueError(""No expression given"")|1796→ raise ValueError(""No expression g|1870→ except KeyError: || patch_shape_hints: This sh... || run_failures=123 present in these languages. The CodeGen part must raise an exception | 174 raise ValueError(""Unknown Routine argument: %s"" % arg) | 178 raise ValueError(""Unknown Routine result..."
sympy__sympy-16689,patch_shape_transfer,memory,adp;no_memory,medium,Consistent with prior-context patch-shape hints aligning with the successful patch location.,/home/shashwatsuthar/research/openhands-adp-memory/analysis/contextbench_posthoc/20260606_220027/remote/execution_full_qwen36_65k_fix1_minimal/sympy__sympy-16689/adp|/home/shashwatsuthar/research/openhands-adp-memory/analysis/contextbench_posthoc/20260606_220027/remote/execution_full_qwen36_65k_fix1_minimal/sympy__sympy-16689/no_memory|/home/shashwatsuthar/research/openhands-adp-memory/analysis/contextbench_posthoc/20260606_220027/remote/execution_full_qwen36_65k_fix1_minimal/sympy__sympy-16689/memory,"prior_files_inspected: sympy/utilities/autowrap.py|sympy/utilities/codegen.py|sympy/plotting/plot.py || prior_files_edited: sympy/utilities/codegen.py || error_failure_assertion_lines: TypeError: only size-1 arrays can be converted to Python scalars|- Traceback (most recent call last):|SyntaxError: invalid syntax|✗ Test 1 FAILED: TypeError: only size-1 arrays can be converted to Python scalars|Traceback (most recent call last):|AttributeError: 'NoneType' object has no attribute 'loader'|597→ raise ValueError(""No expression given"")|741→ except KeyError:|1333→ raise ValueError(""No expression given"")|1796→ raise ValueError(""No expression g|1870→ except KeyError: || patch_shape_hints: This sh..."
sympy__sympy-16689,procedural_order_transfer,memory,adp;no_memory,low,"Consistent with a prior search/read/edit procedure, but not enough to claim causality.",/home/shashwatsuthar/research/openhands-adp-memory/analysis/contextbench_posthoc/20260606_220027/remote/execution_full_qwen36_65k_fix1_minimal/sympy__sympy-16689/adp|/home/shashwatsuthar/research/openhands-adp-memory/analysis/contextbench_posthoc/20260606_220027/remote/execution_full_qwen36_65k_fix1_minimal/sympy__sympy-16689/no_memory|/home/shashwatsuthar/research/openhands-adp-memory/analysis/contextbench_posthoc/20260606_220027/remote/execution_full_qwen36_65k_fix1_minimal/sympy__sympy-16689/memory,"prior_files_inspected: sympy/utilities/autowrap.py|sympy/utilities/codegen.py|sympy/plotting/plot.py || prior_files_edited: sympy/utilities/codegen.py || error_failure_assertion_lines: TypeError: only size-1 arrays can be converted to Python scalars|- Traceback (most recent call last):|SyntaxError: invalid syntax|✗ Test 1 FAILED: TypeError: only size-1 arrays can be converted to Python scalars|Traceback (most recent call last):|AttributeError: 'NoneType' object has no attribute 'loader'|597→ raise ValueError(""No expression given"")|741→ except KeyError:|1333→ raise ValueError(""No expression given"")|1796→ raise ValueError(""No expression g|1870→ except KeyError: || patch_shape_hints: This sh..."
sympy__sympy-19235,same_file_transfer,adp,raw;memory;no_memory,high,Consistent with prior context exposing the target gold file and the successful run modifying that file.,/home/shashwatsuthar/research/openhands-adp-memory/analysis/contextbench_posthoc/20260606_220027/remote/execution_full_qwen36_65k_fix1_minimal/sympy__sympy-19235/adp|/home/shashwatsuthar/research/openhands-adp-memory/analysis/contextbench_posthoc/20260606_220027/remote/execution_full_qwen36_65k_fix1_minimal/sympy__sympy-19235/no_memory|/home/shashwatsuthar/research/openhands-adp-memory/analysis/contextbench_posthoc/20260606_220027/remote/execution_full_qwen36_65k_fix1_minimal/sympy__sympy-19235/raw|/home/shashwatsuthar/research/openhands-adp-memory/analysis/contextbench_posthoc/20260606_220027/remote/execution_full_qwen36_65k_fix1_minimal/sympy__sympy-19235/memory,"prior_files_inspected: sympy/printing/latex.py|test_fix.py|sympy/__init__.py|sympy/core/basic.py|sympy/core/expr.py|sympy/core/containers.py|test_simple.py|sympy/plotting/plot.py || prior_files_edited: sympy/printing/latex.py || error_failure_assertion_lines: SyntaxError: invalid syntax|Traceback (most recent call last):|raise ImportError(""SymPy now depends on mpmath as an external library.|ImportError: SymPy now depends on mpmath as an external library. See http:/docs.sympy.org/latest/install.html#mpmath for more information.|AttributeError: 'NoneType' object has no attribute 'loader' || grep_search_anchors: **/sympy/printing/latex.py || patch_shape_hints: 749→ elif inv_trig_style == ""fu..."
sympy__sympy-19235,localization_hint,adp,raw;memory;no_memory,medium,Consistent with prior-context localization: the winning run reached a target gold file or directory.,/home/shashwatsuthar/research/openhands-adp-memory/analysis/contextbench_posthoc/20260606_220027/remote/execution_full_qwen36_65k_fix1_minimal/sympy__sympy-19235/adp|/home/shashwatsuthar/research/openhands-adp-memory/analysis/contextbench_posthoc/20260606_220027/remote/execution_full_qwen36_65k_fix1_minimal/sympy__sympy-19235/no_memory|/home/shashwatsuthar/research/openhands-adp-memory/analysis/contextbench_posthoc/20260606_220027/remote/execution_full_qwen36_65k_fix1_minimal/sympy__sympy-19235/raw|/home/shashwatsuthar/research/openhands-adp-memory/analysis/contextbench_posthoc/20260606_220027/remote/execution_full_qwen36_65k_fix1_minimal/sympy__sympy-19235/memory,"prior_files_inspected: sympy/printing/latex.py|test_fix.py|sympy/__init__.py|sympy/core/basic.py|sympy/core/expr.py|sympy/core/containers.py|test_simple.py|sympy/plotting/plot.py || prior_files_edited: sympy/printing/latex.py || error_failure_assertion_lines: SyntaxError: invalid syntax|Traceback (most recent call last):|raise ImportError(""SymPy now depends on mpmath as an external library.|ImportError: SymPy now depends on mpmath as an external library. See http:/docs.sympy.org/latest/install.html#mpmath for more information.|AttributeError: 'NoneType' object has no attribute 'loader' || grep_search_anchors: **/sympy/printing/latex.py || patch_shape_hints: 749→ elif inv_trig_style == ""fu... || first_gold_file_read_step=2"
sympy__sympy-19235,patch_shape_transfer,adp,raw;memory;no_memory,medium,Consistent with prior-context patch-shape hints aligning with the successful patch location.,/home/shashwatsuthar/research/openhands-adp-memory/analysis/contextbench_posthoc/20260606_220027/remote/execution_full_qwen36_65k_fix1_minimal/sympy__sympy-19235/adp|/home/shashwatsuthar/research/openhands-adp-memory/analysis/contextbench_posthoc/20260606_220027/remote/execution_full_qwen36_65k_fix1_minimal/sympy__sympy-19235/no_memory|/home/shashwatsuthar/research/openhands-adp-memory/analysis/contextbench_posthoc/20260606_220027/remote/execution_full_qwen36_65k_fix1_minimal/sympy__sympy-19235/raw|/home/shashwatsuthar/research/openhands-adp-memory/analysis/contextbench_posthoc/20260606_220027/remote/execution_full_qwen36_65k_fix1_minimal/sympy__sympy-19235/memory,"prior_files_inspected: sympy/printing/latex.py|test_fix.py|sympy/__init__.py|sympy/core/basic.py|sympy/core/expr.py|sympy/core/containers.py|test_simple.py|sympy/plotting/plot.py || prior_files_edited: sympy/printing/latex.py || error_failure_assertion_lines: SyntaxError: invalid syntax|Traceback (most recent call last):|raise ImportError(""SymPy now depends on mpmath as an external library.|ImportError: SymPy now depends on mpmath as an external library. See http:/docs.sympy.org/latest/install.html#mpmath for more information.|AttributeError: 'NoneType' object has no attribute 'loader' || grep_search_anchors: **/sympy/printing/latex.py || patch_shape_hints: 749→ elif inv_trig_style == ""fu..."
sympy__sympy-19235,procedural_order_transfer,adp,raw;memory;no_memory,low,"Consistent with a prior search/read/edit procedure, but not enough to claim causality.",/home/shashwatsuthar/research/openhands-adp-memory/analysis/contextbench_posthoc/20260606_220027/remote/execution_full_qwen36_65k_fix1_minimal/sympy__sympy-19235/adp|/home/shashwatsuthar/research/openhands-adp-memory/analysis/contextbench_posthoc/20260606_220027/remote/execution_full_qwen36_65k_fix1_minimal/sympy__sympy-19235/no_memory|/home/shashwatsuthar/research/openhands-adp-memory/analysis/contextbench_posthoc/20260606_220027/remote/execution_full_qwen36_65k_fix1_minimal/sympy__sympy-19235/raw|/home/shashwatsuthar/research/openhands-adp-memory/analysis/contextbench_posthoc/20260606_220027/remote/execution_full_qwen36_65k_fix1_minimal/sympy__sympy-19235/memory,"prior_files_inspected: sympy/printing/latex.py|test_fix.py|sympy/__init__.py|sympy/core/basic.py|sympy/core/expr.py|sympy/core/containers.py|test_simple.py|sympy/plotting/plot.py || prior_files_edited: sympy/printing/latex.py || error_failure_assertion_lines: SyntaxError: invalid syntax|Traceback (most recent call last):|raise ImportError(""SymPy now depends on mpmath as an external library.|ImportError: SymPy now depends on mpmath as an external library. See http:/docs.sympy.org/latest/install.html#mpmath for more information.|AttributeError: 'NoneType' object has no attribute 'loader' || grep_search_anchors: **/sympy/printing/latex.py || patch_shape_hints: 749→ elif inv_trig_style == ""fu..."
sympy__sympy-19235,ADP_structure_helped,adp,raw;memory,medium,Consistent with normalized action/observation structure surfacing useful procedural evidence.,/home/shashwatsuthar/research/openhands-adp-memory/analysis/contextbench_posthoc/20260606_220027/remote/execution_full_qwen36_65k_fix1_minimal/sympy__sympy-19235/adp|/home/shashwatsuthar/research/openhands-adp-memory/analysis/contextbench_posthoc/20260606_220027/remote/execution_full_qwen36_65k_fix1_minimal/sympy__sympy-19235/raw|/home/shashwatsuthar/research/openhands-adp-memory/analysis/contextbench_posthoc/20260606_220027/remote/execution_full_qwen36_65k_fix1_minimal/sympy__sympy-19235/memory,"prior_files_inspected: sympy/printing/latex.py|test_fix.py|sympy/__init__.py|sympy/core/basic.py|sympy/core/expr.py|sympy/core/containers.py|test_simple.py|sympy/plotting/plot.py || prior_files_edited: sympy/printing/latex.py || error_failure_assertion_lines: SyntaxError: invalid syntax|Traceback (most recent call last):|raise ImportError(""SymPy now depends on mpmath as an external library.|ImportError: SymPy now depends on mpmath as an external library. See http:/docs.sympy.org/latest/install.html#mpmath for more information.|AttributeError: 'NoneType' object has no attribute 'loader' || grep_search_anchors: **/sympy/printing/latex.py || patch_shape_hints: 749→ elif inv_trig_style == ""fu..."
sympy__sympy-19484,localization_hint,adp,raw;memory;no_memory,medium,Consistent with prior-context localization: the winning run reached a target gold file or directory.,/home/shashwatsuthar/research/openhands-adp-memory/analysis/contextbench_posthoc/20260606_220027/remote/execution_full_qwen36_65k_fix1_minimal/sympy__sympy-19484/adp|/home/shashwatsuthar/research/openhands-adp-memory/analysis/contextbench_posthoc/20260606_220027/remote/execution_full_qwen36_65k_fix1_minimal/sympy__sympy-19484/no_memory|/home/shashwatsuthar/research/openhands-adp-memory/analysis/contextbench_posthoc/20260606_220027/remote/execution_full_qwen36_65k_fix1_minimal/sympy__sympy-19484/raw|/home/shashwatsuthar/research/openhands-adp-memory/analysis/contextbench_posthoc/20260606_220027/remote/execution_full_qwen36_65k_fix1_minimal/sympy__sympy-19484/memory,"prior_files_inspected: sympy/functions/elementary/complexes.py|sympy/core/tests/test_exprtools.py|sympy/functions/elementary/tests/test_complexes.py|tests/test_complexes.py || prior_files_edited: sympy/functions/elementary/complexes.py|sympy/functions/elementary/tests/test_complexes.py || prior_test_commands: 10→from sympy.testing.pytest import XFAIL, raises|python3 -m pytest ./sympy/functions/elementary/tests/test_complexes.py::test_sign -xvs|platform darwin -- Python 3.8.8, pytest-8.3.5, pluggy-1.5.0 -- /opt/anaconda3/bin/python3|configfile: pytest.ini|-- Docs: https:/docs.pytest.org/en/stable/how-to/capture-warnings.html|python3 -m pytest ./sympy/functions/elementary/tests/test_complex... || first_gold_file_read_step=12"
sympy__sympy-19484,test_command_transfer,adp,raw;memory;no_memory,high,Consistent with reuse of a prior-context test or reproduction command.,/home/shashwatsuthar/research/openhands-adp-memory/analysis/contextbench_posthoc/20260606_220027/remote/execution_full_qwen36_65k_fix1_minimal/sympy__sympy-19484/adp|/home/shashwatsuthar/research/openhands-adp-memory/analysis/contextbench_posthoc/20260606_220027/remote/execution_full_qwen36_65k_fix1_minimal/sympy__sympy-19484/no_memory|/home/shashwatsuthar/research/openhands-adp-memory/analysis/contextbench_posthoc/20260606_220027/remote/execution_full_qwen36_65k_fix1_minimal/sympy__sympy-19484/raw|/home/shashwatsuthar/research/openhands-adp-memory/analysis/contextbench_posthoc/20260606_220027/remote/execution_full_qwen36_65k_fix1_minimal/sympy__sympy-19484/memory,"prior_files_inspected: sympy/functions/elementary/complexes.py|sympy/core/tests/test_exprtools.py|sympy/functions/elementary/tests/test_complexes.py|tests/test_complexes.py || prior_files_edited: sympy/functions/elementary/complexes.py|sympy/functions/elementary/tests/test_complexes.py || prior_test_commands: 10→from sympy.testing.pytest import XFAIL, raises|python3 -m pytest ./sympy/functions/elementary/tests/test_complexes.py::test_sign -xvs|platform darwin -- Python 3.8.8, pytest-8.3.5, pluggy-1.5.0 -- /opt/anaconda3/bin/python3|configfile: pytest.ini|-- Docs: https:/docs.pytest.org/en/stable/how-to/capture-warnings.html|python3 -m pytest ./sympy/functions/elementary/tests/test_complex... || run_tests=cd /testbed && python3 -m pytest sympy/functions/elementary/tests/test_complexes.py::test_sign -xvs 2>&1 | head -60|cd /testbed && python3 -m pytest sympy/functions/elementary/tests/t..."
sympy__sympy-19484,failure_signature_transfer,adp,raw;memory;no_memory,medium,Consistent with the run observing a failure signature that overlaps prior or target issue evidence.,/home/shashwatsuthar/research/openhands-adp-memory/analysis/contextbench_posthoc/20260606_220027/remote/execution_full_qwen36_65k_fix1_minimal/sympy__sympy-19484/adp|/home/shashwatsuthar/research/openhands-adp-memory/analysis/contextbench_posthoc/20260606_220027/remote/execution_full_qwen36_65k_fix1_minimal/sympy__sympy-19484/no_memory|/home/shashwatsuthar/research/openhands-adp-memory/analysis/contextbench_posthoc/20260606_220027/remote/execution_full_qwen36_65k_fix1_minimal/sympy__sympy-19484/raw|/home/shashwatsuthar/research/openhands-adp-memory/analysis/contextbench_posthoc/20260606_220027/remote/execution_full_qwen36_65k_fix1_minimal/sympy__sympy-19484/memory,"prior_files_inspected: sympy/functions/elementary/complexes.py|sympy/core/tests/test_exprtools.py|sympy/functions/elementary/tests/test_complexes.py|tests/test_complexes.py || prior_files_edited: sympy/functions/elementary/complexes.py|sympy/functions/elementary/tests/test_complexes.py || prior_test_commands: 10→from sympy.testing.pytest import XFAIL, raises|python3 -m pytest ./sympy/functions/elementary/tests/test_complexes.py::test_sign -xvs|platform darwin -- Python 3.8.8, pytest-8.3.5, pluggy-1.5.0 -- /opt/anaconda3/bin/python3|configfile: pytest.ini|-- Docs: https:/docs.pytest.org/en/stable/how-to/capture-warnings.html|python3 -m pytest ./sympy/functions/elementary/tests/test_complex... || run_failures=476 raise TypeError(""Bad argument type for Abs(): %s"" % type(arg))|# ValueError may seem more reasonable but since it's a @property, | # we need to use AttributeError to keep from ..."
sympy__sympy-19484,procedural_order_transfer,adp,raw;memory;no_memory,low,"Consistent with a prior search/read/edit procedure, but not enough to claim causality.",/home/shashwatsuthar/research/openhands-adp-memory/analysis/contextbench_posthoc/20260606_220027/remote/execution_full_qwen36_65k_fix1_minimal/sympy__sympy-19484/adp|/home/shashwatsuthar/research/openhands-adp-memory/analysis/contextbench_posthoc/20260606_220027/remote/execution_full_qwen36_65k_fix1_minimal/sympy__sympy-19484/no_memory|/home/shashwatsuthar/research/openhands-adp-memory/analysis/contextbench_posthoc/20260606_220027/remote/execution_full_qwen36_65k_fix1_minimal/sympy__sympy-19484/raw|/home/shashwatsuthar/research/openhands-adp-memory/analysis/contextbench_posthoc/20260606_220027/remote/execution_full_qwen36_65k_fix1_minimal/sympy__sympy-19484/memory,"prior_files_inspected: sympy/functions/elementary/complexes.py|sympy/core/tests/test_exprtools.py|sympy/functions/elementary/tests/test_complexes.py|tests/test_complexes.py || prior_files_edited: sympy/functions/elementary/complexes.py|sympy/functions/elementary/tests/test_complexes.py || prior_test_commands: 10→from sympy.testing.pytest import XFAIL, raises|python3 -m pytest ./sympy/functions/elementary/tests/test_complexes.py::test_sign -xvs|platform darwin -- Python 3.8.8, pytest-8.3.5, pluggy-1.5.0 -- /opt/anaconda3/bin/python3|configfile: pytest.ini|-- Docs: https:/docs.pytest.org/en/stable/how-to/capture-warnings.html|python3 -m pytest ./sympy/functions/elementary/tests/test_complex..."
sympy__sympy-19484,ADP_structure_helped,adp,raw;memory,medium,Consistent with normalized action/observation structure surfacing useful procedural evidence.,/home/shashwatsuthar/research/openhands-adp-memory/analysis/contextbench_posthoc/20260606_220027/remote/execution_full_qwen36_65k_fix1_minimal/sympy__sympy-19484/adp|/home/shashwatsuthar/research/openhands-adp-memory/analysis/contextbench_posthoc/20260606_220027/remote/execution_full_qwen36_65k_fix1_minimal/sympy__sympy-19484/raw|/home/shashwatsuthar/research/openhands-adp-memory/analysis/contextbench_posthoc/20260606_220027/remote/execution_full_qwen36_65k_fix1_minimal/sympy__sympy-19484/memory,"prior_files_inspected: sympy/functions/elementary/complexes.py|sympy/core/tests/test_exprtools.py|sympy/functions/elementary/tests/test_complexes.py|tests/test_complexes.py || prior_files_edited: sympy/functions/elementary/complexes.py|sympy/functions/elementary/tests/test_complexes.py || prior_test_commands: 10→from sympy.testing.pytest import XFAIL, raises|python3 -m pytest ./sympy/functions/elementary/tests/test_complexes.py::test_sign -xvs|platform darwin -- Python 3.8.8, pytest-8.3.5, pluggy-1.5.0 -- /opt/anaconda3/bin/python3|configfile: pytest.ini|-- Docs: https:/docs.pytest.org/en/stable/how-to/capture-warnings.html|python3 -m pytest ./sympy/functions/elementary/tests/test_complex..."
