instance_id,condition,evidence_mentions_target_gold_file_bool,evidence_mentions_target_gold_dir_bool,evidence_mentions_target_gold_symbol_bool,evidence_mentions_target_failure_signature_bool,evidence_contains_relevant_test_command_bool,evidence_contains_prior_edited_target_gold_file_bool,evidence_contains_prior_inspected_target_gold_file_bool,evidence_overlap_score,target_gold_files,target_gold_dirs,overlapping_symbols,failure_signature_overlap_excerpt
astropy__astropy-15082,raw,1,1,1,0,1,1,1,15.5,astropy/nddata/mixins/ndarithmetic.py|docs/changes/nddata/15082.bugfix.rst,astropy/nddata/mixins|docs/changes/nddata,Description|NDData|NDDataArray|None|NoneType|operand|operation|or,"TypeError: unsupported operand type(s) for || : 'int' and 'NoneType' || # raises: AttributeError: 'NoneType' object has no attribute 'mask' || I also found that collapsing `NDData` without a `unit` triggers an error in `NDArithmeticMixin._arithmetic_data`, due to a missing condition in the logic for calling the `operation`. Revising only the second-to-last l..."
astropy__astropy-15082,adp,1,1,1,0,1,1,1,15.5,astropy/nddata/mixins/ndarithmetic.py|docs/changes/nddata/15082.bugfix.rst,astropy/nddata/mixins|docs/changes/nddata,Description|NDData|NDDataArray|None|NoneType|operand|operation|or,"TypeError: unsupported operand type(s) for || : 'int' and 'NoneType' || # raises: AttributeError: 'NoneType' object has no attribute 'mask' || I also found that collapsing `NDData` without a `unit` triggers an error in `NDArithmeticMixin._arithmetic_data`, due to a missing condition in the logic for calling the `operation`. Revising only the second-to-last l..."
astropy__astropy-15082,memory,1,1,1,0,1,1,1,14.7,astropy/nddata/mixins/ndarithmetic.py|docs/changes/nddata/15082.bugfix.rst,astropy/nddata/mixins|docs/changes/nddata,Description|NDArithmeticMixin|NDData|NDDataArray|None|NoneType|operand|operation|or,"TypeError: unsupported operand type(s) for || : 'int' and 'NoneType' || # raises: AttributeError: 'NoneType' object has no attribute 'mask' || I also found that collapsing `NDData` without a `unit` triggers an error in `NDArithmeticMixin._arithmetic_data`, due to a missing condition in the logic for calling the `operation`. Revising only the second-to-last l..."
astropy__astropy-4973,raw,1,1,1,1,0,1,1,16.0,CHANGES.rst|astropy/wcs/wcs.py,astropy/wcs,InconsistentAxisTypesError|Traceback|Transforms|ValueError|__doc__|_array_converter|_denormalize_sky|_normalize_sky|_return_list_of_arrays|_return_single_array|ra_dec_order,"InconsistentAxisTypesError Traceback (most recent call last) || 1271 raise TypeError( || Currently, passing a (0,2) shaped array to the WCS transformation functions raises an error: || InconsistentAxisTypesError Traceback (most recent call last)"
astropy__astropy-4973,adp,1,1,1,1,0,1,1,16.0,CHANGES.rst|astropy/wcs/wcs.py,astropy/wcs,InconsistentAxisTypesError|Traceback|Transforms|ValueError|__doc__|_array_converter|_denormalize_sky|_normalize_sky|_return_list_of_arrays|_return_single_array|ra_dec_order,"InconsistentAxisTypesError Traceback (most recent call last) || 1271 raise TypeError( || Currently, passing a (0,2) shaped array to the WCS transformation functions raises an error: || InconsistentAxisTypesError Traceback (most recent call last)"
astropy__astropy-4973,memory,1,1,1,1,0,1,1,16.0,CHANGES.rst|astropy/wcs/wcs.py,astropy/wcs,InconsistentAxisTypesError|Traceback|Transforms|ValueError|__doc__|_array_converter|_denormalize_sky|_normalize_sky|_return_list_of_arrays|_return_single_array|ra_dec_order,"InconsistentAxisTypesError Traceback (most recent call last) || 1271 raise TypeError( || Currently, passing a (0,2) shaped array to the WCS transformation functions raises an error: || InconsistentAxisTypesError Traceback (most recent call last)"
django__django-11776,raw,1,1,1,0,1,0,1,12.1,AUTHORS|django/forms/forms.py|django/forms/utils.py|docs/topics/forms/index.txt|docs/releases/1.8.txt,docs/releases|docs/topics/forms|django/forms,Description|for,356- raise ValueError( || 1→from django.core.exceptions import ValidationError
django__django-11776,adp,1,1,1,0,1,0,1,12.5,AUTHORS|django/forms/forms.py|django/forms/utils.py|docs/topics/forms/index.txt|docs/releases/1.8.txt,docs/releases|docs/topics/forms|django/forms,Description|for,356- raise ValueError( || 1→from django.core.exceptions import ValidationError
django__django-11776,memory,1,1,1,0,1,0,1,12.3,AUTHORS|django/forms/forms.py|django/forms/utils.py|docs/topics/forms/index.txt|docs/releases/1.8.txt,docs/releases|docs/topics/forms|django/forms,Description|for,- Traceback (most recent call last): || - ERROR: FormsetTests (unittest.loader._FailedTest)
django__django-18166,raw,1,1,1,0,0,1,1,13.6,docs/topics/forms/formsets.txt|django/forms/formsets.py,django/forms|docs/topics/forms,BaseFormSet|Description|__init__|form_kwargs,"When explicitly setting form_kwargs = {'empty_permitted':True} or form_kwargs = {'empty_permitted':False} , a KeyError occurs when rendering a template that uses a formset's empty_form. || 1→from django.core.exceptions import ValidationError"
django__django-18166,adp,1,1,1,0,0,1,1,13.8,docs/topics/forms/formsets.txt|django/forms/formsets.py,django/forms|docs/topics/forms,BaseFormSet|Description|form_kwargs,"When explicitly setting form_kwargs = {'empty_permitted':True} or form_kwargs = {'empty_permitted':False} , a KeyError occurs when rendering a template that uses a formset's empty_form. || 1→from django.core.exceptions import ValidationError"
django__django-18166,memory,1,1,1,0,0,1,1,13.3,docs/topics/forms/formsets.txt|django/forms/formsets.py,django/forms|docs/topics/forms,BaseFormSet|Description|__init__|form_kwargs,"When explicitly setting form_kwargs = {'empty_permitted':True} or form_kwargs = {'empty_permitted':False} , a KeyError occurs when rendering a template that uses a formset's empty_form. || - FAIL Test 1 - TypeError: DeclarativeFieldsMetaclass object got multiple values for keyword argument 'empty_permitted'"
django__django-1891,raw,1,1,1,0,1,1,1,15.0,django/forms/models.py,django/forms,Description|ForeignKey|limit_choices_to,8→from django.core.exceptions import ( || 7→from django.core.exceptions import (
django__django-1891,adp,1,1,1,0,1,1,1,15.4,django/forms/models.py,django/forms,Description|ForeignKey|limit_choices_to,8→from django.core.exceptions import ( || 7→from django.core.exceptions import (
django__django-1891,memory,1,1,1,0,1,1,1,14.8,django/forms/models.py,django/forms,Description|ForeignKey|ModelChoiceField|ModelForm|limit_choices_to,- Traceback (most recent call last): || 8→from django.core.exceptions import (
django__django-20098,raw,1,1,1,0,0,1,1,12.8,django/core/checks/model_checks.py|docs/ref/checks.txt,docs/ref|django/core/checks,Description|Meta|db_table,"SyntaxError: invalid syntax || Traceback (most recent call last): || When declaring two models using a custom db_table setting in the Meta class, I found out that django failed to detect that the two models declared the same db_table and subsequently it will fail on syncdb when trying ..."
django__django-20098,adp,1,1,1,0,0,1,1,12.8,django/core/checks/model_checks.py|docs/ref/checks.txt,docs/ref|django/core/checks,Description|Meta|db_table,"SyntaxError: invalid syntax || Traceback (most recent call last): || When declaring two models using a custom db_table setting in the Meta class, I found out that django failed to detect that the two models declared the same db_table and subsequently it will fail on syncdb when trying ..."
django__django-20098,memory,1,1,1,0,0,1,1,12.7,django/core/checks/model_checks.py|docs/ref/checks.txt,docs/ref|django/core/checks,Description|Meta|db_table,"- Traceback (most recent call last): || - RuntimeError: Settings already configured. || When declaring two models using a custom db_table setting in the Meta class, I found out that django failed to detect that the two models declared the same db_table and subsequently it will fail on syncdb when trying ..."
django__django-21204,raw,1,1,1,0,0,1,1,14.0,django/db/models/sql/compiler.py|django/db/models/query_utils.py|django/db/models/sql/query.py,django/db/models|django/db/models/sql,Description|select_related,"1736- raise TypeError(""Cannot call only() after .values() or .values_list()"") || 1740- raise TypeError(""Cannot pass None as an argument to only()."")"
django__django-21204,adp,1,1,1,0,0,1,1,14.0,django/db/models/sql/compiler.py|django/db/models/query_utils.py|django/db/models/sql/query.py,django/db/models|django/db/models/sql,Description|select_related,"1736- raise TypeError(""Cannot call only() after .values() or .values_list()"") || 1740- raise TypeError(""Cannot pass None as an argument to only()."")"
django__django-21204,memory,1,1,1,0,0,1,1,14.0,django/db/models/sql/compiler.py|django/db/models/query_utils.py|django/db/models/sql/query.py,django/db/models|django/db/models/sql,Description|select_related,"- Traceback (most recent call last): || 1736- raise TypeError(""Cannot call only() after .values() or .values_list()"")"
django__django-21501,raw,1,1,1,0,1,1,1,15.1,docs/topics/forms/formsets.txt|django/forms/formsets.py,django/forms|docs/topics/forms,BaseFormSet|Description|True|empty_form|empty_permitted,"When explicitly setting form_kwargs = {'empty_permitted':True} or form_kwargs = {'empty_permitted':False} , a KeyError occurs when rendering a template that uses a formset's empty_form. || 1→from django.core.exceptions import ValidationError"
django__django-21501,adp,1,1,1,0,1,1,1,15.3,docs/topics/forms/formsets.txt|django/forms/formsets.py,django/forms|docs/topics/forms,BaseFormSet|Description|True|empty_form|empty_permitted,"When explicitly setting form_kwargs = {'empty_permitted':True} or form_kwargs = {'empty_permitted':False} , a KeyError occurs when rendering a template that uses a formset's empty_form. || 1→from django.core.exceptions import ValidationError"
django__django-21501,memory,1,1,1,0,1,1,1,14.8,docs/topics/forms/formsets.txt|django/forms/formsets.py,django/forms|docs/topics/forms,BaseFormSet|Description|True|empty_form|empty_permitted,"When explicitly setting form_kwargs = {'empty_permitted':True} or form_kwargs = {'empty_permitted':False} , a KeyError occurs when rendering a template that uses a formset's empty_form. || - FAIL Test 1 - TypeError: DeclarativeFieldsMetaclass object got multiple values for keyword argument 'empty_permitted'"
django__django-25916,raw,1,1,1,0,0,1,1,12.2,django/contrib/sitemaps/templates/sitemap_index.xml|django/contrib/sitemaps/views.py|docs/releases/4.1.txt|docs/ref/contrib/sitemaps.txt|django/contrib/sitemaps/__init__.py|docs/internals/deprecation.txt,docs/internals|docs/ref/contrib|docs/releases|django/contrib/sitemaps|django/contrib/sitemaps/templates,Description,"Sitemaps without items raise ValueError on callable lastmod. || When sitemap contains not items, but supports returning lastmod for an item, it fails with a ValueError:"
django__django-25916,adp,1,1,1,0,0,1,1,12.4,django/contrib/sitemaps/templates/sitemap_index.xml|django/contrib/sitemaps/views.py|docs/releases/4.1.txt|docs/ref/contrib/sitemaps.txt|django/contrib/sitemaps/__init__.py|docs/internals/deprecation.txt,docs/internals|docs/ref/contrib|docs/releases|django/contrib/sitemaps|django/contrib/sitemaps/templates,Description,"Sitemaps without items raise ValueError on callable lastmod. || When sitemap contains not items, but supports returning lastmod for an item, it fails with a ValueError:"
django__django-25916,memory,1,1,1,0,0,1,1,12.2,django/contrib/sitemaps/templates/sitemap_index.xml|django/contrib/sitemaps/views.py|docs/releases/4.1.txt|docs/ref/contrib/sitemaps.txt|django/contrib/sitemaps/__init__.py|docs/internals/deprecation.txt,docs/internals|docs/ref/contrib|docs/releases|django/contrib/sitemaps|django/contrib/sitemaps/templates,Description,"Sitemaps without items raise ValueError on callable lastmod. || When sitemap contains not items, but supports returning lastmod for an item, it fails with a ValueError:"
django__django-26486,raw,0,1,1,0,0,0,0,4.6,django/db/models/query_utils.py,django/db/models,Description|select_related,"1736- raise TypeError(""Cannot call only() after .values() or .values_list()"") || 1740- raise TypeError(""Cannot pass None as an argument to only()."")"
django__django-26486,adp,0,1,1,0,0,0,0,4.6,django/db/models/query_utils.py,django/db/models,Description|select_related,"1736- raise TypeError(""Cannot call only() after .values() or .values_list()"") || 1740- raise TypeError(""Cannot pass None as an argument to only()."")"
django__django-26486,memory,0,1,1,0,0,0,0,4.7,django/db/models/query_utils.py,django/db/models,Description|select_related,"- Traceback (most recent call last): || 1736- raise TypeError(""Cannot call only() after .values() or .values_list()"")"
django__django-27910,raw,1,1,1,0,1,0,0,12.0,docs/releases/3.0.txt|docs/spelling_wordlist|docs/topics/db/models.txt|django/db/migrations/serializer.py|django/db/models/enums.py|django/db/models/__init__.py|docs/ref/models/fields.txt,django/db/models|django/db/migrations|docs/releases|docs/ref/models|docs|docs/topics/db,CharField|Description|Field|max_length,"264- except (TypeError, ValueError): || 273- except (TypeError, ValueError):"
django__django-27910,adp,1,1,1,0,1,0,0,12.0,docs/releases/3.0.txt|docs/spelling_wordlist|docs/topics/db/models.txt|django/db/migrations/serializer.py|django/db/models/enums.py|django/db/models/__init__.py|docs/ref/models/fields.txt,django/db/models|django/db/migrations|docs/releases|docs/ref/models|docs|docs/topics/db,CharField|Description|Field|max_length,"264- except (TypeError, ValueError): || 273- except (TypeError, ValueError):"
django__django-27910,memory,1,1,1,0,1,0,0,12.0,docs/releases/3.0.txt|docs/spelling_wordlist|docs/topics/db/models.txt|django/db/migrations/serializer.py|django/db/models/enums.py|django/db/models/__init__.py|docs/ref/models/fields.txt,django/db/models|django/db/migrations|docs/releases|docs/ref/models|docs|docs/topics/db,CharField|Description|Field|Model|max_length,- Traceback (most recent call last): || - FAIL: test_grouped_choices (__main__.TestMaxLengthChoices)
django__django-27995,raw,1,1,1,0,1,1,1,14.8,django/db/models/query.py,django/db/models,Description|QuerySet|order_by,1027→ raise ValueError('The nowait option cannot be used with skip_locked.') || 1160→ raise TypeError('Cannot reverse a query once a slice has been taken.')
django__django-27995,adp,1,1,1,0,1,1,1,15.0,django/db/models/query.py,django/db/models,Description|QuerySet|order_by,1027→ raise ValueError('The nowait option cannot be used with skip_locked.') || 1160→ raise TypeError('Cannot reverse a query once a slice has been taken.')
django__django-27995,memory,1,1,1,0,0,1,1,12.7,django/db/models/query.py,django/db/models,Description|QuerySet|order_by,"- Traceback (most recent call last): || - E django.core.exceptions.ImproperlyConfigured: Requested setting INSTALLED_APPS, but settings are not configured. You must either define the environment variable DJANGO_SETTINGS_MODULE or call settings.configure() b..."
django__django-28211,raw,1,1,1,0,0,0,1,10.4,django/db/models/query_utils.py,django/db/models,Description,"""TypeError: cannot pickle"" when applying || operator to a Q object"
django__django-28211,adp,1,1,1,0,0,0,1,10.8,django/db/models/query_utils.py,django/db/models,Description,"""TypeError: cannot pickle"" when applying || operator to a Q object"
django__django-28211,memory,1,1,1,0,0,0,1,10.5,django/db/models/query_utils.py,django/db/models,Description,"""TypeError: cannot pickle"" when applying || operator to a Q object"
django__django-28862,raw,0,0,1,0,0,0,0,2.7,django/db/migrations/operations/models.py,django/db/migrations/operations,Description|Django|index_together|unique_together,"It will fail at django/db/backends/base/schema.py, line 378, in _delete_composed_index(), ValueError: Found wrong number (2) of constraints for as this one will find two constraints, the _uniq and the _idx one. No way... || 411→ raise ValueError(""Found wrong number (%s) of constraints for %s(%s)"" % ( || command to raise an exception while trying to apply the generated migration."
django__django-28862,adp,0,0,1,0,0,0,0,2.7,django/db/migrations/operations/models.py,django/db/migrations/operations,Description|Django|index_together|unique_together,"It will fail at django/db/backends/base/schema.py, line 378, in _delete_composed_index(), ValueError: Found wrong number (2) of constraints for as this one will find two constraints, the _uniq and the _idx one. No way... || 411→ raise ValueError(""Found wrong number (%s) of constraints for %s(%s)"" % ( || command to raise an exception while trying to apply the generated migration."
django__django-28862,memory,0,0,1,0,0,0,0,2.7,django/db/migrations/operations/models.py,django/db/migrations/operations,Description|Django|index_together|unique_together,"It will fail at django/db/backends/base/schema.py, line 378, in _delete_composed_index(), ValueError: Found wrong number (2) of constraints for as this one will find two constraints, the _uniq and the _idx one. No way... || - Traceback (most recent call last): || command to raise an exception while trying to apply the generated migration."
django__django-28916,raw,0,0,1,0,0,0,0,2.9,django/db/migrations/operations/models.py,django/db/migrations/operations,Description|unique_together,"It will fail at django/db/backends/base/schema.py, line 378, in _delete_composed_index(), ValueError: Found wrong number (2) of constraints for as this one will find two constraints, the _uniq and the _idx one. No way... || 411→ raise ValueError(""Found wrong number (%s) of constraints for %s(%s)"" % ("
django__django-28916,adp,0,0,1,0,0,0,0,2.9,django/db/migrations/operations/models.py,django/db/migrations/operations,Description|unique_together,"It will fail at django/db/backends/base/schema.py, line 378, in _delete_composed_index(), ValueError: Found wrong number (2) of constraints for as this one will find two constraints, the _uniq and the _idx one. No way... || 411→ raise ValueError(""Found wrong number (%s) of constraints for %s(%s)"" % ("
django__django-28916,memory,0,0,1,0,0,0,0,2.8,django/db/migrations/operations/models.py,django/db/migrations/operations,Description|Model|unique_together,"It will fail at django/db/backends/base/schema.py, line 378, in _delete_composed_index(), ValueError: Found wrong number (2) of constraints for as this one will find two constraints, the _uniq and the _idx one. No way... || - Traceback (most recent call last):"
django__django-29123,raw,0,0,1,0,1,0,0,4.5,django/db/migrations/operations/models.py,django/db/migrations/operations,Description|Django|True|unique_together,"It will fail at django/db/backends/base/schema.py, line 378, in _delete_composed_index(), ValueError: Found wrong number (2) of constraints for as this one will find two constraints, the _uniq and the _idx one. No way... || 411→ raise ValueError(""Found wrong number (%s) of constraints for %s(%s)"" % ( || Which results in an exception at step 6... || testapp.0002_broken_migration...Traceback"
django__django-29123,adp,0,0,1,0,1,0,0,4.5,django/db/migrations/operations/models.py,django/db/migrations/operations,Description|Django|True|unique_together,"It will fail at django/db/backends/base/schema.py, line 378, in _delete_composed_index(), ValueError: Found wrong number (2) of constraints for as this one will find two constraints, the _uniq and the _idx one. No way... || 411→ raise ValueError(""Found wrong number (%s) of constraints for %s(%s)"" % ( || Which results in an exception at step 6... || testapp.0002_broken_migration...Traceback"
django__django-29123,memory,0,0,1,0,1,0,0,4.5,django/db/migrations/operations/models.py,django/db/migrations/operations,Description|Django|Traceback|unique_together,"It will fail at django/db/backends/base/schema.py, line 378, in _delete_composed_index(), ValueError: Found wrong number (2) of constraints for as this one will find two constraints, the _uniq and the _idx one. No way... || - Traceback (most recent call last): || Which results in an exception at step 6... || testapp.0002_broken_migration...Traceback"
django__django-29124,raw,0,0,1,1,1,0,0,6.5,django/db/migrations/operations/models.py,django/db/migrations/operations,Description|Django|_meta|get_field|unique_together,"It will fail at django/db/backends/base/schema.py, line 378, in _delete_composed_index(), ValueError: Found wrong number (2) of constraints for as this one will find two constraints, the _uniq and the _idx one. No way... || 411→ raise ValueError(""Found wrong number (%s) of constraints for %s(%s)"" % ( || exception when creating/applying the migration. || Which results in an exception at step 6..."
django__django-29124,adp,0,0,1,1,1,0,0,6.5,django/db/migrations/operations/models.py,django/db/migrations/operations,Description|Django|_meta|get_field|unique_together,"It will fail at django/db/backends/base/schema.py, line 378, in _delete_composed_index(), ValueError: Found wrong number (2) of constraints for as this one will find two constraints, the _uniq and the _idx one. No way... || 411→ raise ValueError(""Found wrong number (%s) of constraints for %s(%s)"" % ( || exception when creating/applying the migration. || Which results in an exception at step 6..."
django__django-29124,memory,0,0,1,1,1,0,0,6.5,django/db/migrations/operations/models.py,django/db/migrations/operations,Description|Django|Traceback|_meta|get_field|unique_together,"It will fail at django/db/backends/base/schema.py, line 378, in _delete_composed_index(), ValueError: Found wrong number (2) of constraints for as this one will find two constraints, the _uniq and the _idx one. No way... || - Traceback (most recent call last): || exception when creating/applying the migration. || Which results in an exception at step 6..."
django__django-29838,raw,0,1,1,1,0,0,0,6.3,django/utils/tree.py|django/utils/hashable.py|django/db/models/expressions.py|docs/releases/2.1.3.txt,django/utils|django/db/models|docs/releases,Description,"Currently ValidationErrors (django.core.exceptions.ValidationError) that have identical messages don't equal each other, which is counter-intuitive, and can make certain kinds of testing more complicated. Please add a... || file_path"": ""./swebench_9_15/testbed/django/core/exceptions.py || Traceback || TypeError"
django__django-29838,adp,0,1,1,1,0,0,0,6.2,django/utils/tree.py|django/utils/hashable.py|django/db/models/expressions.py|docs/releases/2.1.3.txt,django/utils|django/db/models|docs/releases,Description,"Currently ValidationErrors (django.core.exceptions.ValidationError) that have identical messages don't equal each other, which is counter-intuitive, and can make certain kinds of testing more complicated. Please add a... || path: django/core/exceptions.py || Traceback || TypeError"
django__django-29838,memory,0,0,1,1,0,0,0,4.6,django/utils/tree.py|django/utils/hashable.py|django/db/models/expressions.py|docs/releases/2.1.3.txt,django/utils|django/db/models|docs/releases,Description|Traceback,"Currently ValidationErrors (django.core.exceptions.ValidationError) that have identical messages don't equal each other, which is counter-intuitive, and can make certain kinds of testing more complicated. Please add a... || - django/core/exceptions.py [Read: 1] || Traceback || TypeError"
django__django-30153,raw,1,1,1,0,0,1,1,13.0,django/forms/widgets.py,django/forms,Description|MediaOrderConflictWarning,SyntaxError: invalid syntax || Traceback (most recent call last):
django__django-30153,adp,1,1,1,0,0,1,1,13.0,django/forms/widgets.py,django/forms,Description|MediaOrderConflictWarning,SyntaxError: invalid syntax || Traceback (most recent call last):
django__django-30153,memory,1,1,1,0,0,1,1,12.7,django/forms/widgets.py,django/forms,Description|MediaOrderConflictWarning,- Traceback (most recent call last): || - ImportError: No module named django
django__django-30254,raw,1,1,1,0,1,0,0,10.3,django/db/models/base.py,django/db/models,CharField|Description|Django|Model|True|__init__,"948- raise ValueError(""get_next/get_previous cannot be used on unsaved objects."") || SyntaxError: invalid syntax"
django__django-30254,adp,1,1,1,0,1,0,1,12.1,django/db/models/base.py,django/db/models,CharField|Description|Django|Model|True|__init__,"948- raise ValueError(""get_next/get_previous cannot be used on unsaved objects."") || SyntaxError: invalid syntax"
django__django-30254,memory,1,1,1,0,1,0,1,12.2,django/db/models/base.py,django/db/models,CharField|Description|Django|Model|True|__init__,"- Traceback (most recent call last): || 948- raise ValueError(""get_next/get_previous cannot be used on unsaved objects."")"
django__django-30651,raw,1,1,1,0,1,0,0,10.2,django/db/models/query.py|django/contrib/messages/storage/base.py|django/db/models/expressions.py|django/db/models/query_utils.py|django/template/context.py|django/db/models/indexes.py|django/core/validators.py|django/contrib/postgres/constraints.py|django/db/models/constraints.py|django/db/models/base.py,django/contrib/postgres|django/db/models|django/core|django/contrib/messages/storage|django/template,Description|Django|Python|__eq__,"Currently ValidationErrors (django.core.exceptions.ValidationError) that have identical messages don't equal each other, which is counter-intuitive, and can make certain kinds of testing more complicated. Please add a... || file_path"": ""./swebench_9_15/testbed/django/core/exceptions.py"
django__django-30651,adp,1,1,1,0,1,0,0,10.6,django/db/models/query.py|django/contrib/messages/storage/base.py|django/db/models/expressions.py|django/db/models/query_utils.py|django/template/context.py|django/db/models/indexes.py|django/core/validators.py|django/contrib/postgres/constraints.py|django/db/models/constraints.py|django/db/models/base.py,django/contrib/postgres|django/db/models|django/core|django/contrib/messages/storage|django/template,Description|Django|__eq__,"Currently ValidationErrors (django.core.exceptions.ValidationError) that have identical messages don't equal each other, which is counter-intuitive, and can make certain kinds of testing more complicated. Please add a... || path: django/core/exceptions.py"
django__django-30651,memory,1,1,1,0,1,0,0,9.3,django/db/models/query.py|django/contrib/messages/storage/base.py|django/db/models/expressions.py|django/db/models/query_utils.py|django/template/context.py|django/db/models/indexes.py|django/core/validators.py|django/contrib/postgres/constraints.py|django/db/models/constraints.py|django/db/models/base.py,django/contrib/postgres|django/db/models|django/core|django/contrib/messages/storage|django/template,Description|Django|Python|__eq__,"Currently ValidationErrors (django.core.exceptions.ValidationError) that have identical messages don't equal each other, which is counter-intuitive, and can make certain kinds of testing more complicated. Please add a... || - django/core/exceptions.py [Read: 1]"
django__django-30931,raw,1,1,1,0,1,1,1,15.1,django/db/models/fields/__init__.py|docs/releases/2.2.7.txt,django/db/models/fields|docs/releases,CharField|Description|Example|FooBar|Model|get_FOO_display|get_foo_bar_display,"954- raise ValueError(""get_next/get_previous cannot be used on unsaved objects."") || Traceback (most recent call last):"
django__django-30931,adp,1,1,1,0,1,1,1,15.4,django/db/models/fields/__init__.py|docs/releases/2.2.7.txt,django/db/models/fields|docs/releases,CharField|Description|Example|FooBar|Model|get_FOO_display|get_foo_bar_display,"954- raise ValueError(""get_next/get_previous cannot be used on unsaved objects."") || Traceback (most recent call last):"
django__django-30931,memory,1,1,1,0,0,1,1,12.9,django/db/models/fields/__init__.py|docs/releases/2.2.7.txt,django/db/models/fields|docs/releases,CharField|Description|Example|FooBar|Model|get_FOO_display|get_foo_bar_display,"- Traceback (most recent call last): || - E django.core.exceptions.ImproperlyConfigured: Requested setting INSTALLED_APPS, but settings are not configured. You must either define the environment variable DJANGO_SETTINGS_MODULE or call settings.configure() b..."
django__django-31051,raw,1,1,1,0,1,0,0,10.6,django/core/management/commands/dumpdata.py|django/core/serializers/__init__.py,django/core/management/commands|django/core/serializers,Description|Note|True|create_test_db|serialized_rollback|sort_dependencies,"48→ self.assertEqual(len(connections[alias].queries_log), 0, 'Failed for alias %s' % alias) || SyntaxError: invalid syntax || function takes a list of apps and/or models, and resolves this into a sorted flat list of models, ready to be serialized in that order. This function is intended to make natural foreign keys work, by serializing model... || without natural keys enabled (which is the default). Even though natural keys might be defined in the models (which causes the sorting and exceptio..."
django__django-31051,adp,1,1,1,0,1,0,0,10.6,django/core/management/commands/dumpdata.py|django/core/serializers/__init__.py,django/core/management/commands|django/core/serializers,Description|Note|True|create_test_db|serialized_rollback|sort_dependencies,"48→ self.assertEqual(len(connections[alias].queries_log), 0, 'Failed for alias %s' % alias) || SyntaxError: invalid syntax || function takes a list of apps and/or models, and resolves this into a sorted flat list of models, ready to be serialized in that order. This function is intended to make natural foreign keys work, by serializing model... || without natural keys enabled (which is the default). Even though natural keys might be defined in the models (which causes the sorting and exceptio..."
django__django-31051,memory,1,0,1,0,1,0,0,8.7,django/core/management/commands/dumpdata.py|django/core/serializers/__init__.py,django/core/management/commands|django/core/serializers,Description|Note|True|create_test_db|serialized_rollback|sort_dependencies,"- Traceback (most recent call last): || - ModuleNotFoundError: No module named 'test_app' || function takes a list of apps and/or models, and resolves this into a sorted flat list of models, ready to be serialized in that order. This function is intended to make natural foreign keys work, by serializing model... || without natural keys enabled (which is the default). Even though natural keys might be defined in the models (which causes the sorting and exception), no natural keys will be prese..."
django__django-31181,raw,1,1,1,0,1,1,1,14.0,docs/releases/3.2.txt|django/contrib/admin/helpers.py,django/contrib/admin|docs/releases,Admin|Description,8→from django.core.exceptions import ObjectDoesNotExist || SyntaxError: invalid syntax
django__django-31181,adp,1,1,1,0,1,1,1,15.0,docs/releases/3.2.txt|django/contrib/admin/helpers.py,django/contrib/admin|docs/releases,Admin|Description,8→from django.core.exceptions import ObjectDoesNotExist || SyntaxError: invalid syntax
django__django-31181,memory,1,1,1,0,0,1,1,12.1,docs/releases/3.2.txt|django/contrib/admin/helpers.py,django/contrib/admin|docs/releases,Admin|Description,- Traceback (most recent call last): || - RuntimeError: Conflicting 'author' models in application 'test_app': <class '__main__.Author'> and <class 'test_issue.Author'>.
django__django-31864,raw,1,1,1,0,1,1,1,14.4,django/contrib/sessions/backends/base.py|docs/releases/3.1.1.txt,docs/releases|django/contrib/sessions/backends,Description,Internal Server Error: /overview/ || Traceback (most recent call last):
django__django-31864,adp,1,1,1,0,1,1,1,13.8,django/contrib/sessions/backends/base.py|docs/releases/3.1.1.txt,docs/releases|django/contrib/sessions/backends,Description|Django|Session,Internal Server Error: /overview/ || Traceback (most recent call last):
django__django-31864,memory,1,1,1,0,1,1,1,13.7,django/contrib/sessions/backends/base.py|docs/releases/3.1.1.txt,docs/releases|django/contrib/sessions/backends,Description,Internal Server Error: /overview/ || Traceback (most recent call last):
django__django-32260,raw,0,0,1,0,0,0,0,3.0,django/views/debug.py|django/urls/resolvers.py|django/views/generic/base.py|django/contrib/admindocs/utils.py,django/views/generic|django/views|django/contrib/admindocs|django/urls,Description,"except Exception as e: || This results in the following exception || SystemCheckError: System check identified some issues: || . The signature variable in this function is expected to match (request, exception) for all handlers except for handler500 which is expected to have only (request). A positional argument, template_name is also present."
django__django-32260,adp,0,0,1,0,0,0,0,3.0,django/views/debug.py|django/urls/resolvers.py|django/views/generic/base.py|django/contrib/admindocs/utils.py,django/views/generic|django/views|django/contrib/admindocs|django/urls,Description,"except Exception as e: || This results in the following exception || SystemCheckError: System check identified some issues: || . The signature variable in this function is expected to match (request, exception) for all handlers except for handler500 which is expected to have only (request). A positional argument, template_name is also present."
django__django-32260,memory,0,0,1,0,0,0,0,3.0,django/views/debug.py|django/urls/resolvers.py|django/views/generic/base.py|django/contrib/admindocs/utils.py,django/views/generic|django/views|django/contrib/admindocs|django/urls,Description|System,"except Exception as e: || This results in the following exception || SystemCheckError: System check identified some issues: || . The signature variable in this function is expected to match (request, exception) for all handlers except for handler500 which is expected to have only (request). A positional argument, template_name is also present."
django__django-32450,raw,1,1,1,1,0,1,1,15.8,django/db/models/query_utils.py,django/db/models,Description|Traceback|TypeError,"Q(...) & Exists(...) raises a TypeError || Exists(...) & Q(...) works, but Q(...) & Exists(...) raise a TypeError || ""TypeError: cannot pickle"" when applying | operator to a Q object || operator fail:"
django__django-32450,adp,1,1,1,1,0,1,1,15.8,django/db/models/query_utils.py,django/db/models,Description|Traceback|TypeError,"Q(...) & Exists(...) raises a TypeError || Exists(...) & Q(...) works, but Q(...) & Exists(...) raise a TypeError || ""TypeError: cannot pickle"" when applying | operator to a Q object || operator fail:"
django__django-32450,memory,1,1,1,1,0,1,1,15.8,django/db/models/query_utils.py,django/db/models,Description|Traceback|TypeError,"Q(...) & Exists(...) raises a TypeError || Exists(...) & Q(...) works, but Q(...) & Exists(...) raise a TypeError || ""TypeError: cannot pickle"" when applying | operator to a Q object || operator fail:"
django__django-33461,raw,0,0,1,1,1,0,0,6.5,django/views/templates/technical_500.html,django/views/templates,Description|Django|Python|__init__,6→from django.core.exceptions import SuspiciousFileOperation || 14→ Raise ValueError if the final path isn't located inside of the base path || Unescaped HTML rendering in the technical 500 response via SafeString usage in Exception instance's args. || Template.get_exception_info
django__django-33461,adp,0,0,1,1,1,0,0,6.5,django/views/templates/technical_500.html,django/views/templates,Description|Django|Python|__init__,6→from django.core.exceptions import SuspiciousFileOperation || 14→ Raise ValueError if the final path isn't located inside of the base path || Unescaped HTML rendering in the technical 500 response via SafeString usage in Exception instance's args. || Template.get_exception_info
django__django-33461,memory,0,0,1,1,1,0,0,6.5,django/views/templates/technical_500.html,django/views/templates,Description|Django|True|Use,- Traceback (most recent call last): || 6→from django.core.exceptions import SuspiciousFileOperation || Unescaped HTML rendering in the technical 500 response via SafeString usage in Exception instance's args. || Template.get_exception_info
django__django-33871,raw,1,1,1,0,0,0,1,11.2,django/forms/boundfield.py,django/forms,Description|TabularInline,No matches found || django/forms/fields.py-234- except ValidationError
django__django-33871,adp,1,1,1,0,0,0,1,12.0,django/forms/boundfield.py,django/forms,Description|TabularInline,No matches found || django/forms/fields.py-234- except ValidationError
django__django-33871,memory,1,1,1,0,0,0,1,11.0,django/forms/boundfield.py,django/forms,Description|TabularInline,- Traceback (most recent call last): || - FAILED (failures=1)
django__django-34176,raw,1,1,1,1,1,0,1,15.5,django/db/backends/base/features.py|django/db/models/sql/compiler.py|django/db/backends/oracle/features.py|django/db/models/sql/query.py,django/db/backends/base|django/db/backends/oracle|django/db/models/sql,Author|Book|Count|Description|Django|Publisher|Traceback,"django.db.utils.ProgrammingError: column reference ""status"" is ambiguous || (eval):1: no matches found: testbed/setup.* || ERROR: test_aggregate_and_annotate_duplicate_columns (aggregation_regress.tests.AggregationTests) || Traceback (most recent call last):"
django__django-34176,adp,1,1,1,1,1,0,1,15.5,django/db/backends/base/features.py|django/db/models/sql/compiler.py|django/db/backends/oracle/features.py|django/db/models/sql/query.py,django/db/backends/base|django/db/backends/oracle|django/db/models/sql,Author|Book|Count|Description|Django|Publisher,"django.db.utils.ProgrammingError: column reference ""status"" is ambiguous || (eval):1: no matches found: testbed/setup.* || ERROR: test_aggregate_and_annotate_duplicate_columns (aggregation_regress.tests.AggregationTests) || Traceback (most recent call last):"
django__django-34176,memory,1,1,1,1,0,0,1,14.0,django/db/backends/base/features.py|django/db/models/sql/compiler.py|django/db/backends/oracle/features.py|django/db/models/sql/query.py,django/db/backends/base|django/db/backends/oracle|django/db/models/sql,Author|Book|Count|Description|Django|Publisher|Traceback,"django.db.utils.ProgrammingError: column reference ""status"" is ambiguous || - [test] python3 test_issue.py 2>&1 || ERROR: test_aggregate_and_annotate_duplicate_columns (aggregation_regress.tests.AggregationTests) || Traceback (most recent call last):"
django__django-34481,raw,1,1,1,1,1,1,1,17.5,docs/ref/checks.txt|django/contrib/admin/checks.py,docs/ref|django/contrib/admin,But|Choice|Description|During|FieldDoesNotExist|Internal|Question|QuestionAdmin|SafeString|Server|Traceback|_dict|_get_non_gfk_field|_get_response|_render|_request|admin_list|compiled_parent|get_response|list_display|loader_tags|render_annotated|rendered_content|resolved_args|resolved_kwargs|result_list,Internal Server Error: /admin/polls/question/ || Traceback (most recent call last): || and visiting the admin site for the relevant model results in the following error: || TypeError: create_reverse_many_to_one_manager.<locals>.RelatedManager.__call__() missing 1 required keyword-only argument: 'manager
django__django-34481,adp,1,1,1,1,1,1,1,17.5,docs/ref/checks.txt|django/contrib/admin/checks.py,docs/ref|django/contrib/admin,But|Choice|Description|During|FieldDoesNotExist|Internal|Question|QuestionAdmin|SafeString|Server|Traceback|_get_non_gfk_field|_get_response|_render|_request|get_response|list_display|render_annotated|rendered_content,Internal Server Error: /admin/polls/question/ || Traceback (most recent call last): || and visiting the admin site for the relevant model results in the following error: || TypeError: create_reverse_many_to_one_manager.<locals>.RelatedManager.__call__() missing 1 required keyword-only argument: 'manager
django__django-34481,memory,1,1,1,1,0,1,1,15.6,docs/ref/checks.txt|django/contrib/admin/checks.py,docs/ref|django/contrib/admin,But|Choice|Description|During|FieldDoesNotExist|Internal|Question|QuestionAdmin|SafeString|Server|Traceback|_get_non_gfk_field|_get_response|_render|_request|compiled_parent|get_response|list_display|loader_tags|render_annotated|rendered_content,Internal Server Error: /admin/polls/question/ || Traceback (most recent call last): || and visiting the admin site for the relevant model results in the following error: || TypeError: create_reverse_many_to_one_manager.<locals>.RelatedManager.__call__() missing 1 required keyword-only argument: 'manager
django__django-34525,raw,1,1,1,0,1,1,1,15.5,docs/releases/4.2.1.txt|docs/releases/4.2.txt|django/db/migrations/operations/models.py,django/db/migrations/operations|docs/releases,Description|Meta|index_together,"31→ raise TypeError(""app_label must be a str."") || 15→ raise ValueError("
django__django-34525,adp,1,1,1,0,1,1,1,15.5,docs/releases/4.2.1.txt|docs/releases/4.2.txt|django/db/migrations/operations/models.py,django/db/migrations/operations|docs/releases,Description|Meta|index_together,"31→ raise TypeError(""app_label must be a str."") || 15→ raise ValueError("
django__django-34525,memory,1,1,1,0,0,1,1,13.8,docs/releases/4.2.1.txt|docs/releases/4.2.txt|django/db/migrations/operations/models.py,django/db/migrations/operations|docs/releases,Description|Meta|Use|index_together,- Traceback (most recent call last): || - ModuleNotFoundError: No module named 'asgiref'
django__django-34570,raw,1,1,1,1,0,1,1,16.0,django/db/models/sql/query.py|docs/releases/4.2.2.txt,django/db/models/sql|docs/releases,CharField|Description|Model|QuerySet|True|get_select_mask|max_length|on_delete,"1736- raise TypeError(""Cannot call only() after .values() or .values_list()"") || 1740- raise TypeError(""Cannot pass None as an argument to only()."") || QuerySet.defer() raises an AttributeError when the field is ManyToManyField or GenericForeignKey || Traceback from a ManyToManyField:"
django__django-34570,adp,1,1,1,1,0,1,1,16.0,django/db/models/sql/query.py|docs/releases/4.2.2.txt,django/db/models/sql|docs/releases,CharField|Description|Model|QuerySet|True|get_select_mask|max_length|on_delete,"1736- raise TypeError(""Cannot call only() after .values() or .values_list()"") || 1740- raise TypeError(""Cannot pass None as an argument to only()."") || QuerySet.defer() raises an AttributeError when the field is ManyToManyField or GenericForeignKey || Traceback from a ManyToManyField:"
django__django-34570,memory,1,1,1,1,0,1,1,16.0,django/db/models/sql/query.py|docs/releases/4.2.2.txt,django/db/models/sql|docs/releases,CharField|Description|Model|QuerySet|Traceback|True|get_select_mask|max_length|on_delete,"- Traceback (most recent call last): || 1736- raise TypeError(""Cannot call only() after .values() or .values_list()"") || QuerySet.defer() raises an AttributeError when the field is ManyToManyField or GenericForeignKey || Traceback from a ManyToManyField:"
django__django-35356,raw,1,1,1,0,0,1,1,14.0,django/db/models/sql/compiler.py|django/db/models/query_utils.py|django/db/models/sql/query.py,django/db/models|django/db/models/sql,CharField|Description|Django|Model|OneToOneField|max_length|on_delete|related_name|select_related,"1736- raise TypeError(""Cannot call only() after .values() or .values_list()"") || 1740- raise TypeError(""Cannot pass None as an argument to only()."") || It throws the following error: || django.core.exceptions.FieldError: Field Example.source cannot be both deferred and traversed using select_related at the same time."
django__django-35356,adp,1,1,1,0,0,1,1,14.0,django/db/models/sql/compiler.py|django/db/models/query_utils.py|django/db/models/sql/query.py,django/db/models|django/db/models/sql,CharField|Description|Django|Model|OneToOneField|max_length|on_delete|related_name|select_related,"1736- raise TypeError(""Cannot call only() after .values() or .values_list()"") || 1740- raise TypeError(""Cannot pass None as an argument to only()."") || It throws the following error: || django.core.exceptions.FieldError: Field Example.source cannot be both deferred and traversed using select_related at the same time."
django__django-35356,memory,1,1,1,0,0,1,1,14.0,django/db/models/sql/compiler.py|django/db/models/query_utils.py|django/db/models/sql/query.py,django/db/models|django/db/models/sql,CharField|Description|Django|Model|OneToOneField|max_length|on_delete|related_name|select_related,"- Traceback (most recent call last): || 1736- raise TypeError(""Cannot call only() after .values() or .values_list()"") || It throws the following error: || django.core.exceptions.FieldError: Field Example.source cannot be both deferred and traversed using select_related at the same time."
matplotlib__matplotlib-10050,raw,1,1,1,0,0,1,1,13.4,lib/matplotlib/backends/qt_editor/figureoptions.py|doc/api/animation_api.rst|doc/api/api_changes/2017-12-20-TH.rst|lib/matplotlib/legend.py,lib/matplotlib/backends/qt_editor|doc/api/api_changes|lib/matplotlib|doc/api,Legend|get_draggable|set_draggable|use_blit,ERROR: pip's dependency resolver does not currently take into account all the packages that are installed. This behaviour is the source of the following dependency conflicts. || 565→ except AttributeError:
matplotlib__matplotlib-10050,adp,1,1,1,0,0,1,1,13.4,lib/matplotlib/backends/qt_editor/figureoptions.py|doc/api/animation_api.rst|doc/api/api_changes/2017-12-20-TH.rst|lib/matplotlib/legend.py,lib/matplotlib/backends/qt_editor|doc/api/api_changes|lib/matplotlib|doc/api,Legend|get_draggable|set_draggable,ERROR: pip's dependency resolver does not currently take into account all the packages that are installed. This behaviour is the source of the following dependency conflicts. || 565→ except AttributeError:
matplotlib__matplotlib-10050,memory,1,1,1,0,0,1,1,12.9,lib/matplotlib/backends/qt_editor/figureoptions.py|doc/api/animation_api.rst|doc/api/api_changes/2017-12-20-TH.rst|lib/matplotlib/legend.py,lib/matplotlib/backends/qt_editor|doc/api/api_changes|lib/matplotlib|doc/api,Legend|set_draggable|use_blit,"- Traceback (most recent call last): || - ImportError: dlopen(/Applications/ADFRsuite-1.0/lib/python2.7/site-packages/matplotlib/_png.so, 0x0002): Library not loaded: /usr/local/lib/libpng12.0.dylib"
matplotlib__matplotlib-18294,raw,1,1,1,1,1,1,1,17.1,lib/matplotlib/axes/_axes.py|lib/matplotlib/cbook.py,lib/matplotlib|lib/matplotlib/axes,Bug|Code|Jupyter|Matplotlib|Operating|Python|nan,"ax.bar` raises an exception in 3.6.1 when passed only nan data. This irrevocably breaks seaborn's histogram function (which draws and then removes a ""phantom"" bar to trip the color cycle). || ```python-traceback || This is difficult to hide since since the warning is not thrown when the figure is being constructed, but when it is shown. Here's a full traceback to show this || <summary> Full traceback </summary>"
matplotlib__matplotlib-18294,adp,1,1,1,1,1,1,1,17.5,lib/matplotlib/axes/_axes.py|lib/matplotlib/cbook.py,lib/matplotlib|lib/matplotlib/axes,Bug|Code|False|Full|Other,"ax.bar` raises an exception in 3.6.1 when passed only nan data. This irrevocably breaks seaborn's histogram function (which draws and then removes a ""phantom"" bar to trip the color cycle). || ```python-traceback || This is difficult to hide since since the warning is not thrown when the figure is being constructed, but when it is shown. Here's a full traceback to show this || <summary> Full traceback </summary>"
matplotlib__matplotlib-18294,memory,1,1,1,1,1,1,1,16.9,lib/matplotlib/axes/_axes.py|lib/matplotlib/cbook.py,lib/matplotlib|lib/matplotlib/axes,Bug|Code|Jupyter|Matplotlib|Operating|Python|nan,"ax.bar` raises an exception in 3.6.1 when passed only nan data. This irrevocably breaks seaborn's histogram function (which draws and then removes a ""phantom"" bar to trip the color cycle). || ```python-traceback || This is difficult to hide since since the warning is not thrown when the figure is being constructed, but when it is shown. Here's a full traceback to show this || <summary> Full traceback </summary>"
matplotlib__matplotlib-22482,raw,0,1,1,1,0,0,0,7.5,lib/matplotlib/widgets.pyi|lib/matplotlib/widgets.py,lib/matplotlib,Figure|TypeError|_No|__init__|response_,TypeError: cannot pickle 'weakref.ReferenceType' object || Traceback (most recent call last): || Traceback (most recent call last): || TypeError: cannot pickle 'FigureCanvasQTAgg' object
matplotlib__matplotlib-22482,adp,0,1,1,1,0,0,0,7.5,lib/matplotlib/widgets.pyi|lib/matplotlib/widgets.py,lib/matplotlib,Figure|TypeError|_No|__init__|response_,TypeError: cannot pickle 'weakref.ReferenceType' object || Traceback (most recent call last): || Traceback (most recent call last): || TypeError: cannot pickle 'FigureCanvasQTAgg' object
matplotlib__matplotlib-22482,memory,0,1,1,1,0,0,0,7.5,lib/matplotlib/widgets.pyi|lib/matplotlib/widgets.py,lib/matplotlib,False|Figure|Traceback|True|TypeError|_No|__init__|response_,TypeError: cannot pickle 'weakref.ReferenceType' object || - Traceback (most recent call last): || Traceback (most recent call last): || TypeError: cannot pickle 'FigureCanvasQTAgg' object
matplotlib__matplotlib-22686,raw,1,1,1,1,0,1,1,15.9,lib/matplotlib/widgets.py,lib/matplotlib,Additional|Backend|Bug|Code|Create|Histogram|IndexError|Installation|Jupyter|Matplotlib|Operating|Parameters|Python|RangeSlider|Redraw|Set|Threshold|Update|Users|ValueError|Version|Vertical|Vincent|_No|__init__|_format|_max_in_bounds|_min_in_bounds|_observers|add_axes|draw_idle|lower_limit_line|on_changed|response_|set_text|set_title|set_val|set_xdata|slider_ax|subplots_adjust|update|upper_limit_line,IndexError: index 4 is out of bounds for axis 0 with size 4 || raise ValueError( || IndexError: index 4 is out of bounds for axis 0 with size 4 || raise ValueError(
matplotlib__matplotlib-22686,adp,1,1,1,0,0,1,1,14.0,lib/matplotlib/widgets.py,lib/matplotlib,Bug|Code|Create|Histogram|Parameters|RangeSlider|Redraw|Set|Threshold|Update|Users|Vertical|Vincent|__init__|_format|_max_in_bounds|_min_in_bounds|_observers|add_axes|draw_idle|lower_limit_line|on_changed|set_text|set_title|set_val|set_xdata|slider_ax|subplots_adjust|update|upper_limit_line,SyntaxError: invalid syntax || IndexError: index 4 is out of bounds for axis 0 with size 4 || raise ValueError(
matplotlib__matplotlib-22686,memory,1,1,1,1,0,1,1,15.7,lib/matplotlib/widgets.py,lib/matplotlib,Additional|Backend|Bug|Code|Create|Histogram|IndexError|Installation|Jupyter|Matplotlib|Operating|Parameters|Python|RangeSlider|Redraw|Set|Threshold|Update|Users|ValueError|Version|Vertical|Vincent|_No|__init__|_format|_max_in_bounds|_min_in_bounds|_observers|add_axes|draw_idle|lower_limit_line|on_changed|response_|set_text|set_title|set_val|set_xdata|slider_ax|subplots_adjust|update|upper_limit_line,IndexError: index 4 is out of bounds for axis 0 with size 4 || raise ValueError( || IndexError: index 4 is out of bounds for axis 0 with size 4 || raise ValueError(
matplotlib__matplotlib-22706,raw,1,1,1,0,0,1,1,13.9,lib/matplotlib/widgets.py,lib/matplotlib,Additional|Backend|Bug|Code|Create|Histogram|Installation|Jupyter|Matplotlib|Operating|Python|RangeSlider|Redraw|Threshold|Update|Version|Vertical|_No|add_axes|draw_idle|lower_limit_line|on_changed|response_|set_title|set_val|set_xdata|slider_ax|subplots_adjust|update|upper_limit_line,IndexError: index 4 is out of bounds for axis 0 with size 4 || raise ValueError(
matplotlib__matplotlib-22706,adp,1,1,1,0,0,1,1,14.0,lib/matplotlib/widgets.py,lib/matplotlib,Bug|Code|Create|Histogram|RangeSlider|Redraw|Threshold|Update|Vertical|add_axes|draw_idle|lower_limit_line|on_changed|set_title|set_val|set_xdata|slider_ax|subplots_adjust|update|upper_limit_line,SyntaxError: invalid syntax
matplotlib__matplotlib-22706,memory,1,1,1,0,0,1,1,13.7,lib/matplotlib/widgets.py,lib/matplotlib,Additional|Backend|Bug|Code|Create|Histogram|Installation|Jupyter|Matplotlib|Operating|Python|RangeSlider|Redraw|Threshold|Update|Version|Vertical|_No|add_axes|draw_idle|lower_limit_line|on_changed|response_|set_title|set_val|set_xdata|slider_ax|subplots_adjust|update|upper_limit_line,IndexError: index 4 is out of bounds for axis 0 with size 4 || raise ValueError(
matplotlib__matplotlib-23098,raw,1,1,1,0,0,1,1,11.9,lib/matplotlib/artist.py,lib/matplotlib,Bug,"raise ValueError(""BoundaryNorm is not invertible"") || ValueError: BoundaryNorm is not invertible"
matplotlib__matplotlib-23098,adp,1,1,1,0,0,1,1,12.5,lib/matplotlib/artist.py,lib/matplotlib,Bug,"raise ValueError(""BoundaryNorm is not invertible"") || ValueError: BoundaryNorm is not invertible"
matplotlib__matplotlib-23098,memory,1,1,1,0,0,1,1,11.6,lib/matplotlib/artist.py,lib/matplotlib,Bug,"raise ValueError(""BoundaryNorm is not invertible"") || ValueError: BoundaryNorm is not invertible"
matplotlib__matplotlib-23172,raw,1,1,1,0,1,1,1,15.5,lib/matplotlib/__init__.py|doc/api/next_api_changes/behavior/23299-TAC.rst,lib/matplotlib|doc/api/next_api_changes/behavior,Additional|Backend|Bug|Code|Installation|Jupyter|Matplotlib|Operating|Python|QtAgg|Version|rc_context,AssertionError Traceback (most recent call last) || AssertionError:
matplotlib__matplotlib-23172,adp,1,1,1,0,1,1,1,15.5,lib/matplotlib/__init__.py|doc/api/next_api_changes/behavior/23299-TAC.rst,lib/matplotlib|doc/api/next_api_changes/behavior,Additional|Backend|Bug|Code|Installation|Jupyter|Matplotlib|Operating|Python|QtAgg|Version|rc_context,AssertionError Traceback (most recent call last) || AssertionError:
matplotlib__matplotlib-23172,memory,1,1,1,0,1,1,1,15.5,lib/matplotlib/__init__.py|doc/api/next_api_changes/behavior/23299-TAC.rst,lib/matplotlib|doc/api/next_api_changes/behavior,Additional|Backend|Bug|Code|Installation|Jupyter|Matplotlib|Operating|Python|QtAgg|Version|rc_context,AssertionError Traceback (most recent call last) || AssertionError:
matplotlib__matplotlib-23687,raw,1,1,1,0,1,1,1,15.5,lib/matplotlib/dates.py|lib/matplotlib/axes/_axes.py|lib/matplotlib/cbook/__init__.py|lib/matplotlib/units.py,lib/matplotlib|lib/matplotlib/axes|lib/matplotlib/cbook,Additional|Backend|Bug|Code|Installation|Jupyter|Matplotlib|NaN|Operating|Python|Version|_No|response_|x,"ax.bar` raises an exception in 3.6.1 when passed only nan data. This irrevocably breaks seaborn's histogram function (which draws and then removes a ""phantom"" bar to trip the color cycle). || ```python-traceback"
matplotlib__matplotlib-23687,adp,1,1,1,0,1,1,1,15.3,lib/matplotlib/dates.py|lib/matplotlib/axes/_axes.py|lib/matplotlib/cbook/__init__.py|lib/matplotlib/units.py,lib/matplotlib|lib/matplotlib/axes|lib/matplotlib/cbook,Bug|Code,"ax.bar` raises an exception in 3.6.1 when passed only nan data. This irrevocably breaks seaborn's histogram function (which draws and then removes a ""phantom"" bar to trip the color cycle). || ```python-traceback"
matplotlib__matplotlib-23687,memory,1,1,1,0,1,1,1,15.5,lib/matplotlib/dates.py|lib/matplotlib/axes/_axes.py|lib/matplotlib/cbook/__init__.py|lib/matplotlib/units.py,lib/matplotlib|lib/matplotlib/axes|lib/matplotlib/cbook,Additional|Backend|Bug|Code|Installation|Jupyter|Matplotlib|NaN|Operating|Python|Version|_No|response_|x,"ax.bar` raises an exception in 3.6.1 when passed only nan data. This irrevocably breaks seaborn's histogram function (which draws and then removes a ""phantom"" bar to trip the color cycle). || ```python-traceback"
matplotlib__matplotlib-24818,raw,1,1,1,1,1,1,1,17.1,lib/matplotlib/axes/_axes.py|lib/matplotlib/cbook.py,lib/matplotlib|lib/matplotlib/axes,Additional|Backend|Bug|Code|Installation|Jupyter|Matplotlib|NaN|Operating|Python|StopIteration|Traceback|Version|_No|__init__|_axes|_safe_first_finite|response_|safe_isfinite|sanitize_sequence,"ax.bar` raises an exception in 3.6.1 when passed only nan data. This irrevocably breaks seaborn's histogram function (which draws and then removes a ""phantom"" bar to trip the color cycle). || ```python-traceback || Traceback (most recent call last):"
matplotlib__matplotlib-24818,adp,1,1,1,1,1,1,1,17.5,lib/matplotlib/axes/_axes.py|lib/matplotlib/cbook.py,lib/matplotlib|lib/matplotlib/axes,Bug|Code|StopIteration|Traceback|__init__|_axes|_safe_first_finite|safe_isfinite|sanitize_sequence,"ax.bar` raises an exception in 3.6.1 when passed only nan data. This irrevocably breaks seaborn's histogram function (which draws and then removes a ""phantom"" bar to trip the color cycle). || ```python-traceback || Traceback (most recent call last):"
matplotlib__matplotlib-24818,memory,1,1,1,1,1,1,1,16.9,lib/matplotlib/axes/_axes.py|lib/matplotlib/cbook.py,lib/matplotlib|lib/matplotlib/axes,Additional|Backend|Bug|Code|Installation|Jupyter|Matplotlib|NaN|Operating|Python|StopIteration|Traceback|Version|_No|__init__|_axes|_safe_first_finite|response_|safe_isfinite|sanitize_sequence,"ax.bar` raises an exception in 3.6.1 when passed only nan data. This irrevocably breaks seaborn's histogram function (which draws and then removes a ""phantom"" bar to trip the color cycle). || ```python-traceback || Traceback (most recent call last):"
matplotlib__matplotlib-25352,raw,1,1,1,0,1,1,1,13.6,lib/mpl_toolkits/mplot3d/axes3d.py|lib/matplotlib/axes/_base.py|lib/matplotlib/cbook.py|doc/api/next_api_changes/deprecations/25352-GL.rst,lib/mpl_toolkits/mplot3d|lib/matplotlib|lib/matplotlib/axes|doc/api/next_api_changes/deprecations,Grouper|Notes,TypeError: cannot pickle 'weakref.ReferenceType' object || Traceback (most recent call last):
matplotlib__matplotlib-25352,adp,1,1,1,0,1,1,1,14.2,lib/mpl_toolkits/mplot3d/axes3d.py|lib/matplotlib/axes/_base.py|lib/matplotlib/cbook.py|doc/api/next_api_changes/deprecations/25352-GL.rst,lib/mpl_toolkits/mplot3d|lib/matplotlib|lib/matplotlib/axes|doc/api/next_api_changes/deprecations,Grouper|Notes,TypeError: cannot pickle 'weakref.ReferenceType' object || Traceback (most recent call last):
matplotlib__matplotlib-25352,memory,1,1,1,0,1,1,1,13.1,lib/mpl_toolkits/mplot3d/axes3d.py|lib/matplotlib/axes/_base.py|lib/matplotlib/cbook.py|doc/api/next_api_changes/deprecations/25352-GL.rst,lib/mpl_toolkits/mplot3d|lib/matplotlib|lib/matplotlib/axes|doc/api/next_api_changes/deprecations,Grouper|Notes|Use,TypeError: cannot pickle 'weakref.ReferenceType' object || - Traceback (most recent call last):
matplotlib__matplotlib-26331,raw,0,1,1,0,1,0,0,6.7,lib/mpl_toolkits/axes_grid1/axes_rgb.py,lib/mpl_toolkits/axes_grid1,Axes|AxesGrid|Please,Creating `AxesGrid` using cartopy `GeoAxes` as `axis_class` raises `TypeError: 'method' object is not subscriptable`. Seems to be due to different behaviour of `axis` attr. for `mpl_toolkits.axes_grid1.mpl_axes.Axes` ... || Traceback (most recent call last):
matplotlib__matplotlib-26331,adp,0,1,1,0,1,0,0,6.6,lib/mpl_toolkits/axes_grid1/axes_rgb.py,lib/mpl_toolkits/axes_grid1,Axes|AxesGrid|Please,Creating `AxesGrid` using cartopy `GeoAxes` as `axis_class` raises `TypeError: 'method' object is not subscriptable`. Seems to be due to different behaviour of `axis` attr. for `mpl_toolkits.axes_grid1.mpl_axes.Axes` ... || Traceback (most recent call last):
matplotlib__matplotlib-26331,memory,0,1,1,0,0,0,0,4.3,lib/mpl_toolkits/axes_grid1/axes_rgb.py,lib/mpl_toolkits/axes_grid1,Axes|AxesGrid|Please,Creating `AxesGrid` using cartopy `GeoAxes` as `axis_class` raises `TypeError: 'method' object is not subscriptable`. Seems to be due to different behaviour of `axis` attr. for `mpl_toolkits.axes_grid1.mpl_axes.Axes` ... || Traceback (most recent call last):
matplotlib__matplotlib-27361,raw,1,1,1,1,0,1,1,16.0,lib/mpl_toolkits/mplot3d/art3d.py,lib/mpl_toolkits/mplot3d,AttributeError|Traceback|mpl_toolkits,It fails on the last line with the following traceback: || AttributeError Traceback (most recent call last) || Traceback (most recent call last): || AttributeError: 'PathPatch3D' object has no attribute '_path2d'
matplotlib__matplotlib-27361,adp,1,1,1,1,0,1,1,16.0,lib/mpl_toolkits/mplot3d/art3d.py,lib/mpl_toolkits/mplot3d,AttributeError|Traceback|mpl_toolkits,It fails on the last line with the following traceback: || AttributeError Traceback (most recent call last) || Traceback (most recent call last): || AttributeError: 'PathPatch3D' object has no attribute '_path2d'
matplotlib__matplotlib-27361,memory,1,1,1,1,0,1,1,15.9,lib/mpl_toolkits/mplot3d/art3d.py,lib/mpl_toolkits/mplot3d,AttributeError|Matplotlib|Traceback|True|mpl_toolkits,It fails on the last line with the following traceback: || AttributeError Traceback (most recent call last) || Traceback (most recent call last): || AttributeError: 'PathPatch3D' object has no attribute '_path2d'
mwaskom__seaborn-3091,raw,1,1,1,0,1,1,1,14.9,doc/whatsnew/v0.12.1.rst|seaborn/_stats/regression.py,seaborn/_stats|doc/whatsnew,Line|Plot|PolyFit,<details><summary>Traceback</summary> || ```python-traceback
mwaskom__seaborn-3091,adp,1,1,1,0,1,1,1,14.9,doc/whatsnew/v0.12.1.rst|seaborn/_stats/regression.py,seaborn/_stats|doc/whatsnew,Line|Plot|PolyFit,<details><summary>Traceback</summary> || ```python-traceback
mwaskom__seaborn-3091,memory,1,1,1,0,0,1,1,13.2,doc/whatsnew/v0.12.1.rst|seaborn/_stats/regression.py,seaborn/_stats|doc/whatsnew,Line|Plot|PolyFit,<details><summary>Traceback</summary> || ```python-traceback
mwaskom__seaborn-3203,raw,1,1,1,1,0,0,1,13.8,seaborn/palettes.py|seaborn/_marks/base.py|doc/whatsnew/v0.12.2.rst|seaborn/_core/plot.py|seaborn/_core/exceptions.py,seaborn/_core|seaborn|seaborn/_marks|doc/whatsnew,Bar|ContinuousBase|Everything|False|Maybe|None|Plot|PlotSpecError|Plotter|Process|Remove|Scale|See|Traceback|True|TypeError|_compute_stats|_core|_data|_during|_plot|_scales|_setup|_setup_scales|_variables|bitwise_xor|color|logical_xor|normalize|var_df,"```python-traceback || TypeError Traceback (most recent call last) || In general I'd like to try and be as helpful as possible with what we actually raise to avoid this becoming a pain point for the new interface. This PR represents the first step, defining a `PlotSpecError` exception c... || e.g., the traceback for the operation in #3106 (which is being obviated anyway by #3190, but is a useful demonstration)"
mwaskom__seaborn-3203,adp,1,1,1,1,0,0,1,13.8,seaborn/palettes.py|seaborn/_marks/base.py|doc/whatsnew/v0.12.2.rst|seaborn/_core/plot.py|seaborn/_core/exceptions.py,seaborn/_core|seaborn|seaborn/_marks|doc/whatsnew,Bar|ContinuousBase|Everything|False|Maybe|None|Plot|PlotSpecError|Plotter|Process|Remove|Scale|See|Traceback|True|TypeError|_compute_stats|_core|_data|_during|_plot|_scales|_setup|_setup_scales|_variables|bitwise_xor|color|logical_xor|normalize|var_df,"```python-traceback || TypeError Traceback (most recent call last) || In general I'd like to try and be as helpful as possible with what we actually raise to avoid this becoming a pain point for the new interface. This PR represents the first step, defining a `PlotSpecError` exception c... || e.g., the traceback for the operation in #3106 (which is being obviated anyway by #3190, but is a useful demonstration)"
mwaskom__seaborn-3203,memory,1,1,1,1,0,0,1,13.0,seaborn/palettes.py|seaborn/_marks/base.py|doc/whatsnew/v0.12.2.rst|seaborn/_core/plot.py|seaborn/_core/exceptions.py,seaborn/_core|seaborn|seaborn/_marks|doc/whatsnew,Bar|ContinuousBase|Everything|False|Maybe|None|Plot|Plotter|Process|Remove|Scale|Traceback|True|TypeError|_compute_stats|_core|_data|_plot|_scales|_setup|_setup_scales|_variables|bitwise_xor|logical_xor|normalize|var_df,"```python-traceback || TypeError Traceback (most recent call last) || In general I'd like to try and be as helpful as possible with what we actually raise to avoid this becoming a pain point for the new interface. This PR represents the first step, defining a `PlotSpecError` exception c... || e.g., the traceback for the operation in #3106 (which is being obviated anyway by #3190, but is a useful demonstration)"
pallets__flask-4039,raw,1,1,1,1,1,1,1,16.5,src/flask/blueprints.py|CHANGES.rst,src/flask,Blueprint|Exception|Flask|Traceback|__name__|register_blueprint,"print(f""PASS: Got expected ValueError: {e}"") || SyntaxError: invalid syntax || @ui.errorhandler(Exception) || raise Exception(""this is an unhandled exception from the ui"")"
pallets__flask-4039,adp,1,1,1,1,1,1,1,17.1,src/flask/blueprints.py|CHANGES.rst,src/flask,Blueprint|Exception|Flask|Traceback|__name__|register_blueprint,"print(f""PASS: Got expected ValueError: {e}"") || SyntaxError: invalid syntax || @ui.errorhandler(Exception) || raise Exception(""this is an unhandled exception from the ui"")"
pallets__flask-4039,memory,1,1,1,1,1,1,1,15.8,src/flask/blueprints.py|CHANGES.rst,src/flask,Blueprint|Exception|Flask|Traceback|Use|__name__|url_prefix,"# Test 1: Blueprint with dot should raise ValueError || print('FAIL: Expected ValueError') || @ui.errorhandler(Exception) || raise Exception(""this is an unhandled exception from the ui"")"
psf__requests-2344,raw,1,1,1,0,0,0,1,8.6,requests/models.py,requests,DecodeError,"urllib3 exceptions passing through requests API || I don't know if it's a design goal of requests to hide urllib3's exceptions and wrap them around requests.exceptions types. || test_requests.py, I got an error in test_session_pickling which resulted in a TypeError. I'm not sure of the reason for the TypeError but I have commented out that test."
psf__requests-2344,adp,1,1,1,0,0,0,1,8.8,requests/models.py,requests,DecodeError,"urllib3 exceptions passing through requests API || I don't know if it's a design goal of requests to hide urllib3's exceptions and wrap them around requests.exceptions types. || test_requests.py, I got an error in test_session_pickling which resulted in a TypeError. I'm not sure of the reason for the TypeError but I have commented out that test."
psf__requests-2344,memory,1,1,1,0,0,0,1,8.6,requests/models.py,requests,DecodeError|LocationParseError,"urllib3 exceptions passing through requests API || I don't know if it's a design goal of requests to hide urllib3's exceptions and wrap them around requests.exceptions types. || test_requests.py, I got an error in test_session_pickling which resulted in a TypeError. I'm not sure of the reason for the TypeError but I have commented out that test."
psf__requests-3359,raw,1,1,1,0,1,1,1,15.5,requests/utils.py|requests/models.py,requests,False|Thanks|True|Uncertain|decode_unicode|iter_content|iter_text|text,"requests/exceptions.py || 784→ except (LookupError, TypeError):"
psf__requests-3359,adp,1,1,1,0,1,1,1,15.5,requests/utils.py|requests/models.py,requests,False|Thanks|True|Uncertain|decode_unicode|iter_content|iter_text|text,"requests/exceptions.py || 784→ except (LookupError, TypeError):"
psf__requests-3359,memory,1,1,1,0,1,1,1,15.5,requests/utils.py|requests/models.py,requests,False|Thanks|True|Uncertain|decode_unicode|iter_content|iter_text|text,- Traceback (most recent call last): || - ImportError: No module named pytest
psf__requests-3481,raw,1,1,1,1,1,1,1,17.5,requests/utils.py|requests/models.py,requests,Traceback|True|chunk_size|decode_content|decode_unicode|iter_content|stream_decode_response_unicode,"requests/exceptions.py || 784→ except (LookupError, TypeError): || With `requests==2.11.0` I get `AttributeError: 'NoneType' object has no attribute 'readline'` when trying to use `iter_lines` with `decode_unicode=True` on a streamed response. || Traceback (most recent call last):"
psf__requests-3481,adp,1,1,1,1,1,1,1,17.5,requests/utils.py|requests/models.py,requests,True|chunk_size|decode_content|decode_unicode|iter_content|stream_decode_response_unicode,"requests/exceptions.py || 784→ except (LookupError, TypeError): || With `requests==2.11.0` I get `AttributeError: 'NoneType' object has no attribute 'readline'` when trying to use `iter_lines` with `decode_unicode=True` on a streamed response. || Traceback (most recent call last):"
psf__requests-3481,memory,1,1,1,1,1,1,1,17.5,requests/utils.py|requests/models.py,requests,AttributeError|NoneType|Traceback|True|chunk_size|decode_unicode|iter_content|stream_decode_response_unicode,- Traceback (most recent call last): || - ImportError: No module named pytest || With `requests==2.11.0` I get `AttributeError: 'NoneType' object has no attribute 'readline'` when trying to use `iter_lines` with `decode_unicode=True` on a streamed response. || Traceback (most recent call last):
pydata__xarray-4529,raw,1,1,1,0,1,1,1,15.5,doc/plotting.rst|xarray/core/variable.py|doc/whats-new.rst,doc|xarray/core,Array|DataArray|Dataset|Recreate,SyntaxError: invalid syntax || 3905→ ValueError
pydata__xarray-4529,adp,1,1,1,0,1,1,1,15.5,doc/plotting.rst|xarray/core/variable.py|doc/whats-new.rst,doc|xarray/core,Array|DataArray|Dataset,SyntaxError: invalid syntax || 3905→ ValueError
pydata__xarray-4529,memory,1,1,1,0,1,1,1,14.7,doc/plotting.rst|xarray/core/variable.py|doc/whats-new.rst,doc|xarray/core,Array|DataArray|Dataset|Recreate,- Traceback (most recent call last): || - ModuleNotFoundError: No module named 'pytest'
pydata__xarray-508,raw,1,1,1,0,1,1,1,15.5,xarray/core/concat.py|doc/whats-new.rst,doc|xarray/core,Datasets|Ignore|NaN|Neither|Several|concat,"print(f""\nConcatenation failed with error: {e}"") || SyntaxError: invalid syntax"
pydata__xarray-508,adp,1,1,1,0,1,1,1,15.5,xarray/core/concat.py|doc/whats-new.rst,doc|xarray/core,Datasets|Ignore|NaN|Neither|Several|concat,"print(f""\nConcatenation failed with error: {e}"") || SyntaxError: invalid syntax"
pydata__xarray-508,memory,1,1,1,0,1,1,1,15.5,xarray/core/concat.py|doc/whats-new.rst,doc|xarray/core,Datasets|Ignore|NaN|Neither|Several|concat,"- Traceback (most recent call last): || - TypeError: int() argument must be a string, a bytes-like object or a number, not 'ReprObject'"
pylint-dev__pylint-6471,raw,1,1,1,0,1,1,1,14.5,pylint/lint/expand_modules.py|ChangeLog|pylint/lint/pylinter.py,pylint/lint,Bug|Command|Configuration|Module|Pylint,"13→import traceback || 24→from pylint import checkers, exceptions, interfaces, reporters"
pylint-dev__pylint-6471,adp,1,1,1,0,1,1,1,15.3,pylint/lint/expand_modules.py|ChangeLog|pylint/lint/pylinter.py,pylint/lint,Add|Bug|Command|Configuration|Module|Posix|Pylint|Windows,"13→import traceback || 24→from pylint import checkers, exceptions, interfaces, reporters"
pylint-dev__pylint-6471,memory,1,1,1,0,1,1,1,13.1,pylint/lint/expand_modules.py|ChangeLog|pylint/lint/pylinter.py,pylint/lint,Bug|Command|Configuration|Module|Pylint,"13→import traceback || 24→from pylint import checkers, exceptions, interfaces, reporters"
pytest-dev__pytest-10341,raw,1,1,1,0,1,0,0,9.4,changelog/10811.bugfix.rst,changelog,Users,>>>>>>>>>>>>>>>>>>>>>>>>>>>>>>>>>>>>>>>>>>>>>>>>>>>>>>>>>>>>>>>>>>>>>>>>>>>>>>>> traceback >>>>>>>>>>>>>>>>>>>>>>>>>>>>>>>>>>>>>>>>>>>>>>>>>>>>>>>>>>>>>>>>>>>>>>>>>>>>>>>> || E AttributeError: type object 'Logger' has no attribute 'store'
pytest-dev__pytest-10341,adp,1,1,1,0,1,1,0,11.7,changelog/10811.bugfix.rst,changelog,Users,>>>>>>>>>>>>>>>>>>>>>>>>>>>>>>>>>>>>>>>>>>>>>>>>>>>>>>>>>>>>>>>>>>>>>>>>>>>>>>>> traceback >>>>>>>>>>>>>>>>>>>>>>>>>>>>>>>>>>>>>>>>>>>>>>>>>>>>>>>>>>>>>>>>>>>>>>>>>>>>>>>> || 649→ except ModuleNotFoundError:
pytest-dev__pytest-10341,memory,1,1,1,0,1,1,0,11.4,changelog/10811.bugfix.rst,changelog,Users,>>>>>>>>>>>>>>>>>>>>>>>>>>>>>>>>>>>>>>>>>>>>>>>>>>>>>>>>>>>>>>>>>>>>>>>>>>>>>>>> traceback >>>>>>>>>>>>>>>>>>>>>>>>>>>>>>>>>>>>>>>>>>>>>>>>>>>>>>>>>>>>>>>>>>>>>>>>>>>>>>>> || E AttributeError: type object 'Logger' has no attribute 'store'
pytest-dev__pytest-9358,raw,0,0,1,1,1,0,0,6.5,changelog/8317.bugfix.rst,changelog,AppData|FileNotFoundError|Local|Temp|True|Users|WinError|Windows|_accessor|_pytest|exist_ok,"E FileNotFoundError: [WinError 3] The system cannot find the path specified: 'C:\\Users\\john_doe\\AppData\\Local\\Temp\\pytest-of-contoso\\john_doe' || ERROR: file or directory not found: testbed/test_issue.py || When running pytest through Jenkins, we are getting this error: || 11:29:55 INTERNALERROR> Traceback (most recent call last):"
pytest-dev__pytest-9358,adp,0,0,1,1,1,0,0,6.5,changelog/8317.bugfix.rst,changelog,AppData|FileNotFoundError|Local|Temp|True|Users|WinError|Windows|_accessor|_pytest|exist_ok,"E FileNotFoundError: [WinError 3] The system cannot find the path specified: 'C:\\Users\\john_doe\\AppData\\Local\\Temp\\pytest-of-contoso\\john_doe' || ERROR: file or directory not found: testbed/test_issue.py || When running pytest through Jenkins, we are getting this error: || 11:29:55 INTERNALERROR> Traceback (most recent call last):"
pytest-dev__pytest-9358,memory,0,0,1,1,1,0,0,6.5,changelog/8317.bugfix.rst,changelog,AppData|FileNotFoundError|Local|Python|Temp|Traceback|True|Users|WinError|Windows|_accessor|_pytest|exist_ok|pytest_cache,"E FileNotFoundError: [WinError 3] The system cannot find the path specified: 'C:\\Users\\john_doe\\AppData\\Local\\Temp\\pytest-of-contoso\\john_doe' || - ERROR: file or directory not found: testbed/test_issue.py || When running pytest through Jenkins, we are getting this error: || 11:29:55 INTERNALERROR> Traceback (most recent call last):"
scikit-learn__scikit-learn-12622,raw,1,1,1,1,0,1,1,16.0,sklearn/utils/validation.py|doc/whats_new/_contributors.rst|doc/whats_new/v0.20.rst,doc/whats_new|sklearn/utils,Anaconda|Code|DataFrame|Description|FLOAT_DTYPES|False|Inc|Learn|NumPy|Python|Reproduce|Results|SciPy|Scikit|Steps|True|Versions|__version__|check_array|warn_on_dtype,"```python-traceback || 24→from ..exceptions import NonBLASDotWarning || TypeError: ""iteration over a 0-d array"" when trying to preprocessing.scale a pandas.Series || <!-- Please paste or specifically describe the actual output or traceback. -->"
scikit-learn__scikit-learn-12622,adp,1,1,1,1,0,1,1,16.0,sklearn/utils/validation.py|doc/whats_new/_contributors.rst|doc/whats_new/v0.20.rst,doc/whats_new|sklearn/utils,Anaconda|Code|DataFrame|Description|FLOAT_DTYPES|Inc|Learn|NumPy|Python|Reproduce|Results|SciPy|Scikit|Steps|True|Versions|__version__|check_array|warn_on_dtype,"```python-traceback || 24→from ..exceptions import NonBLASDotWarning || TypeError: ""iteration over a 0-d array"" when trying to preprocessing.scale a pandas.Series || <!-- Please paste or specifically describe the actual output or traceback. -->"
scikit-learn__scikit-learn-12622,memory,1,1,1,1,0,1,1,15.8,sklearn/utils/validation.py|doc/whats_new/_contributors.rst|doc/whats_new/v0.20.rst,doc/whats_new|sklearn/utils,Anaconda|Code|DataFrame|Description|FLOAT_DTYPES|Inc|Learn|NumPy|Python|Reproduce|Results|SciPy|Scikit|Steps|Traceback|True|Versions|__version__|check_array|warn_on_dtype,"```python-traceback || - Traceback (most recent call last): || TypeError: ""iteration over a 0-d array"" when trying to preprocessing.scale a pandas.Series || <!-- Please paste or specifically describe the actual output or traceback. -->"
scikit-learn__scikit-learn-13771,raw,1,1,1,0,1,1,1,14.5,doc/whats_new/v0.21.rst|sklearn/ensemble/voting.py,sklearn/ensemble|doc/whats_new,None|VotingClassifier,"AttributeError: 'NoneType' object has no attribute 'fit' || print(f""ERROR: {e}"")"
scikit-learn__scikit-learn-13771,adp,1,1,1,0,1,1,1,14.5,doc/whats_new/v0.21.rst|sklearn/ensemble/voting.py,sklearn/ensemble|doc/whats_new,None|VotingClassifier,"AttributeError: 'NoneType' object has no attribute 'fit' || print(f""ERROR: {e}"")"
scikit-learn__scikit-learn-13771,memory,1,1,1,0,1,1,1,14.5,doc/whats_new/v0.21.rst|sklearn/ensemble/voting.py,sklearn/ensemble|doc/whats_new,None|VotingClassifier,AttributeError: 'NoneType' object has no attribute 'fit' || - Traceback (most recent call last):
scikit-learn__scikit-learn-15093,raw,1,1,1,0,0,1,1,14.0,sklearn/utils/validation.py|doc/whats_new/v0.22.rst,doc/whats_new|sklearn/utils,Code|DataFrame|Description|Learn|NumPy|Pandas|Python|Reproduce|Results|SciPy|Scikit|Steps|Versions|check_array|x86_64,```python-traceback || 24→from ..exceptions import NonBLASDotWarning
scikit-learn__scikit-learn-15093,adp,1,1,1,0,0,1,1,14.0,sklearn/utils/validation.py|doc/whats_new/v0.22.rst,doc/whats_new|sklearn/utils,Code|DataFrame|Description|Learn|NumPy|Pandas|Python|Reproduce|Results|SciPy|Scikit|Steps|Versions|check_array|x86_64,```python-traceback || 24→from ..exceptions import NonBLASDotWarning
scikit-learn__scikit-learn-15093,memory,1,1,1,0,0,1,1,13.8,sklearn/utils/validation.py|doc/whats_new/v0.22.rst,doc/whats_new|sklearn/utils,Code|DataFrame|Description|Learn|NumPy|Pandas|Python|Reproduce|Results|SciPy|Scikit|Steps|Versions|check_array|x86_64,```python-traceback || - Traceback (most recent call last):
scikit-learn__scikit-learn-25365,raw,0,0,1,1,0,0,0,5.0,doc/whats_new/v1.2.rst|sklearn/manifold/_t_sne.py,sklearn/manifold|doc/whats_new,Built|Code|Cython|Describe|Linux|None|OpenMP|Python|Reproduce|Results|Steps|System|True|Versions|internal_api|libopenblas64_p|num_threads|scikit_learn|set_config|threading_layer|transform_output|user_api|x86_64,"E ValueError: could not broadcast input array from shape (20,1) into shape (20,) || sklearn/utils/validation.py-1175- ValueError || TypeError Traceback (most recent call last) || 3804 except KeyError as err:"
scikit-learn__scikit-learn-25365,adp,0,0,1,1,0,0,0,5.0,doc/whats_new/v1.2.rst|sklearn/manifold/_t_sne.py,sklearn/manifold|doc/whats_new,Code|Describe|Reproduce|Results|Steps|n_samples|set_config|transform_output,sklearn/utils/validation.py-1175- ValueError || No matches found || TypeError Traceback (most recent call last) || 3804 except KeyError as err:
scikit-learn__scikit-learn-25365,memory,0,0,1,1,0,0,0,5.0,doc/whats_new/v1.2.rst|sklearn/manifold/_t_sne.py,sklearn/manifold|doc/whats_new,Built|Code|Cython|DataFrame|Describe|Linux|None|OpenMP|Python|Reproduce|Results|Steps|System|Traceback|True|Versions|internal_api|num_threads|scikit_learn|set_config|transform_output|user_api|x86_64,"E ValueError: could not broadcast input array from shape (20,1) into shape (20,) || - Traceback (most recent call last): || TypeError Traceback (most recent call last) || 3804 except KeyError as err:"
scikit-learn__scikit-learn-25578,raw,1,1,1,1,1,1,1,17.5,sklearn/utils/multiclass.py|doc/whats_new/v1.3.rst,doc/whats_new|sklearn/utils,Additional|Describe|Float64|Int64|Repro|Series|Support|ValueError|_No|response_|y_predicted|y_true,"I would like to be able to pass the nullable pandas dtypes (""Int64"", ""Float64"", ""boolean"") into sklearn's `unique_labels` function. Because the dtypes become `object` dtype when converted to numpy arrays we get `Value... || with pytest.raises(ValueError, match=""Mix type of y not allowed, got types"") || - If `y_true` and `y_pred` are both nullable types: `ValueError: unknown is not supported` || - it only one of `y_true` or `y_pred` is nullable and the other is non nullable : `ValueError: Clas..."
scikit-learn__scikit-learn-25578,adp,1,1,1,1,1,1,1,17.5,sklearn/utils/multiclass.py|doc/whats_new/v1.3.rst,doc/whats_new|sklearn/utils,Additional|Describe|Float64|Int64|Repro|Series|Support|ValueError|_No|response_|y_predicted|y_true,"I would like to be able to pass the nullable pandas dtypes (""Int64"", ""Float64"", ""boolean"") into sklearn's `unique_labels` function. Because the dtypes become `object` dtype when converted to numpy arrays we get `Value... || with pytest.raises(ValueError, match=""Mix type of y not allowed, got types"") || - If `y_true` and `y_pred` are both nullable types: `ValueError: unknown is not supported` || - it only one of `y_true` or `y_pred` is nullable and the other is non nullable : `ValueError: Clas..."
scikit-learn__scikit-learn-25578,memory,1,1,1,1,1,1,1,17.5,sklearn/utils/multiclass.py|doc/whats_new/v1.3.rst,doc/whats_new|sklearn/utils,Additional|DataFrame|Describe|Float64|Int64|Repro|Series|Support|ValueError|_No|response_|y_predicted|y_true,"I would like to be able to pass the nullable pandas dtypes (""Int64"", ""Float64"", ""boolean"") into sklearn's `unique_labels` function. Because the dtypes become `object` dtype when converted to numpy arrays we get `Value... || with pytest.raises(ValueError, match=""Mix type of y not allowed, got types"") || - If `y_true` and `y_pred` are both nullable types: `ValueError: unknown is not supported` || - it only one of `y_true` or `y_pred` is nullable and the other is non nullable : `ValueError: Clas..."
scikit-learn__scikit-learn-25634,raw,1,1,1,1,1,1,1,17.5,sklearn/utils/multiclass.py|doc/whats_new/v1.3.rst,doc/whats_new|sklearn/utils,Additional|Because|Describe|Float64|Int64|Mix|Our|Repro|Series|Support|ValueError|_No|bool|float64|int64|object|response_|unique_labels|y_predicted|y_true,"I would like to be able to pass the nullable pandas dtypes (""Int64"", ""Float64"", ""boolean"") into sklearn's `unique_labels` function. Because the dtypes become `object` dtype when converted to numpy arrays we get `Value... || with pytest.raises(ValueError, match=""Mix type of y not allowed, got types"") || I would like to be able to pass the nullable pandas dtypes (""Int64"", ""Float64"", ""boolean"") into sklearn's `unique_labels` function. Because the dtypes become `object` dtype when converted to nu..."
scikit-learn__scikit-learn-25634,adp,1,1,1,1,1,1,1,17.5,sklearn/utils/multiclass.py|doc/whats_new/v1.3.rst,doc/whats_new|sklearn/utils,Additional|Because|Describe|Float64|Int64|Mix|Our|Repro|Series|Support|ValueError|_No|bool|float64|int64|object|response_|unique_labels|y_predicted|y_true,"I would like to be able to pass the nullable pandas dtypes (""Int64"", ""Float64"", ""boolean"") into sklearn's `unique_labels` function. Because the dtypes become `object` dtype when converted to numpy arrays we get `Value... || with pytest.raises(ValueError, match=""Mix type of y not allowed, got types"") || I would like to be able to pass the nullable pandas dtypes (""Int64"", ""Float64"", ""boolean"") into sklearn's `unique_labels` function. Because the dtypes become `object` dtype when converted to nu..."
scikit-learn__scikit-learn-25634,memory,1,1,1,1,1,1,1,17.5,sklearn/utils/multiclass.py|doc/whats_new/v1.3.rst,doc/whats_new|sklearn/utils,Additional|Because|Describe|Float64|Int64|Mix|Our|Repro|Series|Support|ValueError|_No|bool|float64|int64|object|response_|unique_labels|y_predicted|y_true,"I would like to be able to pass the nullable pandas dtypes (""Int64"", ""Float64"", ""boolean"") into sklearn's `unique_labels` function. Because the dtypes become `object` dtype when converted to numpy arrays we get `Value... || with pytest.raises(ValueError, match=""Mix type of y not allowed, got types"") || I would like to be able to pass the nullable pandas dtypes (""Int64"", ""Float64"", ""boolean"") into sklearn's `unique_labels` function. Because the dtypes become `object` dtype when converted to nu..."
scikit-learn__scikit-learn-25635,raw,1,1,1,1,1,1,1,17.5,sklearn/utils/multiclass.py|doc/whats_new/v1.3.rst,doc/whats_new|sklearn/utils,Additional|Because|Describe|Float64|Int64|Our|Repro|Series|Support|ValueError|_No|response_|y_predicted|y_true,"I would like to be able to pass the nullable pandas dtypes (""Int64"", ""Float64"", ""boolean"") into sklearn's `unique_labels` function. Because the dtypes become `object` dtype when converted to numpy arrays we get `Value... || with pytest.raises(ValueError, match=""Mix type of y not allowed, got types"") || I would like to be able to pass the nullable pandas dtypes (""Int64"", ""Float64"", ""boolean"") into sklearn's `confusion_matrix` function. Because the dtypes become object dtype when converted to n..."
scikit-learn__scikit-learn-25635,adp,1,1,1,1,1,1,1,17.5,sklearn/utils/multiclass.py|doc/whats_new/v1.3.rst,doc/whats_new|sklearn/utils,Additional|Because|Describe|Float64|Int64|Our|Repro|Series|Support|ValueError|_No|response_|y_predicted|y_true,"I would like to be able to pass the nullable pandas dtypes (""Int64"", ""Float64"", ""boolean"") into sklearn's `unique_labels` function. Because the dtypes become `object` dtype when converted to numpy arrays we get `Value... || with pytest.raises(ValueError, match=""Mix type of y not allowed, got types"") || I would like to be able to pass the nullable pandas dtypes (""Int64"", ""Float64"", ""boolean"") into sklearn's `confusion_matrix` function. Because the dtypes become object dtype when converted to n..."
scikit-learn__scikit-learn-25635,memory,1,1,1,1,1,1,1,17.5,sklearn/utils/multiclass.py|doc/whats_new/v1.3.rst,doc/whats_new|sklearn/utils,Additional|Because|Describe|Float64|Int64|Our|Repro|Series|Support|ValueError|_No|response_|y_predicted|y_true,"I would like to be able to pass the nullable pandas dtypes (""Int64"", ""Float64"", ""boolean"") into sklearn's `unique_labels` function. Because the dtypes become `object` dtype when converted to numpy arrays we get `Value... || with pytest.raises(ValueError, match=""Mix type of y not allowed, got types"") || I would like to be able to pass the nullable pandas dtypes (""Int64"", ""Float64"", ""boolean"") into sklearn's `confusion_matrix` function. Because the dtypes become object dtype when converted to n..."
scikit-learn__scikit-learn-25637,raw,0,1,1,1,1,0,0,9.0,sklearn/utils/validation.py|doc/whats_new/v1.3.rst,doc/whats_new|sklearn/utils,Additional|Because|Describe|Float64|Int64|Our|Repro|Series|Support|ValueError|_No|response_|y_true,"I would like to be able to pass the nullable pandas dtypes (""Int64"", ""Float64"", ""boolean"") into sklearn's `unique_labels` function. Because the dtypes become `object` dtype when converted to numpy arrays we get `Value... || with pytest.raises(ValueError, match=""Mix type of y not allowed, got types"") || I would like to be able to pass the nullable pandas dtypes (""Int64"", ""Float64"", ""boolean"") into sklearn's LabelBinarizer. Because the dtypes become object dtype when converted to numpy arrays w..."
scikit-learn__scikit-learn-25637,adp,0,1,1,1,1,0,0,9.0,sklearn/utils/validation.py|doc/whats_new/v1.3.rst,doc/whats_new|sklearn/utils,Additional|Because|Describe|Float64|Int64|Our|Repro|Series|Support|ValueError|_No|response_|y_true,"I would like to be able to pass the nullable pandas dtypes (""Int64"", ""Float64"", ""boolean"") into sklearn's `unique_labels` function. Because the dtypes become `object` dtype when converted to numpy arrays we get `Value... || with pytest.raises(ValueError, match=""Mix type of y not allowed, got types"") || I would like to be able to pass the nullable pandas dtypes (""Int64"", ""Float64"", ""boolean"") into sklearn's LabelBinarizer. Because the dtypes become object dtype when converted to numpy arrays w..."
scikit-learn__scikit-learn-25637,memory,0,1,1,1,1,0,0,9.0,sklearn/utils/validation.py|doc/whats_new/v1.3.rst,doc/whats_new|sklearn/utils,Additional|Because|Describe|Float64|Int64|Our|Repro|Series|Support|ValueError|_No|response_|y_true,"I would like to be able to pass the nullable pandas dtypes (""Int64"", ""Float64"", ""boolean"") into sklearn's `unique_labels` function. Because the dtypes become `object` dtype when converted to numpy arrays we get `Value... || with pytest.raises(ValueError, match=""Mix type of y not allowed, got types"") || I would like to be able to pass the nullable pandas dtypes (""Int64"", ""Float64"", ""boolean"") into sklearn's LabelBinarizer. Because the dtypes become object dtype when converted to numpy arrays w..."
scikit-learn__scikit-learn-25763,raw,0,1,1,0,0,0,0,5.5,doc/whats_new/v1.2.rst|sklearn/isotonic.py,sklearn|doc/whats_new,Code|Describe|IsotonicRegression|Reproduce|Results|Steps|Versions|set_config|transform_output,"E ValueError: could not broadcast input array from shape (20,1) into shape (20,) || sklearn/utils/validation.py-1175- ValueError || TypeError: 'builtin_function_or_method' object is not iterable"
scikit-learn__scikit-learn-25763,adp,0,1,1,0,0,0,0,5.4,doc/whats_new/v1.2.rst|sklearn/isotonic.py,sklearn|doc/whats_new,Code|Describe|IsotonicRegression|Reproduce|Results|Steps|set_config|transform_output,sklearn/utils/validation.py-1175- ValueError || No matches found || TypeError: 'builtin_function_or_method' object is not iterable
scikit-learn__scikit-learn-25763,memory,0,1,1,0,0,0,0,5.5,doc/whats_new/v1.2.rst|sklearn/isotonic.py,sklearn|doc/whats_new,Code|Describe|IsotonicRegression|Reproduce|Results|Steps|Versions|set_config|transform_output,"E ValueError: could not broadcast input array from shape (20,1) into shape (20,) || - Traceback (most recent call last): || TypeError: 'builtin_function_or_method' object is not iterable"
scikit-learn__scikit-learn-5970,raw,1,1,1,0,0,1,1,14.0,sklearn/decomposition/kernel_pca.py|doc/whats_new/v0.21.rst,doc/whats_new|sklearn/decomposition,Kernel|KernelPCA|n_components,12→from ..exceptions import NotFittedError || SyntaxError: invalid syntax || AssertionError:
scikit-learn__scikit-learn-5970,adp,1,1,1,0,0,1,1,14.0,sklearn/decomposition/kernel_pca.py|doc/whats_new/v0.21.rst,doc/whats_new|sklearn/decomposition,Kernel|KernelPCA|n_components,12→from ..exceptions import NotFittedError || SyntaxError: invalid syntax || AssertionError:
scikit-learn__scikit-learn-5970,memory,1,1,1,0,0,1,1,13.8,sklearn/decomposition/kernel_pca.py|doc/whats_new/v0.21.rst,doc/whats_new|sklearn/decomposition,Kernel|KernelPCA|n_components,- Traceback (most recent call last): || - ImportError: No module named _check_build || AssertionError:
sphinx-doc__sphinx-8127,raw,0,0,1,0,1,0,0,4.5,sphinx/domains/python.py|CHANGES,sphinx/domains,Describe|Environment|Found|None|Python|Reproduce|Sphinx|Your,"37→ except (TypeError, ValueError): || 1504→ except PycodeError: || <details> <summary>Steps with output including complete traceback</summary>"
sphinx-doc__sphinx-8127,adp,0,0,1,0,1,0,0,4.5,sphinx/domains/python.py|CHANGES,sphinx/domains,Describe|Environment|Found|None|Python|Reproduce|Sphinx|Your,"37→ except (TypeError, ValueError): || 1504→ except PycodeError: || <details> <summary>Steps with output including complete traceback</summary>"
sphinx-doc__sphinx-8127,memory,0,0,1,0,1,0,0,4.4,sphinx/domains/python.py|CHANGES,sphinx/domains,Describe|Environment|Found|None|Python|Reproduce|Sphinx|Your,<details> <summary>Steps with output including complete traceback</summary>
sphinx-doc__sphinx-8588,raw,1,1,1,0,1,0,1,12.5,sphinx/util/inspect.py|CHANGES,sphinx/util,None|Struct|consume_struct,Traceback (most recent call last): || AttributeError: 'NoneType' object has no attribute 'loader'
sphinx-doc__sphinx-8588,adp,1,1,1,0,1,0,1,12.7,sphinx/util/inspect.py|CHANGES,sphinx/util,None|Struct|consume_struct,Traceback (most recent call last): || AttributeError: 'NoneType' object has no attribute 'loader'
sphinx-doc__sphinx-8588,memory,1,1,1,0,0,0,1,10.1,sphinx/util/inspect.py|CHANGES,sphinx/util,Additional|Describe|Environment|Extra|None|Python|Reproduce|Screenshots|Sphinx|Struct|Your|consume_struct,- Traceback (most recent call last): || # Exceptions
sympy__sympy-11275,raw,0,0,1,0,1,0,0,4.5,sympy/simplify/radsimp.py,sympy/simplify,LaTeX|Out|True,Traceback (most recent call last): || AttributeError: 'NoneType' object has no attribute 'loader'
sympy__sympy-11275,adp,0,0,1,0,1,0,0,4.5,sympy/simplify/radsimp.py,sympy/simplify,LaTeX|Out|True,Traceback (most recent call last): || AttributeError: 'NoneType' object has no attribute 'loader'
sympy__sympy-11275,memory,0,0,1,0,0,0,0,3.0,sympy/simplify/radsimp.py,sympy/simplify,LaTeX|Out|True,- E AssertionError: assert '/frac{1}{4}...2 /right )}}' == '/frac{1}{4 ... /right )}}} || - FAILED sympy/printing/tests/test_latex.py::test_latex_issue_4381 - AssertionE...
sympy__sympy-11286,raw,0,1,1,0,1,0,0,5.6,AUTHORS|sympy/printing/octave.py,sympy/printing,Not|Out,Traceback (most recent call last): || AttributeError: 'NoneType' object has no attribute 'loader'
sympy__sympy-11286,adp,0,1,1,0,1,0,0,5.6,AUTHORS|sympy/printing/octave.py,sympy/printing,Not|Out,Traceback (most recent call last): || AttributeError: 'NoneType' object has no attribute 'loader'
sympy__sympy-11286,memory,0,1,1,0,1,0,0,5.7,AUTHORS|sympy/printing/octave.py,sympy/printing,Not|Out,- Traceback (most recent call last): || - ERROR: found no collectors for ./swebench_9_15/testbed/sympy/printing/tests/test_ccode.py::test_ccode_sinc
sympy__sympy-12426,raw,1,1,1,0,0,0,0,7.0,sympy/matrices/expressions/diagonal.py,sympy/matrices/expressions,MatrixSymbol,Traceback (most recent call last): || AttributeError: 'NoneType' object has no attribute 'loader'
sympy__sympy-12426,adp,1,1,1,0,0,0,0,7.0,sympy/matrices/expressions/diagonal.py,sympy/matrices/expressions,MatrixSymbol,Traceback (most recent call last): || AttributeError: 'NoneType' object has no attribute 'loader'
sympy__sympy-12426,memory,1,1,1,0,0,0,0,6.8,sympy/matrices/expressions/diagonal.py,sympy/matrices/expressions,MatrixSymbol,- Traceback (most recent call last): || - ERROR: file or directory not found: sympy/concrete/tests/test_sums_products.py::test_Sum_doit
sympy__sympy-12427,raw,1,1,1,1,1,1,1,17.5,sympy/matrices/expressions/diagonal.py|sympy/matrices/expressions/matexpr.py|sympy/solvers/solveset.py,sympy/matrices/expressions|sympy/solvers,MatrixSymbol|Traceback|True|__new__|__sympifyit_wrapper,Traceback (most recent call last): || AttributeError: 'NoneType' object has no attribute 'loader' || Traceback (most recent call last): || sympy.matrices.matrices.ShapeError: Matrices DiagonalMatrix(x) and DiagonalMatri
sympy__sympy-12427,adp,1,1,1,1,1,1,1,17.5,sympy/matrices/expressions/diagonal.py|sympy/matrices/expressions/matexpr.py|sympy/solvers/solveset.py,sympy/matrices/expressions|sympy/solvers,MatrixSymbol|Traceback|True|__new__|__sympifyit_wrapper,Traceback (most recent call last): || AttributeError: 'NoneType' object has no attribute 'loader' || Traceback (most recent call last): || sympy.matrices.matrices.ShapeError: Matrices DiagonalMatrix(x) and DiagonalMatri
sympy__sympy-12427,memory,1,1,1,1,0,1,1,16.0,sympy/matrices/expressions/diagonal.py|sympy/matrices/expressions/matexpr.py|sympy/solvers/solveset.py,sympy/matrices/expressions|sympy/solvers,Matrix|MatrixSymbol|ShapeError|Traceback|True|__new__|__sympifyit_wrapper,- Traceback (most recent call last): || - ERROR: file or directory not found: sympy/concrete/tests/test_sums_products.py::test_Sum_doit || Traceback (most recent call last): || sympy.matrices.matrices.ShapeError: Matrices DiagonalMatrix(x) and DiagonalMatri
sympy__sympy-12950,raw,1,1,1,1,1,0,1,14.6,sympy/matrices/expressions/matmul.py|sympy/matrices/common.py,sympy/matrices/expressions|sympy/matrices,AttributeError|False|Matrix,"Traceback (most recent call last): || AttributeError: 'NoneType' object has no attribute 'loader' || In sympy 1.1, the last statement from above raises an error || AttributeError: 'int' object has no attribute 'is_number'"
sympy__sympy-12950,adp,1,1,1,1,1,0,1,15.4,sympy/matrices/expressions/matmul.py|sympy/matrices/common.py,sympy/matrices/expressions|sympy/matrices,AttributeError|False|Matrix,"Traceback (most recent call last): || AttributeError: 'NoneType' object has no attribute 'loader' || In sympy 1.1, the last statement from above raises an error || AttributeError: 'int' object has no attribute 'is_number'"
sympy__sympy-12950,memory,1,1,1,0,1,0,1,12.1,sympy/matrices/expressions/matmul.py|sympy/matrices/common.py,sympy/matrices/expressions|sympy/matrices,Matrix|Symbol,"- Traceback (most recent call last): || 13→ raises(TypeError, lambda: SparseMatrix(1, 2)) || In sympy 1.1, the last statement from above raises an error || AttributeError: 'int' object has no attribute 'is_number'"
sympy__sympy-13039,raw,1,1,1,0,0,1,1,12.7,sympy/printing/pretty/pretty.py,sympy/printing/pretty,CoordSys3D,Traceback (most recent call last): || ImportError: No module named sympy.vector
sympy__sympy-13039,adp,1,1,0,0,0,1,1,11.7,sympy/printing/pretty/pretty.py,sympy/printing/pretty,,Traceback (most recent call last): || ImportError: No module named sympy.vector
sympy__sympy-13039,memory,1,1,1,0,0,0,1,10.4,sympy/printing/pretty/pretty.py,sympy/printing/pretty,CoordSys3D,- Traceback (most recent call last): || - ImportError: No module named sympy.vector
sympy__sympy-15059,raw,1,1,0,0,0,1,1,11.5,sympy/printing/latex.py,sympy/printing,,Traceback (most recent call last): || AttributeError: 'NoneType' object has no attribute 'loader'
sympy__sympy-15059,adp,1,1,0,0,0,1,1,11.5,sympy/printing/latex.py,sympy/printing,,Traceback (most recent call last): || AttributeError: 'NoneType' object has no attribute 'loader'
sympy__sympy-15059,memory,1,1,0,0,0,1,1,11.5,sympy/printing/latex.py,sympy/printing,,"print(""✗ Fix failed. Double subscripts still present."") || - Traceback (most recent call last):"
sympy__sympy-16342,raw,1,1,1,0,1,1,1,15.5,sympy/sets/sets.py|sympy/sets/fancysets.py,sympy/sets,FiniteSet|Intersection|Union|x,Traceback (most recent call last): || AttributeError: 'NoneType' object has no attribute 'loader'
sympy__sympy-16342,adp,1,1,1,0,1,1,1,15.5,sympy/sets/sets.py|sympy/sets/fancysets.py,sympy/sets,FiniteSet|Intersection|Union|x,Traceback (most recent call last): || AttributeError: 'NoneType' object has no attribute 'loader'
sympy__sympy-16342,memory,1,1,1,0,1,1,1,15.0,sympy/sets/sets.py|sympy/sets/fancysets.py,sympy/sets,FiniteSet|Intersection,"- FAILED sympy/sets/tests/test_sets.py::test_imageset - assert (1, r) not in Im... || - Traceback (most recent call last):"
sympy__sympy-16689,raw,1,1,1,0,0,1,1,14.0,sympy/utilities/codegen.py,sympy/utilities,But|MatrixSymbol|argument_sequence|double,TypeError: only size-1 arrays can be converted to Python scalars || SyntaxError: invalid syntax
sympy__sympy-16689,adp,1,1,1,0,0,1,1,14.0,sympy/utilities/codegen.py,sympy/utilities,But|MatrixSymbol|argument_sequence|double,TypeError: only size-1 arrays can be converted to Python scalars || SyntaxError: invalid syntax
sympy__sympy-16689,memory,1,1,1,0,0,1,1,14.0,sympy/utilities/codegen.py,sympy/utilities,But|MatrixSymbol|argument_sequence|double,TypeError: only size-1 arrays can be converted to Python scalars || - Traceback (most recent call last):
sympy__sympy-16946,raw,1,1,1,0,0,1,1,13.5,sympy/sets/sets.py|sympy/sets/fancysets.py,sympy/sets,EmptySet|Interval|True,Traceback (most recent call last): || AttributeError: 'NoneType' object has no attribute 'loader'
sympy__sympy-16946,adp,1,1,1,0,0,1,1,13.5,sympy/sets/sets.py|sympy/sets/fancysets.py,sympy/sets,EmptySet|Interval|True,Traceback (most recent call last): || AttributeError: 'NoneType' object has no attribute 'loader'
sympy__sympy-16946,memory,1,1,1,0,0,1,1,13.4,sympy/sets/sets.py|sympy/sets/fancysets.py,sympy/sets,EmptySet|True,"- FAILED sympy/sets/tests/test_sets.py::test_imageset - assert (1, r) not in Im... || - Traceback (most recent call last):"
sympy__sympy-16953,raw,1,1,1,0,1,1,1,14.5,sympy/sets/sets.py|sympy/sets/fancysets.py,sympy/sets,FiniteSet|Intersection,Traceback (most recent call last): || AttributeError: 'NoneType' object has no attribute 'loader'
sympy__sympy-16953,adp,1,1,1,0,1,1,1,14.5,sympy/sets/sets.py|sympy/sets/fancysets.py,sympy/sets,FiniteSet|Intersection,Traceback (most recent call last): || AttributeError: 'NoneType' object has no attribute 'loader'
sympy__sympy-16953,memory,1,1,1,0,0,1,1,12.8,sympy/sets/sets.py|sympy/sets/fancysets.py,sympy/sets,FiniteSet|Intersection,"- FAILED sympy/sets/tests/test_sets.py::test_imageset - assert (1, r) not in Im... || - Traceback (most recent call last):"
sympy__sympy-17377,raw,1,1,1,1,1,1,1,17.5,sympy/ntheory/residue_ntheory.py,sympy/ntheory,False|Traceback|ValueError|_discrete_log_trial_mul|_nthroot_mod1|all_roots|discrete_log|nthroot_mod|primitive_root|residue_ntheory,"632- raise ValueError('m must be > 0') || 634- raise ValueError('n must be >= 0') || nthroot_mod(13, 8, 9) raises ValueError(""Log does not exist"") || ValueError Traceback (most recent call last)"
sympy__sympy-17377,adp,1,1,1,1,1,1,1,17.5,sympy/ntheory/residue_ntheory.py,sympy/ntheory,False|Traceback|ValueError|_discrete_log_trial_mul|_nthroot_mod1|all_roots|discrete_log|nthroot_mod|primitive_root|residue_ntheory,"632- raise ValueError('m must be > 0') || 634- raise ValueError('n must be >= 0') || nthroot_mod(13, 8, 9) raises ValueError(""Log does not exist"") || ValueError Traceback (most recent call last)"
sympy__sympy-17377,memory,1,1,1,1,1,1,1,17.5,sympy/ntheory/residue_ntheory.py,sympy/ntheory,False|Log|Traceback|ValueError|_discrete_log_trial_mul|_nthroot_mod1|_nthroot_mod2|all_roots|discrete_log|nthroot_mod|primitive_root|residue_ntheory,"except Exception as e: || print(f""Error: {type(e).__name__}: {e}"") || nthroot_mod(13, 8, 9) raises ValueError(""Log does not exist"") || ValueError Traceback (most recent call last)"
sympy__sympy-18212,raw,1,1,1,0,1,1,1,14.4,sympy/ntheory/residue_ntheory.py,sympy/ntheory,But|nthroot_mod,632- raise ValueError('m must be > 0') || 634- raise ValueError('n must be >= 0')
sympy__sympy-18212,adp,1,1,1,0,1,1,1,14.4,sympy/ntheory/residue_ntheory.py,sympy/ntheory,But|nthroot_mod,632- raise ValueError('m must be > 0') || 634- raise ValueError('n must be >= 0')
sympy__sympy-18212,memory,1,1,1,0,1,1,1,14.4,sympy/ntheory/residue_ntheory.py,sympy/ntheory,But|nthroot_mod,"except Exception as e: || print(f""Error: {type(e).__name__}: {e}"")"
sympy__sympy-18715,raw,1,1,1,0,0,1,1,12.9,sympy/tensor/array/ndim_array.py,sympy/tensor/array,ValueError,"Traceback (most recent call last): || ValueError: not enough values to unpack (expected 2, got 0) || The above code gives the following error: ""ValueError: Only a tuple index is accepted"""
sympy__sympy-18715,adp,1,1,1,0,0,1,1,12.9,sympy/tensor/array/ndim_array.py,sympy/tensor/array,ValueError,"Traceback (most recent call last): || ValueError: not enough values to unpack (expected 2, got 0) || The above code gives the following error: ""ValueError: Only a tuple index is accepted"""
sympy__sympy-18715,memory,1,1,1,0,0,1,1,12.9,sympy/tensor/array/ndim_array.py,sympy/tensor/array,ValueError,"Traceback (most recent call last): || ValueError: not enough values to unpack (expected 2, got 0) || The above code gives the following error: ""ValueError: Only a tuple index is accepted"""
sympy__sympy-19006,raw,1,1,1,1,1,0,1,15.5,sympy/core/compatibility.py|sympy/polys/domains/domain.py|sympy/core/basic.py|sympy/core/containers.py|sympy/core/sympify.py|sympy/polys/orderings.py,sympy/polys/domains|sympy/core|sympy/polys,AttributeError|C|See|Symbol|__repr__|__str__|default_sort_key,E AttributeError: 'Symbol' object has no attribute 'y' || FAILED [100%] || AttributeError: 'Symbol' object has no attribute 'y'
sympy__sympy-19006,adp,1,1,1,1,1,0,1,15.5,sympy/core/compatibility.py|sympy/polys/domains/domain.py|sympy/core/basic.py|sympy/core/containers.py|sympy/core/sympify.py|sympy/polys/orderings.py,sympy/polys/domains|sympy/core|sympy/polys,AttributeError|C|See|Symbol|__repr__|__str__|default_sort_key,E AttributeError: 'Symbol' object has no attribute 'y' || FAILED [100%] || AttributeError: 'Symbol' object has no attribute 'y'
sympy__sympy-19006,memory,1,1,1,1,1,0,1,15.5,sympy/core/compatibility.py|sympy/polys/domains/domain.py|sympy/core/basic.py|sympy/core/containers.py|sympy/core/sympify.py|sympy/polys/orderings.py,sympy/polys/domains|sympy/core|sympy/polys,Also|AttributeError|C|See|Symbol|__repr__|__str__|default_sort_key,E AttributeError: 'Symbol' object has no attribute 'y' || FAILED [100%] || AttributeError: 'Symbol' object has no attribute 'y'
sympy__sympy-19235,raw,1,1,1,0,0,1,1,12.2,sympy/printing/latex.py,sympy/printing,See|Write|inv_trig_style,SyntaxError: invalid syntax || Traceback (most recent call last):
sympy__sympy-19235,adp,1,1,1,0,0,1,1,13.4,sympy/printing/latex.py,sympy/printing,See|Write|inv_trig_style,SyntaxError: invalid syntax || Traceback (most recent call last):
sympy__sympy-19235,memory,1,1,1,0,0,1,1,12.0,sympy/printing/latex.py,sympy/printing,See|Write|inv_trig_style,- Traceback (most recent call last): || - ImportError: SymPy now depends on mpmath as an external library. See http:/docs.sympy.org/latest/install.html#mpmath for more information.
sympy__sympy-19484,raw,0,1,1,0,1,0,0,6.0,sympy/functions/elementary/piecewise.py|sympy/simplify/simplify.py,sympy/simplify|sympy/functions/elementary,Abs|Symbol|True|x,Traceback (most recent call last): || AttributeError: 'NoneType' object has no attribute 'loader'
sympy__sympy-19484,adp,0,1,1,0,1,0,0,6.0,sympy/functions/elementary/piecewise.py|sympy/simplify/simplify.py,sympy/simplify|sympy/functions/elementary,Abs|Symbol|True|x,Traceback (most recent call last): || AttributeError: 'NoneType' object has no attribute 'loader'
sympy__sympy-19484,memory,0,1,1,0,1,0,0,6.0,sympy/functions/elementary/piecewise.py|sympy/simplify/simplify.py,sympy/simplify|sympy/functions/elementary,Abs|Symbol|True|x,"- Traceback (most recent call last): || =================== 28 passed, 3 xfailed, 1 warning in 1.39s ==================="
sympy__sympy-19558,raw,1,1,0,0,0,1,1,11.2,sympy/functions/elementary/complexes.py,sympy/functions/elementary,,Traceback (most recent call last): || AttributeError: 'NoneType' object has no attribute 'loader' || gives `ValueError: The argument 'nan' is not comparable.
sympy__sympy-19558,adp,1,1,0,0,0,1,1,11.2,sympy/functions/elementary/complexes.py,sympy/functions/elementary,,Traceback (most recent call last): || AttributeError: 'NoneType' object has no attribute 'loader' || gives `ValueError: The argument 'nan' is not comparable.
sympy__sympy-19558,memory,1,1,0,0,0,1,1,11.0,sympy/functions/elementary/complexes.py,sympy/functions/elementary,,"- Traceback (most recent call last): || =================== 28 passed, 3 xfailed, 1 warning in 1.39s =================== || gives `ValueError: The argument 'nan' is not comparable."
sympy__sympy-21203,raw,0,0,1,0,1,0,0,3.9,sympy/core/relational.py|sympy/assumptions/handlers/sets.py|sympy/assumptions/relation/equality.py,sympy/assumptions/handlers|sympy/core|sympy/assumptions/relation,Also|See,Traceback (most recent call last): || AttributeError: 'NoneType' object has no attribute 'loader'
sympy__sympy-21203,adp,0,0,1,0,1,0,0,3.9,sympy/core/relational.py|sympy/assumptions/handlers/sets.py|sympy/assumptions/relation/equality.py,sympy/assumptions/handlers|sympy/core|sympy/assumptions/relation,Also|See,Traceback (most recent call last): || AttributeError: 'NoneType' object has no attribute 'loader'
sympy__sympy-21203,memory,0,0,0,0,1,0,0,2.8,sympy/core/relational.py|sympy/assumptions/handlers/sets.py|sympy/assumptions/relation/equality.py,sympy/assumptions/handlers|sympy/core|sympy/assumptions/relation,,- Traceback (most recent call last):
sympy__sympy-21309,raw,0,1,1,0,0,0,0,5.2,sympy/assumptions/cnf.py|sympy/assumptions/wrapper.py|sympy/assumptions/facts.py|sympy/assumptions/ask_generated.py|sympy/core/relational.py|sympy/assumptions/relation/equality.py,sympy/core|sympy/assumptions/relation|sympy/assumptions,Also|See|True,Traceback (most recent call last): || AttributeError: 'NoneType' object has no attribute 'loader'
sympy__sympy-21309,adp,0,1,1,0,0,0,0,5.2,sympy/assumptions/cnf.py|sympy/assumptions/wrapper.py|sympy/assumptions/facts.py|sympy/assumptions/ask_generated.py|sympy/core/relational.py|sympy/assumptions/relation/equality.py,sympy/core|sympy/assumptions/relation|sympy/assumptions,Also|See|True,Traceback (most recent call last): || AttributeError: 'NoneType' object has no attribute 'loader'
sympy__sympy-21309,memory,0,1,1,0,0,0,0,5.3,sympy/assumptions/cnf.py|sympy/assumptions/wrapper.py|sympy/assumptions/facts.py|sympy/assumptions/ask_generated.py|sympy/core/relational.py|sympy/assumptions/relation/equality.py,sympy/core|sympy/assumptions/relation|sympy/assumptions,True,- Traceback (most recent call last):
sympy__sympy-23852,raw,1,1,1,1,1,1,1,17.5,sympy/tensor/array/ndim_array.py,sympy/tensor/array,Integer|NDimArray|SYMPY_INTS|Traceback|ValueError|dense_ndim_array|ndim_array,"Traceback (most recent call last): || ValueError: not enough values to unpack (expected 2, got 0) || ValueError Traceback (most recent call last) || --> 148 raise ValueError(""Only a tuple index is accepted"")"
sympy__sympy-23852,adp,1,1,1,1,1,1,1,17.5,sympy/tensor/array/ndim_array.py,sympy/tensor/array,Integer|NDimArray|SYMPY_INTS|Traceback|ValueError|dense_ndim_array|ndim_array,"Traceback (most recent call last): || ValueError: not enough values to unpack (expected 2, got 0) || ValueError Traceback (most recent call last) || --> 148 raise ValueError(""Only a tuple index is accepted"")"
sympy__sympy-23852,memory,1,1,1,1,1,1,1,17.5,sympy/tensor/array/ndim_array.py,sympy/tensor/array,Integer|NDimArray|SYMPY_INTS|Traceback|ValueError|dense_ndim_array|ndim_array,"Traceback (most recent call last): || ValueError: not enough values to unpack (expected 2, got 0) || ValueError Traceback (most recent call last) || --> 148 raise ValueError(""Only a tuple index is accepted"")"
sympy__sympy-26642,raw,1,1,1,1,0,0,0,12.5,sympy/parsing/mathematica.py|.mailmap,sympy/parsing,SyntaxError|Traceback|parse_mathematica,Traceback (most recent call last): || SyntaxError: unable to create a single AST for the expression || Traceback (most recent call last): || SyntaxError: unable to create a single AST for the expression
sympy__sympy-26642,adp,1,1,1,1,0,0,0,12.5,sympy/parsing/mathematica.py|.mailmap,sympy/parsing,SyntaxError|Traceback|parse_mathematica,Traceback (most recent call last): || SyntaxError: unable to create a single AST for the expression || Traceback (most recent call last): || SyntaxError: unable to create a single AST for the expression
sympy__sympy-26642,memory,1,1,1,1,0,0,0,12.5,sympy/parsing/mathematica.py|.mailmap,sympy/parsing,Output|SyntaxError|Traceback|parse_mathematica,Traceback (most recent call last): || SyntaxError: unable to create a single AST for the expression || Traceback (most recent call last): || SyntaxError: unable to create a single AST for the expression
sympy__sympy-27868,raw,1,1,1,1,1,0,0,14.0,sympy/parsing/mathematica.py|.mailmap|sympy/parsing/mathematica_named_characters.py,sympy/parsing,Greek|Integer|Mathematica|MathematicaParser|SymPy|SyntaxError|Traceback|parse_mathematica|sympy_parser,"Traceback (most recent call last): || SyntaxError: unable to create a single AST for the expression || error: || ValueError: Error from parse_expr with transformed code: ""Symbol ('Sqrt' )[Integer (2 )]*Symbol ('σ' )"""
sympy__sympy-27868,adp,1,1,1,1,1,0,0,14.0,sympy/parsing/mathematica.py|.mailmap|sympy/parsing/mathematica_named_characters.py,sympy/parsing,Greek|Integer|Mathematica|MathematicaParser|SymPy|SyntaxError|Traceback|parse_mathematica|sympy_parser,"Traceback (most recent call last): || SyntaxError: unable to create a single AST for the expression || error: || ValueError: Error from parse_expr with transformed code: ""Symbol ('Sqrt' )[Integer (2 )]*Symbol ('σ' )"""
sympy__sympy-27868,memory,1,1,1,1,1,0,0,14.0,sympy/parsing/mathematica.py|.mailmap|sympy/parsing/mathematica_named_characters.py,sympy/parsing,Greek|Integer|Mathematica|MathematicaParser|SymPy|SyntaxError|Traceback|parse_mathematica|sympy_parser,"Traceback (most recent call last): || SyntaxError: unable to create a single AST for the expression || error: || ValueError: Error from parse_expr with transformed code: ""Symbol ('Sqrt' )[Integer (2 )]*Symbol ('σ' )"""
sympy__sympy-8772,raw,1,1,1,0,1,1,1,14.0,sympy/functions/combinatorial/numbers.py,sympy/functions/combinatorial,bell|oo,"111→ raise ValueError(""Fibonacci polynomials are defined "" || Traceback (most recent call last):"
sympy__sympy-8772,adp,1,1,1,0,1,1,1,14.0,sympy/functions/combinatorial/numbers.py,sympy/functions/combinatorial,bell|oo,"111→ raise ValueError(""Fibonacci polynomials are defined "" || Traceback (most recent call last):"
sympy__sympy-8772,memory,1,1,1,0,1,1,1,14.0,sympy/functions/combinatorial/numbers.py,sympy/functions/combinatorial,Limit|bell|oo,"- Traceback (most recent call last): || 111→ raise ValueError(""Fibonacci polynomials are defined """
sympy__sympy-9123,raw,0,1,1,0,0,0,0,3.0,sympy/polys/domains/polynomialring.py,sympy/polys/domains,apart,"Traceback (most recent call last): || raise ImportError(""SymPy now depends on mpmath as an external library."
sympy__sympy-9123,adp,0,1,1,0,0,0,0,3.0,sympy/polys/domains/polynomialring.py,sympy/polys/domains,apart,"Traceback (most recent call last): || raise ImportError(""SymPy now depends on mpmath as an external library."
sympy__sympy-9123,memory,0,0,1,0,0,0,0,1.5,sympy/polys/domains/polynomialring.py,sympy/polys/domains,apart,"- [other/reproduction] python3 ./swebench_9_15/debug_div.py 2>&1 || grep -v ""DeprecationWarning"""
sympy__sympy-9384,raw,0,1,1,0,1,0,0,5.7,sympy/assumptions/cnf.py|sympy/assumptions/wrapper.py|sympy/assumptions/facts.py|sympy/assumptions/ask_generated.py|sympy/core/relational.py|sympy/assumptions/relation/equality.py,sympy/core|sympy/assumptions/relation|sympy/assumptions,Piecewise|True,Traceback (most recent call last): || AttributeError: 'NoneType' object has no attribute 'loader'
sympy__sympy-9384,adp,0,1,1,0,1,0,0,5.7,sympy/assumptions/cnf.py|sympy/assumptions/wrapper.py|sympy/assumptions/facts.py|sympy/assumptions/ask_generated.py|sympy/core/relational.py|sympy/assumptions/relation/equality.py,sympy/core|sympy/assumptions/relation|sympy/assumptions,Piecewise|True,Traceback (most recent call last): || AttributeError: 'NoneType' object has no attribute 'loader'
sympy__sympy-9384,memory,0,1,1,0,1,0,0,5.8,sympy/assumptions/cnf.py|sympy/assumptions/wrapper.py|sympy/assumptions/facts.py|sympy/assumptions/ask_generated.py|sympy/core/relational.py|sympy/assumptions/relation/equality.py,sympy/core|sympy/assumptions/relation|sympy/assumptions,Piecewise|True,- Traceback (most recent call last):
