instance_id,repo,prior_instance_id,target_instance_id,prior_gold_files,target_gold_files,prior_gold_file_count,target_gold_file_count,prior_gold_target_gold_file_intersection,prior_gold_target_gold_file_intersection_count,prior_gold_target_gold_jaccard,prior_gold_target_gold_same_file_bool,prior_gold_target_gold_same_dir_bool,prior_trajectory_inspected_files,prior_trajectory_edited_files,prior_trajectory_test_files,prior_trajectory_source_files,prior_inspected_target_gold_intersection,prior_inspected_target_gold_intersection_count,prior_inspected_target_gold_jaccard,prior_inspected_target_gold_same_file_bool,prior_inspected_target_gold_same_dir_bool,prior_edited_target_gold_intersection,prior_edited_target_gold_intersection_count,prior_edited_target_gold_jaccard,prior_edited_target_gold_same_file_bool,prior_edited_target_gold_same_dir_bool,raw_resolved,adp_resolved,memory_resolved,no_memory_resolved,overlap_bucket,localization_bucket
astropy__astropy-15082,astropy/astropy,astropy__astropy-14995,astropy__astropy-15082,astropy/nddata/mixins/ndarithmetic.py,astropy/nddata/mixins/ndarithmetic.py;docs/changes/nddata/15082.bugfix.rst,1,2,astropy/nddata/mixins/ndarithmetic.py,1,0.5,True,True,./swebench_9_15/manual.yaml;./swebench_9_15/output/astropy__astropy-14995_preds.json;./swebench_9_15/test_fix.py;/opt/anaconda3/lib/python3.8/site-packages/pip/_vendor/pyproject_hooks/_in_process/_in_process.py;/opt/anaconda3/lib/python3.8/site.py;/private/var/folders/hg/_103_7xx52701ztpt4713nww0000gn/T/pip-build-env-uirrtsrw/overlay/lib/python3.8/site-packages/extension_helpers/_setup_helpers.py;/private/var/folders/hg/_103_7xx52701ztpt4713nww0000gn/T/pip-build-env-uirrtsrw/overlay/lib/python3.8/site-packages/extension_helpers/_utils.py;/private/var/folders/hg/_103_7xx52701ztpt4713nww0000gn/T/pip-build-env-uirrtsrw/overlay/lib/python3.8/site-packages/setuptools/build_meta.py;a/astropy/nddata/mixins/ndarithmetic.py;a/test_bug.py;astropy/__init__.py;astropy/nddata/__init__.py;astropy/nddata/_testing.py;astropy/nddata/bitmask.py;astropy/nddata/blocks.py;astropy/nddata/ccddata.py;astropy/nddata/compat.py;astropy/nddata/decorators.py;astropy/nddata/flag_collection.py;astropy/nddata/mixins/__init__.py;astropy/nddata/mixins/ndarithmetic.py;astropy/nddata/mixins/ndio.py;astropy/nddata/mixins/ndslicing.py;astropy/nddata/mixins/tests/__init__.py;astropy/nddata/mixins/tests/test_ndarithmetic.py;astropy/nddata/mixins/tests/test_ndio.py;astropy/nddata/mixins/tests/test_ndslicing.py;astropy/nddata/nddata.py;astropy/nddata/nddata_base.py;astropy/nddata/nddata_withmixins.py;astropy/nddata/nduncertainty.py;astropy/nddata/tests/__init__.py;astropy/nddata/tests/test_bitmask.py;astropy/nddata/tests/test_blocks.py;astropy/nddata/tests/test_ccddata.py;astropy/nddata/tests/test_compat.py;astropy/nddata/tests/test_decorators.py;astropy/nddata/tests/test_flag_collection.py;astropy/nddata/tests/test_nddata.py;astropy/nddata/tests/test_nddata_base.py;astropy/nddata/tests/test_nduncertainty.py;astropy/nddata/tests/test_utils.py;astropy/nddata/utils.py;astropy/wcs/setup_package.py;b/astropy/nddata/mixins/ndarithmetic.py;b/test_bug.py;docs/nddata/examples/cutout2d_tofits.py;nastropy/nddata/__init__.py;nastropy/nddata/_testing.py;nastropy/nddata/bitmask.py;nastropy/nddata/blocks.py;nastropy/nddata/ccddata.py;nastropy/nddata/compat.py;nastropy/nddata/decorators.py;nastropy/nddata/flag_collection.py;nastropy/nddata/mixins/ndarithmetic.py;nastropy/nddata/mixins/ndio.py;nastropy/nddata/mixins/ndslicing.py;nastropy/nddata/mixins/tests/__init__.py;nastropy/nddata/mixins/tests/test_ndarithmetic.py;nastropy/nddata/mixins/tests/test_ndio.py;nastropy/nddata/mixins/tests/test_ndslicing.py;nastropy/nddata/nddata.py;nastropy/nddata/nddata_base.py;nastropy/nddata/nddata_withmixins.py;nastropy/nddata/nduncertainty.py;nastropy/nddata/tests/__init__.py;nastropy/nddata/tests/test_bitmask.py;nastropy/nddata/tests/test_blocks.py;nastropy/nddata/tests/test_ccddata.py;nastropy/nddata/tests/test_compat.py;nastropy/nddata/tests/test_decorators.py;nastropy/nddata/tests/test_flag_collection.py;nastropy/nddata/tests/test_nddata.py;nastropy/nddata/tests/test_nddata_base.py;nastropy/nddata/tests/test_nduncertainty.py;nastropy/nddata/tests/test_utils.py;nastropy/nddata/utils.py;ndocs/nddata/examples/cutout2d_tofits.py;output/astropy__astropy-14995_preds.json,./swebench_9_15/manual.yaml;./swebench_9_15/output/astropy__astropy-14995_preds.json;_preds.json;astropy/nddatmixins/ndarithmetic.py;test_bug.py,./swebench_9_15/test_fix.py;a/test_bug.py;astropy/nddata/mixins/tests/__init__.py;astropy/nddata/mixins/tests/test_ndarithmetic.py;astropy/nddata/mixins/tests/test_ndio.py;astropy/nddata/mixins/tests/test_ndslicing.py;astropy/nddata/tests/__init__.py;astropy/nddata/tests/test_bitmask.py;astropy/nddata/tests/test_blocks.py;astropy/nddata/tests/test_ccddata.py;astropy/nddata/tests/test_compat.py;astropy/nddata/tests/test_decorators.py;astropy/nddata/tests/test_flag_collection.py;astropy/nddata/tests/test_nddata.py;astropy/nddata/tests/test_nddata_base.py;astropy/nddata/tests/test_nduncertainty.py;astropy/nddata/tests/test_utils.py;b/test_bug.py;nastropy/nddata/mixins/tests/__init__.py;nastropy/nddata/mixins/tests/test_ndarithmetic.py;nastropy/nddata/mixins/tests/test_ndio.py;nastropy/nddata/mixins/tests/test_ndslicing.py;nastropy/nddata/tests/__init__.py;nastropy/nddata/tests/test_bitmask.py;nastropy/nddata/tests/test_blocks.py;nastropy/nddata/tests/test_ccddata.py;nastropy/nddata/tests/test_compat.py;nastropy/nddata/tests/test_decorators.py;nastropy/nddata/tests/test_flag_collection.py;nastropy/nddata/tests/test_nddata.py;nastropy/nddata/tests/test_nddata_base.py;nastropy/nddata/tests/test_nduncertainty.py;nastropy/nddata/tests/test_utils.py,./swebench_9_15/manual.yaml;./swebench_9_15/output/astropy__astropy-14995_preds.json;/opt/anaconda3/lib/python3.8/site-packages/pip/_vendor/pyproject_hooks/_in_process/_in_process.py;/opt/anaconda3/lib/python3.8/site.py;/private/var/folders/hg/_103_7xx52701ztpt4713nww0000gn/T/pip-build-env-uirrtsrw/overlay/lib/python3.8/site-packages/extension_helpers/_setup_helpers.py;/private/var/folders/hg/_103_7xx52701ztpt4713nww0000gn/T/pip-build-env-uirrtsrw/overlay/lib/python3.8/site-packages/extension_helpers/_utils.py;/private/var/folders/hg/_103_7xx52701ztpt4713nww0000gn/T/pip-build-env-uirrtsrw/overlay/lib/python3.8/site-packages/setuptools/build_meta.py;a/astropy/nddata/mixins/ndarithmetic.py;astropy/__init__.py;astropy/nddata/__init__.py;astropy/nddata/_testing.py;astropy/nddata/bitmask.py;astropy/nddata/blocks.py;astropy/nddata/ccddata.py;astropy/nddata/compat.py;astropy/nddata/decorators.py;astropy/nddata/flag_collection.py;astropy/nddata/mixins/__init__.py;astropy/nddata/mixins/ndarithmetic.py;astropy/nddata/mixins/ndio.py;astropy/nddata/mixins/ndslicing.py;astropy/nddata/nddata.py;astropy/nddata/nddata_base.py;astropy/nddata/nddata_withmixins.py;astropy/nddata/nduncertainty.py;astropy/nddata/utils.py;astropy/wcs/setup_package.py;b/astropy/nddata/mixins/ndarithmetic.py;docs/nddata/examples/cutout2d_tofits.py;nastropy/nddata/__init__.py;nastropy/nddata/_testing.py;nastropy/nddata/bitmask.py;nastropy/nddata/blocks.py;nastropy/nddata/ccddata.py;nastropy/nddata/compat.py;nastropy/nddata/decorators.py;nastropy/nddata/flag_collection.py;nastropy/nddata/mixins/ndarithmetic.py;nastropy/nddata/mixins/ndio.py;nastropy/nddata/mixins/ndslicing.py;nastropy/nddata/nddata.py;nastropy/nddata/nddata_base.py;nastropy/nddata/nddata_withmixins.py;nastropy/nddata/nduncertainty.py;nastropy/nddata/utils.py;ndocs/nddata/examples/cutout2d_tofits.py;output/astropy__astropy-14995_preds.json,astropy/nddata/mixins/ndarithmetic.py,1,0.012345679012345678,True,True,,0,0.0,False,False,1,0,0,0,same_file_overlap,prior_trajectory_inspected_target_gold_file
astropy__astropy-4973,astropy/astropy,astropy__astropy-7746,astropy__astropy-4973,astropy/wcs/wcs.py,CHANGES.rst;astropy/wcs/wcs.py,1,2,astropy/wcs/wcs.py,1,0.5,True,True,./setup.py;./swebench_9_15/manual.yaml;./swebench_9_15/output/astropy__astropy-7746_preds.json;/Dropbox/Code/Astropy/astropy/astropy/wcs/wcs.py;/opt/anaconda3/lib/python3.8/importlib/__init__.py;/opt/anaconda3/lib/python3.8/site-packages/Cython/Compiler/Main.py;/opt/anaconda3/lib/python3.8/site-packages/setuptools_scm/_integration/setuptools.py;/opt/anaconda3/lib/python3.8/site.py;a/astropy/wcs/wcs.py;a/test_empty_arrays.py;a/test_logic.py;astropy.egg-info/SOURCES.txt;astropy.egg-info/dependency_links.txt;astropy.egg-info/entry_points.txt;astropy.egg-info/requires.txt;astropy.egg-info/top_level.txt;astropy/__init__.py;astropy/convolution/boundary_extend.py;astropy/convolution/boundary_fill.py;astropy/convolution/boundary_none.py;astropy/convolution/boundary_wrap.py;astropy/cosmology/scalar_inv_efuncs.py;astropy/io/ascii/cparser.py;astropy/stats/bls/_impl.py;astropy/stats/lombscargle/implementations/cython_impl.py;astropy/table/_column_mixins.py;astropy/table/_np_utils.py;astropy/utils/__init__.py;astropy/utils/misc/data/.hidden_file.txt;astropy/wcs/wcs.py;astropy_helpers/ez_setup.py;b/astropy/wcs/wcs.py;b/test_empty_arrays.py;b/test_logic.py;output/astropy__astropy-7746_preds.json,./swebench_9_15/manual.yaml;./swebench_9_15/output/astropy__astropy-7746_preds.json;_preds.json;astropy/wcs/wcs.py;manual.yaml;test_empty_arrays.py;test_logic.py;wcs.py,a/test_empty_arrays.py;a/test_logic.py;b/test_empty_arrays.py;b/test_logic.py,./setup.py;./swebench_9_15/manual.yaml;./swebench_9_15/output/astropy__astropy-7746_preds.json;/Dropbox/Code/Astropy/astropy/astropy/wcs/wcs.py;/opt/anaconda3/lib/python3.8/importlib/__init__.py;/opt/anaconda3/lib/python3.8/site-packages/Cython/Compiler/Main.py;/opt/anaconda3/lib/python3.8/site-packages/setuptools_scm/_integration/setuptools.py;/opt/anaconda3/lib/python3.8/site.py;a/astropy/wcs/wcs.py;astropy.egg-info/SOURCES.txt;astropy.egg-info/dependency_links.txt;astropy.egg-info/entry_points.txt;astropy.egg-info/requires.txt;astropy.egg-info/top_level.txt;astropy/__init__.py;astropy/convolution/boundary_extend.py;astropy/convolution/boundary_fill.py;astropy/convolution/boundary_none.py;astropy/convolution/boundary_wrap.py;astropy/cosmology/scalar_inv_efuncs.py;astropy/io/ascii/cparser.py;astropy/stats/bls/_impl.py;astropy/stats/lombscargle/implementations/cython_impl.py;astropy/table/_column_mixins.py;astropy/table/_np_utils.py;astropy/utils/__init__.py;astropy/utils/misc/data/.hidden_file.txt;astropy/wcs/wcs.py;astropy_helpers/ez_setup.py;b/astropy/wcs/wcs.py;output/astropy__astropy-7746_preds.json,astropy/wcs/wcs.py,1,0.027777777777777776,True,True,astropy/wcs/wcs.py,1,0.1111111111111111,True,True,0,0,0,0,same_file_overlap,prior_trajectory_edited_target_gold_file
django__django-11776,django/django,django__django-14608,django__django-11776,django/forms/formsets.py,AUTHORS;django/forms/forms.py;django/forms/utils.py;docs/releases/1.8.txt;docs/topics/forms/index.txt,1,5,,0,0.0,False,True,./swebench_9_15/manual.yaml;./swebench_9_15/output/django__django-14608_preds.json;./swebench_9_15/test_nonform_css.py;/Applications/ADFRsuite-1.0/lib/python2.7/pkgutil.py;/Applications/ADFRsuite-1.0/lib/python2.7/runpy.py;/django/forms/formsets.py;/formsets.py;/opt/anaconda3/lib/python3.8/site.py;a/django/forms/formsets.py;b/django/forms/formsets.py;django/__init__.py;django/forms/forms.py;django/forms/formsets.py;django/utils/functional.py;django/utils/regex_helper.py;django/utils/version.py;docs/releases/1.8.txt;docs/topics/forms/index.txt;ndjango/forms/forms.py;ndocs/releases/1.8.txt;ndocs/topics/forms/index.txt;ntests/admin_inlines/tests.py;ntests/admin_views/tests.py;ntests/aggregation/tests.py;ntests/forms_tests/tests/test_error_messages.py;ntests/forms_tests/tests/test_forms.py;ntests/forms_tests/tests/test_formsets.py;ntests/lookup/tests.py;ntests/test_client_regress/tests.py;output/django__django-14608_preds.json;tests/admin_inlines/tests.py;tests/admin_views/tests.py;tests/aggregation/tests.py;tests/forms_tests/tests/test_error_messages.py;tests/forms_tests/tests/test_forms.py;tests/forms_tests/tests/test_formsets.py;tests/lookup/tests.py;tests/runtests.py;tests/test_client_regress/tests.py,./swebench_9_15/manual.yaml;./swebench_9_15/output/django__django-14608_preds.json;_preds.json;django/forms/formsets.py,./swebench_9_15/test_nonform_css.py;ntests/forms_tests/tests/test_error_messages.py;ntests/forms_tests/tests/test_forms.py;ntests/forms_tests/tests/test_formsets.py;tests/admin_inlines/tests.py;tests/admin_views/tests.py;tests/aggregation/tests.py;tests/forms_tests/tests/test_error_messages.py;tests/forms_tests/tests/test_forms.py;tests/forms_tests/tests/test_formsets.py;tests/lookup/tests.py;tests/runtests.py;tests/test_client_regress/tests.py,./swebench_9_15/manual.yaml;./swebench_9_15/output/django__django-14608_preds.json;/Applications/ADFRsuite-1.0/lib/python2.7/pkgutil.py;/Applications/ADFRsuite-1.0/lib/python2.7/runpy.py;/django/forms/formsets.py;/formsets.py;/opt/anaconda3/lib/python3.8/site.py;a/django/forms/formsets.py;b/django/forms/formsets.py;django/__init__.py;django/forms/forms.py;django/forms/formsets.py;django/utils/functional.py;django/utils/regex_helper.py;django/utils/version.py;docs/releases/1.8.txt;docs/topics/forms/index.txt;ndjango/forms/forms.py;ndocs/releases/1.8.txt;ndocs/topics/forms/index.txt;ntests/admin_inlines/tests.py;ntests/admin_views/tests.py;ntests/aggregation/tests.py;ntests/lookup/tests.py;ntests/test_client_regress/tests.py;output/django__django-14608_preds.json;tests/admin_inlines/tests.py;tests/admin_views/tests.py;tests/aggregation/tests.py;tests/lookup/tests.py;tests/runtests.py;tests/test_client_regress/tests.py,django/forms/forms.py;docs/releases/1.8.txt;docs/topics/forms/index.txt,3,0.07317073170731707,True,True,,0,0.0,False,True,0,0,0,0,same_directory_only,prior_trajectory_inspected_target_gold_file
django__django-18166,django/django,django__django-16041,django__django-18166,django/forms/formsets.py,django/forms/formsets.py;docs/topics/forms/formsets.txt,1,2,django/forms/formsets.py,1,0.5,True,True,./swebench_9_15/manual.yaml;./swebench_9_15/output/django__django-16041_preds.json;//www.py;/django/forms/formsets.py;/formsets.py;/opt/anaconda3/lib/python3.8/site.py;a/django/forms/formsets.py;a/test_comprehensive.py;a/test_issue.py;b/django/forms/formsets.py;b/test_comprehensive.py;b/test_issue.py;django/forms/formsets.py;ndjango/conf/__init__.py;ndjango/forms/formsets.py;ndjango/forms/renderers.py;ntests/forms_tests/tests/test_formsets.py;output/django__django-16041_preds.json;tdjango/forms/formsets.py;tests/forms_tests/tests/test_formsets.py;tests/runtests.py,./swebench_9_15/manual.yaml;./swebench_9_15/output/django__django-16041_preds.json;_preds.json;django/forms/formsets.py;formsets.py;tdjango/forms/formsets.py;test_comprehensive.py;test_issue.py,a/test_comprehensive.py;a/test_issue.py;b/test_comprehensive.py;b/test_issue.py;ntests/forms_tests/tests/test_formsets.py;tests/forms_tests/tests/test_formsets.py;tests/runtests.py,./swebench_9_15/manual.yaml;./swebench_9_15/output/django__django-16041_preds.json;//www.py;/django/forms/formsets.py;/formsets.py;/opt/anaconda3/lib/python3.8/site.py;a/django/forms/formsets.py;b/django/forms/formsets.py;django/forms/formsets.py;ndjango/conf/__init__.py;ndjango/forms/formsets.py;ndjango/forms/renderers.py;output/django__django-16041_preds.json;tdjango/forms/formsets.py;tests/runtests.py,django/forms/formsets.py,1,0.045454545454545456,True,True,django/forms/formsets.py,1,0.1111111111111111,True,True,0,0,0,0,same_file_overlap,prior_trajectory_edited_target_gold_file
django__django-1891,django/django,django__django-13315,django__django-1891,django/forms/models.py,django/forms/models.py,1,1,django/forms/models.py,1,1.0,True,True,./swebench_9_15/manual.yaml;/opt/anaconda3/lib/python3.8/importlib/__init__.py;/opt/anaconda3/lib/python3.8/site-packages/tests/__init__.py;/opt/anaconda3/lib/python3.8/site-packages/torch/__init__.py;/opt/anaconda3/lib/python3.8/site-packages/torch/_guards.py;/opt/anaconda3/lib/python3.8/site-packages/torch/_prims/__init__.py;/opt/anaconda3/lib/python3.8/site-packages/torch/_refs/__init__.py;/opt/anaconda3/lib/python3.8/site-packages/torch/_subclasses/__init__.py;/opt/anaconda3/lib/python3.8/site-packages/torch/_subclasses/fake_tensor.py;/opt/anaconda3/lib/python3.8/site-packages/torch/backends/mps/__init__.py;/opt/anaconda3/lib/python3.8/site-packages/ultralytics/__init__.py;/opt/anaconda3/lib/python3.8/site-packages/ultralytics/data/__init__.py;/opt/anaconda3/lib/python3.8/site-packages/ultralytics/data/base.py;/opt/anaconda3/lib/python3.8/site.py;a/django/forms/models.py;a/test_issue.py;a/tests/model_forms/models.py;a/tests/model_forms/tests.py;b/django/forms/models.py;b/test_issue.py;b/tests/model_forms/models.py;b/tests/model_forms/tests.py;django/__init__.py;django/conf/__init__.py;django/contrib/admin/filters.py;django/contrib/admin/options.py;django/contrib/admin/widgets.py;django/contrib/contenttypes/fields.py;django/db/backends/base/schema.py;django/db/models/fields/__init__.py;django/db/models/fields/related.py;django/db/models/fields/reverse_related.py;django/db/models/options.py;django/db/models/query.py;django/forms/models.py;django/utils/version.py;docs/ref/checks.txt;docs/ref/contrib/admin/index.txt;docs/ref/models/fields.txt;docs/releases/1.11.3.txt;docs/releases/1.7.2.txt;docs/releases/1.7.txt;docs/releases/2.0.txt;docs/topics/migrations.txt;forms/models.py;ndjango/contrib/admin/filters.py;ndjango/contrib/admin/options.py;ndjango/contrib/admin/widgets.py;ndjango/contrib/contenttypes/fields.py;ndjango/db/backends/base/schema.py;ndjango/db/models/fields/__init__.py;ndjango/db/models/fields/related.py;ndjango/db/models/fields/reverse_related.py;ndjango/db/models/options.py;ndjango/db/models/query.py;ndjango/forms/models.py;ndocs/ref/checks.txt;ndocs/ref/contrib/admin/index.txt;ndocs/ref/models/fields.txt;ndocs/releases/1.11.3.txt;ndocs/releases/1.7.2.txt;ndocs/releases/1.7.txt;ndocs/releases/2.0.txt;ndocs/topics/migrations.txt;ntests/admin_views/models.py;ntests/admin_views/tests.py;ntests/admin_widgets/models.py;ntests/admin_widgets/tests.py;ntests/field_deconstruction/tests.py;ntests/invalid_models_tests/test_relative_fields.py;ntests/model_fields/tests.py;ntests/model_forms/models.py;ntests/model_forms/tests.py;ntests/or_lookups/tests.py;ntests/queryset_pickle/models.py;ntests/schema/fields.py;ntests/schema/tests.py;ntests/test_sqlite.py;ntests/urls.py;ntests/validation/models.py;ntests/validation/tests.py;output/django__django-13315_preds.json;tdjango/forms/models.py;tests/admin_views/models.py;tests/admin_views/tests.py;tests/admin_widgets/models.py;tests/admin_widgets/tests.py;tests/field_deconstruction/tests.py;tests/invalid_models_tests/test_relative_fields.py;tests/model_fields/tests.py;tests/model_forms/models.py;tests/model_forms/tests.py;tests/or_lookups/tests.py;tests/queryset_pickle/models.py;tests/runtests.py;tests/schema/fields.py;tests/schema/tests.py;tests/test1.txt;tests/test2.txt;tests/test3.txt;tests/validation/models.py;tests/validation/tests.py;ttests/model_forms/models.py;ttests/model_forms/tests.py,./swebench_9_15/manual.yaml;_preds.json;django/forms/models.py;manual.yaml;output/django__django-13315_preds.json;tdjango/forms/models.py;test_issue.py;tests/model_forms/models.py;tests/model_forms/tests.py;ttests/model_forms/models.py;ttests/model_forms/tests.py,/opt/anaconda3/lib/python3.8/site-packages/tests/__init__.py;a/test_issue.py;a/tests/model_forms/models.py;a/tests/model_forms/tests.py;b/test_issue.py;b/tests/model_forms/models.py;b/tests/model_forms/tests.py;ntests/invalid_models_tests/test_relative_fields.py;ntests/test_sqlite.py;tests/admin_views/models.py;tests/admin_views/tests.py;tests/admin_widgets/models.py;tests/admin_widgets/tests.py;tests/field_deconstruction/tests.py;tests/invalid_models_tests/test_relative_fields.py;tests/model_fields/tests.py;tests/model_forms/models.py;tests/model_forms/tests.py;tests/or_lookups/tests.py;tests/queryset_pickle/models.py;tests/runtests.py;tests/schema/fields.py;tests/schema/tests.py;tests/test1.txt;tests/test2.txt;tests/test3.txt;tests/validation/models.py;tests/validation/tests.py,./swebench_9_15/manual.yaml;/opt/anaconda3/lib/python3.8/importlib/__init__.py;/opt/anaconda3/lib/python3.8/site-packages/torch/__init__.py;/opt/anaconda3/lib/python3.8/site-packages/torch/_guards.py;/opt/anaconda3/lib/python3.8/site-packages/torch/_prims/__init__.py;/opt/anaconda3/lib/python3.8/site-packages/torch/_refs/__init__.py;/opt/anaconda3/lib/python3.8/site-packages/torch/_subclasses/__init__.py;/opt/anaconda3/lib/python3.8/site-packages/torch/_subclasses/fake_tensor.py;/opt/anaconda3/lib/python3.8/site-packages/torch/backends/mps/__init__.py;/opt/anaconda3/lib/python3.8/site-packages/ultralytics/__init__.py;/opt/anaconda3/lib/python3.8/site-packages/ultralytics/data/__init__.py;/opt/anaconda3/lib/python3.8/site-packages/ultralytics/data/base.py;/opt/anaconda3/lib/python3.8/site.py;a/django/forms/models.py;b/django/forms/models.py;django/__init__.py;django/conf/__init__.py;django/contrib/admin/filters.py;django/contrib/admin/options.py;django/contrib/admin/widgets.py;django/contrib/contenttypes/fields.py;django/db/backends/base/schema.py;django/db/models/fields/__init__.py;django/db/models/fields/related.py;django/db/models/fields/reverse_related.py;django/db/models/options.py;django/db/models/query.py;django/forms/models.py;django/utils/version.py;docs/ref/checks.txt;docs/ref/contrib/admin/index.txt;docs/ref/models/fields.txt;docs/releases/1.11.3.txt;docs/releases/1.7.2.txt;docs/releases/1.7.txt;docs/releases/2.0.txt;docs/topics/migrations.txt;forms/models.py;ndjango/contrib/admin/filters.py;ndjango/contrib/admin/options.py;ndjango/contrib/admin/widgets.py;ndjango/contrib/contenttypes/fields.py;ndjango/db/backends/base/schema.py;ndjango/db/models/fields/__init__.py;ndjango/db/models/fields/related.py;ndjango/db/models/fields/reverse_related.py;ndjango/db/models/options.py;ndjango/db/models/query.py;ndjango/forms/models.py;ndocs/ref/checks.txt;ndocs/ref/contrib/admin/index.txt;ndocs/ref/models/fields.txt;ndocs/releases/1.11.3.txt;ndocs/releases/1.7.2.txt;ndocs/releases/1.7.txt;ndocs/releases/2.0.txt;ndocs/topics/migrations.txt;ntests/admin_views/models.py;ntests/admin_views/tests.py;ntests/admin_widgets/models.py;ntests/admin_widgets/tests.py;ntests/field_deconstruction/tests.py;ntests/model_fields/tests.py;ntests/model_forms/models.py;ntests/model_forms/tests.py;ntests/or_lookups/tests.py;ntests/queryset_pickle/models.py;ntests/schema/fields.py;ntests/schema/tests.py;ntests/urls.py;ntests/validation/models.py;ntests/validation/tests.py;output/django__django-13315_preds.json;tdjango/forms/models.py;tests/admin_views/models.py;tests/admin_views/tests.py;tests/admin_widgets/models.py;tests/admin_widgets/tests.py;tests/field_deconstruction/tests.py;tests/model_fields/tests.py;tests/model_forms/models.py;tests/model_forms/tests.py;tests/or_lookups/tests.py;tests/queryset_pickle/models.py;tests/runtests.py;tests/schema/fields.py;tests/schema/tests.py;tests/test1.txt;tests/test2.txt;tests/test3.txt;tests/validation/models.py;tests/validation/tests.py;ttests/model_forms/models.py;ttests/model_forms/tests.py,django/forms/models.py,1,0.009615384615384616,True,True,django/forms/models.py,1,0.09090909090909091,True,True,1,0,0,0,same_file_overlap,prior_trajectory_edited_target_gold_file
django__django-20098,django/django,django__django-11630,django__django-20098,django/core/checks/model_checks.py,django/core/checks/model_checks.py;docs/ref/checks.txt,1,2,django/core/checks/model_checks.py,1,0.5,True,True,../test_db_table_collision.py;./swebench_9_15/manual.yaml;./swebench_9_15/output/django__django-11630_preds.json;/opt/anaconda3/lib/python3.8/importlib/__init__.py;/opt/anaconda3/lib/python3.8/site.py;a/django/core/checks/model_checks.py;a/docs/ref/checks.txt;a/docs/releases/2.2.5.txt;a/simple_test.py;a/test_db_table_collision.py;a/test_issue_fix.py;a/tests/check_framework/test_model_checks.py;b/django/core/checks/model_checks.py;b/docs/ref/checks.txt;b/docs/releases/2.2.5.txt;b/simple_test.py;b/test_db_table_collision.py;b/test_issue_fix.py;b/tests/check_framework/test_model_checks.py;django/conf/__init__.py;django/contrib/admin/checks.py;django/core/checks/model_checks.py;django/core/checks/registry.py;django/db/models/base.py;django/db/models/fields/__init__.py;django/db/utils.py;django/utils/functional.py;django/utils/module_loading.py;docs/ref/checks.txt;ndjango/contrib/admin/checks.py;ndjango/core/checks/model_checks.py;ndocs/ref/checks.txt;ntests/check_framework/test_model_checks.py;ntests/modeladmin/test_checks.py;output/django__django-11630_preds.json;tests/check_framework/test_model_checks.py;tests/modeladmin/test_checks.py;tests/runtests.py,./swebench_9_15/manual.yaml;./swebench_9_15/output/django__django-11630_preds.json;_preds.json;django/core/checks/model_checks.py;docs/ref/checks.txt;docs/releases/2.2.5.txt;simple_test.py;test_db_table_collision.py;test_issue_fix.py;tests/check_framework/test_model_checks.py,../test_db_table_collision.py;a/test_db_table_collision.py;a/test_issue_fix.py;a/tests/check_framework/test_model_checks.py;b/test_db_table_collision.py;b/test_issue_fix.py;b/tests/check_framework/test_model_checks.py;ntests/check_framework/test_model_checks.py;ntests/modeladmin/test_checks.py;tests/check_framework/test_model_checks.py;tests/modeladmin/test_checks.py;tests/runtests.py,./swebench_9_15/manual.yaml;./swebench_9_15/output/django__django-11630_preds.json;/opt/anaconda3/lib/python3.8/importlib/__init__.py;/opt/anaconda3/lib/python3.8/site.py;a/django/core/checks/model_checks.py;a/docs/ref/checks.txt;a/docs/releases/2.2.5.txt;a/simple_test.py;b/django/core/checks/model_checks.py;b/docs/ref/checks.txt;b/docs/releases/2.2.5.txt;b/simple_test.py;django/conf/__init__.py;django/contrib/admin/checks.py;django/core/checks/model_checks.py;django/core/checks/registry.py;django/db/models/base.py;django/db/models/fields/__init__.py;django/db/utils.py;django/utils/functional.py;django/utils/module_loading.py;docs/ref/checks.txt;ndjango/contrib/admin/checks.py;ndjango/core/checks/model_checks.py;ndocs/ref/checks.txt;output/django__django-11630_preds.json;tests/runtests.py,django/core/checks/model_checks.py;docs/ref/checks.txt,2,0.05263157894736842,True,True,django/core/checks/model_checks.py;docs/ref/checks.txt,2,0.2,True,True,1,0,1,0,same_file_overlap,prior_trajectory_edited_target_gold_file
django__django-21204,django/django,django__django-16910,django__django-21204,django/db/models/sql/query.py,django/db/models/query_utils.py;django/db/models/sql/compiler.py;django/db/models/sql/query.py,1,3,django/db/models/sql/query.py,1,0.3333333333333333,True,True,./manual.yaml;./swebench_9_15/manual.yaml;./swebench_9_15/output/django__django-16910_preds.json;./swebench_9_15/test_issue.py;//www.py;/opt/anaconda3/lib/python3.8/site.py;a/django/db/models/sql/query.py;a/docs/releases/4.2.2.txt;a/tests/defer_regress/tests.py;a/tests/select_related_onetoone/tests.py;b/django/db/models/sql/query.py;b/docs/releases/4.2.2.txt;b/tests/defer_regress/tests.py;b/tests/select_related_onetoone/tests.py;django/__init__.py;django/apps/__init__.py;django/apps/registry.py;django/db/models/query.py;django/db/models/sql/query.py;docs/howto/upgrade-version.txt;docs/internals/howto-release-django.txt;docs/releases/4.2.2.txt;docs/releases/6.0.txt;docs/topics/auth/passwords.txt;docs/topics/cache.txt;ndjango/db/models/query.py;ndjango/db/models/sql/query.py;output/django__django-16910_preds.json;tests/defer_regress/tests.py;tests/select_related_onetoone/tests.py,./swebench_9_15/manual.yaml;./swebench_9_15/output/django__django-16910_preds.json;_preds.json;django/dmodels/sql/query.py;docs/releases/4.2.2.txt;query.py;tests/defer_regress/tests.py;tests/select_related_onetoone/tests.py,./swebench_9_15/test_issue.py;a/tests/defer_regress/tests.py;a/tests/select_related_onetoone/tests.py;b/tests/defer_regress/tests.py;b/tests/select_related_onetoone/tests.py;tests/defer_regress/tests.py;tests/select_related_onetoone/tests.py,./manual.yaml;./swebench_9_15/manual.yaml;./swebench_9_15/output/django__django-16910_preds.json;//www.py;/opt/anaconda3/lib/python3.8/site.py;a/django/db/models/sql/query.py;a/docs/releases/4.2.2.txt;b/django/db/models/sql/query.py;b/docs/releases/4.2.2.txt;django/__init__.py;django/apps/__init__.py;django/apps/registry.py;django/db/models/query.py;django/db/models/sql/query.py;docs/howto/upgrade-version.txt;docs/internals/howto-release-django.txt;docs/releases/4.2.2.txt;docs/releases/6.0.txt;docs/topics/auth/passwords.txt;docs/topics/cache.txt;ndjango/db/models/query.py;ndjango/db/models/sql/query.py;output/django__django-16910_preds.json;tests/defer_regress/tests.py;tests/select_related_onetoone/tests.py,django/db/models/sql/query.py,1,0.03125,True,True,,0,0.0,False,False,0,0,0,0,same_file_overlap,prior_trajectory_inspected_target_gold_file
django__django-21501,django/django,django__django-16041,django__django-21501,django/forms/formsets.py,django/forms/formsets.py;docs/topics/forms/formsets.txt,1,2,django/forms/formsets.py,1,0.5,True,True,./swebench_9_15/manual.yaml;./swebench_9_15/output/django__django-16041_preds.json;//www.py;/django/forms/formsets.py;/formsets.py;/opt/anaconda3/lib/python3.8/site.py;a/django/forms/formsets.py;a/test_comprehensive.py;a/test_issue.py;b/django/forms/formsets.py;b/test_comprehensive.py;b/test_issue.py;django/forms/formsets.py;ndjango/conf/__init__.py;ndjango/forms/formsets.py;ndjango/forms/renderers.py;ntests/forms_tests/tests/test_formsets.py;output/django__django-16041_preds.json;tdjango/forms/formsets.py;tests/forms_tests/tests/test_formsets.py;tests/runtests.py,./swebench_9_15/manual.yaml;./swebench_9_15/output/django__django-16041_preds.json;_preds.json;django/forms/formsets.py;formsets.py;tdjango/forms/formsets.py;test_comprehensive.py;test_issue.py,a/test_comprehensive.py;a/test_issue.py;b/test_comprehensive.py;b/test_issue.py;ntests/forms_tests/tests/test_formsets.py;tests/forms_tests/tests/test_formsets.py;tests/runtests.py,./swebench_9_15/manual.yaml;./swebench_9_15/output/django__django-16041_preds.json;//www.py;/django/forms/formsets.py;/formsets.py;/opt/anaconda3/lib/python3.8/site.py;a/django/forms/formsets.py;b/django/forms/formsets.py;django/forms/formsets.py;ndjango/conf/__init__.py;ndjango/forms/formsets.py;ndjango/forms/renderers.py;output/django__django-16041_preds.json;tdjango/forms/formsets.py;tests/runtests.py,django/forms/formsets.py,1,0.045454545454545456,True,True,django/forms/formsets.py,1,0.1111111111111111,True,True,0,0,0,0,same_file_overlap,prior_trajectory_edited_target_gold_file
django__django-25916,django/django,django__django-16255,django__django-25916,django/contrib/sitemaps/__init__.py,django/contrib/sitemaps/__init__.py;django/contrib/sitemaps/templates/sitemap_index.xml;django/contrib/sitemaps/views.py;docs/internals/deprecation.txt;docs/ref/contrib/sitemaps.txt;docs/releases/4.1.txt,1,6,django/contrib/sitemaps/__init__.py,1,0.16666666666666666,True,True,./swebench_9_15/manual.yaml;./swebench_9_15/output/SUMMARY.md;./swebench_9_15/output/django__django-16255_preds.json;//www.py;/django/contrib/sitemaps/__init__.py;/opt/anaconda3/lib/python3.8/site.py;/sitemaps/__init__.py;/usr/local/lib/python3.10/site-packages/django/contrib/sitemaps/__init__.py;/usr/local/lib/python3.10/site-packages/django/contrib/sitemaps/views.py;/usr/local/lib/python3.10/site-packages/django/core/handlers/base.py;/usr/local/lib/python3.10/site-packages/django/core/handlers/exception.py;/usr/local/lib/python3.10/site-packages/django/utils/decorators.py;a/django/contrib/sitemaps/__init__.py;a/test_issue.py;b/django/contrib/sitemaps/__init__.py;b/test_issue.py;django/__init__.py;django/contrib/sitemaps/__init__.py;django/utils/functional.py;django/utils/regex_helper.py;django/utils/version.py;ndjango/contrib/gis/sitemaps/__init__.py;ntests/sitemaps_tests/__init__.py;ntests/sitemaps_tests/models.py;ntests/sitemaps_tests/test_generic.py;ntests/sitemaps_tests/test_http.py;ntests/sitemaps_tests/test_management.py;ntests/sitemaps_tests/urls/empty.py;ntests/sitemaps_tests/urls/https.py;ntests/sitemaps_tests/urls/index_only.py;ntests/sitemaps_tests/urls/sitemap_only.py;output/SUMMARY.md;output/django__django-16255_preds.json;sitemaps/__init__.py;tests/runtests.py;tests/sitemaps_tests/test_http.py;tests/sitemaps_tests/test_utils.py,./swebench_9_15/manual.yaml;./swebench_9_15/output/django__django-16255_preds.json;/opt/anaconda3/lipython3.8/site.py;_preds.json;django/contrisitemaps/__init__.py;test_issue.py,a/test_issue.py;b/test_issue.py;ntests/sitemaps_tests/test_generic.py;ntests/sitemaps_tests/test_http.py;ntests/sitemaps_tests/test_management.py;tests/runtests.py;tests/sitemaps_tests/test_http.py;tests/sitemaps_tests/test_utils.py,./swebench_9_15/manual.yaml;./swebench_9_15/output/SUMMARY.md;./swebench_9_15/output/django__django-16255_preds.json;//www.py;/django/contrib/sitemaps/__init__.py;/opt/anaconda3/lib/python3.8/site.py;/sitemaps/__init__.py;/usr/local/lib/python3.10/site-packages/django/contrib/sitemaps/__init__.py;/usr/local/lib/python3.10/site-packages/django/contrib/sitemaps/views.py;/usr/local/lib/python3.10/site-packages/django/core/handlers/base.py;/usr/local/lib/python3.10/site-packages/django/core/handlers/exception.py;/usr/local/lib/python3.10/site-packages/django/utils/decorators.py;a/django/contrib/sitemaps/__init__.py;b/django/contrib/sitemaps/__init__.py;django/__init__.py;django/contrib/sitemaps/__init__.py;django/utils/functional.py;django/utils/regex_helper.py;django/utils/version.py;ndjango/contrib/gis/sitemaps/__init__.py;ntests/sitemaps_tests/__init__.py;ntests/sitemaps_tests/models.py;ntests/sitemaps_tests/urls/empty.py;ntests/sitemaps_tests/urls/https.py;ntests/sitemaps_tests/urls/index_only.py;ntests/sitemaps_tests/urls/sitemap_only.py;output/SUMMARY.md;output/django__django-16255_preds.json;sitemaps/__init__.py;tests/runtests.py,django/contrib/sitemaps/__init__.py,1,0.023809523809523808,True,True,,0,0.0,False,False,0,0,0,0,same_file_overlap,prior_trajectory_inspected_target_gold_file
django__django-26486,django/django,django__django-16910,django__django-26486,django/db/models/sql/query.py,django/db/models/query_utils.py,1,1,,0,0.0,False,False,./manual.yaml;./swebench_9_15/manual.yaml;./swebench_9_15/output/django__django-16910_preds.json;./swebench_9_15/test_issue.py;//www.py;/opt/anaconda3/lib/python3.8/site.py;a/django/db/models/sql/query.py;a/docs/releases/4.2.2.txt;a/tests/defer_regress/tests.py;a/tests/select_related_onetoone/tests.py;b/django/db/models/sql/query.py;b/docs/releases/4.2.2.txt;b/tests/defer_regress/tests.py;b/tests/select_related_onetoone/tests.py;django/__init__.py;django/apps/__init__.py;django/apps/registry.py;django/db/models/query.py;django/db/models/sql/query.py;docs/howto/upgrade-version.txt;docs/internals/howto-release-django.txt;docs/releases/4.2.2.txt;docs/releases/6.0.txt;docs/topics/auth/passwords.txt;docs/topics/cache.txt;ndjango/db/models/query.py;ndjango/db/models/sql/query.py;output/django__django-16910_preds.json;tests/defer_regress/tests.py;tests/select_related_onetoone/tests.py,./swebench_9_15/manual.yaml;./swebench_9_15/output/django__django-16910_preds.json;_preds.json;django/dmodels/sql/query.py;docs/releases/4.2.2.txt;query.py;tests/defer_regress/tests.py;tests/select_related_onetoone/tests.py,./swebench_9_15/test_issue.py;a/tests/defer_regress/tests.py;a/tests/select_related_onetoone/tests.py;b/tests/defer_regress/tests.py;b/tests/select_related_onetoone/tests.py;tests/defer_regress/tests.py;tests/select_related_onetoone/tests.py,./manual.yaml;./swebench_9_15/manual.yaml;./swebench_9_15/output/django__django-16910_preds.json;//www.py;/opt/anaconda3/lib/python3.8/site.py;a/django/db/models/sql/query.py;a/docs/releases/4.2.2.txt;b/django/db/models/sql/query.py;b/docs/releases/4.2.2.txt;django/__init__.py;django/apps/__init__.py;django/apps/registry.py;django/db/models/query.py;django/db/models/sql/query.py;docs/howto/upgrade-version.txt;docs/internals/howto-release-django.txt;docs/releases/4.2.2.txt;docs/releases/6.0.txt;docs/topics/auth/passwords.txt;docs/topics/cache.txt;ndjango/db/models/query.py;ndjango/db/models/sql/query.py;output/django__django-16910_preds.json;tests/defer_regress/tests.py;tests/select_related_onetoone/tests.py,,0,0.0,False,True,,0,0.0,False,False,0,0,0,0,no_gold_file_overlap,prior_trajectory_same_directory_as_target_gold
django__django-27910,django/django,django__django-11742,django__django-27910,django/db/models/fields/__init__.py,django/db/migrations/serializer.py;django/db/models/__init__.py;django/db/models/enums.py;docs/ref/models/fields.txt;docs/releases/3.0.txt;docs/spelling_wordlist;docs/topics/db/models.txt,1,7,,0,0.0,False,False,./swebench_9_15/manual.yaml;./swebench_9_15/output/django__django-11742_preds.json;//www.py;/django/db/models/fields/__init__.py;/opt/anaconda3/lib/python3.8/site.py;a/django/db/models/fields/__init__.py;a/test_issue.py;b/django/db/models/fields/__init__.py;b/test_issue.py;django/__init__.py;django/db/models/base.py;django/db/models/fields/__init__.py;django/db/models/fields/files.py;django/db/models/fields/related.py;django/db/models/fields/related_descriptors.py;django/utils/version.py;ndjango/db/models/fields/__init__.py;ndjango/db/models/fields/files.py;ndjango/db/models/fields/mixins.py;ndjango/db/models/fields/proxy.py;ndjango/db/models/fields/related.py;ndjango/db/models/fields/related_lookups.py;ndjango/db/models/fields/reverse_related.py;output/django__django-11742_preds.json;tests/invalid_models_tests/test_ordinary_fields.py;tests/runtests.py,./swebench_9_15/manual.yaml;./swebench_9_15/output/django__django-11742_preds.json;_preds.json;django/dmodels/fields/__init__.py;test_issue.py,a/test_issue.py;b/test_issue.py;tests/invalid_models_tests/test_ordinary_fields.py;tests/runtests.py,./swebench_9_15/manual.yaml;./swebench_9_15/output/django__django-11742_preds.json;//www.py;/django/db/models/fields/__init__.py;/opt/anaconda3/lib/python3.8/site.py;a/django/db/models/fields/__init__.py;b/django/db/models/fields/__init__.py;django/__init__.py;django/db/models/base.py;django/db/models/fields/__init__.py;django/db/models/fields/files.py;django/db/models/fields/related.py;django/db/models/fields/related_descriptors.py;django/utils/version.py;ndjango/db/models/fields/__init__.py;ndjango/db/models/fields/files.py;ndjango/db/models/fields/mixins.py;ndjango/db/models/fields/proxy.py;ndjango/db/models/fields/related.py;ndjango/db/models/fields/related_lookups.py;ndjango/db/models/fields/reverse_related.py;output/django__django-11742_preds.json;tests/runtests.py,,0,0.0,False,True,,0,0.0,False,False,0,0,0,0,no_gold_file_overlap,prior_trajectory_same_directory_as_target_gold
django__django-27995,django/django,django__django-12908,django__django-27995,django/db/models/query.py,django/db/models/query.py,1,1,django/db/models/query.py,1,1.0,True,True,./swebench_9_15/manual.yaml;./swebench_9_15/output/django__django-12908_preds.json;/opt/anaconda3/lib/python3.8/importlib/__init__.py;/opt/anaconda3/lib/python3.8/site-packages/tests/__init__.py;/opt/anaconda3/lib/python3.8/site-packages/torch/__init__.py;/opt/anaconda3/lib/python3.8/site-packages/torch/_guards.py;/opt/anaconda3/lib/python3.8/site-packages/torch/_prims/__init__.py;/opt/anaconda3/lib/python3.8/site-packages/torch/_refs/__init__.py;/opt/anaconda3/lib/python3.8/site-packages/torch/_subclasses/__init__.py;/opt/anaconda3/lib/python3.8/site-packages/torch/_subclasses/fake_tensor.py;/opt/anaconda3/lib/python3.8/site-packages/torch/backends/mps/__init__.py;/opt/anaconda3/lib/python3.8/site-packages/ultralytics/__init__.py;/opt/anaconda3/lib/python3.8/site-packages/ultralytics/data/__init__.py;/opt/anaconda3/lib/python3.8/site-packages/ultralytics/data/base.py;/opt/anaconda3/lib/python3.8/site.py;a/django/db/models/query.py;a/test_distinct_union.py;a/tests/queries/test_qs_combinators.py;a/verify_fix.py;b/django/db/models/query.py;b/test_distinct_union.py;b/tests/queries/test_qs_combinators.py;b/verify_fix.py;django/__init__.py;django/conf/__init__.py;django/db/models/query.py;ndjango/apps/registry.py;ndjango/conf/__init__.py;ndjango/db/models/base.py;ndjango/db/models/query_utils.py;ndjango/db/models/sql/query.py;ntests/gis_tests/gdal_tests/test_geom.py;ntests/gis_tests/geo3d/tests.py;ntests/gis_tests/geoapp/test_functions.py;ntests/gis_tests/geoapp/tests.py;ntests/gis_tests/geos_tests/test_geos.py;ntests/gis_tests/relatedapp/tests.py;ntests/queries/models.py;ntests/queries/test_qs_combinators.py;output/django__django-12908_preds.json;tests/filtered_relation/tests.py;tests/queries/test_qs_combinators.py;tests/runtests.py,./swebench_9_15/manual.yaml;./swebench_9_15/output/django__django-12908_preds.json;/opt/anaconda3/lipython3.8/site.py;_preds.json;django/dmodels/query.py;test_distinct_union.py;tests/queries/test_qs_combinators.py;verify_fix.py,/opt/anaconda3/lib/python3.8/site-packages/tests/__init__.py;a/test_distinct_union.py;a/tests/queries/test_qs_combinators.py;b/test_distinct_union.py;b/tests/queries/test_qs_combinators.py;ntests/gis_tests/gdal_tests/test_geom.py;ntests/gis_tests/geoapp/test_functions.py;ntests/gis_tests/geos_tests/test_geos.py;ntests/queries/test_qs_combinators.py;tests/filtered_relation/tests.py;tests/queries/test_qs_combinators.py;tests/runtests.py,./swebench_9_15/manual.yaml;./swebench_9_15/output/django__django-12908_preds.json;/opt/anaconda3/lib/python3.8/importlib/__init__.py;/opt/anaconda3/lib/python3.8/site-packages/torch/__init__.py;/opt/anaconda3/lib/python3.8/site-packages/torch/_guards.py;/opt/anaconda3/lib/python3.8/site-packages/torch/_prims/__init__.py;/opt/anaconda3/lib/python3.8/site-packages/torch/_refs/__init__.py;/opt/anaconda3/lib/python3.8/site-packages/torch/_subclasses/__init__.py;/opt/anaconda3/lib/python3.8/site-packages/torch/_subclasses/fake_tensor.py;/opt/anaconda3/lib/python3.8/site-packages/torch/backends/mps/__init__.py;/opt/anaconda3/lib/python3.8/site-packages/ultralytics/__init__.py;/opt/anaconda3/lib/python3.8/site-packages/ultralytics/data/__init__.py;/opt/anaconda3/lib/python3.8/site-packages/ultralytics/data/base.py;/opt/anaconda3/lib/python3.8/site.py;a/django/db/models/query.py;a/verify_fix.py;b/django/db/models/query.py;b/verify_fix.py;django/__init__.py;django/conf/__init__.py;django/db/models/query.py;ndjango/apps/registry.py;ndjango/conf/__init__.py;ndjango/db/models/base.py;ndjango/db/models/query_utils.py;ndjango/db/models/sql/query.py;ntests/gis_tests/geo3d/tests.py;ntests/gis_tests/geoapp/tests.py;ntests/gis_tests/relatedapp/tests.py;ntests/queries/models.py;output/django__django-12908_preds.json;tests/filtered_relation/tests.py;tests/runtests.py,django/db/models/query.py,1,0.023255813953488372,True,True,,0,0.0,False,False,0,0,0,0,same_file_overlap,prior_trajectory_inspected_target_gold_file
django__django-28211,django/django,django__django-14016,django__django-28211,django/db/models/query_utils.py,django/db/models/query_utils.py,1,1,django/db/models/query_utils.py,1,1.0,True,True,./swebench_9_15/manual.yaml;./swebench_9_15/output/django__django-14016_preds.json;/opt/anaconda3/lib/python3.8/site.py;a/django/utils/tree.py;a/test_dict_keys_fix.py;a/test_issue.py;b/django/utils/tree.py;b/test_dict_keys_fix.py;b/test_issue.py;django/__init__.py;django/db/models//__pycache__/query.cpython-38.py;django/db/models//sql/__pycache__/query.cpython-38.py;django/db/models/query_utils.py;django/utils/tree.py;django/utils/version.py;ndjango/conf/__init__.py;ndjango/db/models/query.py;ndjango/db/models/query_utils.py;ndjango/db/models/sql/query.py;ndjango/db/utils.py;ndjango/test/testcases.py;ndjango/utils/connection.py;ndjango/utils/functional.py;ntests/queries/test_q.py;output/django__django-14016_preds.json;tests/queries/test_q.py;tests/runtests.py,./swebench_9_15/manual.yaml;./swebench_9_15/output/django__django-14016_preds.json;/opt/anaconda3/lipython3.8/site.py;_preds.json;django/utils/tree.py;test_dict_keys_fix.py;test_issue.py,a/test_dict_keys_fix.py;a/test_issue.py;b/test_dict_keys_fix.py;b/test_issue.py;ntests/queries/test_q.py;tests/queries/test_q.py;tests/runtests.py,./swebench_9_15/manual.yaml;./swebench_9_15/output/django__django-14016_preds.json;/opt/anaconda3/lib/python3.8/site.py;a/django/utils/tree.py;b/django/utils/tree.py;django/__init__.py;django/db/models//__pycache__/query.cpython-38.py;django/db/models//sql/__pycache__/query.cpython-38.py;django/db/models/query_utils.py;django/utils/tree.py;django/utils/version.py;ndjango/conf/__init__.py;ndjango/db/models/query.py;ndjango/db/models/query_utils.py;ndjango/db/models/sql/query.py;ndjango/db/utils.py;ndjango/test/testcases.py;ndjango/utils/connection.py;ndjango/utils/functional.py;output/django__django-14016_preds.json;tests/runtests.py,django/db/models/query_utils.py,1,0.037037037037037035,True,True,,0,0.0,False,False,0,1,1,0,same_file_overlap,prior_trajectory_inspected_target_gold_file
django__django-28862,django/django,django__django-12708,django__django-28862,django/db/backends/base/schema.py,django/db/migrations/operations/models.py,1,1,,0,0.0,False,False,./swebench_9_15/manual.yaml;./swebench_9_15/output/django__django-12708_preds.json;/opt/anaconda3/lib/python3.8/site.py;a/django/db/backends/base/schema.py;a/test_issue.py;a/test_migration_scenario.py;a/test_reverse_scenario.py;b/django/db/backends/base/schema.py;b/test_issue.py;b/test_migration_scenario.py;b/test_reverse_scenario.py;django/db/backends/base/schema.py;output/django__django-12708_preds.json;tests/runtests.py,./swebench_9_15/manual.yaml;./swebench_9_15/output/django__django-12708_preds.json;_preds.json;django/dbackends/base/schema.py;test_issue.py;test_migration_scenario.py;test_reverse_scenario.py,a/test_issue.py;a/test_migration_scenario.py;a/test_reverse_scenario.py;b/test_issue.py;b/test_migration_scenario.py;b/test_reverse_scenario.py;tests/runtests.py,./swebench_9_15/manual.yaml;./swebench_9_15/output/django__django-12708_preds.json;/opt/anaconda3/lib/python3.8/site.py;a/django/db/backends/base/schema.py;b/django/db/backends/base/schema.py;django/db/backends/base/schema.py;output/django__django-12708_preds.json;tests/runtests.py,,0,0.0,False,False,,0,0.0,False,False,0,0,0,0,no_gold_file_overlap,prior_trajectory_never_touched_target_gold_area
django__django-28916,django/django,django__django-12708,django__django-28916,django/db/backends/base/schema.py,django/db/migrations/operations/models.py,1,1,,0,0.0,False,False,./swebench_9_15/manual.yaml;./swebench_9_15/output/django__django-12708_preds.json;/opt/anaconda3/lib/python3.8/site.py;a/django/db/backends/base/schema.py;a/test_issue.py;a/test_migration_scenario.py;a/test_reverse_scenario.py;b/django/db/backends/base/schema.py;b/test_issue.py;b/test_migration_scenario.py;b/test_reverse_scenario.py;django/db/backends/base/schema.py;output/django__django-12708_preds.json;tests/runtests.py,./swebench_9_15/manual.yaml;./swebench_9_15/output/django__django-12708_preds.json;_preds.json;django/dbackends/base/schema.py;test_issue.py;test_migration_scenario.py;test_reverse_scenario.py,a/test_issue.py;a/test_migration_scenario.py;a/test_reverse_scenario.py;b/test_issue.py;b/test_migration_scenario.py;b/test_reverse_scenario.py;tests/runtests.py,./swebench_9_15/manual.yaml;./swebench_9_15/output/django__django-12708_preds.json;/opt/anaconda3/lib/python3.8/site.py;a/django/db/backends/base/schema.py;b/django/db/backends/base/schema.py;django/db/backends/base/schema.py;output/django__django-12708_preds.json;tests/runtests.py,,0,0.0,False,False,,0,0.0,False,False,0,0,0,0,no_gold_file_overlap,prior_trajectory_never_touched_target_gold_area
django__django-29123,django/django,django__django-12708,django__django-29123,django/db/backends/base/schema.py,django/db/migrations/operations/models.py,1,1,,0,0.0,False,False,./swebench_9_15/manual.yaml;./swebench_9_15/output/django__django-12708_preds.json;/opt/anaconda3/lib/python3.8/site.py;a/django/db/backends/base/schema.py;a/test_issue.py;a/test_migration_scenario.py;a/test_reverse_scenario.py;b/django/db/backends/base/schema.py;b/test_issue.py;b/test_migration_scenario.py;b/test_reverse_scenario.py;django/db/backends/base/schema.py;output/django__django-12708_preds.json;tests/runtests.py,./swebench_9_15/manual.yaml;./swebench_9_15/output/django__django-12708_preds.json;_preds.json;django/dbackends/base/schema.py;test_issue.py;test_migration_scenario.py;test_reverse_scenario.py,a/test_issue.py;a/test_migration_scenario.py;a/test_reverse_scenario.py;b/test_issue.py;b/test_migration_scenario.py;b/test_reverse_scenario.py;tests/runtests.py,./swebench_9_15/manual.yaml;./swebench_9_15/output/django__django-12708_preds.json;/opt/anaconda3/lib/python3.8/site.py;a/django/db/backends/base/schema.py;b/django/db/backends/base/schema.py;django/db/backends/base/schema.py;output/django__django-12708_preds.json;tests/runtests.py,,0,0.0,False,False,,0,0.0,False,False,0,0,0,0,no_gold_file_overlap,prior_trajectory_never_touched_target_gold_area
django__django-29124,django/django,django__django-12708,django__django-29124,django/db/backends/base/schema.py,django/db/migrations/operations/models.py,1,1,,0,0.0,False,False,./swebench_9_15/manual.yaml;./swebench_9_15/output/django__django-12708_preds.json;/opt/anaconda3/lib/python3.8/site.py;a/django/db/backends/base/schema.py;a/test_issue.py;a/test_migration_scenario.py;a/test_reverse_scenario.py;b/django/db/backends/base/schema.py;b/test_issue.py;b/test_migration_scenario.py;b/test_reverse_scenario.py;django/db/backends/base/schema.py;output/django__django-12708_preds.json;tests/runtests.py,./swebench_9_15/manual.yaml;./swebench_9_15/output/django__django-12708_preds.json;_preds.json;django/dbackends/base/schema.py;test_issue.py;test_migration_scenario.py;test_reverse_scenario.py,a/test_issue.py;a/test_migration_scenario.py;a/test_reverse_scenario.py;b/test_issue.py;b/test_migration_scenario.py;b/test_reverse_scenario.py;tests/runtests.py,./swebench_9_15/manual.yaml;./swebench_9_15/output/django__django-12708_preds.json;/opt/anaconda3/lib/python3.8/site.py;a/django/db/backends/base/schema.py;b/django/db/backends/base/schema.py;django/db/backends/base/schema.py;output/django__django-12708_preds.json;tests/runtests.py,,0,0.0,False,False,,0,0.0,False,False,0,0,0,0,no_gold_file_overlap,prior_trajectory_never_touched_target_gold_area
django__django-29838,django/django,django__django-13220,django__django-29838,django/core/exceptions.py,django/db/models/expressions.py;django/utils/hashable.py;django/utils/tree.py;docs/releases/2.1.3.txt,1,4,,0,0.0,False,False,./swebench_9_15/manual.yaml;./swebench_9_15/output/django__django-13220_preds.json;/django/core/exceptions.py;/opt/anaconda3/lib/python3.8/site.py;a/django/core/exceptions.py;a/test_issue.py;a/tests/test_exceptions/test_validation_error.py;b/django/core/exceptions.py;b/test_issue.py;b/tests/test_exceptions/test_validation_error.py;django/core/exceptions.py;ndjango/apps/registry.py;ndjango/conf/__init__.py;ndjango/core/exceptions.py;ndjango/db/models/base.py;ntests/auth_tests/test_forms.py;ntests/db_functions/window/test_validation.py;ntests/handlers/test_exception.py;ntests/middleware_exceptions/__init__.py;ntests/middleware_exceptions/middleware.py;ntests/middleware_exceptions/tests.py;ntests/middleware_exceptions/urls.py;ntests/middleware_exceptions/views.py;ntests/model_forms/models.py;ntests/model_forms/test_uuid.py;ntests/model_forms/tests.py;ntests/template_tests/syntax_tests/test_exceptions.py;ntests/test_exceptions/__init__.py;ntests/test_exceptions/test_validation_error.py;ntests/validation/__init__.py;ntests/validation/models.py;ntests/validation/test_custom_messages.py;ntests/validation/test_error_messages.py;ntests/validation/test_picklable.py;ntests/validation/test_unique.py;ntests/validation/test_validators.py;ntests/validation/tests.py;output/django__django-13220_preds.json;tests/migrations/test_exceptions.py;tests/model_forms/test_modelchoicefield.py;tests/runtests.py;tests/test_exceptions/test_validation_error.py;tests/validation/test_custom_messages.py;tests/validation/test_unique.py;tests/validation/test_validators.py,./swebench_9_15/manual.yaml;./swebench_9_15/output/django__django-13220_preds.json;_preds.json;django/core/exceptions.py;test_issue.py;tests/test_exceptions/test_validation_error.py,a/test_issue.py;a/tests/test_exceptions/test_validation_error.py;b/test_issue.py;b/tests/test_exceptions/test_validation_error.py;ntests/auth_tests/test_forms.py;ntests/db_functions/window/test_validation.py;ntests/handlers/test_exception.py;ntests/model_forms/test_uuid.py;ntests/template_tests/syntax_tests/test_exceptions.py;ntests/test_exceptions/test_validation_error.py;ntests/validation/test_custom_messages.py;ntests/validation/test_error_messages.py;ntests/validation/test_picklable.py;ntests/validation/test_unique.py;ntests/validation/test_validators.py;tests/migrations/test_exceptions.py;tests/model_forms/test_modelchoicefield.py;tests/runtests.py;tests/test_exceptions/test_validation_error.py;tests/validation/test_custom_messages.py;tests/validation/test_unique.py;tests/validation/test_validators.py,./swebench_9_15/manual.yaml;./swebench_9_15/output/django__django-13220_preds.json;/django/core/exceptions.py;/opt/anaconda3/lib/python3.8/site.py;a/django/core/exceptions.py;b/django/core/exceptions.py;django/core/exceptions.py;ndjango/apps/registry.py;ndjango/conf/__init__.py;ndjango/core/exceptions.py;ndjango/db/models/base.py;ntests/middleware_exceptions/__init__.py;ntests/middleware_exceptions/middleware.py;ntests/middleware_exceptions/tests.py;ntests/middleware_exceptions/urls.py;ntests/middleware_exceptions/views.py;ntests/model_forms/models.py;ntests/model_forms/tests.py;ntests/test_exceptions/__init__.py;ntests/validation/__init__.py;ntests/validation/models.py;ntests/validation/tests.py;output/django__django-13220_preds.json;tests/runtests.py,,0,0.0,False,False,,0,0.0,False,False,0,0,0,0,no_gold_file_overlap,prior_trajectory_never_touched_target_gold_area
django__django-30153,django/django,django__django-11019,django__django-30153,django/forms/widgets.py,django/forms/widgets.py,1,1,django/forms/widgets.py,1,1.0,True,True,../test_issue.py;./swebench_9_15/analyze_merge.py;./swebench_9_15/create_patch_json.py;./swebench_9_15/manual.yaml;./swebench_9_15/test_combine.py;./swebench_9_15/test_issue.py;/opt/anaconda3/lib/python3.8/site.py;a/django/forms/widgets.py;b/django/forms/widgets.py;django/apps/registry.py;django/conf/__init__.py;django/forms/forms.py;django/forms/widgets.py;django/utils/translation/__init__.py;django/utils/translation/trans_real.py;n/projects/django/django/forms/widgets.py;ndjango/conf/__init__.py;ndjango/db/utils.py;ndjango/forms/widgets.py;ndjango/test/testcases.py;ndjango/utils/functional.py;ntests/admin_widgets/test_autocomplete_widget.py;ntests/forms_tests/tests/test_media.py;ntests/forms_tests/tests/test_widgets.py;ntests/forms_tests/widget_tests/test_multiwidget.py;ntests/forms_tests/widget_tests/test_selectdatewidget.py;ntests/forms_tests/widget_tests/test_splitdatetimewidget.py;ntests/forms_tests/widget_tests/test_splithiddendatetimewidget.py;ntests/forms_tests/widget_tests/test_widget.py;output/django__django-11019_preds.json;tests/forms_tests/tests/test_media.py;tests/runtests.py,./swebench_9_15/create_patch_json.py;./swebench_9_15/manual.yaml;_preds.json;django/forms/widgets.py;output/django__django-11019_preds.json,../test_issue.py;./swebench_9_15/test_combine.py;./swebench_9_15/test_issue.py;ntests/admin_widgets/test_autocomplete_widget.py;ntests/forms_tests/tests/test_media.py;ntests/forms_tests/tests/test_widgets.py;ntests/forms_tests/widget_tests/test_multiwidget.py;ntests/forms_tests/widget_tests/test_selectdatewidget.py;ntests/forms_tests/widget_tests/test_splitdatetimewidget.py;ntests/forms_tests/widget_tests/test_splithiddendatetimewidget.py;ntests/forms_tests/widget_tests/test_widget.py;tests/forms_tests/tests/test_media.py;tests/runtests.py,./swebench_9_15/analyze_merge.py;./swebench_9_15/create_patch_json.py;./swebench_9_15/manual.yaml;/opt/anaconda3/lib/python3.8/site.py;a/django/forms/widgets.py;b/django/forms/widgets.py;django/apps/registry.py;django/conf/__init__.py;django/forms/forms.py;django/forms/widgets.py;django/utils/translation/__init__.py;django/utils/translation/trans_real.py;n/projects/django/django/forms/widgets.py;ndjango/conf/__init__.py;ndjango/db/utils.py;ndjango/forms/widgets.py;ndjango/test/testcases.py;ndjango/utils/functional.py;output/django__django-11019_preds.json;tests/runtests.py,django/forms/widgets.py,1,0.03125,True,True,django/forms/widgets.py,1,0.2,True,True,0,0,0,0,same_file_overlap,prior_trajectory_edited_target_gold_file
django__django-30254,django/django,django__django-11999,django__django-30254,django/db/models/fields/__init__.py,django/db/models/base.py,1,1,,0,0.0,False,False,./swebench_9_15/manual.yaml;./swebench_9_15/output/django__django-11999_preds.json;/opt/anaconda3/lib/python3.8/site.py;a/django/db/models/fields/__init__.py;a/test_comprehensive.py;a/test_issue.py;b/django/db/models/fields/__init__.py;b/test_comprehensive.py;b/test_issue.py;django/__init__.py;django/contrib/admin/options.py;django/db/backends/base/creation.py;django/db/models/base.py;django/db/models/fields/__init__.py;django/utils/version.py;docs/ref/contrib/admin/index.txt;fields/__init__.py;ndjango/contrib/admin/options.py;ndjango/db/backends/base/creation.py;ndjango/db/models/base.py;ndjango/db/models/fields/__init__.py;ndocs/ref/contrib/admin/index.txt;ntests/admin_changelist/admin.py;ntests/model_fields/tests.py;ntests/modeladmin/test_checks.py;output/django__django-11999_preds.json;tests/admin_changelist/admin.py;tests/model_fields/tests.py;tests/modeladmin/test_checks.py;tests/runtests.py,./swebench_9_15/manual.yaml;./swebench_9_15/output/django__django-11999_preds.json;_preds.json;django/dmodels/fields/__init__.py;test_comprehensive.py;test_issue.py,a/test_comprehensive.py;a/test_issue.py;b/test_comprehensive.py;b/test_issue.py;ntests/modeladmin/test_checks.py;tests/admin_changelist/admin.py;tests/model_fields/tests.py;tests/modeladmin/test_checks.py;tests/runtests.py,./swebench_9_15/manual.yaml;./swebench_9_15/output/django__django-11999_preds.json;/opt/anaconda3/lib/python3.8/site.py;a/django/db/models/fields/__init__.py;b/django/db/models/fields/__init__.py;django/__init__.py;django/contrib/admin/options.py;django/db/backends/base/creation.py;django/db/models/base.py;django/db/models/fields/__init__.py;django/utils/version.py;docs/ref/contrib/admin/index.txt;fields/__init__.py;ndjango/contrib/admin/options.py;ndjango/db/backends/base/creation.py;ndjango/db/models/base.py;ndjango/db/models/fields/__init__.py;ndocs/ref/contrib/admin/index.txt;ntests/admin_changelist/admin.py;ntests/model_fields/tests.py;output/django__django-11999_preds.json;tests/admin_changelist/admin.py;tests/model_fields/tests.py;tests/runtests.py,django/db/models/base.py,1,0.03333333333333333,True,True,,0,0.0,False,False,1,1,0,0,no_gold_file_overlap,prior_trajectory_inspected_target_gold_file
django__django-30651,django/django,django__django-13220,django__django-30651,django/core/exceptions.py,django/contrib/messages/storage/base.py;django/contrib/postgres/constraints.py;django/core/validators.py;django/db/models/base.py;django/db/models/constraints.py;django/db/models/expressions.py;django/db/models/indexes.py;django/db/models/query.py;django/db/models/query_utils.py;django/template/context.py,1,10,,0,0.0,False,True,./swebench_9_15/manual.yaml;./swebench_9_15/output/django__django-13220_preds.json;/django/core/exceptions.py;/opt/anaconda3/lib/python3.8/site.py;a/django/core/exceptions.py;a/test_issue.py;a/tests/test_exceptions/test_validation_error.py;b/django/core/exceptions.py;b/test_issue.py;b/tests/test_exceptions/test_validation_error.py;django/core/exceptions.py;ndjango/apps/registry.py;ndjango/conf/__init__.py;ndjango/core/exceptions.py;ndjango/db/models/base.py;ntests/auth_tests/test_forms.py;ntests/db_functions/window/test_validation.py;ntests/handlers/test_exception.py;ntests/middleware_exceptions/__init__.py;ntests/middleware_exceptions/middleware.py;ntests/middleware_exceptions/tests.py;ntests/middleware_exceptions/urls.py;ntests/middleware_exceptions/views.py;ntests/model_forms/models.py;ntests/model_forms/test_uuid.py;ntests/model_forms/tests.py;ntests/template_tests/syntax_tests/test_exceptions.py;ntests/test_exceptions/__init__.py;ntests/test_exceptions/test_validation_error.py;ntests/validation/__init__.py;ntests/validation/models.py;ntests/validation/test_custom_messages.py;ntests/validation/test_error_messages.py;ntests/validation/test_picklable.py;ntests/validation/test_unique.py;ntests/validation/test_validators.py;ntests/validation/tests.py;output/django__django-13220_preds.json;tests/migrations/test_exceptions.py;tests/model_forms/test_modelchoicefield.py;tests/runtests.py;tests/test_exceptions/test_validation_error.py;tests/validation/test_custom_messages.py;tests/validation/test_unique.py;tests/validation/test_validators.py,./swebench_9_15/manual.yaml;./swebench_9_15/output/django__django-13220_preds.json;_preds.json;django/core/exceptions.py;test_issue.py;tests/test_exceptions/test_validation_error.py,a/test_issue.py;a/tests/test_exceptions/test_validation_error.py;b/test_issue.py;b/tests/test_exceptions/test_validation_error.py;ntests/auth_tests/test_forms.py;ntests/db_functions/window/test_validation.py;ntests/handlers/test_exception.py;ntests/model_forms/test_uuid.py;ntests/template_tests/syntax_tests/test_exceptions.py;ntests/test_exceptions/test_validation_error.py;ntests/validation/test_custom_messages.py;ntests/validation/test_error_messages.py;ntests/validation/test_picklable.py;ntests/validation/test_unique.py;ntests/validation/test_validators.py;tests/migrations/test_exceptions.py;tests/model_forms/test_modelchoicefield.py;tests/runtests.py;tests/test_exceptions/test_validation_error.py;tests/validation/test_custom_messages.py;tests/validation/test_unique.py;tests/validation/test_validators.py,./swebench_9_15/manual.yaml;./swebench_9_15/output/django__django-13220_preds.json;/django/core/exceptions.py;/opt/anaconda3/lib/python3.8/site.py;a/django/core/exceptions.py;b/django/core/exceptions.py;django/core/exceptions.py;ndjango/apps/registry.py;ndjango/conf/__init__.py;ndjango/core/exceptions.py;ndjango/db/models/base.py;ntests/middleware_exceptions/__init__.py;ntests/middleware_exceptions/middleware.py;ntests/middleware_exceptions/tests.py;ntests/middleware_exceptions/urls.py;ntests/middleware_exceptions/views.py;ntests/model_forms/models.py;ntests/model_forms/tests.py;ntests/test_exceptions/__init__.py;ntests/validation/__init__.py;ntests/validation/models.py;ntests/validation/tests.py;output/django__django-13220_preds.json;tests/runtests.py,,0,0.0,False,True,,0,0.0,False,True,0,0,0,0,same_directory_only,prior_trajectory_same_directory_as_target_gold
django__django-30931,django/django,django__django-12284,django__django-30931,django/db/models/fields/__init__.py,django/db/models/fields/__init__.py;docs/releases/2.2.7.txt,1,2,django/db/models/fields/__init__.py,1,0.5,True,True,../test_issue.py;./django/contrib/admin/templatetags/admin_list.py;./swebench_9_15/manual.yaml;./swebench_9_15/output/django__django-12284_preds.json;./test_issue.py;/opt/anaconda3/lib/python3.8/site.py;a/django/db/models/fields/__init__.py;a/test_comprehensive.py;a/test_issue.py;b/django/db/models/fields/__init__.py;b/test_comprehensive.py;b/test_issue.py;django/__init__.py;django/db/models/base.py;django/db/models/fields/__init__.py;django/utils/version.py;n./django/contrib/admin/checks.py;n./django/contrib/admin/filters.py;n./django/contrib/admin/helpers.py;n./django/contrib/admin/options.py;n./django/db/backends/base/creation.py;n./django/db/backends/mysql/creation.py;n./django/db/backends/postgresql/creation.py;n./django/db/backends/sqlite3/creation.py;n./django/db/models/base.py;n./django/db/models/fields/__init__.py;n./tests/admin_changelist/tests.py;n./tests/admin_utils/test_logentry.py;n./tests/forms_tests/tests/tests.py;n./tests/model_fields/tests.py;n./tests/model_regress/tests.py;n./tests/modeladmin/test_checks.py;n./tests/postgres_tests/test_array.py;n./tests/postgres_tests/test_ranges.py;ndjango/apps/registry.py;ndjango/conf/__init__.py;ndjango/contrib/contenttypes/fields.py;ndjango/contrib/contenttypes/models.py;ndjango/db/models/base.py;ntests/model_fields/models.py;ntests/model_fields/tests.py;output/django__django-12284_preds.json;tests/model_fields/tests.py;tests/runtests.py,./swebench_9_15/manual.yaml;./swebench_9_15/output/django__django-12284_preds.json;_preds.json;django/dmodels/fields/__init__.py;test_comprehensive.py;test_issue.py,../test_issue.py;./test_issue.py;a/test_comprehensive.py;a/test_issue.py;b/test_comprehensive.py;b/test_issue.py;n./tests/admin_changelist/tests.py;n./tests/admin_utils/test_logentry.py;n./tests/forms_tests/tests/tests.py;n./tests/model_fields/tests.py;n./tests/model_regress/tests.py;n./tests/modeladmin/test_checks.py;n./tests/postgres_tests/test_array.py;n./tests/postgres_tests/test_ranges.py;tests/model_fields/tests.py;tests/runtests.py,./django/contrib/admin/templatetags/admin_list.py;./swebench_9_15/manual.yaml;./swebench_9_15/output/django__django-12284_preds.json;/opt/anaconda3/lib/python3.8/site.py;a/django/db/models/fields/__init__.py;b/django/db/models/fields/__init__.py;django/__init__.py;django/db/models/base.py;django/db/models/fields/__init__.py;django/utils/version.py;n./django/contrib/admin/checks.py;n./django/contrib/admin/filters.py;n./django/contrib/admin/helpers.py;n./django/contrib/admin/options.py;n./django/db/backends/base/creation.py;n./django/db/backends/mysql/creation.py;n./django/db/backends/postgresql/creation.py;n./django/db/backends/sqlite3/creation.py;n./django/db/models/base.py;n./django/db/models/fields/__init__.py;ndjango/apps/registry.py;ndjango/conf/__init__.py;ndjango/contrib/contenttypes/fields.py;ndjango/contrib/contenttypes/models.py;ndjango/db/models/base.py;ntests/model_fields/models.py;ntests/model_fields/tests.py;output/django__django-12284_preds.json;tests/model_fields/tests.py;tests/runtests.py,django/db/models/fields/__init__.py,1,0.022222222222222223,True,True,,0,0.0,False,False,1,0,0,0,same_file_overlap,prior_trajectory_inspected_target_gold_file
django__django-31051,django/django,django__django-12453,django__django-31051,django/db/backends/base/creation.py,django/core/management/commands/dumpdata.py;django/core/serializers/__init__.py,1,2,,0,0.0,False,False,../test_issue.py;./swebench_9_15/manual.yaml;./swebench_9_15/output/django__django-12453_preds.json;//www.py;/base/creation.py;/opt/anaconda3/lib/python3.8/importlib/__init__.py;/opt/anaconda3/lib/python3.8/site.py;a/django/db/backends/base/creation.py;a/test_issue.py;b/django/db/backends/base/creation.py;b/test_issue.py;django/__init__.py;django/apps/config.py;django/apps/registry.py;django/core/serializers/__init__.py;django/core/serializers/base.py;django/db/backends/base/creation.py;django/db/backends/sqlite3/base.py;django/db/backends/utils.py;django/db/models/query.py;django/db/models/sql/compiler.py;django/db/utils.py;django/utils/version.py;ndjango/apps/registry.py;ndjango/conf/__init__.py;ndjango/db/models/base.py;ntests/test_utils/models.py;ntests/test_utils/test_transactiontestcase.py;ntests/transaction_hooks/__init__.py;ntests/transaction_hooks/tests.py;ntests/transactions/__init__.py;ntests/transactions/models.py;ntests/transactions/tests.py;ntests/user_commands/management/commands/transaction.py;output/django__django-12453_preds.json;tests/runtests.py;tests/test_utils/models.py;tests/test_utils/test_transactiontestcase.py;tests/transaction_hooks/models.py,./swebench_9_15/manual.yaml;./swebench_9_15/output/django__django-12453_preds.json;_preds.json;django/dbackends/base/creation.py;manual.yaml;test_issue.py,../test_issue.py;a/test_issue.py;b/test_issue.py;ntests/test_utils/test_transactiontestcase.py;tests/runtests.py;tests/test_utils/models.py;tests/test_utils/test_transactiontestcase.py;tests/transaction_hooks/models.py,./swebench_9_15/manual.yaml;./swebench_9_15/output/django__django-12453_preds.json;//www.py;/base/creation.py;/opt/anaconda3/lib/python3.8/importlib/__init__.py;/opt/anaconda3/lib/python3.8/site.py;a/django/db/backends/base/creation.py;b/django/db/backends/base/creation.py;django/__init__.py;django/apps/config.py;django/apps/registry.py;django/core/serializers/__init__.py;django/core/serializers/base.py;django/db/backends/base/creation.py;django/db/backends/sqlite3/base.py;django/db/backends/utils.py;django/db/models/query.py;django/db/models/sql/compiler.py;django/db/utils.py;django/utils/version.py;ndjango/apps/registry.py;ndjango/conf/__init__.py;ndjango/db/models/base.py;ntests/test_utils/models.py;ntests/transaction_hooks/__init__.py;ntests/transaction_hooks/tests.py;ntests/transactions/__init__.py;ntests/transactions/models.py;ntests/transactions/tests.py;ntests/user_commands/management/commands/transaction.py;output/django__django-12453_preds.json;tests/runtests.py;tests/test_utils/models.py;tests/transaction_hooks/models.py,django/core/serializers/__init__.py,1,0.025,True,True,,0,0.0,False,False,0,0,0,0,no_gold_file_overlap,prior_trajectory_inspected_target_gold_file
django__django-31181,django/django,django__django-14855,django__django-31181,django/contrib/admin/helpers.py,django/contrib/admin/helpers.py;docs/releases/3.2.txt,1,2,django/contrib/admin/helpers.py,1,0.5,True,True,./swebench_9_15/manual.yaml;./swebench_9_15/output/SUMMARY.md;./swebench_9_15/output/django__django-14855_preds.json;/opt/anaconda3/lib/python3.8/importlib/__init__.py;/opt/anaconda3/lib/python3.8/site.py;a/django/contrib/admin/helpers.py;a/test_issue.py;a/test_readonly_field_custom_admin.py;a/verify_fix.py;b/django/contrib/admin/helpers.py;b/test_issue.py;b/test_readonly_field_custom_admin.py;b/verify_fix.py;django/apps/registry.py;django/conf/__init__.py;django/contrib/admin/helpers.py;django/contrib/admin/models.py;django/contrib/admin/options.py;django/contrib/admin/views/main.py;django/contrib/admin/widgets.py;django/contrib/auth/base_user.py;django/contrib/auth/models.py;django/db/models/base.py;django/urls/base.py;django/urls/resolvers.py;django/utils/functional.py;docs/intro/reusable-apps.txt;ndjango/contrib/admin/actions.py;ndjango/contrib/admin/helpers.py;ndjango/contrib/admin/models.py;ndjango/contrib/admin/options.py;ndjango/contrib/admin/views/main.py;ndjango/contrib/admin/widgets.py;ndjango/contrib/auth/admin.py;ndocs/ref/contrib/admin/actions.txt;ndocs/ref/contrib/admin/index.txt;ndocs/releases/1.8.txt;ntests/admin_changelist/admin.py;ntests/admin_changelist/tests.py;ntests/admin_default_site/tests.py;ntests/admin_utils/test_logentry.py;ntests/admin_views/admin.py;ntests/admin_views/models.py;ntests/admin_views/tests.py;ntests/auth_tests/test_admin_multidb.py;ntests/auth_tests/urls_admin.py;ntests/auth_tests/urls_custom_user_admin.py;ntests/generic_inline_admin/admin.py;ntests/gis_tests/geoadmin/models.py;ntests/gis_tests/geoadmin_deprecated/models.py;ntests/proxy_models/admin.py;tdjango/contrib/admin/helpers.py;tests/admin_utils/test_logentry.py;tests/admin_views/__init__.py;tests/admin_views/admin.py;tests/admin_views/customadmin.py;tests/admin_views/models.py;tests/admin_views/tests.py;tests/runtests.py;views/main.py,./swebench_9_15/manual.yaml;./swebench_9_15/output/django__django-14855_preds.json;_preds.json;django/contriadmin/helpers.py;test_issue.py;test_readonly_field_custom_admin.py;verify_fix.py,a/test_issue.py;a/test_readonly_field_custom_admin.py;b/test_issue.py;b/test_readonly_field_custom_admin.py;ntests/admin_utils/test_logentry.py;ntests/auth_tests/test_admin_multidb.py;tests/admin_utils/test_logentry.py;tests/admin_views/__init__.py;tests/admin_views/admin.py;tests/admin_views/customadmin.py;tests/admin_views/models.py;tests/admin_views/tests.py;tests/runtests.py,./swebench_9_15/manual.yaml;./swebench_9_15/output/SUMMARY.md;./swebench_9_15/output/django__django-14855_preds.json;/opt/anaconda3/lib/python3.8/importlib/__init__.py;/opt/anaconda3/lib/python3.8/site.py;a/django/contrib/admin/helpers.py;a/verify_fix.py;b/django/contrib/admin/helpers.py;b/verify_fix.py;django/apps/registry.py;django/conf/__init__.py;django/contrib/admin/helpers.py;django/contrib/admin/models.py;django/contrib/admin/options.py;django/contrib/admin/views/main.py;django/contrib/admin/widgets.py;django/contrib/auth/base_user.py;django/contrib/auth/models.py;django/db/models/base.py;django/urls/base.py;django/urls/resolvers.py;django/utils/functional.py;docs/intro/reusable-apps.txt;ndjango/contrib/admin/actions.py;ndjango/contrib/admin/helpers.py;ndjango/contrib/admin/models.py;ndjango/contrib/admin/options.py;ndjango/contrib/admin/views/main.py;ndjango/contrib/admin/widgets.py;ndjango/contrib/auth/admin.py;ndocs/ref/contrib/admin/actions.txt;ndocs/ref/contrib/admin/index.txt;ndocs/releases/1.8.txt;ntests/admin_changelist/admin.py;ntests/admin_changelist/tests.py;ntests/admin_default_site/tests.py;ntests/admin_views/admin.py;ntests/admin_views/models.py;ntests/admin_views/tests.py;ntests/auth_tests/urls_admin.py;ntests/auth_tests/urls_custom_user_admin.py;ntests/generic_inline_admin/admin.py;ntests/gis_tests/geoadmin/models.py;ntests/gis_tests/geoadmin_deprecated/models.py;ntests/proxy_models/admin.py;tdjango/contrib/admin/helpers.py;tests/admin_views/__init__.py;tests/admin_views/admin.py;tests/admin_views/customadmin.py;tests/admin_views/models.py;tests/admin_views/tests.py;tests/runtests.py;views/main.py,django/contrib/admin/helpers.py,1,0.01639344262295082,True,True,,0,0.0,False,False,0,0,1,0,same_file_overlap,prior_trajectory_inspected_target_gold_file
django__django-31864,django/django,django__django-13321,django__django-31864,django/contrib/sessions/backends/base.py,django/contrib/sessions/backends/base.py;docs/releases/3.1.1.txt,1,2,django/contrib/sessions/backends/base.py,1,0.5,True,True,./swebench_9_15/manual.yaml;./swebench_9_15/output/django__django-13321_preds.json;//www.py;/opt/anaconda3/lib/python3.8/site.py;/usr/local/lib/python3.8/base64.py;/usr/local/lib/python3.8/site-packages/django/contrib/auth/__init__.py;/usr/local/lib/python3.8/site-packages/django/contrib/auth/middleware.py;/usr/local/lib/python3.8/site-packages/django/contrib/auth/mixins.py;/usr/local/lib/python3.8/site-packages/django/contrib/sessions/backends/base.py;/usr/local/lib/python3.8/site-packages/django/contrib/sessions/backends/db.py;/usr/local/lib/python3.8/site-packages/django/core/handlers/base.py;/usr/local/lib/python3.8/site-packages/django/core/handlers/exception.py;/usr/local/lib/python3.8/site-packages/django/core/signing.py;/usr/local/lib/python3.8/site-packages/django/utils/functional.py;/usr/local/lib/python3.8/site-packages/django/views/generic/base.py;/usr/local/lib/python3.8/site-packages/django_otp/middleware.py;a/django/contrib/sessions/backends/base.py;a/test_session_decode_fix.py;b/django/contrib/sessions/backends/base.py;b/test_session_decode_fix.py;django/__init__.py;django/contrib/sessions/backends/base.py;django/utils/version.py;output/django__django-13321_preds.json;tests/runtests.py;tests/sessions_tests/tests.py,./swebench_9_15/manual.yaml;./swebench_9_15/output/django__django-13321_preds.json;_preds.json;django/contrisessions/backends/base.py;test_session_decode_fix.py,a/test_session_decode_fix.py;b/test_session_decode_fix.py;tests/runtests.py;tests/sessions_tests/tests.py,./swebench_9_15/manual.yaml;./swebench_9_15/output/django__django-13321_preds.json;//www.py;/opt/anaconda3/lib/python3.8/site.py;/usr/local/lib/python3.8/base64.py;/usr/local/lib/python3.8/site-packages/django/contrib/auth/__init__.py;/usr/local/lib/python3.8/site-packages/django/contrib/auth/middleware.py;/usr/local/lib/python3.8/site-packages/django/contrib/auth/mixins.py;/usr/local/lib/python3.8/site-packages/django/contrib/sessions/backends/base.py;/usr/local/lib/python3.8/site-packages/django/contrib/sessions/backends/db.py;/usr/local/lib/python3.8/site-packages/django/core/handlers/base.py;/usr/local/lib/python3.8/site-packages/django/core/handlers/exception.py;/usr/local/lib/python3.8/site-packages/django/core/signing.py;/usr/local/lib/python3.8/site-packages/django/utils/functional.py;/usr/local/lib/python3.8/site-packages/django/views/generic/base.py;/usr/local/lib/python3.8/site-packages/django_otp/middleware.py;a/django/contrib/sessions/backends/base.py;b/django/contrib/sessions/backends/base.py;django/__init__.py;django/contrib/sessions/backends/base.py;django/utils/version.py;output/django__django-13321_preds.json;tests/runtests.py;tests/sessions_tests/tests.py,django/contrib/sessions/backends/base.py,1,0.037037037037037035,True,True,,0,0.0,False,False,0,0,0,0,same_file_overlap,prior_trajectory_inspected_target_gold_file
django__django-32260,django/django,django__django-14787,django__django-32260,django/utils/decorators.py,django/contrib/admindocs/utils.py;django/urls/resolvers.py;django/views/debug.py;django/views/generic/base.py,1,4,,0,0.0,False,False,../output/django__django-14787_preds.json;./django/utils/decorators.py;./swebench_9_15/django/utils/decorators.py;./swebench_9_15/manual.yaml;./swebench_9_15/output/django__django-14787_preds.json;./tests/auth_tests/test_decorators.py;/opt/anaconda3/lib/python3.8/site.py;a/django/utils/decorators.py;b/django/utils/decorators.py;django/utils/decorators.py;n./tests/utils_tests/test_decorators.py;ndjango/conf/__init__.py;ndjango/db/utils.py;ndjango/test/testcases.py;ndjango/utils/connection.py;ndjango/utils/decorators.py;ndjango/utils/functional.py;ntests/decorators/tests.py;ntests/middleware/views.py;ntests/test_client/views.py;ntests/utils_tests/test_decorators.py;tests/decorators/tests.py;tests/generic_views/views.py;tests/runtests.py;tests/utils_tests/test_decorators.py;utils_tests/test_decorators.py,../output/django__django-14787_preds.json;./swebench_9_15/manual.yaml;_preds.json;django/utils/decorators.py,./tests/auth_tests/test_decorators.py;n./tests/utils_tests/test_decorators.py;ntests/utils_tests/test_decorators.py;tests/decorators/tests.py;tests/generic_views/views.py;tests/runtests.py;tests/utils_tests/test_decorators.py;utils_tests/test_decorators.py,../output/django__django-14787_preds.json;./django/utils/decorators.py;./swebench_9_15/django/utils/decorators.py;./swebench_9_15/manual.yaml;./swebench_9_15/output/django__django-14787_preds.json;/opt/anaconda3/lib/python3.8/site.py;a/django/utils/decorators.py;b/django/utils/decorators.py;django/utils/decorators.py;ndjango/conf/__init__.py;ndjango/db/utils.py;ndjango/test/testcases.py;ndjango/utils/connection.py;ndjango/utils/decorators.py;ndjango/utils/functional.py;ntests/decorators/tests.py;ntests/middleware/views.py;ntests/test_client/views.py;tests/decorators/tests.py;tests/generic_views/views.py;tests/runtests.py,,0,0.0,False,False,,0,0.0,False,False,0,0,0,0,no_gold_file_overlap,prior_trajectory_never_touched_target_gold_area
django__django-32450,django/django,django__django-14017,django__django-32450,django/db/models/query_utils.py,django/db/models/query_utils.py,1,1,django/db/models/query_utils.py,1,1.0,True,True,./swebench_9_15/manual.yaml;./swebench_9_15/output/django__django-14017_preds.json;/Code/venv/ecom/lib/python3.8/site-packages/django/db/models/query_utils.py;/opt/anaconda3/lib/python3.8/site.py;a/django/db/models/query_utils.py;a/test_issue.py;a/tests/queries/test_q.py;b/django/db/models/query_utils.py;b/test_issue.py;b/tests/queries/test_q.py;django/__init__.py;django/db/models/expressions.py;django/db/models/query_utils.py;django/utils/version.py;ndjango/apps/registry.py;ndjango/conf/__init__.py;ndjango/db/models/base.py;ntests/queries/__init__.py;ntests/queries/models.py;ntests/queries/test_bulk_update.py;ntests/queries/test_db_returning.py;ntests/queries/test_explain.py;ntests/queries/test_iterator.py;ntests/queries/test_q.py;ntests/queries/test_qs_combinators.py;ntests/queries/test_query.py;ntests/queries/tests.py;output/django__django-14017_preds.json;tests/gis_tests/geoapp/test_expressions.py;tests/queries/models.py;tests/queries/test_q.py;tests/runtests.py,./swebench_9_15/manual.yaml;./swebench_9_15/output/django__django-14017_preds.json;_preds.json;django/dmodels/query_utils.py;test_issue.py;tests/queries/test_q.py,a/test_issue.py;a/tests/queries/test_q.py;b/test_issue.py;b/tests/queries/test_q.py;ntests/queries/test_bulk_update.py;ntests/queries/test_db_returning.py;ntests/queries/test_explain.py;ntests/queries/test_iterator.py;ntests/queries/test_q.py;ntests/queries/test_qs_combinators.py;ntests/queries/test_query.py;tests/gis_tests/geoapp/test_expressions.py;tests/queries/models.py;tests/queries/test_q.py;tests/runtests.py,./swebench_9_15/manual.yaml;./swebench_9_15/output/django__django-14017_preds.json;/Code/venv/ecom/lib/python3.8/site-packages/django/db/models/query_utils.py;/opt/anaconda3/lib/python3.8/site.py;a/django/db/models/query_utils.py;b/django/db/models/query_utils.py;django/__init__.py;django/db/models/expressions.py;django/db/models/query_utils.py;django/utils/version.py;ndjango/apps/registry.py;ndjango/conf/__init__.py;ndjango/db/models/base.py;ntests/queries/__init__.py;ntests/queries/models.py;ntests/queries/tests.py;output/django__django-14017_preds.json;tests/queries/models.py;tests/runtests.py,django/db/models/query_utils.py,1,0.03125,True,True,,0,0.0,False,False,1,1,1,1,same_file_overlap,prior_trajectory_inspected_target_gold_file
django__django-33461,django/django,django__django-15388,django__django-33461,django/template/autoreload.py,django/views/templates/technical_500.html,1,1,,0,0.0,False,False,./django/__init__.py;./django/conf/__init__.py;./manage.py;./swebench_9_15/manual.yaml;./swebench_9_15/output/django__django-15388_preds.json;/django/template/autoreload.py;/opt/anaconda3/lib/python3.8/importlib/__init__.py;/opt/anaconda3/lib/python3.8/site-packages/tests/__init__.py;/opt/anaconda3/lib/python3.8/site-packages/torch/__init__.py;/opt/anaconda3/lib/python3.8/site-packages/torch/_guards.py;/opt/anaconda3/lib/python3.8/site-packages/torch/_prims/__init__.py;/opt/anaconda3/lib/python3.8/site-packages/torch/_refs/__init__.py;/opt/anaconda3/lib/python3.8/site-packages/torch/_subclasses/__init__.py;/opt/anaconda3/lib/python3.8/site-packages/torch/_subclasses/fake_tensor.py;/opt/anaconda3/lib/python3.8/site-packages/torch/backends/mps/__init__.py;/opt/anaconda3/lib/python3.8/site-packages/ultralytics/__init__.py;/opt/anaconda3/lib/python3.8/site-packages/ultralytics/data/__init__.py;/opt/anaconda3/lib/python3.8/site-packages/ultralytics/data/base.py;/opt/anaconda3/lib/python3.8/site.py;a/django/template/autoreload.py;a/docs/releases/3.2.4.txt;a/test_base_dir_fix.py;a/test_issue.py;a/test_simple_fix.py;a/tests/template_tests/test_autoreloader.py;b/django/template/autoreload.py;b/docs/releases/3.2.4.txt;b/test_base_dir_fix.py;b/test_issue.py;b/test_simple_fix.py;b/tests/template_tests/test_autoreloader.py;django/conf/project_template/project_name/settings.py;django/template/autoreload.py;django/utils/_os.py;django/utils/autoreload.py;docs/releases/3.2.4.txt;n./django/conf/project_template/project_name/settings.py;output/django__django-15388_preds.json;tests/runtests.py;tests/template_tests/test_autoreloader.py,./swebench_9_15/manual.yaml;./swebench_9_15/output/django__django-15388_preds.json;/opt/anaconda3/lipython3.8/site.py;_preds.json;django/template/autoreload.py;docs/releases/3.2.4.txt;settings.py;test_base_dir_fix.py;test_issue.py;test_simple_fix.py;tests/template_tests/test_autoreloader.py,/opt/anaconda3/lib/python3.8/site-packages/tests/__init__.py;a/test_base_dir_fix.py;a/test_issue.py;a/test_simple_fix.py;a/tests/template_tests/test_autoreloader.py;b/test_base_dir_fix.py;b/test_issue.py;b/test_simple_fix.py;b/tests/template_tests/test_autoreloader.py;tests/runtests.py;tests/template_tests/test_autoreloader.py,./django/__init__.py;./django/conf/__init__.py;./manage.py;./swebench_9_15/manual.yaml;./swebench_9_15/output/django__django-15388_preds.json;/django/template/autoreload.py;/opt/anaconda3/lib/python3.8/importlib/__init__.py;/opt/anaconda3/lib/python3.8/site-packages/torch/__init__.py;/opt/anaconda3/lib/python3.8/site-packages/torch/_guards.py;/opt/anaconda3/lib/python3.8/site-packages/torch/_prims/__init__.py;/opt/anaconda3/lib/python3.8/site-packages/torch/_refs/__init__.py;/opt/anaconda3/lib/python3.8/site-packages/torch/_subclasses/__init__.py;/opt/anaconda3/lib/python3.8/site-packages/torch/_subclasses/fake_tensor.py;/opt/anaconda3/lib/python3.8/site-packages/torch/backends/mps/__init__.py;/opt/anaconda3/lib/python3.8/site-packages/ultralytics/__init__.py;/opt/anaconda3/lib/python3.8/site-packages/ultralytics/data/__init__.py;/opt/anaconda3/lib/python3.8/site-packages/ultralytics/data/base.py;/opt/anaconda3/lib/python3.8/site.py;a/django/template/autoreload.py;a/docs/releases/3.2.4.txt;b/django/template/autoreload.py;b/docs/releases/3.2.4.txt;django/conf/project_template/project_name/settings.py;django/template/autoreload.py;django/utils/_os.py;django/utils/autoreload.py;docs/releases/3.2.4.txt;n./django/conf/project_template/project_name/settings.py;output/django__django-15388_preds.json;tests/runtests.py,,0,0.0,False,False,,0,0.0,False,False,1,1,0,1,no_gold_file_overlap,prior_trajectory_never_touched_target_gold_area
django__django-33871,django/django,django__django-16229,django__django-33871,django/forms/boundfield.py,django/forms/boundfield.py,1,1,django/forms/boundfield.py,1,1.0,True,True,../test_issue.py;./swebench_9_15/manual.yaml;./swebench_9_15/output/django__django-16229_preds.json;/Desktop/swebbed/django/forms/boundfield.py;/opt/anaconda3/lib/python3.8/importlib/__init__.py;/opt/anaconda3/lib/python3.8/site-packages/tests/__init__.py;/opt/anaconda3/lib/python3.8/site-packages/torch/__init__.py;/opt/anaconda3/lib/python3.8/site-packages/torch/_guards.py;/opt/anaconda3/lib/python3.8/site-packages/torch/_prims/__init__.py;/opt/anaconda3/lib/python3.8/site-packages/torch/_refs/__init__.py;/opt/anaconda3/lib/python3.8/site-packages/torch/_subclasses/__init__.py;/opt/anaconda3/lib/python3.8/site-packages/torch/_subclasses/fake_tensor.py;/opt/anaconda3/lib/python3.8/site-packages/torch/backends/mps/__init__.py;/opt/anaconda3/lib/python3.8/site-packages/ultralytics/__init__.py;/opt/anaconda3/lib/python3.8/site-packages/ultralytics/data/__init__.py;/opt/anaconda3/lib/python3.8/site-packages/ultralytics/data/base.py;/opt/anaconda3/lib/python3.8/site.py;a/django/db/models/fields/__init__.py;a/test_arrayfield_issue.py;a/test_has_changed.py;a/test_issue.py;a/tests/model_forms/tests.py;b/django/db/models/fields/__init__.py;b/test_arrayfield_issue.py;b/test_has_changed.py;b/test_issue.py;b/tests/model_forms/tests.py;db/models/fields/__init__.py;django/__init__.py;django/conf/__init__.py;django/db/models/fields/__init__.py;django/forms/boundfield.py;django/forms/fields.py;django/forms/forms.py;django/forms/formsets.py;django/forms/models.py;docs/releases/1.6.10.txt;docs/releases/1.7.3.txt;ndjango/db/models/fields/__init__.py;ndjango/forms/boundfield.py;ndjango/forms/fields.py;ndjango/forms/forms.py;ndjango/forms/formsets.py;ndjango/forms/models.py;ndocs/releases/1.6.10.txt;ndocs/releases/1.7.3.txt;ntests/forms_tests/field_tests/test_booleanfield.py;ntests/forms_tests/field_tests/test_datefield.py;ntests/forms_tests/tests/test_forms.py;ntests/model_fields/tests.py;ntests/model_forms/tests.py;ntests/postgres_tests/test_ranges.py;output/django__django-16229_preds.json;tests/forms_tests/field_tests/test_booleanfield.py;tests/forms_tests/field_tests/test_datefield.py;tests/forms_tests/tests/test_forms.py;tests/model_fields/tests.py;tests/model_forms/models.py;tests/model_forms/tests.py;tests/postgres_tests/test_ranges.py;tests/runtests.py;tests/test1.txt;tests/test2.txt;tests/test3.txt,./swebench_9_15/manual.yaml;./swebench_9_15/output/django__django-16229_preds.json;_preds.json;bound_field.ini;django/dmodels/fields/__init__.py;field.ini;form_field.ini;plop_bound_field.ini;plop_bound_field2.ini;test_arrayfield_issue.py;test_has_changed.py;test_issue.py;tests/model_forms/tests.py,../test_issue.py;/opt/anaconda3/lib/python3.8/site-packages/tests/__init__.py;a/test_arrayfield_issue.py;a/test_has_changed.py;a/test_issue.py;a/tests/model_forms/tests.py;b/test_arrayfield_issue.py;b/test_has_changed.py;b/test_issue.py;b/tests/model_forms/tests.py;ntests/forms_tests/field_tests/test_booleanfield.py;ntests/forms_tests/field_tests/test_datefield.py;ntests/forms_tests/tests/test_forms.py;ntests/postgres_tests/test_ranges.py;tests/forms_tests/field_tests/test_booleanfield.py;tests/forms_tests/field_tests/test_datefield.py;tests/forms_tests/tests/test_forms.py;tests/model_fields/tests.py;tests/model_forms/models.py;tests/model_forms/tests.py;tests/postgres_tests/test_ranges.py;tests/runtests.py;tests/test1.txt;tests/test2.txt;tests/test3.txt,./swebench_9_15/manual.yaml;./swebench_9_15/output/django__django-16229_preds.json;/Desktop/swebbed/django/forms/boundfield.py;/opt/anaconda3/lib/python3.8/importlib/__init__.py;/opt/anaconda3/lib/python3.8/site-packages/torch/__init__.py;/opt/anaconda3/lib/python3.8/site-packages/torch/_guards.py;/opt/anaconda3/lib/python3.8/site-packages/torch/_prims/__init__.py;/opt/anaconda3/lib/python3.8/site-packages/torch/_refs/__init__.py;/opt/anaconda3/lib/python3.8/site-packages/torch/_subclasses/__init__.py;/opt/anaconda3/lib/python3.8/site-packages/torch/_subclasses/fake_tensor.py;/opt/anaconda3/lib/python3.8/site-packages/torch/backends/mps/__init__.py;/opt/anaconda3/lib/python3.8/site-packages/ultralytics/__init__.py;/opt/anaconda3/lib/python3.8/site-packages/ultralytics/data/__init__.py;/opt/anaconda3/lib/python3.8/site-packages/ultralytics/data/base.py;/opt/anaconda3/lib/python3.8/site.py;a/django/db/models/fields/__init__.py;b/django/db/models/fields/__init__.py;db/models/fields/__init__.py;django/__init__.py;django/conf/__init__.py;django/db/models/fields/__init__.py;django/forms/boundfield.py;django/forms/fields.py;django/forms/forms.py;django/forms/formsets.py;django/forms/models.py;docs/releases/1.6.10.txt;docs/releases/1.7.3.txt;ndjango/db/models/fields/__init__.py;ndjango/forms/boundfield.py;ndjango/forms/fields.py;ndjango/forms/forms.py;ndjango/forms/formsets.py;ndjango/forms/models.py;ndocs/releases/1.6.10.txt;ndocs/releases/1.7.3.txt;ntests/model_fields/tests.py;ntests/model_forms/tests.py;output/django__django-16229_preds.json;tests/model_fields/tests.py;tests/model_forms/models.py;tests/model_forms/tests.py;tests/runtests.py;tests/test1.txt;tests/test2.txt;tests/test3.txt,django/forms/boundfield.py,1,0.015625,True,True,,0,0.0,False,False,0,0,1,0,same_file_overlap,prior_trajectory_inspected_target_gold_file
django__django-34176,django/django,django__django-12589,django__django-34176,django/db/models/sql/query.py,django/db/backends/base/features.py;django/db/backends/oracle/features.py;django/db/models/sql/compiler.py;django/db/models/sql/query.py,1,4,django/db/models/sql/query.py,1,0.25,True,True,./manual.yaml;./swebench_9_15/manual.yaml;./swebench_9_15/output/django__django-12589_preds.json;./swebench_9_15/test_fix.py;./swebench_9_15/test_issue.py;./tests/annotations/models.py;/django/db/models/expressions.py;/opt/anaconda3/lib/python3.8/site.py;/tests/aggregation/test_issue_12589.py;a/django/db/models/aggregates.py;a/django/db/models/expressions.py;a/django/db/models/lookups.py;a/django/db/models/sql/compiler.py;a/django/db/models/sql/query.py;a/django/db/models/sql/where.py;a/docs/internals/deprecation.txt;a/docs/ref/models/expressions.txt;a/docs/releases/3.0.3.txt;a/docs/releases/3.0.txt;a/tests/aggregation/test_issue_12589.py;a/tests/aggregation/tests.py;a/tests/expressions/test_deprecation.py;a/tests/expressions/tests.py;b/django/db/models/aggregates.py;b/django/db/models/expressions.py;b/django/db/models/lookups.py;b/django/db/models/sql/compiler.py;b/django/db/models/sql/query.py;b/django/db/models/sql/where.py;b/docs/internals/deprecation.txt;b/docs/ref/models/expressions.txt;b/docs/releases/3.0.3.txt;b/docs/releases/3.0.txt;b/tests/aggregation/test_issue_12589.py;b/tests/aggregation/tests.py;b/tests/expressions/test_deprecation.py;b/tests/expressions/tests.py;django/db/backends/base/features.py;django/db/backends/oracle/introspection.py;django/db/backends/oracle/operations.py;django/db/backends/postgresql/introspection.py;django/db/models/expressions.py;django/db/models/functions/text.py;django/db/models/manager.py;django/db/models/query.py;django/db/models/sql/compiler.py;django/db/models/sql/query.py;django/db/models/sql/where.py;docs/releases/3.0.3.txt;n./tests/annotations/__init__.py;n./tests/annotations/tests.py;n./tests/postgres_tests/test_aggregates.py;ndjango/apps/registry.py;ndjango/conf/__init__.py;ndjango/db/backends/base/features.py;ndjango/db/backends/oracle/introspection.py;ndjango/db/backends/oracle/operations.py;ndjango/db/backends/postgresql/introspection.py;ndjango/db/models/base.py;ndjango/db/models/expressions.py;ndjango/db/models/functions/text.py;ndjango/db/models/sql/compiler.py;ndjango/db/models/sql/query.py;ndjango/db/models/sql/where.py;ntests/aggregation/models.py;ntests/aggregation/test_issue_12589.py;ntests/aggregation/tests.py;output/django__django-12589_preds.json;tests/aggregation/models.py;tests/aggregation/test_issue_12589.py;tests/aggregation/tests.py;tests/annotations/models.py;tests/annotations/tests.py;tests/expressions/tests.py;tests/runtests.py,./swebench_9_15/manual.yaml;./swebench_9_15/output/django__django-12589_preds.json;_preds.json;django/dmodels/aggregates.py;django/dmodels/expressions.py;django/dmodels/lookups.py;django/dmodels/sql/compiler.py;django/dmodels/sql/query.py;django/dmodels/sql/where.py;docs/internals/deprecation.txt;docs/ref/models/expressions.txt;docs/releases/3.0.3.txt;docs/releases/3.0.txt;tests/aggregation/test_issue_12589.py;tests/aggregation/tests.py;tests/expressions/test_deprecation.py;tests/expressions/tests.py,./swebench_9_15/test_fix.py;./swebench_9_15/test_issue.py;./tests/annotations/models.py;/tests/aggregation/test_issue_12589.py;a/tests/aggregation/test_issue_12589.py;a/tests/aggregation/tests.py;a/tests/expressions/test_deprecation.py;a/tests/expressions/tests.py;b/tests/aggregation/test_issue_12589.py;b/tests/aggregation/tests.py;b/tests/expressions/test_deprecation.py;b/tests/expressions/tests.py;n./tests/annotations/__init__.py;n./tests/annotations/tests.py;n./tests/postgres_tests/test_aggregates.py;ntests/aggregation/test_issue_12589.py;tests/aggregation/models.py;tests/aggregation/test_issue_12589.py;tests/aggregation/tests.py;tests/annotations/models.py;tests/annotations/tests.py;tests/expressions/tests.py;tests/runtests.py,./manual.yaml;./swebench_9_15/manual.yaml;./swebench_9_15/output/django__django-12589_preds.json;/django/db/models/expressions.py;/opt/anaconda3/lib/python3.8/site.py;a/django/db/models/aggregates.py;a/django/db/models/expressions.py;a/django/db/models/lookups.py;a/django/db/models/sql/compiler.py;a/django/db/models/sql/query.py;a/django/db/models/sql/where.py;a/docs/internals/deprecation.txt;a/docs/ref/models/expressions.txt;a/docs/releases/3.0.3.txt;a/docs/releases/3.0.txt;b/django/db/models/aggregates.py;b/django/db/models/expressions.py;b/django/db/models/lookups.py;b/django/db/models/sql/compiler.py;b/django/db/models/sql/query.py;b/django/db/models/sql/where.py;b/docs/internals/deprecation.txt;b/docs/ref/models/expressions.txt;b/docs/releases/3.0.3.txt;b/docs/releases/3.0.txt;django/db/backends/base/features.py;django/db/backends/oracle/introspection.py;django/db/backends/oracle/operations.py;django/db/backends/postgresql/introspection.py;django/db/models/expressions.py;django/db/models/functions/text.py;django/db/models/manager.py;django/db/models/query.py;django/db/models/sql/compiler.py;django/db/models/sql/query.py;django/db/models/sql/where.py;docs/releases/3.0.3.txt;ndjango/apps/registry.py;ndjango/conf/__init__.py;ndjango/db/backends/base/features.py;ndjango/db/backends/oracle/introspection.py;ndjango/db/backends/oracle/operations.py;ndjango/db/backends/postgresql/introspection.py;ndjango/db/models/base.py;ndjango/db/models/expressions.py;ndjango/db/models/functions/text.py;ndjango/db/models/sql/compiler.py;ndjango/db/models/sql/query.py;ndjango/db/models/sql/where.py;ntests/aggregation/models.py;ntests/aggregation/tests.py;output/django__django-12589_preds.json;tests/aggregation/models.py;tests/aggregation/tests.py;tests/annotations/models.py;tests/annotations/tests.py;tests/expressions/tests.py;tests/runtests.py,django/db/backends/base/features.py;django/db/models/sql/compiler.py;django/db/models/sql/query.py,3,0.039473684210526314,True,True,,0,0.0,False,False,0,0,0,0,same_file_overlap,prior_trajectory_inspected_target_gold_file
django__django-34481,django/django,django__django-16816,django__django-34481,django/contrib/admin/checks.py,django/contrib/admin/checks.py;docs/ref/checks.txt,1,2,django/contrib/admin/checks.py,1,0.5,True,True,./swebench_9_15/manual.yaml;./swebench_9_15/output/django__django-16816_preds.json;./swebench_9_15/test_fix.py;./swebench_9_15/verify_fix.py;/django/contrib/admin/checks.py;/opt/anaconda3/lib/python3.8/site.py;/some/path/django/contrib/admin/templatetags/admin_list.py;/some/path/django/contrib/admin/templatetags/base.py;/some/path/django/contrib/admin/utils.py;/some/path/django/core/handlers/base.py;/some/path/django/core/handlers/exception.py;/some/path/django/template/backends/django.py;/some/path/django/template/base.py;/some/path/django/template/library.py;/some/path/django/template/loader_tags.py;/some/path/django/template/response.py;a/django/contrib/admin/checks.py;a/test_issue.py;b/django/contrib/admin/checks.py;b/test_issue.py;django/__init__.py;django/contrib/admin//checks.py;django/contrib/admin/checks.py;django/db/models//fields/related_descriptors.py;django/db/models/fields/related_descriptors.py;django/utils/functional.py;django/utils/regex_helper.py;django/utils/version.py;ndjango/db/models//fields/related.py;ndjango/db/models//fields/related_descriptors.py;output/django__django-16816_preds.json;tests/modeladmin/models.py;tests/modeladmin/test_checks.py;tests/runtests.py,./swebench_9_15/manual.yaml;./swebench_9_15/output/django__django-16816_preds.json;_preds.json;django/contriadmin/checks.py;output/django__django-16816_preds.json;test_issue.py,./swebench_9_15/test_fix.py;a/test_issue.py;b/test_issue.py;tests/modeladmin/models.py;tests/modeladmin/test_checks.py;tests/runtests.py,./swebench_9_15/manual.yaml;./swebench_9_15/output/django__django-16816_preds.json;./swebench_9_15/verify_fix.py;/django/contrib/admin/checks.py;/opt/anaconda3/lib/python3.8/site.py;/some/path/django/contrib/admin/templatetags/admin_list.py;/some/path/django/contrib/admin/templatetags/base.py;/some/path/django/contrib/admin/utils.py;/some/path/django/core/handlers/base.py;/some/path/django/core/handlers/exception.py;/some/path/django/template/backends/django.py;/some/path/django/template/base.py;/some/path/django/template/library.py;/some/path/django/template/loader_tags.py;/some/path/django/template/response.py;a/django/contrib/admin/checks.py;b/django/contrib/admin/checks.py;django/__init__.py;django/contrib/admin//checks.py;django/contrib/admin/checks.py;django/db/models//fields/related_descriptors.py;django/db/models/fields/related_descriptors.py;django/utils/functional.py;django/utils/regex_helper.py;django/utils/version.py;ndjango/db/models//fields/related.py;ndjango/db/models//fields/related_descriptors.py;output/django__django-16816_preds.json;tests/modeladmin/models.py;tests/runtests.py,django/contrib/admin/checks.py,1,0.02857142857142857,True,True,,0,0.0,False,False,0,0,0,0,same_file_overlap,prior_trajectory_inspected_target_gold_file
django__django-34525,django/django,django__django-16820,django__django-34525,django/db/migrations/operations/models.py,django/db/migrations/operations/models.py;docs/releases/4.2.1.txt;docs/releases/4.2.txt,1,3,django/db/migrations/operations/models.py,1,0.3333333333333333,True,True,./runtests.py;./swebench_9_15/SOLUTION_SUMMARY.md;./swebench_9_15/manual.yaml;./swebench_9_15/output/django__django-16820_preds.json;./swebench_9_15/tests/migrations/test_optimizer.py;//www.py;/opt/anaconda3/lib/python3.8/site.py;a/django/db/migrations/operations/models.py;a/test_debug.py;a/test_debug2.py;a/test_issue.py;a/test_issue_simple.py;a/tests/migrations/test_optimizer.py;b/django/db/migrations/operations/models.py;b/test_debug.py;b/test_debug2.py;b/test_issue.py;b/test_issue_simple.py;b/tests/migrations/test_optimizer.py;django/__init__.py;django/conf/__init__.py;django/core/signals.py;django/db/__init__.py;django/db/backends/base/schema.py;django/db/backends/sqlite3/schema.py;django/db/migrations/autodetector.py;django/db/migrations/executor.py;django/db/migrations/graph.py;django/db/migrations/loader.py;django/db/migrations/operations/models.py;django/db/migrations/optimizer.py;django/db/migrations/state.py;django/db/models/base.py;django/db/models/options.py;django/dispatch/__init__.py;django/dispatch/dispatcher.py;django/utils/deprecation.py;django/utils/functional.py;django/utils/regex_helper.py;django/utils/version.py;docs/internals/deprecation.txt;docs/ref/checks.txt;docs/ref/migration-operations.txt;docs/ref/models/options.txt;docs/ref/schema-editor.txt;docs/releases/1.11.txt;docs/releases/1.5.txt;docs/releases/1.7.1.txt;docs/releases/1.7.2.txt;docs/releases/1.7.txt;docs/releases/1.8.2.txt;docs/releases/4.1.txt;docs/releases/4.2.txt;ndjango/db/backends/base/schema.py;ndjango/db/backends/sqlite3/schema.py;ndjango/db/migrations/autodetector.py;ndjango/db/migrations/executor.py;ndjango/db/migrations/graph.py;ndjango/db/migrations/loader.py;ndjango/db/migrations/operations/models.py;ndjango/db/migrations/state.py;ndjango/db/models/base.py;ndjango/db/models/options.py;ndocs/internals/deprecation.txt;ndocs/ref/checks.txt;ndocs/ref/migration-operations.txt;ndocs/ref/models/options.txt;ndocs/ref/schema-editor.txt;ndocs/releases/1.11.txt;ndocs/releases/1.5.txt;ndocs/releases/1.7.1.txt;ndocs/releases/1.7.2.txt;ndocs/releases/1.7.txt;ndocs/releases/1.8.2.txt;ndocs/releases/4.1.txt;ndocs/releases/4.2.txt;ntests/forms_tests/tests/test_forms.py;ntests/indexes/tests.py;ntests/invalid_models_tests/test_models.py;ntests/migrations/test_autodetector.py;ntests/migrations/test_base.py;ntests/migrations/test_operations.py;ntests/migrations/test_optimizer.py;ntests/migrations/test_state.py;ntests/schema/tests.py;output/django__django-16820_preds.json;requirements/py3.txt;tests/README.rst;tests/forms_tests/tests/test_forms.py;tests/indexes/tests.py;tests/invalid_models_tests/test_models.py;tests/migrations/test_autodetector.py;tests/migrations/test_base.py;tests/migrations/test_operations.py;tests/migrations/test_optimizer.py;tests/migrations/test_state.py;tests/runtests.py;tests/schema/tests.py,./swebench_9_15/manual.yaml;./swebench_9_15/output/django__django-16820_preds.json;_preds.json;django/dmigrations/operations/models.py;test_debug.py;test_debug2.py;test_issue.py;test_issue_simple.py;tests/migrations/test_optimizer.py,./swebench_9_15/tests/migrations/test_optimizer.py;a/test_debug.py;a/test_debug2.py;a/test_issue.py;a/test_issue_simple.py;a/tests/migrations/test_optimizer.py;b/test_debug.py;b/test_debug2.py;b/test_issue.py;b/test_issue_simple.py;b/tests/migrations/test_optimizer.py;ntests/forms_tests/tests/test_forms.py;ntests/invalid_models_tests/test_models.py;ntests/migrations/test_autodetector.py;ntests/migrations/test_base.py;ntests/migrations/test_operations.py;ntests/migrations/test_optimizer.py;ntests/migrations/test_state.py;tests/README.rst;tests/forms_tests/tests/test_forms.py;tests/indexes/tests.py;tests/invalid_models_tests/test_models.py;tests/migrations/test_autodetector.py;tests/migrations/test_base.py;tests/migrations/test_operations.py;tests/migrations/test_optimizer.py;tests/migrations/test_state.py;tests/runtests.py;tests/schema/tests.py,./runtests.py;./swebench_9_15/SOLUTION_SUMMARY.md;./swebench_9_15/manual.yaml;./swebench_9_15/output/django__django-16820_preds.json;//www.py;/opt/anaconda3/lib/python3.8/site.py;a/django/db/migrations/operations/models.py;b/django/db/migrations/operations/models.py;django/__init__.py;django/conf/__init__.py;django/core/signals.py;django/db/__init__.py;django/db/backends/base/schema.py;django/db/backends/sqlite3/schema.py;django/db/migrations/autodetector.py;django/db/migrations/executor.py;django/db/migrations/graph.py;django/db/migrations/loader.py;django/db/migrations/operations/models.py;django/db/migrations/optimizer.py;django/db/migrations/state.py;django/db/models/base.py;django/db/models/options.py;django/dispatch/__init__.py;django/dispatch/dispatcher.py;django/utils/deprecation.py;django/utils/functional.py;django/utils/regex_helper.py;django/utils/version.py;docs/internals/deprecation.txt;docs/ref/checks.txt;docs/ref/migration-operations.txt;docs/ref/models/options.txt;docs/ref/schema-editor.txt;docs/releases/1.11.txt;docs/releases/1.5.txt;docs/releases/1.7.1.txt;docs/releases/1.7.2.txt;docs/releases/1.7.txt;docs/releases/1.8.2.txt;docs/releases/4.1.txt;docs/releases/4.2.txt;ndjango/db/backends/base/schema.py;ndjango/db/backends/sqlite3/schema.py;ndjango/db/migrations/autodetector.py;ndjango/db/migrations/executor.py;ndjango/db/migrations/graph.py;ndjango/db/migrations/loader.py;ndjango/db/migrations/operations/models.py;ndjango/db/migrations/state.py;ndjango/db/models/base.py;ndjango/db/models/options.py;ndocs/internals/deprecation.txt;ndocs/ref/checks.txt;ndocs/ref/migration-operations.txt;ndocs/ref/models/options.txt;ndocs/ref/schema-editor.txt;ndocs/releases/1.11.txt;ndocs/releases/1.5.txt;ndocs/releases/1.7.1.txt;ndocs/releases/1.7.2.txt;ndocs/releases/1.7.txt;ndocs/releases/1.8.2.txt;ndocs/releases/4.1.txt;ndocs/releases/4.2.txt;ntests/indexes/tests.py;ntests/schema/tests.py;output/django__django-16820_preds.json;requirements/py3.txt;tests/README.rst;tests/indexes/tests.py;tests/runtests.py;tests/schema/tests.py,django/db/migrations/operations/models.py;docs/releases/4.2.txt,2,0.020202020202020204,True,True,,0,0.0,False,False,0,0,0,0,same_file_overlap,prior_trajectory_inspected_target_gold_file
django__django-34570,django/django,django__django-16910,django__django-34570,django/db/models/sql/query.py,django/db/models/sql/query.py;docs/releases/4.2.2.txt,1,2,django/db/models/sql/query.py,1,0.5,True,True,./manual.yaml;./swebench_9_15/manual.yaml;./swebench_9_15/output/django__django-16910_preds.json;./swebench_9_15/test_issue.py;//www.py;/opt/anaconda3/lib/python3.8/site.py;a/django/db/models/sql/query.py;a/docs/releases/4.2.2.txt;a/tests/defer_regress/tests.py;a/tests/select_related_onetoone/tests.py;b/django/db/models/sql/query.py;b/docs/releases/4.2.2.txt;b/tests/defer_regress/tests.py;b/tests/select_related_onetoone/tests.py;django/__init__.py;django/apps/__init__.py;django/apps/registry.py;django/db/models/query.py;django/db/models/sql/query.py;docs/howto/upgrade-version.txt;docs/internals/howto-release-django.txt;docs/releases/4.2.2.txt;docs/releases/6.0.txt;docs/topics/auth/passwords.txt;docs/topics/cache.txt;ndjango/db/models/query.py;ndjango/db/models/sql/query.py;output/django__django-16910_preds.json;tests/defer_regress/tests.py;tests/select_related_onetoone/tests.py,./swebench_9_15/manual.yaml;./swebench_9_15/output/django__django-16910_preds.json;_preds.json;django/dmodels/sql/query.py;docs/releases/4.2.2.txt;query.py;tests/defer_regress/tests.py;tests/select_related_onetoone/tests.py,./swebench_9_15/test_issue.py;a/tests/defer_regress/tests.py;a/tests/select_related_onetoone/tests.py;b/tests/defer_regress/tests.py;b/tests/select_related_onetoone/tests.py;tests/defer_regress/tests.py;tests/select_related_onetoone/tests.py,./manual.yaml;./swebench_9_15/manual.yaml;./swebench_9_15/output/django__django-16910_preds.json;//www.py;/opt/anaconda3/lib/python3.8/site.py;a/django/db/models/sql/query.py;a/docs/releases/4.2.2.txt;b/django/db/models/sql/query.py;b/docs/releases/4.2.2.txt;django/__init__.py;django/apps/__init__.py;django/apps/registry.py;django/db/models/query.py;django/db/models/sql/query.py;docs/howto/upgrade-version.txt;docs/internals/howto-release-django.txt;docs/releases/4.2.2.txt;docs/releases/6.0.txt;docs/topics/auth/passwords.txt;docs/topics/cache.txt;ndjango/db/models/query.py;ndjango/db/models/sql/query.py;output/django__django-16910_preds.json;tests/defer_regress/tests.py;tests/select_related_onetoone/tests.py,django/db/models/sql/query.py;docs/releases/4.2.2.txt,2,0.06666666666666667,True,True,docs/releases/4.2.2.txt,1,0.1111111111111111,True,True,0,0,1,0,same_file_overlap,prior_trajectory_edited_target_gold_file
django__django-35356,django/django,django__django-16910,django__django-35356,django/db/models/sql/query.py,django/db/models/query_utils.py;django/db/models/sql/compiler.py;django/db/models/sql/query.py,1,3,django/db/models/sql/query.py,1,0.3333333333333333,True,True,./manual.yaml;./swebench_9_15/manual.yaml;./swebench_9_15/output/django__django-16910_preds.json;./swebench_9_15/test_issue.py;//www.py;/opt/anaconda3/lib/python3.8/site.py;a/django/db/models/sql/query.py;a/docs/releases/4.2.2.txt;a/tests/defer_regress/tests.py;a/tests/select_related_onetoone/tests.py;b/django/db/models/sql/query.py;b/docs/releases/4.2.2.txt;b/tests/defer_regress/tests.py;b/tests/select_related_onetoone/tests.py;django/__init__.py;django/apps/__init__.py;django/apps/registry.py;django/db/models/query.py;django/db/models/sql/query.py;docs/howto/upgrade-version.txt;docs/internals/howto-release-django.txt;docs/releases/4.2.2.txt;docs/releases/6.0.txt;docs/topics/auth/passwords.txt;docs/topics/cache.txt;ndjango/db/models/query.py;ndjango/db/models/sql/query.py;output/django__django-16910_preds.json;tests/defer_regress/tests.py;tests/select_related_onetoone/tests.py,./swebench_9_15/manual.yaml;./swebench_9_15/output/django__django-16910_preds.json;_preds.json;django/dmodels/sql/query.py;docs/releases/4.2.2.txt;query.py;tests/defer_regress/tests.py;tests/select_related_onetoone/tests.py,./swebench_9_15/test_issue.py;a/tests/defer_regress/tests.py;a/tests/select_related_onetoone/tests.py;b/tests/defer_regress/tests.py;b/tests/select_related_onetoone/tests.py;tests/defer_regress/tests.py;tests/select_related_onetoone/tests.py,./manual.yaml;./swebench_9_15/manual.yaml;./swebench_9_15/output/django__django-16910_preds.json;//www.py;/opt/anaconda3/lib/python3.8/site.py;a/django/db/models/sql/query.py;a/docs/releases/4.2.2.txt;b/django/db/models/sql/query.py;b/docs/releases/4.2.2.txt;django/__init__.py;django/apps/__init__.py;django/apps/registry.py;django/db/models/query.py;django/db/models/sql/query.py;docs/howto/upgrade-version.txt;docs/internals/howto-release-django.txt;docs/releases/4.2.2.txt;docs/releases/6.0.txt;docs/topics/auth/passwords.txt;docs/topics/cache.txt;ndjango/db/models/query.py;ndjango/db/models/sql/query.py;output/django__django-16910_preds.json;tests/defer_regress/tests.py;tests/select_related_onetoone/tests.py,django/db/models/sql/query.py,1,0.03125,True,True,,0,0.0,False,False,0,0,0,0,same_file_overlap,prior_trajectory_inspected_target_gold_file
matplotlib__matplotlib-10050,matplotlib/matplotlib,matplotlib__matplotlib-23913,matplotlib__matplotlib-10050,lib/matplotlib/legend.py,doc/api/animation_api.rst;doc/api/api_changes/2017-12-20-TH.rst;lib/matplotlib/backends/qt_editor/figureoptions.py;lib/matplotlib/legend.py,1,4,lib/matplotlib/legend.py,1,0.25,True,True,../test_draggable.py;./swebench_9_15/manual.yaml;./swebench_9_15/output/matplotlib__matplotlib-23913_preds.json;./swebench_9_15/test_draggable.py;//www.py;/Applications/ADFRsuite-1.0/lib/python2.7/site-packages/matplotlib/figure.py;/Applications/ADFRsuite-1.0/lib/python2.7/site-packages/matplotlib/image.py;/Applications/ADFRsuite-1.0/lib/python2.7/site-packages/matplotlib/pyplot.py;/legend.py;a/lib/matplotlib/legend.py;b/lib/matplotlib/legend.py;examples/text_labels_and_annotations/legend.py;lib/matplotlib/legend.py;n../test_draggable.py;nlib/matplotlib/legend.py;output/matplotlib__matplotlib-23913_preds.json,./swebench_9_15/manual.yaml;./swebench_9_15/output/matplotlib__matplotlib-23913_preds.json;_preds.json;limatplotlilegend.py;output/matplotlib__matplotlib-23913_preds.json,../test_draggable.py;./swebench_9_15/test_draggable.py;n../test_draggable.py,./swebench_9_15/manual.yaml;./swebench_9_15/output/matplotlib__matplotlib-23913_preds.json;//www.py;/Applications/ADFRsuite-1.0/lib/python2.7/site-packages/matplotlib/figure.py;/Applications/ADFRsuite-1.0/lib/python2.7/site-packages/matplotlib/image.py;/Applications/ADFRsuite-1.0/lib/python2.7/site-packages/matplotlib/pyplot.py;/legend.py;a/lib/matplotlib/legend.py;b/lib/matplotlib/legend.py;examples/text_labels_and_annotations/legend.py;lib/matplotlib/legend.py;nlib/matplotlib/legend.py;output/matplotlib__matplotlib-23913_preds.json,lib/matplotlib/legend.py,1,0.05263157894736842,True,True,,0,0.0,False,False,1,1,1,1,same_file_overlap,prior_trajectory_inspected_target_gold_file
matplotlib__matplotlib-18294,matplotlib/matplotlib,matplotlib__matplotlib-24149,matplotlib__matplotlib-18294,lib/matplotlib/axes/_axes.py,lib/matplotlib/axes/_axes.py;lib/matplotlib/cbook.py,1,2,lib/matplotlib/axes/_axes.py,1,0.5,True,True,./manual.yaml;./swebench_9_15/manual.yaml;./swebench_9_15/output/matplotlib__matplotlib-24149_preds.json;./swebench_9_15/test_bug.py;./swebench_9_15/test_comprehensive.py;/Applications/ADFRsuite-1.0/lib/python2.7/site-packages/matplotlib/figure.py;/Applications/ADFRsuite-1.0/lib/python2.7/site-packages/matplotlib/image.py;/Applications/ADFRsuite-1.0/lib/python2.7/site-packages/matplotlib/pyplot.py;/miniconda/envs/py310/lib/python3.10/site-packages/matplotlib/__init__.py;/miniconda/envs/py310/lib/python3.10/site-packages/matplotlib/axes/_axes.py;/miniconda/envs/py310/lib/python3.10/site-packages/matplotlib/cbook/__init__.py;/opt/anaconda3/lib/python3.8/site.py;a/lib/matplotlib/axes/_axes.py;b/lib/matplotlib/axes/_axes.py;cbook/__init__.py;gallery/lines_bars_and_markers/eventplot_demo.py;gallery/statistics/bxp.py;gallery/text_labels_and_annotations/legend.py;lib/matplotlib/__init__.py;lib/matplotlib/axes/_axes.py;lib/matplotlib/cbook/__init__.py;matplotlib/axes/_axes.py;output/matplotlib__matplotlib-24149_preds.json,./swebench_9_15/manual.yaml;./swebench_9_15/output/matplotlib__matplotlib-24149_preds.json;_preds.json;limatplotliaxes/_axes.py,./swebench_9_15/test_bug.py;./swebench_9_15/test_comprehensive.py,./manual.yaml;./swebench_9_15/manual.yaml;./swebench_9_15/output/matplotlib__matplotlib-24149_preds.json;/Applications/ADFRsuite-1.0/lib/python2.7/site-packages/matplotlib/figure.py;/Applications/ADFRsuite-1.0/lib/python2.7/site-packages/matplotlib/image.py;/Applications/ADFRsuite-1.0/lib/python2.7/site-packages/matplotlib/pyplot.py;/miniconda/envs/py310/lib/python3.10/site-packages/matplotlib/__init__.py;/miniconda/envs/py310/lib/python3.10/site-packages/matplotlib/axes/_axes.py;/miniconda/envs/py310/lib/python3.10/site-packages/matplotlib/cbook/__init__.py;/opt/anaconda3/lib/python3.8/site.py;a/lib/matplotlib/axes/_axes.py;b/lib/matplotlib/axes/_axes.py;cbook/__init__.py;gallery/lines_bars_and_markers/eventplot_demo.py;gallery/statistics/bxp.py;gallery/text_labels_and_annotations/legend.py;lib/matplotlib/__init__.py;lib/matplotlib/axes/_axes.py;lib/matplotlib/cbook/__init__.py;matplotlib/axes/_axes.py;output/matplotlib__matplotlib-24149_preds.json,lib/matplotlib/axes/_axes.py,1,0.041666666666666664,True,True,,0,0.0,False,False,0,0,0,0,same_file_overlap,prior_trajectory_inspected_target_gold_file
matplotlib__matplotlib-22482,matplotlib/matplotlib,matplotlib__matplotlib-25332,matplotlib__matplotlib-22482,lib/matplotlib/cbook.py,lib/matplotlib/widgets.py;lib/matplotlib/widgets.pyi,1,2,,0,0.0,False,True,./swebench_9_15/manual.yaml;./swebench_9_15/output/matplotlib__matplotlib-25332_preds.json;/lib/matplotlib/cbook.py;/opt/anaconda3/lib/python3.8/site.py;a/lib/matplotlib/cbook.py;a/test_grouper_debug.py;a/test_grouper_debug2.py;a/test_grouper_minimal.py;a/test_grouper_pickle.py;a/test_matplotlib_pickle.py;a/test_pickle_issue.py;b/lib/matplotlib/cbook.py;b/test_grouper_debug.py;b/test_grouper_debug2.py;b/test_grouper_minimal.py;b/test_grouper_pickle.py;b/test_matplotlib_pickle.py;b/test_pickle_issue.py;lib/matplotlib/__init__.py;lib/matplotlib/cbook.py;lib/matplotlib/figure.py;nlib/matplotlib/cbook.py;nlib/matplotlib/figure.py;output/matplotlib__matplotlib-25332_preds.json,./swebench_9_15/manual.yaml;./swebench_9_15/output/matplotlib__matplotlib-25332_preds.json;./swebench_9_15/testbed/limatplotlicbook.py;_preds.json;limatplotlicbook.py;matplotlib.py;test_grouper_debug.py;test_grouper_debug2.py;test_grouper_minimal.py;test_grouper_pickle.py;test_matplotlib_pickle.py;test_pickle_issue.py,a/test_grouper_debug.py;a/test_grouper_debug2.py;a/test_grouper_minimal.py;a/test_grouper_pickle.py;a/test_matplotlib_pickle.py;a/test_pickle_issue.py;b/test_grouper_debug.py;b/test_grouper_debug2.py;b/test_grouper_minimal.py;b/test_grouper_pickle.py;b/test_matplotlib_pickle.py;b/test_pickle_issue.py,./swebench_9_15/manual.yaml;./swebench_9_15/output/matplotlib__matplotlib-25332_preds.json;/lib/matplotlib/cbook.py;/opt/anaconda3/lib/python3.8/site.py;a/lib/matplotlib/cbook.py;b/lib/matplotlib/cbook.py;lib/matplotlib/__init__.py;lib/matplotlib/cbook.py;lib/matplotlib/figure.py;nlib/matplotlib/cbook.py;nlib/matplotlib/figure.py;output/matplotlib__matplotlib-25332_preds.json,,0,0.0,False,True,,0,0.0,False,False,0,0,0,1,same_directory_only,prior_trajectory_same_directory_as_target_gold
matplotlib__matplotlib-22686,matplotlib/matplotlib,matplotlib__matplotlib-22711,matplotlib__matplotlib-22686,lib/matplotlib/widgets.py,lib/matplotlib/widgets.py,1,1,lib/matplotlib/widgets.py,1,1.0,True,True,./swebench_9_15/manual.yaml;./swebench_9_15/output/matplotlib__matplotlib-22711_preds.json;./swebench_9_15/test_rangeslider.py;./swebench_9_15/test_rangeslider_comprehensive.py;/Users/Vincent/opt/anaconda3/envs/py38/lib/python3.8/site-packages/matplotlib/widgets.py;/lib/matplotlib/widgets.py;/widgets.py;a/lib/matplotlib/widgets.py;b/lib/matplotlib/widgets.py;lib/matplotlib/widgets.py;nlib/matplotlib/testing/widgets.py;output/matplotlib__matplotlib-22711_preds.json,./swebench_9_15/manual.yaml;./swebench_9_15/output/matplotlib__matplotlib-22711_preds.json;_preds.json;limatplotliwidgets.py;manual.yaml,./swebench_9_15/test_rangeslider.py;./swebench_9_15/test_rangeslider_comprehensive.py,./swebench_9_15/manual.yaml;./swebench_9_15/output/matplotlib__matplotlib-22711_preds.json;/Users/Vincent/opt/anaconda3/envs/py38/lib/python3.8/site-packages/matplotlib/widgets.py;/lib/matplotlib/widgets.py;/widgets.py;a/lib/matplotlib/widgets.py;b/lib/matplotlib/widgets.py;lib/matplotlib/widgets.py;nlib/matplotlib/testing/widgets.py;output/matplotlib__matplotlib-22711_preds.json,lib/matplotlib/widgets.py,1,0.08333333333333333,True,True,,0,0.0,False,False,1,1,1,1,same_file_overlap,prior_trajectory_inspected_target_gold_file
matplotlib__matplotlib-22706,matplotlib/matplotlib,matplotlib__matplotlib-22711,matplotlib__matplotlib-22706,lib/matplotlib/widgets.py,lib/matplotlib/widgets.py,1,1,lib/matplotlib/widgets.py,1,1.0,True,True,./swebench_9_15/manual.yaml;./swebench_9_15/output/matplotlib__matplotlib-22711_preds.json;./swebench_9_15/test_rangeslider.py;./swebench_9_15/test_rangeslider_comprehensive.py;/Users/Vincent/opt/anaconda3/envs/py38/lib/python3.8/site-packages/matplotlib/widgets.py;/lib/matplotlib/widgets.py;/widgets.py;a/lib/matplotlib/widgets.py;b/lib/matplotlib/widgets.py;lib/matplotlib/widgets.py;nlib/matplotlib/testing/widgets.py;output/matplotlib__matplotlib-22711_preds.json,./swebench_9_15/manual.yaml;./swebench_9_15/output/matplotlib__matplotlib-22711_preds.json;_preds.json;limatplotliwidgets.py;manual.yaml,./swebench_9_15/test_rangeslider.py;./swebench_9_15/test_rangeslider_comprehensive.py,./swebench_9_15/manual.yaml;./swebench_9_15/output/matplotlib__matplotlib-22711_preds.json;/Users/Vincent/opt/anaconda3/envs/py38/lib/python3.8/site-packages/matplotlib/widgets.py;/lib/matplotlib/widgets.py;/widgets.py;a/lib/matplotlib/widgets.py;b/lib/matplotlib/widgets.py;lib/matplotlib/widgets.py;nlib/matplotlib/testing/widgets.py;output/matplotlib__matplotlib-22711_preds.json,lib/matplotlib/widgets.py,1,0.08333333333333333,True,True,,0,0.0,False,False,1,1,1,1,same_file_overlap,prior_trajectory_inspected_target_gold_file
matplotlib__matplotlib-23098,matplotlib/matplotlib,matplotlib__matplotlib-22835,matplotlib__matplotlib-23098,lib/matplotlib/artist.py,lib/matplotlib/artist.py,1,1,lib/matplotlib/artist.py,1,1.0,True,True,./swebench_9_15/manual.yaml;./swebench_9_15/output/matplotlib__matplotlib-22835_preds.json;//www.py;/Applications/ADFRsuite-1.0/lib/python2.7/site-packages/matplotlib/figure.py;/Applications/ADFRsuite-1.0/lib/python2.7/site-packages/matplotlib/image.py;/Applications/ADFRsuite-1.0/lib/python2.7/site-packages/matplotlib/pyplot.py;/Users/jklymak/matplotlib/lib/matplotlib/artist.py;/Users/jklymak/matplotlib/lib/matplotlib/colors.py;/lib/matplotlib/artist.py;/lib/matplotlib/colors.py;a/lib/matplotlib/artist.py;a/test_boundarynorm_fix.py;a/test_comprehensive.py;b/lib/matplotlib/artist.py;b/test_boundarynorm_fix.py;b/test_comprehensive.py;lib/matplotlib/artist.py;lib/matplotlib/colors.py;output/matplotlib__matplotlib-22835_preds.json,./swebench_9_15/manual.yaml;./swebench_9_15/output/matplotlib__matplotlib-22835_preds.json;_preds.json;limatplotliartist.py;matplotlib.py;test_boundarynorm_fix.py;test_comprehensive.py,a/test_boundarynorm_fix.py;a/test_comprehensive.py;b/test_boundarynorm_fix.py;b/test_comprehensive.py,./swebench_9_15/manual.yaml;./swebench_9_15/output/matplotlib__matplotlib-22835_preds.json;//www.py;/Applications/ADFRsuite-1.0/lib/python2.7/site-packages/matplotlib/figure.py;/Applications/ADFRsuite-1.0/lib/python2.7/site-packages/matplotlib/image.py;/Applications/ADFRsuite-1.0/lib/python2.7/site-packages/matplotlib/pyplot.py;/Users/jklymak/matplotlib/lib/matplotlib/artist.py;/Users/jklymak/matplotlib/lib/matplotlib/colors.py;/lib/matplotlib/artist.py;/lib/matplotlib/colors.py;a/lib/matplotlib/artist.py;b/lib/matplotlib/artist.py;lib/matplotlib/artist.py;lib/matplotlib/colors.py;output/matplotlib__matplotlib-22835_preds.json,lib/matplotlib/artist.py,1,0.05263157894736842,True,True,,0,0.0,False,False,0,0,0,0,same_file_overlap,prior_trajectory_inspected_target_gold_file
matplotlib__matplotlib-23172,matplotlib/matplotlib,matplotlib__matplotlib-23299,matplotlib__matplotlib-23172,lib/matplotlib/__init__.py,doc/api/next_api_changes/behavior/23299-TAC.rst;lib/matplotlib/__init__.py,1,2,lib/matplotlib/__init__.py,1,0.5,True,True,./swebench_9_15/comprehensive_test.py;./swebench_9_15/manual.yaml;./swebench_9_15/output/matplotlib__matplotlib-23299_preds.json;./swebench_9_15/reproduce_bug.py;./swebench_9_15/reproduce_bug2.py;./swebench_9_15/test_backend.py;./swebench_9_15/test_backend_name.py;./swebench_9_15/test_backend_stored.py;./swebench_9_15/test_close.py;./swebench_9_15/test_workarounds.py;//docs.py;//packaging.py;/Applications/ADFRsuite-1.0/lib/python2.7/site-packages/matplotlib/figure.py;/Applications/ADFRsuite-1.0/lib/python2.7/site-packages/matplotlib/image.py;/Applications/ADFRsuite-1.0/lib/python2.7/site-packages/matplotlib/pyplot.py;a/lib/matplotlib/__init__.py;b/lib/matplotlib/__init__.py;lib/matplotlib/__init__.py;lib/matplotlib/backend_bases.py;lib/matplotlib/pyplot.py;nlib/matplotlib/__init__.py;nlib/matplotlib/backend_bases.py;nlib/matplotlib/pyplot.py;output/matplotlib__matplotlib-23299_preds.json,./swebench_9_15/manual.yaml;./swebench_9_15/output/matplotlib__matplotlib-23299_preds.json;_preds.json;limatplotli__init__.py,./swebench_9_15/test_backend.py;./swebench_9_15/test_backend_name.py;./swebench_9_15/test_backend_stored.py;./swebench_9_15/test_close.py;./swebench_9_15/test_workarounds.py,./swebench_9_15/comprehensive_test.py;./swebench_9_15/manual.yaml;./swebench_9_15/output/matplotlib__matplotlib-23299_preds.json;./swebench_9_15/reproduce_bug.py;./swebench_9_15/reproduce_bug2.py;//docs.py;//packaging.py;/Applications/ADFRsuite-1.0/lib/python2.7/site-packages/matplotlib/figure.py;/Applications/ADFRsuite-1.0/lib/python2.7/site-packages/matplotlib/image.py;/Applications/ADFRsuite-1.0/lib/python2.7/site-packages/matplotlib/pyplot.py;a/lib/matplotlib/__init__.py;b/lib/matplotlib/__init__.py;lib/matplotlib/__init__.py;lib/matplotlib/backend_bases.py;lib/matplotlib/pyplot.py;nlib/matplotlib/__init__.py;nlib/matplotlib/backend_bases.py;nlib/matplotlib/pyplot.py;output/matplotlib__matplotlib-23299_preds.json,lib/matplotlib/__init__.py,1,0.04,True,True,,0,0.0,False,False,0,0,0,0,same_file_overlap,prior_trajectory_inspected_target_gold_file
matplotlib__matplotlib-23687,matplotlib/matplotlib,matplotlib__matplotlib-24149,matplotlib__matplotlib-23687,lib/matplotlib/axes/_axes.py,lib/matplotlib/axes/_axes.py;lib/matplotlib/cbook/__init__.py;lib/matplotlib/dates.py;lib/matplotlib/units.py,1,4,lib/matplotlib/axes/_axes.py,1,0.25,True,True,./manual.yaml;./swebench_9_15/manual.yaml;./swebench_9_15/output/matplotlib__matplotlib-24149_preds.json;./swebench_9_15/test_bug.py;./swebench_9_15/test_comprehensive.py;/Applications/ADFRsuite-1.0/lib/python2.7/site-packages/matplotlib/figure.py;/Applications/ADFRsuite-1.0/lib/python2.7/site-packages/matplotlib/image.py;/Applications/ADFRsuite-1.0/lib/python2.7/site-packages/matplotlib/pyplot.py;/miniconda/envs/py310/lib/python3.10/site-packages/matplotlib/__init__.py;/miniconda/envs/py310/lib/python3.10/site-packages/matplotlib/axes/_axes.py;/miniconda/envs/py310/lib/python3.10/site-packages/matplotlib/cbook/__init__.py;/opt/anaconda3/lib/python3.8/site.py;a/lib/matplotlib/axes/_axes.py;b/lib/matplotlib/axes/_axes.py;cbook/__init__.py;gallery/lines_bars_and_markers/eventplot_demo.py;gallery/statistics/bxp.py;gallery/text_labels_and_annotations/legend.py;lib/matplotlib/__init__.py;lib/matplotlib/axes/_axes.py;lib/matplotlib/cbook/__init__.py;matplotlib/axes/_axes.py;output/matplotlib__matplotlib-24149_preds.json,./swebench_9_15/manual.yaml;./swebench_9_15/output/matplotlib__matplotlib-24149_preds.json;_preds.json;limatplotliaxes/_axes.py,./swebench_9_15/test_bug.py;./swebench_9_15/test_comprehensive.py,./manual.yaml;./swebench_9_15/manual.yaml;./swebench_9_15/output/matplotlib__matplotlib-24149_preds.json;/Applications/ADFRsuite-1.0/lib/python2.7/site-packages/matplotlib/figure.py;/Applications/ADFRsuite-1.0/lib/python2.7/site-packages/matplotlib/image.py;/Applications/ADFRsuite-1.0/lib/python2.7/site-packages/matplotlib/pyplot.py;/miniconda/envs/py310/lib/python3.10/site-packages/matplotlib/__init__.py;/miniconda/envs/py310/lib/python3.10/site-packages/matplotlib/axes/_axes.py;/miniconda/envs/py310/lib/python3.10/site-packages/matplotlib/cbook/__init__.py;/opt/anaconda3/lib/python3.8/site.py;a/lib/matplotlib/axes/_axes.py;b/lib/matplotlib/axes/_axes.py;cbook/__init__.py;gallery/lines_bars_and_markers/eventplot_demo.py;gallery/statistics/bxp.py;gallery/text_labels_and_annotations/legend.py;lib/matplotlib/__init__.py;lib/matplotlib/axes/_axes.py;lib/matplotlib/cbook/__init__.py;matplotlib/axes/_axes.py;output/matplotlib__matplotlib-24149_preds.json,lib/matplotlib/axes/_axes.py;lib/matplotlib/cbook/__init__.py,2,0.08,True,True,,0,0.0,False,False,0,0,0,0,same_file_overlap,prior_trajectory_inspected_target_gold_file
matplotlib__matplotlib-24818,matplotlib/matplotlib,matplotlib__matplotlib-24149,matplotlib__matplotlib-24818,lib/matplotlib/axes/_axes.py,lib/matplotlib/axes/_axes.py;lib/matplotlib/cbook.py,1,2,lib/matplotlib/axes/_axes.py,1,0.5,True,True,./manual.yaml;./swebench_9_15/manual.yaml;./swebench_9_15/output/matplotlib__matplotlib-24149_preds.json;./swebench_9_15/test_bug.py;./swebench_9_15/test_comprehensive.py;/Applications/ADFRsuite-1.0/lib/python2.7/site-packages/matplotlib/figure.py;/Applications/ADFRsuite-1.0/lib/python2.7/site-packages/matplotlib/image.py;/Applications/ADFRsuite-1.0/lib/python2.7/site-packages/matplotlib/pyplot.py;/miniconda/envs/py310/lib/python3.10/site-packages/matplotlib/__init__.py;/miniconda/envs/py310/lib/python3.10/site-packages/matplotlib/axes/_axes.py;/miniconda/envs/py310/lib/python3.10/site-packages/matplotlib/cbook/__init__.py;/opt/anaconda3/lib/python3.8/site.py;a/lib/matplotlib/axes/_axes.py;b/lib/matplotlib/axes/_axes.py;cbook/__init__.py;gallery/lines_bars_and_markers/eventplot_demo.py;gallery/statistics/bxp.py;gallery/text_labels_and_annotations/legend.py;lib/matplotlib/__init__.py;lib/matplotlib/axes/_axes.py;lib/matplotlib/cbook/__init__.py;matplotlib/axes/_axes.py;output/matplotlib__matplotlib-24149_preds.json,./swebench_9_15/manual.yaml;./swebench_9_15/output/matplotlib__matplotlib-24149_preds.json;_preds.json;limatplotliaxes/_axes.py,./swebench_9_15/test_bug.py;./swebench_9_15/test_comprehensive.py,./manual.yaml;./swebench_9_15/manual.yaml;./swebench_9_15/output/matplotlib__matplotlib-24149_preds.json;/Applications/ADFRsuite-1.0/lib/python2.7/site-packages/matplotlib/figure.py;/Applications/ADFRsuite-1.0/lib/python2.7/site-packages/matplotlib/image.py;/Applications/ADFRsuite-1.0/lib/python2.7/site-packages/matplotlib/pyplot.py;/miniconda/envs/py310/lib/python3.10/site-packages/matplotlib/__init__.py;/miniconda/envs/py310/lib/python3.10/site-packages/matplotlib/axes/_axes.py;/miniconda/envs/py310/lib/python3.10/site-packages/matplotlib/cbook/__init__.py;/opt/anaconda3/lib/python3.8/site.py;a/lib/matplotlib/axes/_axes.py;b/lib/matplotlib/axes/_axes.py;cbook/__init__.py;gallery/lines_bars_and_markers/eventplot_demo.py;gallery/statistics/bxp.py;gallery/text_labels_and_annotations/legend.py;lib/matplotlib/__init__.py;lib/matplotlib/axes/_axes.py;lib/matplotlib/cbook/__init__.py;matplotlib/axes/_axes.py;output/matplotlib__matplotlib-24149_preds.json,lib/matplotlib/axes/_axes.py,1,0.041666666666666664,True,True,,0,0.0,False,False,0,0,0,0,same_file_overlap,prior_trajectory_inspected_target_gold_file
matplotlib__matplotlib-25352,matplotlib/matplotlib,matplotlib__matplotlib-25332,matplotlib__matplotlib-25352,lib/matplotlib/cbook.py,doc/api/next_api_changes/deprecations/25352-GL.rst;lib/matplotlib/axes/_base.py;lib/matplotlib/cbook.py;lib/mpl_toolkits/mplot3d/axes3d.py,1,4,lib/matplotlib/cbook.py,1,0.25,True,True,./swebench_9_15/manual.yaml;./swebench_9_15/output/matplotlib__matplotlib-25332_preds.json;/lib/matplotlib/cbook.py;/opt/anaconda3/lib/python3.8/site.py;a/lib/matplotlib/cbook.py;a/test_grouper_debug.py;a/test_grouper_debug2.py;a/test_grouper_minimal.py;a/test_grouper_pickle.py;a/test_matplotlib_pickle.py;a/test_pickle_issue.py;b/lib/matplotlib/cbook.py;b/test_grouper_debug.py;b/test_grouper_debug2.py;b/test_grouper_minimal.py;b/test_grouper_pickle.py;b/test_matplotlib_pickle.py;b/test_pickle_issue.py;lib/matplotlib/__init__.py;lib/matplotlib/cbook.py;lib/matplotlib/figure.py;nlib/matplotlib/cbook.py;nlib/matplotlib/figure.py;output/matplotlib__matplotlib-25332_preds.json,./swebench_9_15/manual.yaml;./swebench_9_15/output/matplotlib__matplotlib-25332_preds.json;./swebench_9_15/testbed/limatplotlicbook.py;_preds.json;limatplotlicbook.py;matplotlib.py;test_grouper_debug.py;test_grouper_debug2.py;test_grouper_minimal.py;test_grouper_pickle.py;test_matplotlib_pickle.py;test_pickle_issue.py,a/test_grouper_debug.py;a/test_grouper_debug2.py;a/test_grouper_minimal.py;a/test_grouper_pickle.py;a/test_matplotlib_pickle.py;a/test_pickle_issue.py;b/test_grouper_debug.py;b/test_grouper_debug2.py;b/test_grouper_minimal.py;b/test_grouper_pickle.py;b/test_matplotlib_pickle.py;b/test_pickle_issue.py,./swebench_9_15/manual.yaml;./swebench_9_15/output/matplotlib__matplotlib-25332_preds.json;/lib/matplotlib/cbook.py;/opt/anaconda3/lib/python3.8/site.py;a/lib/matplotlib/cbook.py;b/lib/matplotlib/cbook.py;lib/matplotlib/__init__.py;lib/matplotlib/cbook.py;lib/matplotlib/figure.py;nlib/matplotlib/cbook.py;nlib/matplotlib/figure.py;output/matplotlib__matplotlib-25332_preds.json,lib/matplotlib/cbook.py,1,0.037037037037037035,True,True,,0,0.0,False,False,1,0,0,0,same_file_overlap,prior_trajectory_inspected_target_gold_file
matplotlib__matplotlib-26331,matplotlib/matplotlib,matplotlib__matplotlib-26020,matplotlib__matplotlib-26331,lib/mpl_toolkits/axes_grid1/axes_grid.py,lib/mpl_toolkits/axes_grid1/axes_rgb.py,1,1,,0,0.0,False,True,./swebench_9_15/manual.yaml;./swebench_9_15/output/matplotlib__matplotlib-26020_preds.json;//www.py;/axes_grid.py;/home/jonasg/miniconda3/envs/pya/lib/python3.7/site-packages/mpl_toolkits/axes_grid1/axes_grid.py;/home/jonasg/stuff/bugreport_mpl_toolkits_AxesGrid.py;/opt/anaconda3/lib/python3.8/site.py;a/lib/mpl_toolkits/axes_grid1/axes_grid.py;a/test_comprehensive.py;a/test_issue.py;b/lib/mpl_toolkits/axes_grid1/axes_grid.py;b/test_comprehensive.py;b/test_issue.py;lib/matplotlib/__init__.py;lib/mpl_toolkits/axes_grid1/axes_grid.py;lib/mpl_toolkits/axes_grid1/mpl_axes.py;lib/mpl_toolkits/axes_grid1/tests/test_axes_grid1.py;n/opt/homebrew/lib/python3.11/site-packages/numpy/lib/_shape_base_impl.py;nlib/matplotlib/axes/_base.py;nlib/mpl_toolkits/axes_grid1/inset_locator.py;nlib/mpl_toolkits/axes_grid1/tests/test_axes_grid1.py;nlib/mpl_toolkits/axisartist/axes_grid.py;output/matplotlib__matplotlib-26020_preds.json,./swebench_9_15/manual.yaml;./swebench_9_15/output/matplotlib__matplotlib-26020_preds.json;_preds.json;limpl_toolkits/axes_grid1/axes_grid.py;matplotlib.py;test_comprehensive.py;test_issue.py,a/test_comprehensive.py;a/test_issue.py;b/test_comprehensive.py;b/test_issue.py;lib/mpl_toolkits/axes_grid1/tests/test_axes_grid1.py;nlib/mpl_toolkits/axes_grid1/tests/test_axes_grid1.py,./swebench_9_15/manual.yaml;./swebench_9_15/output/matplotlib__matplotlib-26020_preds.json;//www.py;/axes_grid.py;/home/jonasg/miniconda3/envs/pya/lib/python3.7/site-packages/mpl_toolkits/axes_grid1/axes_grid.py;/home/jonasg/stuff/bugreport_mpl_toolkits_AxesGrid.py;/opt/anaconda3/lib/python3.8/site.py;a/lib/mpl_toolkits/axes_grid1/axes_grid.py;b/lib/mpl_toolkits/axes_grid1/axes_grid.py;lib/matplotlib/__init__.py;lib/mpl_toolkits/axes_grid1/axes_grid.py;lib/mpl_toolkits/axes_grid1/mpl_axes.py;n/opt/homebrew/lib/python3.11/site-packages/numpy/lib/_shape_base_impl.py;nlib/matplotlib/axes/_base.py;nlib/mpl_toolkits/axes_grid1/inset_locator.py;nlib/mpl_toolkits/axisartist/axes_grid.py;output/matplotlib__matplotlib-26020_preds.json,,0,0.0,False,True,,0,0.0,False,False,1,0,0,0,same_directory_only,prior_trajectory_same_directory_as_target_gold
matplotlib__matplotlib-27361,matplotlib/matplotlib,matplotlib__matplotlib-23562,matplotlib__matplotlib-27361,lib/mpl_toolkits/mplot3d/art3d.py,lib/mpl_toolkits/mplot3d/art3d.py,1,1,lib/mpl_toolkits/mplot3d/art3d.py,1,1.0,True,True,./swebench_9_15/manual.yaml;./swebench_9_15/output/matplotlib__matplotlib-23562_preds.json;./swebench_9_15/test_comprehensive.py;./swebench_9_15/test_issue.py;a/lib/mpl_toolkits/mplot3d/art3d.py;b/lib/mpl_toolkits/mplot3d/art3d.py;examples/shapes_and_collections/collections.py;gallery/mplot3d/trisurf3d.py;gallery/mplot3d/trisurf3d_2.py;lib/matplotlib/artist.py;lib/matplotlib/collections.py;lib/mpl_toolkits/mplot3d/art3d.py;lib/mpl_toolkits/mplot3d/axes3d.py;n/home/oliver/.virtualenvs/mpl/local/lib/python2.7/site-packages/mpl_toolkits/mplot3d/art3d.py;output/matplotlib__matplotlib-23562_preds.json,./swebench_9_15/manual.yaml;./swebench_9_15/output/matplotlib__matplotlib-23562_preds.json;_preds.json;limpl_toolkits/mplot3d/art3d.py,./swebench_9_15/test_comprehensive.py;./swebench_9_15/test_issue.py,./swebench_9_15/manual.yaml;./swebench_9_15/output/matplotlib__matplotlib-23562_preds.json;a/lib/mpl_toolkits/mplot3d/art3d.py;b/lib/mpl_toolkits/mplot3d/art3d.py;examples/shapes_and_collections/collections.py;gallery/mplot3d/trisurf3d.py;gallery/mplot3d/trisurf3d_2.py;lib/matplotlib/artist.py;lib/matplotlib/collections.py;lib/mpl_toolkits/mplot3d/art3d.py;lib/mpl_toolkits/mplot3d/axes3d.py;n/home/oliver/.virtualenvs/mpl/local/lib/python2.7/site-packages/mpl_toolkits/mplot3d/art3d.py;output/matplotlib__matplotlib-23562_preds.json,lib/mpl_toolkits/mplot3d/art3d.py,1,0.06666666666666667,True,True,,0,0.0,False,False,0,1,1,0,same_file_overlap,prior_trajectory_inspected_target_gold_file
mwaskom__seaborn-3091,mwaskom/seaborn,mwaskom__seaborn-3010,mwaskom__seaborn-3091,seaborn/_stats/regression.py,doc/whatsnew/v0.12.1.rst;seaborn/_stats/regression.py,1,2,seaborn/_stats/regression.py,1,0.5,True,True,../test_comprehensive.py;../test_edge_cases.py;../test_issue.py;./swebench_9_15/manual.yaml;./swebench_9_15/output/mwaskom__seaborn-3010_preds.json;./swebench_9_15/test_comprehensive.py;./swebench_9_15/test_edge_cases.py;./swebench_9_15/test_issue.py;./tests/_stats/test_regression.py;/code/seaborn/seaborn/_core/groupby.py;/code/seaborn/seaborn/_core/plot.py;/code/seaborn/seaborn/_stats/regression.py;/miniconda3/envs/seaborn-py39-latest/lib/python3.9/site-packages/IPython/core/formatters.py;/miniconda3/envs/seaborn-py39-latest/lib/python3.9/site-packages/numpy/lib/polynomial.py;/miniconda3/envs/seaborn-py39-latest/lib/python3.9/site-packages/numpy/linalg/linalg.py;/opt/anaconda3/lib/python3.8/site-packages/numpy/lib/polynomial.py;/opt/anaconda3/lib/python3.8/site-packages/numpy/linalg/linalg.py;/opt/anaconda3/lib/python3.8/site.py;a/seaborn/_stats/regression.py;b/seaborn/_stats/regression.py;n./tests/test_regression.py;ntests/_stats/test_regression.py;output/mwaskom__seaborn-3010_preds.json;seaborn/__init__.py;seaborn/_core/groupby.py;seaborn/_core/plot.py;seaborn/_stats/aggregation.py;seaborn/_stats/regression.py;seaborn/rcmod.py;tests/_stats/test_regression.py,./swebench_9_15/manual.yaml;./swebench_9_15/output/mwaskom__seaborn-3010_preds.json;_preds.json;seaborn/_stats/regression.py,../test_comprehensive.py;../test_edge_cases.py;../test_issue.py;./swebench_9_15/test_comprehensive.py;./swebench_9_15/test_edge_cases.py;./swebench_9_15/test_issue.py;./tests/_stats/test_regression.py;n./tests/test_regression.py;ntests/_stats/test_regression.py;tests/_stats/test_regression.py,./swebench_9_15/manual.yaml;./swebench_9_15/output/mwaskom__seaborn-3010_preds.json;/code/seaborn/seaborn/_core/groupby.py;/code/seaborn/seaborn/_core/plot.py;/code/seaborn/seaborn/_stats/regression.py;/miniconda3/envs/seaborn-py39-latest/lib/python3.9/site-packages/IPython/core/formatters.py;/miniconda3/envs/seaborn-py39-latest/lib/python3.9/site-packages/numpy/lib/polynomial.py;/miniconda3/envs/seaborn-py39-latest/lib/python3.9/site-packages/numpy/linalg/linalg.py;/opt/anaconda3/lib/python3.8/site-packages/numpy/lib/polynomial.py;/opt/anaconda3/lib/python3.8/site-packages/numpy/linalg/linalg.py;/opt/anaconda3/lib/python3.8/site.py;a/seaborn/_stats/regression.py;b/seaborn/_stats/regression.py;output/mwaskom__seaborn-3010_preds.json;seaborn/__init__.py;seaborn/_core/groupby.py;seaborn/_core/plot.py;seaborn/_stats/aggregation.py;seaborn/_stats/regression.py;seaborn/rcmod.py,seaborn/_stats/regression.py,1,0.03225806451612903,True,True,seaborn/_stats/regression.py,1,0.2,True,True,1,1,1,0,same_file_overlap,prior_trajectory_edited_target_gold_file
mwaskom__seaborn-3203,mwaskom/seaborn,mwaskom__seaborn-3190,mwaskom__seaborn-3203,seaborn/_core/scales.py,doc/whatsnew/v0.12.2.rst;seaborn/_core/exceptions.py;seaborn/_core/plot.py;seaborn/_marks/base.py;seaborn/palettes.py,1,5,,0,0.0,False,True,../test_issue.py;./swebench_9_15/manual.yaml;./swebench_9_15/output/mwaskom__seaborn-3190_preds.json;./swebench_9_15/test_comprehensive.py;./swebench_9_15/test_issue.py;./swebench_9_15/test_simple.py;/code/seaborn/seaborn/_core/plot.py;/code/seaborn/seaborn/_core/scales.py;/opt/anaconda3/lib/python3.8/site-packages/pandas/core/arraylike.py;/opt/anaconda3/lib/python3.8/site-packages/pandas/core/base.py;/opt/anaconda3/lib/python3.8/site-packages/pandas/core/computation/expressions.py;/opt/anaconda3/lib/python3.8/site-packages/pandas/core/ops/array_ops.py;/opt/anaconda3/lib/python3.8/site-packages/pandas/core/ops/common.py;/opt/anaconda3/lib/python3.8/site-packages/pandas/core/series.py;/opt/anaconda3/lib/python3.8/site.py;/seaborn/_core/scales.py;a/seaborn/_core/scales.py;b/seaborn/_core/scales.py;nseaborn/_core/scales.py;output/mwaskom__seaborn-3190_preds.json;seaborn/_core/plot.py;seaborn/_core/scales.py;seaborn/_marks/bar.py;seaborn/_marks/base.py,./swebench_9_15/manual.yaml;./swebench_9_15/output/mwaskom__seaborn-3190_preds.json;_preds.json;seaborn/_core/scales.py,../test_issue.py;./swebench_9_15/test_comprehensive.py;./swebench_9_15/test_issue.py;./swebench_9_15/test_simple.py,./swebench_9_15/manual.yaml;./swebench_9_15/output/mwaskom__seaborn-3190_preds.json;/code/seaborn/seaborn/_core/plot.py;/code/seaborn/seaborn/_core/scales.py;/opt/anaconda3/lib/python3.8/site-packages/pandas/core/arraylike.py;/opt/anaconda3/lib/python3.8/site-packages/pandas/core/base.py;/opt/anaconda3/lib/python3.8/site-packages/pandas/core/computation/expressions.py;/opt/anaconda3/lib/python3.8/site-packages/pandas/core/ops/array_ops.py;/opt/anaconda3/lib/python3.8/site-packages/pandas/core/ops/common.py;/opt/anaconda3/lib/python3.8/site-packages/pandas/core/series.py;/opt/anaconda3/lib/python3.8/site.py;/seaborn/_core/scales.py;a/seaborn/_core/scales.py;b/seaborn/_core/scales.py;nseaborn/_core/scales.py;output/mwaskom__seaborn-3190_preds.json;seaborn/_core/plot.py;seaborn/_core/scales.py;seaborn/_marks/bar.py;seaborn/_marks/base.py,seaborn/_core/plot.py;seaborn/_marks/base.py,2,0.07407407407407407,True,True,,0,0.0,False,True,0,0,0,0,same_directory_only,prior_trajectory_inspected_target_gold_file
pallets__flask-4039,pallets/flask,pallets__flask-4045,pallets__flask-4039,src/flask/blueprints.py,CHANGES.rst;src/flask/blueprints.py,1,2,src/flask/blueprints.py,1,0.5,True,True,./swebench_9_15/calculate_session_usage.py;./swebench_9_15/manual.yaml;./swebench_9_15/output/pallets__flask-4045_preds.json;./swebench_9_15/test_issue.py;/opt/anaconda3/lib/python3.8/site-packages/werkzeug/urls.py;/opt/anaconda3/lib/python3.8/site.py;/src/flask/blueprints.py;a/src/flask/blueprints.py;b/src/flask/blueprints.py;output/pallets__flask-4045_preds.json;src/flask/__init__.py;src/flask/app.py;src/flask/blueprints.py;src/flask/cli.py;src/flask/helpers.py;tests/test_blueprints.py,./swebench_9_15/manual.yaml;_preds.json;output/pallets__flask-4045_preds.json;src/flask/blueprints.py,./swebench_9_15/test_issue.py;tests/test_blueprints.py,./swebench_9_15/calculate_session_usage.py;./swebench_9_15/manual.yaml;./swebench_9_15/output/pallets__flask-4045_preds.json;/opt/anaconda3/lib/python3.8/site-packages/werkzeug/urls.py;/opt/anaconda3/lib/python3.8/site.py;/src/flask/blueprints.py;a/src/flask/blueprints.py;b/src/flask/blueprints.py;output/pallets__flask-4045_preds.json;src/flask/__init__.py;src/flask/app.py;src/flask/blueprints.py;src/flask/cli.py;src/flask/helpers.py,src/flask/blueprints.py,1,0.058823529411764705,True,True,src/flask/blueprints.py,1,0.2,True,True,0,0,0,0,same_file_overlap,prior_trajectory_edited_target_gold_file
psf__requests-2344,psf/requests,psf__requests-2674,psf__requests-2344,requests/adapters.py,requests/models.py,1,1,,0,0.0,False,True,../test_issue.py;./swebench_9_15/manual.yaml;./swebench_9_15/output/psf__requests-2674_preds.json;./swebench_9_15/test_issue.py;/requests/adapters.py;a/requests/adapters.py;b/requests/adapters.py;docs/_themes/flask_theme_support.py;docs/conf.py;ndocs/conf.py;nrequests/__init__.py;nrequests/adapters.py;nrequests/api.py;nrequests/auth.py;nrequests/certs.py;nrequests/compat.py;nrequests/cookies.py;nrequests/exceptions.py;nrequests/hooks.py;nrequests/models.py;nrequests/packages/__init__.py;nrequests/packages/chardet/__init__.py;nrequests/packages/chardet/big5freq.py;nrequests/packages/chardet/big5prober.py;nrequests/packages/chardet/chardetect.py;nrequests/packages/chardet/chardistribution.py;nrequests/packages/chardet/charsetgroupprober.py;nrequests/packages/chardet/charsetprober.py;nrequests/packages/chardet/codingstatemachine.py;nrequests/packages/chardet/compat.py;nrequests/packages/chardet/constants.py;nrequests/packages/chardet/cp949prober.py;nrequests/packages/chardet/escprober.py;nrequests/packages/chardet/escsm.py;nrequests/packages/chardet/eucjpprober.py;nrequests/packages/chardet/euckrfreq.py;nrequests/packages/chardet/euckrprober.py;nrequests/packages/chardet/euctwfreq.py;nrequests/packages/chardet/euctwprober.py;nrequests/packages/chardet/gb2312freq.py;nrequests/packages/chardet/gb2312prober.py;nrequests/packages/chardet/hebrewprober.py;nrequests/packages/chardet/jisfreq.py;nrequests/packages/chardet/jpcntx.py;nrequests/packages/chardet/langbulgarianmodel.py;nrequests/packages/chardet/langcyrillicmodel.py;nrequests/packages/chardet/langgreekmodel.py;nrequests/packages/chardet/langhebrewmodel.py;nrequests/packages/chardet/langhungarianmodel.py;nrequests/packages/chardet/langthaimodel.py;nrequests/packages/chardet/latin1prober.py;nrequests/packages/chardet/mbcharsetprober.py;nrequests/packages/chardet/mbcsgroupprober.py;nrequests/packages/chardet/mbcssm.py;nrequests/packages/chardet/sbcharsetprober.py;nrequests/packages/chardet/sbcsgroupprober.py;nrequests/packages/chardet/sjisprober.py;nrequests/packages/chardet/universaldetector.py;nrequests/packages/chardet/utf8prober.py;nrequests/packages/urllib3/__init__.py;nrequests/packages/urllib3/_collections.py;nrequests/packages/urllib3/connection.py;nrequests/packages/urllib3/connectionpool.py;nrequests/packages/urllib3/contrib/__init__.py;nrequests/packages/urllib3/contrib/ntlmpool.py;nrequests/packages/urllib3/contrib/pyopenssl.py;nrequests/packages/urllib3/exceptions.py;nrequests/packages/urllib3/fields.py;nrequests/packages/urllib3/filepost.py;nrequests/packages/urllib3/packages/__init__.py;nrequests/packages/urllib3/packages/ordered_dict.py;nrequests/packages/urllib3/packages/six.py;nrequests/packages/urllib3/packages/ssl_match_hostname/__init__.py;nrequests/packages/urllib3/packages/ssl_match_hostname/_implementation.py;nrequests/packages/urllib3/poolmanager.py;nrequests/packages/urllib3/request.py;nrequests/packages/urllib3/response.py;nrequests/packages/urllib3/util/__init__.py;nrequests/packages/urllib3/util/connection.py;nrequests/packages/urllib3/util/request.py;nrequests/packages/urllib3/util/response.py;nrequests/packages/urllib3/util/retry.py;nrequests/packages/urllib3/util/ssl_.py;nrequests/packages/urllib3/util/timeout.py;nrequests/packages/urllib3/util/url.py;nrequests/sessions.py;nrequests/status_codes.py;nrequests/structures.py;nrequests/utils.py;output/psf__requests-2674_preds.json;requests/__init__.py;requests/adapters.py;requests/api.py;requests/auth.py;requests/certs.py;requests/compat.py;requests/cookies.py;requests/exceptions.py;requests/hooks.py;requests/models.py;requests/packages/__init__.py;requests/packages/chardet/__init__.py;requests/packages/chardet/big5freq.py;requests/packages/chardet/big5prober.py;requests/packages/chardet/chardetect.py;requests/packages/chardet/chardistribution.py;requests/packages/chardet/charsetgroupprober.py;requests/packages/chardet/charsetprober.py;requests/packages/chardet/codingstatemachine.py;requests/packages/chardet/compat.py;requests/packages/chardet/constants.py;requests/packages/chardet/cp949prober.py;requests/packages/chardet/escprober.py;requests/packages/chardet/escsm.py;requests/packages/chardet/eucjpprober.py;requests/packages/chardet/euckrfreq.py;requests/packages/chardet/euckrprober.py;requests/packages/chardet/euctwfreq.py;requests/packages/chardet/euctwprober.py;requests/packages/chardet/gb2312freq.py;requests/packages/chardet/gb2312prober.py;requests/packages/chardet/hebrewprober.py;requests/packages/chardet/jisfreq.py;requests/packages/chardet/jpcntx.py;requests/packages/chardet/langbulgarianmodel.py;requests/packages/chardet/langcyrillicmodel.py;requests/packages/chardet/langgreekmodel.py;requests/packages/chardet/langhebrewmodel.py;requests/packages/chardet/langhungarianmodel.py;requests/packages/chardet/langthaimodel.py;requests/packages/chardet/latin1prober.py;requests/packages/chardet/mbcharsetprober.py;requests/packages/chardet/mbcsgroupprober.py;requests/packages/chardet/mbcssm.py;requests/packages/chardet/sbcharsetprober.py;requests/packages/chardet/sbcsgroupprober.py;requests/packages/chardet/sjisprober.py;requests/packages/chardet/universaldetector.py;requests/packages/chardet/utf8prober.py;requests/packages/urllib3/__init__.py;requests/packages/urllib3/_collections.py;requests/packages/urllib3/connection.py;requests/packages/urllib3/connectionpool.py;requests/packages/urllib3/contrib/__init__.py;requests/packages/urllib3/contrib/ntlmpool.py;requests/packages/urllib3/contrib/pyopenssl.py;requests/packages/urllib3/exceptions.py;requests/packages/urllib3/fields.py;requests/packages/urllib3/filepost.py;requests/packages/urllib3/packages/__init__.py;requests/packages/urllib3/packages/ordered_dict.py;requests/packages/urllib3/packages/six.py;requests/packages/urllib3/packages/ssl_match_hostname/__init__.py;requests/packages/urllib3/packages/ssl_match_hostname/_implementation.py;requests/packages/urllib3/poolmanager.py;requests/packages/urllib3/request.py;requests/packages/urllib3/response.py;requests/packages/urllib3/util/__init__.py;requests/packages/urllib3/util/connection.py;requests/packages/urllib3/util/request.py;requests/packages/urllib3/util/response.py;requests/packages/urllib3/util/retry.py;requests/packages/urllib3/util/ssl_.py;requests/packages/urllib3/util/timeout.py;requests/packages/urllib3/util/url.py;requests/sessions.py;requests/status_codes.py;requests/structures.py;requests/utils.py,./swebench_9_15/manual.yaml;./swebench_9_15/output/psf__requests-2674_preds.json;_preds.json;requests/adapters.py,../test_issue.py;./swebench_9_15/test_issue.py,./swebench_9_15/manual.yaml;./swebench_9_15/output/psf__requests-2674_preds.json;/requests/adapters.py;a/requests/adapters.py;b/requests/adapters.py;docs/_themes/flask_theme_support.py;docs/conf.py;ndocs/conf.py;nrequests/__init__.py;nrequests/adapters.py;nrequests/api.py;nrequests/auth.py;nrequests/certs.py;nrequests/compat.py;nrequests/cookies.py;nrequests/exceptions.py;nrequests/hooks.py;nrequests/models.py;nrequests/packages/__init__.py;nrequests/packages/chardet/__init__.py;nrequests/packages/chardet/big5freq.py;nrequests/packages/chardet/big5prober.py;nrequests/packages/chardet/chardetect.py;nrequests/packages/chardet/chardistribution.py;nrequests/packages/chardet/charsetgroupprober.py;nrequests/packages/chardet/charsetprober.py;nrequests/packages/chardet/codingstatemachine.py;nrequests/packages/chardet/compat.py;nrequests/packages/chardet/constants.py;nrequests/packages/chardet/cp949prober.py;nrequests/packages/chardet/escprober.py;nrequests/packages/chardet/escsm.py;nrequests/packages/chardet/eucjpprober.py;nrequests/packages/chardet/euckrfreq.py;nrequests/packages/chardet/euckrprober.py;nrequests/packages/chardet/euctwfreq.py;nrequests/packages/chardet/euctwprober.py;nrequests/packages/chardet/gb2312freq.py;nrequests/packages/chardet/gb2312prober.py;nrequests/packages/chardet/hebrewprober.py;nrequests/packages/chardet/jisfreq.py;nrequests/packages/chardet/jpcntx.py;nrequests/packages/chardet/langbulgarianmodel.py;nrequests/packages/chardet/langcyrillicmodel.py;nrequests/packages/chardet/langgreekmodel.py;nrequests/packages/chardet/langhebrewmodel.py;nrequests/packages/chardet/langhungarianmodel.py;nrequests/packages/chardet/langthaimodel.py;nrequests/packages/chardet/latin1prober.py;nrequests/packages/chardet/mbcharsetprober.py;nrequests/packages/chardet/mbcsgroupprober.py;nrequests/packages/chardet/mbcssm.py;nrequests/packages/chardet/sbcharsetprober.py;nrequests/packages/chardet/sbcsgroupprober.py;nrequests/packages/chardet/sjisprober.py;nrequests/packages/chardet/universaldetector.py;nrequests/packages/chardet/utf8prober.py;nrequests/packages/urllib3/__init__.py;nrequests/packages/urllib3/_collections.py;nrequests/packages/urllib3/connection.py;nrequests/packages/urllib3/connectionpool.py;nrequests/packages/urllib3/contrib/__init__.py;nrequests/packages/urllib3/contrib/ntlmpool.py;nrequests/packages/urllib3/contrib/pyopenssl.py;nrequests/packages/urllib3/exceptions.py;nrequests/packages/urllib3/fields.py;nrequests/packages/urllib3/filepost.py;nrequests/packages/urllib3/packages/__init__.py;nrequests/packages/urllib3/packages/ordered_dict.py;nrequests/packages/urllib3/packages/six.py;nrequests/packages/urllib3/packages/ssl_match_hostname/__init__.py;nrequests/packages/urllib3/packages/ssl_match_hostname/_implementation.py;nrequests/packages/urllib3/poolmanager.py;nrequests/packages/urllib3/request.py;nrequests/packages/urllib3/response.py;nrequests/packages/urllib3/util/__init__.py;nrequests/packages/urllib3/util/connection.py;nrequests/packages/urllib3/util/request.py;nrequests/packages/urllib3/util/response.py;nrequests/packages/urllib3/util/retry.py;nrequests/packages/urllib3/util/ssl_.py;nrequests/packages/urllib3/util/timeout.py;nrequests/packages/urllib3/util/url.py;nrequests/sessions.py;nrequests/status_codes.py;nrequests/structures.py;nrequests/utils.py;output/psf__requests-2674_preds.json;requests/__init__.py;requests/adapters.py;requests/api.py;requests/auth.py;requests/certs.py;requests/compat.py;requests/cookies.py;requests/exceptions.py;requests/hooks.py;requests/models.py;requests/packages/__init__.py;requests/packages/chardet/__init__.py;requests/packages/chardet/big5freq.py;requests/packages/chardet/big5prober.py;requests/packages/chardet/chardetect.py;requests/packages/chardet/chardistribution.py;requests/packages/chardet/charsetgroupprober.py;requests/packages/chardet/charsetprober.py;requests/packages/chardet/codingstatemachine.py;requests/packages/chardet/compat.py;requests/packages/chardet/constants.py;requests/packages/chardet/cp949prober.py;requests/packages/chardet/escprober.py;requests/packages/chardet/escsm.py;requests/packages/chardet/eucjpprober.py;requests/packages/chardet/euckrfreq.py;requests/packages/chardet/euckrprober.py;requests/packages/chardet/euctwfreq.py;requests/packages/chardet/euctwprober.py;requests/packages/chardet/gb2312freq.py;requests/packages/chardet/gb2312prober.py;requests/packages/chardet/hebrewprober.py;requests/packages/chardet/jisfreq.py;requests/packages/chardet/jpcntx.py;requests/packages/chardet/langbulgarianmodel.py;requests/packages/chardet/langcyrillicmodel.py;requests/packages/chardet/langgreekmodel.py;requests/packages/chardet/langhebrewmodel.py;requests/packages/chardet/langhungarianmodel.py;requests/packages/chardet/langthaimodel.py;requests/packages/chardet/latin1prober.py;requests/packages/chardet/mbcharsetprober.py;requests/packages/chardet/mbcsgroupprober.py;requests/packages/chardet/mbcssm.py;requests/packages/chardet/sbcharsetprober.py;requests/packages/chardet/sbcsgroupprober.py;requests/packages/chardet/sjisprober.py;requests/packages/chardet/universaldetector.py;requests/packages/chardet/utf8prober.py;requests/packages/urllib3/__init__.py;requests/packages/urllib3/_collections.py;requests/packages/urllib3/connection.py;requests/packages/urllib3/connectionpool.py;requests/packages/urllib3/contrib/__init__.py;requests/packages/urllib3/contrib/ntlmpool.py;requests/packages/urllib3/contrib/pyopenssl.py;requests/packages/urllib3/exceptions.py;requests/packages/urllib3/fields.py;requests/packages/urllib3/filepost.py;requests/packages/urllib3/packages/__init__.py;requests/packages/urllib3/packages/ordered_dict.py;requests/packages/urllib3/packages/six.py;requests/packages/urllib3/packages/ssl_match_hostname/__init__.py;requests/packages/urllib3/packages/ssl_match_hostname/_implementation.py;requests/packages/urllib3/poolmanager.py;requests/packages/urllib3/request.py;requests/packages/urllib3/response.py;requests/packages/urllib3/util/__init__.py;requests/packages/urllib3/util/connection.py;requests/packages/urllib3/util/request.py;requests/packages/urllib3/util/response.py;requests/packages/urllib3/util/retry.py;requests/packages/urllib3/util/ssl_.py;requests/packages/urllib3/util/timeout.py;requests/packages/urllib3/util/url.py;requests/sessions.py;requests/status_codes.py;requests/structures.py;requests/utils.py,requests/models.py,1,0.005917159763313609,True,True,,0,0.0,False,True,0,0,0,0,same_directory_only,prior_trajectory_inspected_target_gold_file
psf__requests-3359,psf/requests,psf__requests-3362,psf__requests-3359,requests/utils.py,requests/models.py;requests/utils.py,1,2,requests/utils.py,1,0.5,True,True,./swebench_9_15/manual.yaml;./swebench_9_15/output/psf__requests-3362_preds.json;//bugs.py;/requests/utils.py;a/requests/utils.py;a/test_comprehensive.py;a/test_issue.py;b/requests/utils.py;b/test_comprehensive.py;b/test_issue.py;nrequests/adapters.py;nrequests/api.py;nrequests/auth.py;nrequests/certs.py;nrequests/compat.py;nrequests/cookies.py;nrequests/exceptions.py;nrequests/hooks.py;nrequests/models.py;nrequests/sessions.py;nrequests/status_codes.py;nrequests/structures.py;nrequests/utils.py;output/psf__requests-3362_preds.json;requests/__init__.py;requests/adapters.py;requests/api.py;requests/auth.py;requests/certs.py;requests/compat.py;requests/cookies.py;requests/exceptions.py;requests/hooks.py;requests/models.py;requests/sessions.py;requests/status_codes.py;requests/structures.py;requests/utils.py;tests/compat.py;tests/test_requests.py;trequests/utils.py,./swebench_9_15/manual.yaml;./swebench_9_15/output/psf__requests-3362_preds.json;_preds.json;requests/utils.py;test_comprehensive.py;test_issue.py;trequests/utils.py,a/test_comprehensive.py;a/test_issue.py;b/test_comprehensive.py;b/test_issue.py;tests/compat.py;tests/test_requests.py,./swebench_9_15/manual.yaml;./swebench_9_15/output/psf__requests-3362_preds.json;//bugs.py;/requests/utils.py;a/requests/utils.py;b/requests/utils.py;nrequests/adapters.py;nrequests/api.py;nrequests/auth.py;nrequests/certs.py;nrequests/compat.py;nrequests/cookies.py;nrequests/exceptions.py;nrequests/hooks.py;nrequests/models.py;nrequests/sessions.py;nrequests/status_codes.py;nrequests/structures.py;nrequests/utils.py;output/psf__requests-3362_preds.json;requests/__init__.py;requests/adapters.py;requests/api.py;requests/auth.py;requests/certs.py;requests/compat.py;requests/cookies.py;requests/exceptions.py;requests/hooks.py;requests/models.py;requests/sessions.py;requests/status_codes.py;requests/structures.py;requests/utils.py;tests/compat.py;trequests/utils.py,requests/models.py;requests/utils.py,2,0.04878048780487805,True,True,requests/utils.py,1,0.125,True,True,0,0,0,0,same_file_overlap,prior_trajectory_edited_target_gold_file
psf__requests-3481,psf/requests,psf__requests-3362,psf__requests-3481,requests/utils.py,requests/models.py;requests/utils.py,1,2,requests/utils.py,1,0.5,True,True,./swebench_9_15/manual.yaml;./swebench_9_15/output/psf__requests-3362_preds.json;//bugs.py;/requests/utils.py;a/requests/utils.py;a/test_comprehensive.py;a/test_issue.py;b/requests/utils.py;b/test_comprehensive.py;b/test_issue.py;nrequests/adapters.py;nrequests/api.py;nrequests/auth.py;nrequests/certs.py;nrequests/compat.py;nrequests/cookies.py;nrequests/exceptions.py;nrequests/hooks.py;nrequests/models.py;nrequests/sessions.py;nrequests/status_codes.py;nrequests/structures.py;nrequests/utils.py;output/psf__requests-3362_preds.json;requests/__init__.py;requests/adapters.py;requests/api.py;requests/auth.py;requests/certs.py;requests/compat.py;requests/cookies.py;requests/exceptions.py;requests/hooks.py;requests/models.py;requests/sessions.py;requests/status_codes.py;requests/structures.py;requests/utils.py;tests/compat.py;tests/test_requests.py;trequests/utils.py,./swebench_9_15/manual.yaml;./swebench_9_15/output/psf__requests-3362_preds.json;_preds.json;requests/utils.py;test_comprehensive.py;test_issue.py;trequests/utils.py,a/test_comprehensive.py;a/test_issue.py;b/test_comprehensive.py;b/test_issue.py;tests/compat.py;tests/test_requests.py,./swebench_9_15/manual.yaml;./swebench_9_15/output/psf__requests-3362_preds.json;//bugs.py;/requests/utils.py;a/requests/utils.py;b/requests/utils.py;nrequests/adapters.py;nrequests/api.py;nrequests/auth.py;nrequests/certs.py;nrequests/compat.py;nrequests/cookies.py;nrequests/exceptions.py;nrequests/hooks.py;nrequests/models.py;nrequests/sessions.py;nrequests/status_codes.py;nrequests/structures.py;nrequests/utils.py;output/psf__requests-3362_preds.json;requests/__init__.py;requests/adapters.py;requests/api.py;requests/auth.py;requests/certs.py;requests/compat.py;requests/cookies.py;requests/exceptions.py;requests/hooks.py;requests/models.py;requests/sessions.py;requests/status_codes.py;requests/structures.py;requests/utils.py;tests/compat.py;trequests/utils.py,requests/models.py;requests/utils.py,2,0.04878048780487805,True,True,requests/utils.py,1,0.125,True,True,0,0,0,0,same_file_overlap,prior_trajectory_edited_target_gold_file
pydata__xarray-4529,pydata/xarray,pydata__xarray-4493,pydata__xarray-4529,xarray/core/variable.py,doc/plotting.rst;doc/whats-new.rst;xarray/core/variable.py,1,3,xarray/core/variable.py,1,0.3333333333333333,True,True,./swebench_9_15/manual.yaml;./swebench_9_15/output/pydata__xarray-4493_preds.json;./swebench_9_15/test_issue.py;/xarray/core/variable.py;a/test_fix.py;a/xarray/core/variable.py;b/test_fix.py;b/xarray/core/variable.py;nxarray/__init__.py;nxarray/backends/__init__.py;nxarray/backends/api.py;nxarray/backends/apiv2.py;nxarray/backends/cfgrib_.py;nxarray/backends/common.py;nxarray/backends/file_manager.py;nxarray/backends/h5netcdf_.py;nxarray/backends/locks.py;nxarray/backends/lru_cache.py;nxarray/backends/memory.py;nxarray/backends/netCDF4_.py;nxarray/backends/netcdf3.py;nxarray/backends/plugins.py;nxarray/backends/pseudonetcdf_.py;nxarray/backends/pydap_.py;nxarray/backends/pynio_.py;nxarray/backends/rasterio_.py;nxarray/backends/scipy_.py;nxarray/backends/store.py;nxarray/backends/zarr.py;nxarray/coding/cftime_offsets.py;nxarray/coding/cftimeindex.py;nxarray/coding/frequencies.py;nxarray/coding/strings.py;nxarray/coding/times.py;nxarray/coding/variables.py;nxarray/conventions.py;nxarray/convert.py;nxarray/core/__init__.py;nxarray/core/accessor_dt.py;nxarray/core/accessor_str.py;nxarray/core/alignment.py;nxarray/core/arithmetic.py;nxarray/core/combine.py;nxarray/core/common.py;nxarray/core/computation.py;nxarray/core/concat.py;nxarray/core/coordinates.py;nxarray/core/dask_array_compat.py;nxarray/core/dask_array_ops.py;nxarray/core/dataarray.py;nxarray/core/dataset.py;nxarray/core/dtypes.py;nxarray/core/duck_array_ops.py;nxarray/core/extensions.py;nxarray/core/formatting.py;nxarray/core/formatting_html.py;nxarray/core/groupby.py;nxarray/core/indexes.py;nxarray/core/indexing.py;nxarray/core/merge.py;nxarray/core/missing.py;nxarray/core/nanops.py;nxarray/core/npcompat.py;nxarray/core/nputils.py;nxarray/core/ops.py;nxarray/core/options.py;nxarray/core/parallel.py;nxarray/core/pdcompat.py;nxarray/core/pycompat.py;nxarray/core/resample.py;nxarray/core/resample_cftime.py;nxarray/core/rolling.py;nxarray/core/rolling_exp.py;nxarray/core/utils.py;nxarray/core/variable.py;nxarray/core/weighted.py;nxarray/plot/__init__.py;nxarray/plot/dataset_plot.py;nxarray/plot/facetgrid.py;nxarray/plot/plot.py;nxarray/plot/utils.py;nxarray/testing.py;nxarray/tests/__init__.py;nxarray/tests/test_accessor_dt.py;nxarray/tests/test_accessor_str.py;nxarray/tests/test_backends.py;nxarray/tests/test_backends_api.py;nxarray/tests/test_backends_common.py;nxarray/tests/test_backends_file_manager.py;nxarray/tests/test_backends_locks.py;nxarray/tests/test_backends_lru_cache.py;nxarray/tests/test_cftime_offsets.py;nxarray/tests/test_cftimeindex.py;nxarray/tests/test_cftimeindex_resample.py;nxarray/tests/test_coding.py;nxarray/tests/test_coding_strings.py;nxarray/tests/test_coding_times.py;nxarray/tests/test_combine.py;nxarray/tests/test_computation.py;nxarray/tests/test_concat.py;nxarray/tests/test_conventions.py;nxarray/tests/test_cupy.py;nxarray/tests/test_dask.py;nxarray/tests/test_dataarray.py;nxarray/tests/test_dataset.py;nxarray/tests/test_distributed.py;nxarray/util/__init__.py;output/pydata__xarray-4493_preds.json;xarray/__init__.py;xarray/backends/__init__.py;xarray/backends/api.py;xarray/backends/apiv2.py;xarray/backends/cfgrib_.py;xarray/backends/common.py;xarray/backends/file_manager.py;xarray/backends/h5netcdf_.py;xarray/backends/locks.py;xarray/backends/lru_cache.py;xarray/backends/memory.py;xarray/backends/netCDF4_.py;xarray/backends/netcdf3.py;xarray/backends/plugins.py;xarray/backends/pseudonetcdf_.py;xarray/backends/pydap_.py;xarray/backends/pynio_.py;xarray/backends/rasterio_.py;xarray/backends/scipy_.py;xarray/backends/store.py;xarray/backends/zarr.py;xarray/coding/__init__.py;xarray/coding/cftime_offsets.py;xarray/coding/cftimeindex.py;xarray/coding/frequencies.py;xarray/coding/strings.py;xarray/coding/times.py;xarray/coding/variables.py;xarray/conventions.py;xarray/convert.py;xarray/core/__init__.py;xarray/core/accessor_dt.py;xarray/core/accessor_str.py;xarray/core/alignment.py;xarray/core/arithmetic.py;xarray/core/combine.py;xarray/core/common.py;xarray/core/computation.py;xarray/core/concat.py;xarray/core/coordinates.py;xarray/core/dask_array_compat.py;xarray/core/dask_array_ops.py;xarray/core/dataarray.py;xarray/core/dataset.py;xarray/core/dtypes.py;xarray/core/duck_array_ops.py;xarray/core/extensions.py;xarray/core/formatting.py;xarray/core/formatting_html.py;xarray/core/groupby.py;xarray/core/indexes.py;xarray/core/indexing.py;xarray/core/merge.py;xarray/core/missing.py;xarray/core/nanops.py;xarray/core/npcompat.py;xarray/core/nputils.py;xarray/core/ops.py;xarray/core/options.py;xarray/core/parallel.py;xarray/core/pdcompat.py;xarray/core/pycompat.py;xarray/core/resample.py;xarray/core/resample_cftime.py;xarray/core/rolling.py;xarray/core/rolling_exp.py;xarray/core/utils.py;xarray/core/variable.py;xarray/core/weighted.py;xarray/plot/__init__.py;xarray/plot/dataset_plot.py;xarray/plot/facetgrid.py;xarray/plot/plot.py;xarray/plot/utils.py;xarray/testing.py;xarray/tests/__init__.py;xarray/tests/test_accessor_dt.py;xarray/tests/test_accessor_str.py;xarray/tests/test_backends.py;xarray/tests/test_backends_api.py;xarray/tests/test_backends_common.py;xarray/tests/test_backends_file_manager.py;xarray/tests/test_backends_locks.py;xarray/tests/test_backends_lru_cache.py;xarray/tests/test_cftime_offsets.py;xarray/tests/test_cftimeindex.py;xarray/tests/test_cftimeindex_resample.py;xarray/tests/test_coding.py;xarray/tests/test_coding_strings.py;xarray/tests/test_coding_times.py;xarray/tests/test_combine.py;xarray/tests/test_computation.py;xarray/tests/test_concat.py;xarray/tests/test_conventions.py;xarray/tests/test_cupy.py;xarray/tests/test_dask.py;xarray/tests/test_dataarray.py;xarray/tests/test_dataset.py;xarray/tests/test_distributed.py;xarray/util/__init__.py,./swebench_9_15/manual.yaml;./swebench_9_15/output/pydata__xarray-4493_preds.json;_preds.json;test_fix.py;xarray/core/variable.py,./swebench_9_15/test_issue.py;a/test_fix.py;b/test_fix.py;nxarray/tests/__init__.py;nxarray/tests/test_accessor_dt.py;nxarray/tests/test_accessor_str.py;nxarray/tests/test_backends.py;nxarray/tests/test_backends_api.py;nxarray/tests/test_backends_common.py;nxarray/tests/test_backends_file_manager.py;nxarray/tests/test_backends_locks.py;nxarray/tests/test_backends_lru_cache.py;nxarray/tests/test_cftime_offsets.py;nxarray/tests/test_cftimeindex.py;nxarray/tests/test_cftimeindex_resample.py;nxarray/tests/test_coding.py;nxarray/tests/test_coding_strings.py;nxarray/tests/test_coding_times.py;nxarray/tests/test_combine.py;nxarray/tests/test_computation.py;nxarray/tests/test_concat.py;nxarray/tests/test_conventions.py;nxarray/tests/test_cupy.py;nxarray/tests/test_dask.py;nxarray/tests/test_dataarray.py;nxarray/tests/test_dataset.py;nxarray/tests/test_distributed.py;xarray/tests/__init__.py;xarray/tests/test_accessor_dt.py;xarray/tests/test_accessor_str.py;xarray/tests/test_backends.py;xarray/tests/test_backends_api.py;xarray/tests/test_backends_common.py;xarray/tests/test_backends_file_manager.py;xarray/tests/test_backends_locks.py;xarray/tests/test_backends_lru_cache.py;xarray/tests/test_cftime_offsets.py;xarray/tests/test_cftimeindex.py;xarray/tests/test_cftimeindex_resample.py;xarray/tests/test_coding.py;xarray/tests/test_coding_strings.py;xarray/tests/test_coding_times.py;xarray/tests/test_combine.py;xarray/tests/test_computation.py;xarray/tests/test_concat.py;xarray/tests/test_conventions.py;xarray/tests/test_cupy.py;xarray/tests/test_dask.py;xarray/tests/test_dataarray.py;xarray/tests/test_dataset.py;xarray/tests/test_distributed.py,./swebench_9_15/manual.yaml;./swebench_9_15/output/pydata__xarray-4493_preds.json;/xarray/core/variable.py;a/xarray/core/variable.py;b/xarray/core/variable.py;nxarray/__init__.py;nxarray/backends/__init__.py;nxarray/backends/api.py;nxarray/backends/apiv2.py;nxarray/backends/cfgrib_.py;nxarray/backends/common.py;nxarray/backends/file_manager.py;nxarray/backends/h5netcdf_.py;nxarray/backends/locks.py;nxarray/backends/lru_cache.py;nxarray/backends/memory.py;nxarray/backends/netCDF4_.py;nxarray/backends/netcdf3.py;nxarray/backends/plugins.py;nxarray/backends/pseudonetcdf_.py;nxarray/backends/pydap_.py;nxarray/backends/pynio_.py;nxarray/backends/rasterio_.py;nxarray/backends/scipy_.py;nxarray/backends/store.py;nxarray/backends/zarr.py;nxarray/coding/cftime_offsets.py;nxarray/coding/cftimeindex.py;nxarray/coding/frequencies.py;nxarray/coding/strings.py;nxarray/coding/times.py;nxarray/coding/variables.py;nxarray/conventions.py;nxarray/convert.py;nxarray/core/__init__.py;nxarray/core/accessor_dt.py;nxarray/core/accessor_str.py;nxarray/core/alignment.py;nxarray/core/arithmetic.py;nxarray/core/combine.py;nxarray/core/common.py;nxarray/core/computation.py;nxarray/core/concat.py;nxarray/core/coordinates.py;nxarray/core/dask_array_compat.py;nxarray/core/dask_array_ops.py;nxarray/core/dataarray.py;nxarray/core/dataset.py;nxarray/core/dtypes.py;nxarray/core/duck_array_ops.py;nxarray/core/extensions.py;nxarray/core/formatting.py;nxarray/core/formatting_html.py;nxarray/core/groupby.py;nxarray/core/indexes.py;nxarray/core/indexing.py;nxarray/core/merge.py;nxarray/core/missing.py;nxarray/core/nanops.py;nxarray/core/npcompat.py;nxarray/core/nputils.py;nxarray/core/ops.py;nxarray/core/options.py;nxarray/core/parallel.py;nxarray/core/pdcompat.py;nxarray/core/pycompat.py;nxarray/core/resample.py;nxarray/core/resample_cftime.py;nxarray/core/rolling.py;nxarray/core/rolling_exp.py;nxarray/core/utils.py;nxarray/core/variable.py;nxarray/core/weighted.py;nxarray/plot/__init__.py;nxarray/plot/dataset_plot.py;nxarray/plot/facetgrid.py;nxarray/plot/plot.py;nxarray/plot/utils.py;nxarray/testing.py;nxarray/util/__init__.py;output/pydata__xarray-4493_preds.json;xarray/__init__.py;xarray/backends/__init__.py;xarray/backends/api.py;xarray/backends/apiv2.py;xarray/backends/cfgrib_.py;xarray/backends/common.py;xarray/backends/file_manager.py;xarray/backends/h5netcdf_.py;xarray/backends/locks.py;xarray/backends/lru_cache.py;xarray/backends/memory.py;xarray/backends/netCDF4_.py;xarray/backends/netcdf3.py;xarray/backends/plugins.py;xarray/backends/pseudonetcdf_.py;xarray/backends/pydap_.py;xarray/backends/pynio_.py;xarray/backends/rasterio_.py;xarray/backends/scipy_.py;xarray/backends/store.py;xarray/backends/zarr.py;xarray/coding/__init__.py;xarray/coding/cftime_offsets.py;xarray/coding/cftimeindex.py;xarray/coding/frequencies.py;xarray/coding/strings.py;xarray/coding/times.py;xarray/coding/variables.py;xarray/conventions.py;xarray/convert.py;xarray/core/__init__.py;xarray/core/accessor_dt.py;xarray/core/accessor_str.py;xarray/core/alignment.py;xarray/core/arithmetic.py;xarray/core/combine.py;xarray/core/common.py;xarray/core/computation.py;xarray/core/concat.py;xarray/core/coordinates.py;xarray/core/dask_array_compat.py;xarray/core/dask_array_ops.py;xarray/core/dataarray.py;xarray/core/dataset.py;xarray/core/dtypes.py;xarray/core/duck_array_ops.py;xarray/core/extensions.py;xarray/core/formatting.py;xarray/core/formatting_html.py;xarray/core/groupby.py;xarray/core/indexes.py;xarray/core/indexing.py;xarray/core/merge.py;xarray/core/missing.py;xarray/core/nanops.py;xarray/core/npcompat.py;xarray/core/nputils.py;xarray/core/ops.py;xarray/core/options.py;xarray/core/parallel.py;xarray/core/pdcompat.py;xarray/core/pycompat.py;xarray/core/resample.py;xarray/core/resample_cftime.py;xarray/core/rolling.py;xarray/core/rolling_exp.py;xarray/core/utils.py;xarray/core/variable.py;xarray/core/weighted.py;xarray/plot/__init__.py;xarray/plot/dataset_plot.py;xarray/plot/facetgrid.py;xarray/plot/plot.py;xarray/plot/utils.py;xarray/testing.py;xarray/util/__init__.py,xarray/core/variable.py,1,0.004761904761904762,True,True,xarray/core/variable.py,1,0.14285714285714285,True,True,0,0,0,0,same_file_overlap,prior_trajectory_edited_target_gold_file
pydata__xarray-508,pydata/xarray,pydata__xarray-3364,pydata__xarray-508,xarray/core/concat.py,doc/whats-new.rst;xarray/core/concat.py,1,2,xarray/core/concat.py,1,0.5,True,True,./swebench_9_15/manual.yaml;./swebench_9_15/output/pydata__xarray-3364_preds.json;/opt/anaconda3/lib/python3.8/site-packages/numpy/__init__.py;/opt/anaconda3/lib/python3.8/site-packages/numpy/core/numeric.py;/test_concat.py;/tmp/model_patch.txt;a/test_comprehensive.py;a/test_issue.py;a/xarray/core/concat.py;b/test_comprehensive.py;b/test_issue.py;b/xarray/core/concat.py;nxarray/core/alignment.py;nxarray/core/combine.py;nxarray/core/common.py;nxarray/core/concat.py;nxarray/core/dask_array_ops.py;nxarray/core/dataarray.py;nxarray/core/dataset.py;nxarray/core/dtypes.py;nxarray/core/duck_array_ops.py;nxarray/core/groupby.py;nxarray/core/merge.py;nxarray/core/nanops.py;nxarray/core/rolling.py;nxarray/core/variable.py;nxarray/plot/plot.py;output/pydata__xarray-3364_preds.json;xarray/__init__.py;xarray/core/alignment.py;xarray/core/concat.py;xarray/core/dataset.py;xarray/core/dtypes.py;xarray/core/formatting.py;xarray/core/groupby.py;xarray/core/variable.py;xarray/tests/test_concat.py,./swebench_9_15/manual.yaml;./swebench_9_15/output/pydata__xarray-3364_preds.json;/tmp/model_patch.txt;_preds.json;concat.py;test_comprehensive.py;test_issue.py;xarray/core/concat.py,/test_concat.py;a/test_comprehensive.py;a/test_issue.py;b/test_comprehensive.py;b/test_issue.py;xarray/tests/test_concat.py,./swebench_9_15/manual.yaml;./swebench_9_15/output/pydata__xarray-3364_preds.json;/opt/anaconda3/lib/python3.8/site-packages/numpy/__init__.py;/opt/anaconda3/lib/python3.8/site-packages/numpy/core/numeric.py;/tmp/model_patch.txt;a/xarray/core/concat.py;b/xarray/core/concat.py;nxarray/core/alignment.py;nxarray/core/combine.py;nxarray/core/common.py;nxarray/core/concat.py;nxarray/core/dask_array_ops.py;nxarray/core/dataarray.py;nxarray/core/dataset.py;nxarray/core/dtypes.py;nxarray/core/duck_array_ops.py;nxarray/core/groupby.py;nxarray/core/merge.py;nxarray/core/nanops.py;nxarray/core/rolling.py;nxarray/core/variable.py;nxarray/plot/plot.py;output/pydata__xarray-3364_preds.json;xarray/__init__.py;xarray/core/alignment.py;xarray/core/concat.py;xarray/core/dataset.py;xarray/core/dtypes.py;xarray/core/formatting.py;xarray/core/groupby.py;xarray/core/variable.py,xarray/core/concat.py,1,0.02631578947368421,True,True,xarray/core/concat.py,1,0.1111111111111111,True,True,0,0,0,0,same_file_overlap,prior_trajectory_edited_target_gold_file
pylint-dev__pylint-6471,pylint-dev/pylint,pylint-dev__pylint-7080,pylint-dev__pylint-6471,pylint/lint/expand_modules.py,ChangeLog;pylint/lint/expand_modules.py;pylint/lint/pylinter.py,1,3,pylint/lint/expand_modules.py,1,0.3333333333333333,True,True,./swebench_9_15/calculate_session_usage.py;./swebench_9_15/manual.yaml;./swebench_9_15/output/pylint-dev__pylint-7080_preds.json;//github.com/PyCQA/pylint/blob/main/CONTRIBUTORS.txt;a/pylint/lint/pylinter.py;a/test_recursive_ignore/pyproject.toml;a/test_recursive_ignore/src/gen/about.py;a/test_recursive_ignore/src/region_selection.py;b/pylint/lint/pylinter.py;b/test_recursive_ignore/pyproject.toml;b/test_recursive_ignore/src/gen/about.py;b/test_recursive_ignore/src/region_selection.py;directory/ignored_subdirectory/failing.py;directory/subdirectory/module.py;gen/about.py;ignored_subdirectory/failing.py;nsrc/region_selection.py;ntests/functional/n/no/no_member_imports.py;ntests/functional/n/no/no_member_imports.txt;ntests/regrtest_data/directory/ignored_subdirectory/failing.py;ntests/regrtest_data/directory/package/__init__.py;ntests/regrtest_data/directory/package/module.py;ntests/regrtest_data/directory/package/subpackage/__init__.py;ntests/regrtest_data/directory/package/subpackage/module.py;ntests/regrtest_data/directory/subdirectory/subsubdirectory/module.py;ntests/test_self.py;output/pylint-dev__pylint-7080_preds.json;pylint/lint/base_options.py;pylint/lint/expand_modules.py;pylint/lint/pylinter.py;src/gen/about.py;src/region_selection.py;test_recursive_ignore/pyproject.toml;test_recursive_ignore/src/gen/about.py;test_recursive_ignore/src/region_selection.py;tests/lint/unittest_lint.py;tests/regrtest_data/directory/ignored_subdirectory/failing.py;tests/regrtest_data/directory/subdirectory/module.py;tests/test_self.py,./swebench_9_15/manual.yaml;./swebench_9_15/output/pylint-dev__pylint-7080_preds.json;_preds.json;pylint/lint/pylinter.py;test_recursive_ignore/pyproject.toml;test_recursive_ignore/src/gen/about.py;test_recursive_ignore/src/region_selection.py;tool.py,ntests/test_self.py;tests/lint/unittest_lint.py;tests/regrtest_data/directory/ignored_subdirectory/failing.py;tests/regrtest_data/directory/subdirectory/module.py;tests/test_self.py,./swebench_9_15/calculate_session_usage.py;./swebench_9_15/manual.yaml;./swebench_9_15/output/pylint-dev__pylint-7080_preds.json;//github.com/PyCQA/pylint/blob/main/CONTRIBUTORS.txt;a/pylint/lint/pylinter.py;a/test_recursive_ignore/pyproject.toml;a/test_recursive_ignore/src/gen/about.py;a/test_recursive_ignore/src/region_selection.py;b/pylint/lint/pylinter.py;b/test_recursive_ignore/pyproject.toml;b/test_recursive_ignore/src/gen/about.py;b/test_recursive_ignore/src/region_selection.py;directory/ignored_subdirectory/failing.py;directory/subdirectory/module.py;gen/about.py;ignored_subdirectory/failing.py;nsrc/region_selection.py;ntests/functional/n/no/no_member_imports.py;ntests/functional/n/no/no_member_imports.txt;ntests/regrtest_data/directory/ignored_subdirectory/failing.py;ntests/regrtest_data/directory/package/__init__.py;ntests/regrtest_data/directory/package/module.py;ntests/regrtest_data/directory/package/subpackage/__init__.py;ntests/regrtest_data/directory/package/subpackage/module.py;ntests/regrtest_data/directory/subdirectory/subsubdirectory/module.py;output/pylint-dev__pylint-7080_preds.json;pylint/lint/base_options.py;pylint/lint/expand_modules.py;pylint/lint/pylinter.py;src/gen/about.py;src/region_selection.py;test_recursive_ignore/pyproject.toml;test_recursive_ignore/src/gen/about.py;test_recursive_ignore/src/region_selection.py;tests/lint/unittest_lint.py;tests/regrtest_data/directory/ignored_subdirectory/failing.py;tests/regrtest_data/directory/subdirectory/module.py,pylint/lint/expand_modules.py;pylint/lint/pylinter.py,2,0.05,True,True,pylint/lint/pylinter.py,1,0.1,True,True,1,1,0,0,same_file_overlap,prior_trajectory_edited_target_gold_file
pytest-dev__pytest-10341,pytest-dev/pytest,pytest-dev__pytest-11148,pytest-dev__pytest-10341,src/_pytest/pathlib.py,changelog/10811.bugfix.rst,1,1,,0,0.0,False,False,./swebench_9_15/manual.yaml;./swebench_9_15/output/pytest-dev__pytest-11148_preds.json;./swebench_9_15/test_issue.py;.tox/python/.py;//bugs.py;//packaging.py;/Users/jaraco/code/pmxbot/pmxbot/pmxbot/logging.py;/Users/jaraco/code/pmxbot/pmxbot/tests/unit/test_commands.py;/foo.py;/foo/foo.py;/home/foo/test_foo.py;/private/var/folders/hg/_103_7xx52701ztpt4713nww0000gn/T/pytest-of-user/pytest-34/test_importmode_twice_is_diffe0/_src/tests/mymod.py;/private/var/folders/hg/_103_7xx52701ztpt4713nww0000gn/T/pytest-of-user/pytest-34/test_no_meta_path_found0/_src/tests/mymod.py;/tests1/test_foo.py;/tests2/test_foo.py;Lib/pathlib.py;_src/m1/tests/test.py;_src/m2/tests/test.py;_src/tests/mymod.py;_src/tests/test_dataclass.py;_src/tests/test_pickle.py;a/changelog/10337.bugfix.rst;a/changelog/10811.bugfix.rst;a/src/_pytest/pathlib.py;a/testing/acceptance_test.py;a/testing/test_pathlib.py;acceptance/fixture_mock_integration.py;app/foo.py;b/changelog/10337.bugfix.rst;b/changelog/10811.bugfix.rst;b/src/_pytest/pathlib.py;b/testing/acceptance_test.py;b/testing/test_pathlib.py;bar/foo.py;changelog/10337.bugfix.rst;changelog/10811.bugfix.rst;conftest_usageerror/conftest.py;foo/foo.py;foo/test_foo.py;n../../../../../../../var/folders/hg/_103_7xx52701ztpt4713nww0000gn/T/tmpjxpwxb0_/tests/test_commands.py;n../../../../../../../var/folders/hg/_103_7xx52701ztpt4713nww0000gn/T/tmptdtp8edn/tests/test_commands.py;ns_pkg/world/test_world.py;ntesting/acceptance_test.py;ntesting/test_pathlib.py;ntests/unit/test_commands.py;output/pytest-dev__pytest-11148_preds.json;pmxbot/commands.py;pmxbot/logging.py;projects/src/tests/test_foo.py;src/_pytest/pathlib.py;src/tests/test_foo.py;subdir/__init__.py;symlink_root/lib/foo/bar/test_bar.py;testing/acceptance_test.py;testing/test_pathlib.py;tests/__init__.py;tests/foo.py;tests/foo/bar/doc/foo.py;tests/foo/bar/doc/test_foo.py;tests/foo/bar/test_foo.py;tests/foo/doc/bar/test_foo.py;tests/foo/test_foo.py;tests/test_commands.py,./swebench_9_15/manual.yaml;./swebench_9_15/output/pytest-dev__pytest-11148_preds.json;_preds.json;_src/tests/mymod.py;changelog/10337.bugfix.rst;changelog/10811.bugfix.rst;invalid.py;pmxbot/commands.py;pmxbot/logging.py;src/_pytest/pathlib.py;testing/acceptance_test.py;testing/test_pathlib.py;tests/__init__.py;tests/test_commands.py,./swebench_9_15/test_issue.py;/Users/jaraco/code/pmxbot/pmxbot/tests/unit/test_commands.py;/home/foo/test_foo.py;/private/var/folders/hg/_103_7xx52701ztpt4713nww0000gn/T/pytest-of-user/pytest-34/test_importmode_twice_is_diffe0/_src/tests/mymod.py;/private/var/folders/hg/_103_7xx52701ztpt4713nww0000gn/T/pytest-of-user/pytest-34/test_no_meta_path_found0/_src/tests/mymod.py;/tests1/test_foo.py;/tests2/test_foo.py;_src/m1/tests/test.py;_src/m2/tests/test.py;_src/tests/mymod.py;_src/tests/test_dataclass.py;_src/tests/test_pickle.py;a/testing/test_pathlib.py;b/testing/test_pathlib.py;foo/test_foo.py;n../../../../../../../var/folders/hg/_103_7xx52701ztpt4713nww0000gn/T/tmpjxpwxb0_/tests/test_commands.py;n../../../../../../../var/folders/hg/_103_7xx52701ztpt4713nww0000gn/T/tmptdtp8edn/tests/test_commands.py;ns_pkg/world/test_world.py;ntesting/test_pathlib.py;ntests/unit/test_commands.py;projects/src/tests/test_foo.py;src/tests/test_foo.py;symlink_root/lib/foo/bar/test_bar.py;testing/test_pathlib.py;tests/__init__.py;tests/foo.py;tests/foo/bar/doc/foo.py;tests/foo/bar/doc/test_foo.py;tests/foo/bar/test_foo.py;tests/foo/doc/bar/test_foo.py;tests/foo/test_foo.py;tests/test_commands.py,./swebench_9_15/manual.yaml;./swebench_9_15/output/pytest-dev__pytest-11148_preds.json;.tox/python/.py;//bugs.py;//packaging.py;/Users/jaraco/code/pmxbot/pmxbot/pmxbot/logging.py;/foo.py;/foo/foo.py;Lib/pathlib.py;a/changelog/10337.bugfix.rst;a/changelog/10811.bugfix.rst;a/src/_pytest/pathlib.py;a/testing/acceptance_test.py;acceptance/fixture_mock_integration.py;app/foo.py;b/changelog/10337.bugfix.rst;b/changelog/10811.bugfix.rst;b/src/_pytest/pathlib.py;b/testing/acceptance_test.py;bar/foo.py;changelog/10337.bugfix.rst;changelog/10811.bugfix.rst;conftest_usageerror/conftest.py;foo/foo.py;ntesting/acceptance_test.py;output/pytest-dev__pytest-11148_preds.json;pmxbot/commands.py;pmxbot/logging.py;src/_pytest/pathlib.py;subdir/__init__.py;testing/acceptance_test.py;tests/__init__.py;tests/foo.py;tests/foo/bar/doc/foo.py,changelog/10811.bugfix.rst,1,0.015873015873015872,True,True,changelog/10811.bugfix.rst,1,0.07142857142857142,True,True,0,0,0,0,no_gold_file_overlap,prior_trajectory_edited_target_gold_file
pytest-dev__pytest-9358,pytest-dev/pytest,pytest-dev__pytest-8365,pytest-dev__pytest-9358,src/_pytest/tmpdir.py,changelog/8317.bugfix.rst,1,1,,0,0.0,False,False,./swebench_9_15/manual.yaml;./swebench_9_15/output/pytest-dev__pytest-8365_preds.json;./testing/test_tmpdir.py;//bugs.py;a/run_test_with_env.py;a/src/_pytest/tmpdir.py;a/test_issue.py;a/test_tmpdir_fix.py;b/run_test_with_env.py;b/src/_pytest/tmpdir.py;b/test_issue.py;b/test_tmpdir_fix.py;ntesting/test_tmpdir.py;output/pytest-dev__pytest-8365_preds.json;src/_pytest/tmpdir.py;testing/test_tmpdir.py,./swebench_9_15/manual.yaml;./swebench_9_15/output/pytest-dev__pytest-8365_preds.json;_preds.json;manual.yaml;run_test_with_env.py;src/_pytest/tmpdir.py;test.txt;test_issue.py;test_tmpdir_fix.py,./testing/test_tmpdir.py;a/run_test_with_env.py;a/test_issue.py;a/test_tmpdir_fix.py;b/run_test_with_env.py;b/test_issue.py;b/test_tmpdir_fix.py;ntesting/test_tmpdir.py;testing/test_tmpdir.py,./swebench_9_15/manual.yaml;./swebench_9_15/output/pytest-dev__pytest-8365_preds.json;//bugs.py;a/run_test_with_env.py;a/src/_pytest/tmpdir.py;b/run_test_with_env.py;b/src/_pytest/tmpdir.py;output/pytest-dev__pytest-8365_preds.json;src/_pytest/tmpdir.py,,0,0.0,False,False,,0,0.0,False,False,0,0,0,0,no_gold_file_overlap,prior_trajectory_never_touched_target_gold_area
scikit-learn__scikit-learn-12622,scikit-learn/scikit-learn,scikit-learn__scikit-learn-10949,scikit-learn__scikit-learn-12622,sklearn/utils/validation.py,doc/whats_new/_contributors.rst;doc/whats_new/v0.20.rst;sklearn/utils/validation.py,1,3,sklearn/utils/validation.py,1,0.3333333333333333,True,True,./swebench_9_15/SOLUTION_SUMMARY.md;./swebench_9_15/manual.yaml;./swebench_9_15/output/scikit-learn__scikit-learn-10949_preds.json;./swebench_9_15/test_fix.py;./swebench_9_15/test_fix_complete.py;./swebench_9_15/test_original_issue.py;./swebench_9_15/test_simple.py;./swebench_9_15/test_validation_direct.py;/opt/anaconda3/lib/python3.8/site-packages/Cython/Compiler/Main.py;/validation.py;a/sklearn/utils/tests/test_validation.py;a/sklearn/utils/validation.py;a/test_issue.py;b/sklearn/utils/tests/test_validation.py;b/sklearn/utils/validation.py;b/test_issue.py;nsklearn/model_selection/tests/test_validation.py;nsklearn/utils/__init__.py;output/scikit-learn__scikit-learn-10949_preds.json;sklearn/__check_build/_check_build.py;sklearn/__init__.py;sklearn/_isotonic.py;sklearn/base.py;sklearn/cluster/_dbscan_inner.py;sklearn/cluster/_hierarchical.py;sklearn/cluster/_k_means.py;sklearn/cluster/_k_means_elkan.py;sklearn/datasets/_svmlight_format.py;sklearn/decomposition/_online_lda.py;sklearn/decomposition/cdnmf_fast.py;sklearn/ensemble/_gradient_boosting.py;sklearn/feature_extraction/_hashing.py;sklearn/linear_model/cd_fast.py;sklearn/linear_model/sag_fast.py;sklearn/linear_model/sgd_fast.py;sklearn/manifold/_barnes_hut_tsne.py;sklearn/manifold/_utils.py;sklearn/metrics/cluster/expected_mutual_info_fast.py;sklearn/metrics/pairwise_fast.py;sklearn/neighbors/ball_tree.py;sklearn/neighbors/dist_metrics.py;sklearn/neighbors/kd_tree.py;sklearn/neighbors/quad_tree.py;sklearn/neighbors/typedefs.py;sklearn/svm/liblinear.py;sklearn/svm/libsvm.py;sklearn/svm/libsvm_sparse.py;sklearn/tree/_criterion.py;sklearn/tree/_splitter.py;sklearn/tree/_tree.py;sklearn/tree/_utils.py;sklearn/utils/__init__.py;sklearn/utils/_logistic_sigmoid.py;sklearn/utils/_random.py;sklearn/utils/arrayfuncs.py;sklearn/utils/fast_dict.py;sklearn/utils/graph_shortest_path.py;sklearn/utils/lgamma.py;sklearn/utils/murmurhash.py;sklearn/utils/seq_dataset.py;sklearn/utils/sparsefuncs_fast.py;sklearn/utils/tests/test_validation.py;sklearn/utils/validation.py;sklearn/utils/weight_vector.py,./swebench_9_15/manual.yaml;./swebench_9_15/output/scikit-learn__scikit-learn-10949_preds.json;_preds.json;sklearn/utils/tests/test_validation.py;sklearn/utils/validation.py;test_issue.py,./swebench_9_15/test_fix.py;./swebench_9_15/test_fix_complete.py;./swebench_9_15/test_original_issue.py;./swebench_9_15/test_simple.py;./swebench_9_15/test_validation_direct.py;a/sklearn/utils/tests/test_validation.py;a/test_issue.py;b/sklearn/utils/tests/test_validation.py;b/test_issue.py;nsklearn/model_selection/tests/test_validation.py;sklearn/utils/graph_shortest_path.py;sklearn/utils/tests/test_validation.py,./swebench_9_15/SOLUTION_SUMMARY.md;./swebench_9_15/manual.yaml;./swebench_9_15/output/scikit-learn__scikit-learn-10949_preds.json;/opt/anaconda3/lib/python3.8/site-packages/Cython/Compiler/Main.py;/validation.py;a/sklearn/utils/validation.py;b/sklearn/utils/validation.py;nsklearn/utils/__init__.py;output/scikit-learn__scikit-learn-10949_preds.json;sklearn/__check_build/_check_build.py;sklearn/__init__.py;sklearn/_isotonic.py;sklearn/base.py;sklearn/cluster/_dbscan_inner.py;sklearn/cluster/_hierarchical.py;sklearn/cluster/_k_means.py;sklearn/cluster/_k_means_elkan.py;sklearn/datasets/_svmlight_format.py;sklearn/decomposition/_online_lda.py;sklearn/decomposition/cdnmf_fast.py;sklearn/ensemble/_gradient_boosting.py;sklearn/feature_extraction/_hashing.py;sklearn/linear_model/cd_fast.py;sklearn/linear_model/sag_fast.py;sklearn/linear_model/sgd_fast.py;sklearn/manifold/_barnes_hut_tsne.py;sklearn/manifold/_utils.py;sklearn/metrics/cluster/expected_mutual_info_fast.py;sklearn/metrics/pairwise_fast.py;sklearn/neighbors/ball_tree.py;sklearn/neighbors/dist_metrics.py;sklearn/neighbors/kd_tree.py;sklearn/neighbors/quad_tree.py;sklearn/neighbors/typedefs.py;sklearn/svm/liblinear.py;sklearn/svm/libsvm.py;sklearn/svm/libsvm_sparse.py;sklearn/tree/_criterion.py;sklearn/tree/_splitter.py;sklearn/tree/_tree.py;sklearn/tree/_utils.py;sklearn/utils/__init__.py;sklearn/utils/_logistic_sigmoid.py;sklearn/utils/_random.py;sklearn/utils/arrayfuncs.py;sklearn/utils/fast_dict.py;sklearn/utils/graph_shortest_path.py;sklearn/utils/lgamma.py;sklearn/utils/murmurhash.py;sklearn/utils/seq_dataset.py;sklearn/utils/sparsefuncs_fast.py;sklearn/utils/validation.py;sklearn/utils/weight_vector.py,sklearn/utils/validation.py,1,0.015151515151515152,True,True,sklearn/utils/validation.py,1,0.125,True,True,1,1,1,1,same_file_overlap,prior_trajectory_edited_target_gold_file
scikit-learn__scikit-learn-13771,scikit-learn/scikit-learn,scikit-learn__scikit-learn-13779,scikit-learn__scikit-learn-13771,sklearn/ensemble/voting.py,doc/whats_new/v0.21.rst;sklearn/ensemble/voting.py,1,2,sklearn/ensemble/voting.py,1,0.5,True,True,./swebench_9_15/manual.yaml;./swebench_9_15/output/scikit-learn__scikit-learn-13779_preds.json;./swebench_9_15/simple_test.py;./swebench_9_15/test_fix.py;./swebench_9_15/test_issue.py;/opt/anaconda3/lib/python3.8/site-packages/numpy/__init__.py;/opt/anaconda3/lib/python3.8/site-packages/numpy/distutils/core.py;/opt/anaconda3/lib/python3.8/site-packages/numpy/distutils/misc_util.py;a/sklearn/ensemble/tests/test_voting.py;a/sklearn/ensemble/voting.py;b/sklearn/ensemble/tests/test_voting.py;b/sklearn/ensemble/voting.py;n/opt/anaconda3/lib/python3.8/importlib/__init__.py;n/opt/anaconda3/lib/python3.8/site-packages/numpy/__init__.py;nsklearn/datasets/lfw.py;nsklearn/decomposition/__init__.py;nsklearn/decomposition/sparse_pca.py;nsklearn/ensemble/__init__.py;nsklearn/ensemble/forest.py;nsklearn/linear_model/__init__.py;nsklearn/linear_model/least_angle.py;nsklearn/neighbors/__init__.py;nsklearn/neighbors/nca.py;nsklearn/tree/__init__.py;nsklearn/tree/_criterion.py;nsklearn/tree/_splitter.py;nsklearn/tree/_tree.py;nsklearn/tree/tree.py;nsklearn/utils/multiclass.py;output/scikit-learn__scikit-learn-13779_preds.json;sklearn/_build_utils/__init__.py;sklearn/_build_utils/openmp_helpers.py;sklearn/datasets/__init__.py;sklearn/datasets/twenty_newsgroups.py;sklearn/decomposition/__init__.py;sklearn/decomposition/sparse_pca.py;sklearn/ensemble/__init__.py;sklearn/ensemble/forest.py;sklearn/ensemble/tests/test_voting.py;sklearn/ensemble/voting.py;sklearn/feature_extraction/__init__.py;sklearn/feature_extraction/image.py;sklearn/linear_model/__init__.py;sklearn/linear_model/least_angle.py;sklearn/neighbors/__init__.py;sklearn/neighbors/nca.py;sklearn/setup.py;sklearn/tree/__init__.py;sklearn/tree/_criterion.py;sklearn/tree/_splitter.py;sklearn/tree/_tree.py;sklearn/tree/tree.py;sklearn/utils/validation.py,./swebench_9_15/manual.yaml;./swebench_9_15/output/scikit-learn__scikit-learn-13779_preds.json;_preds.json;sklearn/ensemble/tests/test_voting.py;sklearn/ensemble/voting.py,./swebench_9_15/test_fix.py;./swebench_9_15/test_issue.py;a/sklearn/ensemble/tests/test_voting.py;b/sklearn/ensemble/tests/test_voting.py;sklearn/ensemble/tests/test_voting.py,./swebench_9_15/manual.yaml;./swebench_9_15/output/scikit-learn__scikit-learn-13779_preds.json;./swebench_9_15/simple_test.py;/opt/anaconda3/lib/python3.8/site-packages/numpy/__init__.py;/opt/anaconda3/lib/python3.8/site-packages/numpy/distutils/core.py;/opt/anaconda3/lib/python3.8/site-packages/numpy/distutils/misc_util.py;a/sklearn/ensemble/voting.py;b/sklearn/ensemble/voting.py;n/opt/anaconda3/lib/python3.8/importlib/__init__.py;n/opt/anaconda3/lib/python3.8/site-packages/numpy/__init__.py;nsklearn/datasets/lfw.py;nsklearn/decomposition/__init__.py;nsklearn/decomposition/sparse_pca.py;nsklearn/ensemble/__init__.py;nsklearn/ensemble/forest.py;nsklearn/linear_model/__init__.py;nsklearn/linear_model/least_angle.py;nsklearn/neighbors/__init__.py;nsklearn/neighbors/nca.py;nsklearn/tree/__init__.py;nsklearn/tree/_criterion.py;nsklearn/tree/_splitter.py;nsklearn/tree/_tree.py;nsklearn/tree/tree.py;nsklearn/utils/multiclass.py;output/scikit-learn__scikit-learn-13779_preds.json;sklearn/_build_utils/__init__.py;sklearn/_build_utils/openmp_helpers.py;sklearn/datasets/__init__.py;sklearn/datasets/twenty_newsgroups.py;sklearn/decomposition/__init__.py;sklearn/decomposition/sparse_pca.py;sklearn/ensemble/__init__.py;sklearn/ensemble/forest.py;sklearn/ensemble/voting.py;sklearn/feature_extraction/__init__.py;sklearn/feature_extraction/image.py;sklearn/linear_model/__init__.py;sklearn/linear_model/least_angle.py;sklearn/neighbors/__init__.py;sklearn/neighbors/nca.py;sklearn/setup.py;sklearn/tree/__init__.py;sklearn/tree/_criterion.py;sklearn/tree/_splitter.py;sklearn/tree/_tree.py;sklearn/tree/tree.py;sklearn/utils/validation.py,sklearn/ensemble/voting.py,1,0.018518518518518517,True,True,sklearn/ensemble/voting.py,1,0.16666666666666666,True,True,0,0,0,0,same_file_overlap,prior_trajectory_edited_target_gold_file
scikit-learn__scikit-learn-15093,scikit-learn/scikit-learn,scikit-learn__scikit-learn-10949,scikit-learn__scikit-learn-15093,sklearn/utils/validation.py,doc/whats_new/v0.22.rst;sklearn/utils/validation.py,1,2,sklearn/utils/validation.py,1,0.5,True,True,./swebench_9_15/SOLUTION_SUMMARY.md;./swebench_9_15/manual.yaml;./swebench_9_15/output/scikit-learn__scikit-learn-10949_preds.json;./swebench_9_15/test_fix.py;./swebench_9_15/test_fix_complete.py;./swebench_9_15/test_original_issue.py;./swebench_9_15/test_simple.py;./swebench_9_15/test_validation_direct.py;/opt/anaconda3/lib/python3.8/site-packages/Cython/Compiler/Main.py;/validation.py;a/sklearn/utils/tests/test_validation.py;a/sklearn/utils/validation.py;a/test_issue.py;b/sklearn/utils/tests/test_validation.py;b/sklearn/utils/validation.py;b/test_issue.py;nsklearn/model_selection/tests/test_validation.py;nsklearn/utils/__init__.py;output/scikit-learn__scikit-learn-10949_preds.json;sklearn/__check_build/_check_build.py;sklearn/__init__.py;sklearn/_isotonic.py;sklearn/base.py;sklearn/cluster/_dbscan_inner.py;sklearn/cluster/_hierarchical.py;sklearn/cluster/_k_means.py;sklearn/cluster/_k_means_elkan.py;sklearn/datasets/_svmlight_format.py;sklearn/decomposition/_online_lda.py;sklearn/decomposition/cdnmf_fast.py;sklearn/ensemble/_gradient_boosting.py;sklearn/feature_extraction/_hashing.py;sklearn/linear_model/cd_fast.py;sklearn/linear_model/sag_fast.py;sklearn/linear_model/sgd_fast.py;sklearn/manifold/_barnes_hut_tsne.py;sklearn/manifold/_utils.py;sklearn/metrics/cluster/expected_mutual_info_fast.py;sklearn/metrics/pairwise_fast.py;sklearn/neighbors/ball_tree.py;sklearn/neighbors/dist_metrics.py;sklearn/neighbors/kd_tree.py;sklearn/neighbors/quad_tree.py;sklearn/neighbors/typedefs.py;sklearn/svm/liblinear.py;sklearn/svm/libsvm.py;sklearn/svm/libsvm_sparse.py;sklearn/tree/_criterion.py;sklearn/tree/_splitter.py;sklearn/tree/_tree.py;sklearn/tree/_utils.py;sklearn/utils/__init__.py;sklearn/utils/_logistic_sigmoid.py;sklearn/utils/_random.py;sklearn/utils/arrayfuncs.py;sklearn/utils/fast_dict.py;sklearn/utils/graph_shortest_path.py;sklearn/utils/lgamma.py;sklearn/utils/murmurhash.py;sklearn/utils/seq_dataset.py;sklearn/utils/sparsefuncs_fast.py;sklearn/utils/tests/test_validation.py;sklearn/utils/validation.py;sklearn/utils/weight_vector.py,./swebench_9_15/manual.yaml;./swebench_9_15/output/scikit-learn__scikit-learn-10949_preds.json;_preds.json;sklearn/utils/tests/test_validation.py;sklearn/utils/validation.py;test_issue.py,./swebench_9_15/test_fix.py;./swebench_9_15/test_fix_complete.py;./swebench_9_15/test_original_issue.py;./swebench_9_15/test_simple.py;./swebench_9_15/test_validation_direct.py;a/sklearn/utils/tests/test_validation.py;a/test_issue.py;b/sklearn/utils/tests/test_validation.py;b/test_issue.py;nsklearn/model_selection/tests/test_validation.py;sklearn/utils/graph_shortest_path.py;sklearn/utils/tests/test_validation.py,./swebench_9_15/SOLUTION_SUMMARY.md;./swebench_9_15/manual.yaml;./swebench_9_15/output/scikit-learn__scikit-learn-10949_preds.json;/opt/anaconda3/lib/python3.8/site-packages/Cython/Compiler/Main.py;/validation.py;a/sklearn/utils/validation.py;b/sklearn/utils/validation.py;nsklearn/utils/__init__.py;output/scikit-learn__scikit-learn-10949_preds.json;sklearn/__check_build/_check_build.py;sklearn/__init__.py;sklearn/_isotonic.py;sklearn/base.py;sklearn/cluster/_dbscan_inner.py;sklearn/cluster/_hierarchical.py;sklearn/cluster/_k_means.py;sklearn/cluster/_k_means_elkan.py;sklearn/datasets/_svmlight_format.py;sklearn/decomposition/_online_lda.py;sklearn/decomposition/cdnmf_fast.py;sklearn/ensemble/_gradient_boosting.py;sklearn/feature_extraction/_hashing.py;sklearn/linear_model/cd_fast.py;sklearn/linear_model/sag_fast.py;sklearn/linear_model/sgd_fast.py;sklearn/manifold/_barnes_hut_tsne.py;sklearn/manifold/_utils.py;sklearn/metrics/cluster/expected_mutual_info_fast.py;sklearn/metrics/pairwise_fast.py;sklearn/neighbors/ball_tree.py;sklearn/neighbors/dist_metrics.py;sklearn/neighbors/kd_tree.py;sklearn/neighbors/quad_tree.py;sklearn/neighbors/typedefs.py;sklearn/svm/liblinear.py;sklearn/svm/libsvm.py;sklearn/svm/libsvm_sparse.py;sklearn/tree/_criterion.py;sklearn/tree/_splitter.py;sklearn/tree/_tree.py;sklearn/tree/_utils.py;sklearn/utils/__init__.py;sklearn/utils/_logistic_sigmoid.py;sklearn/utils/_random.py;sklearn/utils/arrayfuncs.py;sklearn/utils/fast_dict.py;sklearn/utils/graph_shortest_path.py;sklearn/utils/lgamma.py;sklearn/utils/murmurhash.py;sklearn/utils/seq_dataset.py;sklearn/utils/sparsefuncs_fast.py;sklearn/utils/validation.py;sklearn/utils/weight_vector.py,sklearn/utils/validation.py,1,0.015384615384615385,True,True,sklearn/utils/validation.py,1,0.14285714285714285,True,True,0,1,0,0,same_file_overlap,prior_trajectory_edited_target_gold_file
scikit-learn__scikit-learn-25365,scikit-learn/scikit-learn,scikit-learn__scikit-learn-25500,scikit-learn__scikit-learn-25365,sklearn/isotonic.py,doc/whats_new/v1.2.rst;sklearn/manifold/_t_sne.py,1,2,,0,0.0,False,False,./swebench_9_15/manual.yaml;./swebench_9_15/output/scikit-learn__scikit-learn-25500_preds.json;./swebench_9_15/test_fix.py;./swebench_9_15/test_issue.py;/opt/anaconda3/lib/python3.8/concurrent/futures/_base.py;/opt/anaconda3/lib/python3.8/concurrent/futures/process.py;/opt/anaconda3/lib/python3.8/site-packages/pip/_vendor/pyproject_hooks/_in_process/_in_process.py;/private/var/folders/hg/_103_7xx52701ztpt4713nww0000gn/T/pip-build-env-jimzdhh8/overlay/lib/python3.8/site-packages/Cython/Build/Dependencies.py;/private/var/folders/hg/_103_7xx52701ztpt4713nww0000gn/T/pip-build-env-jimzdhh8/overlay/lib/python3.8/site-packages/setuptools/build_meta.py;/test_calibration.py;a/sklearn/calibration.py;b/sklearn/calibration.py;n../../../../.anaconda3/envs/strategy-training/lib/python3.9/site-packages/joblib/_parallel_backends.py;n../../../../.anaconda3/envs/strategy-training/lib/python3.9/site-packages/joblib/parallel.py;n../../../../.anaconda3/envs/strategy-training/lib/python3.9/site-packages/sklearn/calibration.py;n../../../../.anaconda3/envs/strategy-training/lib/python3.9/site-packages/sklearn/model_selection/_validation.py;n../../../../.anaconda3/envs/strategy-training/lib/python3.9/site-packages/sklearn/pipeline.py;n../../../../.anaconda3/envs/strategy-training/lib/python3.9/site-packages/sklearn/utils/fixes.py;n../core/model_trainer.py;nsklearn//metrics/_classification.py;nsklearn//metrics/_ranking.py;nsklearn//metrics/_regression.py;nsklearn/compose/_column_transformer.py;nsklearn/pipeline.py;nsklearn/tests/test_base.py;nsklearn/utils/_array_api.py;nsklearn/utils/_set_output.py;nsklearn/utils/tests/test_array_api.py;nsklearn/utils/tests/test_set_output.py;nsklearn/utils/validation.py;output/scikit-learn__scikit-learn-25500_preds.json;sklearn//metrics/_classification.py;sklearn/__check_build/__init__.py;sklearn/__check_build/_check_build.py;sklearn/__init__.py;sklearn/_build_utils/__init__.py;sklearn/_isotonic.py;sklearn/_loss/_loss.py;sklearn/calibration.py;sklearn/cluster/_dbscan_inner.py;sklearn/cluster/_hierarchical_fast.py;sklearn/cluster/_k_means_common.py;sklearn/cluster/_k_means_elkan.py;sklearn/cluster/_k_means_lloyd.py;sklearn/cluster/_k_means_minibatch.py;sklearn/compose/_column_transformer.py;sklearn/datasets/_svmlight_format_fast.py;sklearn/decomposition/_cdnmf_fast.py;sklearn/decomposition/_online_lda_fast.py;sklearn/ensemble/_gradient_boosting.py;sklearn/ensemble/_hist_gradient_boosting/_binning.py;sklearn/ensemble/_hist_gradient_boosting/_bitset.py;sklearn/ensemble/_hist_gradient_boosting/_gradient_boosting.py;sklearn/ensemble/_hist_gradient_boosting/_predictor.py;sklearn/ensemble/_hist_gradient_boosting/common.py;sklearn/ensemble/_hist_gradient_boosting/histogram.py;sklearn/ensemble/_hist_gradient_boosting/splitting.py;sklearn/ensemble/_hist_gradient_boosting/utils.py;sklearn/feature_extraction/_hashing_fast.py;sklearn/linear_model/_cd_fast.py;sklearn/linear_model/_sag_fast.py;sklearn/linear_model/_sgd_fast.py;sklearn/manifold/_barnes_hut_tsne.py;sklearn/manifold/_utils.py;sklearn/metrics/_dist_metrics.py;sklearn/metrics/_pairwise_distances_reduction/_argkmin.py;sklearn/metrics/_pairwise_distances_reduction/_base.py;sklearn/metrics/_pairwise_distances_reduction/_datasets_pair.py;sklearn/metrics/_pairwise_distances_reduction/_middle_term_computer.py;sklearn/metrics/_pairwise_distances_reduction/_radius_neighbors.py;sklearn/metrics/_pairwise_fast.py;sklearn/metrics/cluster/_expected_mutual_info_fast.py;sklearn/neighbors/_ball_tree.py;sklearn/neighbors/_kd_tree.py;sklearn/neighbors/_partition_nodes.py;sklearn/neighbors/_quad_tree.py;sklearn/pipeline.py;sklearn/preprocessing/_csr_polynomial_expansion.py;sklearn/svm/_liblinear.py;sklearn/svm/_libsvm.py;sklearn/svm/_libsvm_sparse.py;sklearn/svm/_newrand.py;sklearn/tests/test_base.py;sklearn/tests/test_calibration.py;sklearn/tree/_criterion.py;sklearn/tree/_splitter.py;sklearn/tree/_tree.py;sklearn/tree/_utils.py;sklearn/utils/_array_api.py;sklearn/utils/_cython_blas.py;sklearn/utils/_fast_dict.py;sklearn/utils/_heap.py;sklearn/utils/_isfinite.py;sklearn/utils/_logistic_sigmoid.py;sklearn/utils/_openmp_helpers.py;sklearn/utils/_random.py;sklearn/utils/_readonly_array_wrapper.py;sklearn/utils/_seq_dataset.py;sklearn/utils/_set_output.py;sklearn/utils/_sorting.py;sklearn/utils/_typedefs.py;sklearn/utils/_vector_sentinel.py;sklearn/utils/_weight_vector.py;sklearn/utils/arrayfuncs.py;sklearn/utils/murmurhash.py;sklearn/utils/sparsefuncs_fast.py;sklearn/utils/tests/test_set_output.py;sklearn/utils/validation.py,./swebench_9_15/manual.yaml;./swebench_9_15/output/scikit-learn__scikit-learn-25500_preds.json;_preds.json;sklearn/calibration.py,./swebench_9_15/test_fix.py;./swebench_9_15/test_issue.py;/test_calibration.py;nsklearn/tests/test_base.py;nsklearn/utils/tests/test_array_api.py;nsklearn/utils/tests/test_set_output.py;sklearn/tests/test_base.py;sklearn/tests/test_calibration.py;sklearn/utils/tests/test_set_output.py,./swebench_9_15/manual.yaml;./swebench_9_15/output/scikit-learn__scikit-learn-25500_preds.json;/opt/anaconda3/lib/python3.8/concurrent/futures/_base.py;/opt/anaconda3/lib/python3.8/concurrent/futures/process.py;/opt/anaconda3/lib/python3.8/site-packages/pip/_vendor/pyproject_hooks/_in_process/_in_process.py;/private/var/folders/hg/_103_7xx52701ztpt4713nww0000gn/T/pip-build-env-jimzdhh8/overlay/lib/python3.8/site-packages/Cython/Build/Dependencies.py;/private/var/folders/hg/_103_7xx52701ztpt4713nww0000gn/T/pip-build-env-jimzdhh8/overlay/lib/python3.8/site-packages/setuptools/build_meta.py;a/sklearn/calibration.py;b/sklearn/calibration.py;n../../../../.anaconda3/envs/strategy-training/lib/python3.9/site-packages/joblib/_parallel_backends.py;n../../../../.anaconda3/envs/strategy-training/lib/python3.9/site-packages/joblib/parallel.py;n../../../../.anaconda3/envs/strategy-training/lib/python3.9/site-packages/sklearn/calibration.py;n../../../../.anaconda3/envs/strategy-training/lib/python3.9/site-packages/sklearn/model_selection/_validation.py;n../../../../.anaconda3/envs/strategy-training/lib/python3.9/site-packages/sklearn/pipeline.py;n../../../../.anaconda3/envs/strategy-training/lib/python3.9/site-packages/sklearn/utils/fixes.py;n../core/model_trainer.py;nsklearn//metrics/_classification.py;nsklearn//metrics/_ranking.py;nsklearn//metrics/_regression.py;nsklearn/compose/_column_transformer.py;nsklearn/pipeline.py;nsklearn/utils/_array_api.py;nsklearn/utils/_set_output.py;nsklearn/utils/validation.py;output/scikit-learn__scikit-learn-25500_preds.json;sklearn//metrics/_classification.py;sklearn/__check_build/__init__.py;sklearn/__check_build/_check_build.py;sklearn/__init__.py;sklearn/_build_utils/__init__.py;sklearn/_isotonic.py;sklearn/_loss/_loss.py;sklearn/calibration.py;sklearn/cluster/_dbscan_inner.py;sklearn/cluster/_hierarchical_fast.py;sklearn/cluster/_k_means_common.py;sklearn/cluster/_k_means_elkan.py;sklearn/cluster/_k_means_lloyd.py;sklearn/cluster/_k_means_minibatch.py;sklearn/compose/_column_transformer.py;sklearn/datasets/_svmlight_format_fast.py;sklearn/decomposition/_cdnmf_fast.py;sklearn/decomposition/_online_lda_fast.py;sklearn/ensemble/_gradient_boosting.py;sklearn/ensemble/_hist_gradient_boosting/_binning.py;sklearn/ensemble/_hist_gradient_boosting/_bitset.py;sklearn/ensemble/_hist_gradient_boosting/_gradient_boosting.py;sklearn/ensemble/_hist_gradient_boosting/_predictor.py;sklearn/ensemble/_hist_gradient_boosting/common.py;sklearn/ensemble/_hist_gradient_boosting/histogram.py;sklearn/ensemble/_hist_gradient_boosting/splitting.py;sklearn/ensemble/_hist_gradient_boosting/utils.py;sklearn/feature_extraction/_hashing_fast.py;sklearn/linear_model/_cd_fast.py;sklearn/linear_model/_sag_fast.py;sklearn/linear_model/_sgd_fast.py;sklearn/manifold/_barnes_hut_tsne.py;sklearn/manifold/_utils.py;sklearn/metrics/_dist_metrics.py;sklearn/metrics/_pairwise_distances_reduction/_argkmin.py;sklearn/metrics/_pairwise_distances_reduction/_base.py;sklearn/metrics/_pairwise_distances_reduction/_datasets_pair.py;sklearn/metrics/_pairwise_distances_reduction/_middle_term_computer.py;sklearn/metrics/_pairwise_distances_reduction/_radius_neighbors.py;sklearn/metrics/_pairwise_fast.py;sklearn/metrics/cluster/_expected_mutual_info_fast.py;sklearn/neighbors/_ball_tree.py;sklearn/neighbors/_kd_tree.py;sklearn/neighbors/_partition_nodes.py;sklearn/neighbors/_quad_tree.py;sklearn/pipeline.py;sklearn/preprocessing/_csr_polynomial_expansion.py;sklearn/svm/_liblinear.py;sklearn/svm/_libsvm.py;sklearn/svm/_libsvm_sparse.py;sklearn/svm/_newrand.py;sklearn/tree/_criterion.py;sklearn/tree/_splitter.py;sklearn/tree/_tree.py;sklearn/tree/_utils.py;sklearn/utils/_array_api.py;sklearn/utils/_cython_blas.py;sklearn/utils/_fast_dict.py;sklearn/utils/_heap.py;sklearn/utils/_isfinite.py;sklearn/utils/_logistic_sigmoid.py;sklearn/utils/_openmp_helpers.py;sklearn/utils/_random.py;sklearn/utils/_readonly_array_wrapper.py;sklearn/utils/_seq_dataset.py;sklearn/utils/_set_output.py;sklearn/utils/_sorting.py;sklearn/utils/_typedefs.py;sklearn/utils/_vector_sentinel.py;sklearn/utils/_weight_vector.py;sklearn/utils/arrayfuncs.py;sklearn/utils/murmurhash.py;sklearn/utils/sparsefuncs_fast.py;sklearn/utils/validation.py,,0,0.0,False,True,,0,0.0,False,False,1,0,1,1,no_gold_file_overlap,prior_trajectory_same_directory_as_target_gold
scikit-learn__scikit-learn-25578,scikit-learn/scikit-learn,scikit-learn__scikit-learn-25638,scikit-learn__scikit-learn-25578,sklearn/utils/multiclass.py,doc/whats_new/v1.3.rst;sklearn/utils/multiclass.py,1,2,sklearn/utils/multiclass.py,1,0.5,True,True,../test_issue.py;./swebench_9_15/manual.yaml;./swebench_9_15/output/scikit-learn__scikit-learn-25638_preds.json;./swebench_9_15/run_test.py;./swebench_9_15/test_direct.py;./swebench_9_15/test_direct_v2.py;./swebench_9_15/test_fix.py;./swebench_9_15/test_fix_minimal.py;/multiclass.py;/opt/anaconda3/lib/python3.8/concurrent/futures/_base.py;/opt/anaconda3/lib/python3.8/concurrent/futures/process.py;/opt/anaconda3/lib/python3.8/site-packages/numpy/__init__.py;/opt/anaconda3/lib/python3.8/site-packages/pip/_vendor/pyproject_hooks/_in_process/_in_process.py;/private/var/folders/hg/_103_7xx52701ztpt4713nww0000gn/T/pip-build-env-okdbrnus/overlay/lib/python3.8/site-packages/Cython/Build/Dependencies.py;/private/var/folders/hg/_103_7xx52701ztpt4713nww0000gn/T/pip-build-env-okdbrnus/overlay/lib/python3.8/site-packages/setuptools/build_meta.py;/sklearn/utils/multiclass.py;/test_multiclass.py;a/sklearn/utils/multiclass.py;a/test_issue.py;a/test_nullable_dtypes.py;b/sklearn/utils/multiclass.py;b/test_issue.py;b/test_nullable_dtypes.py;nsklearn/utils/multiclass.py;nsklearn/utils/tests/test_multiclass.py;output/scikit-learn__scikit-learn-25638_preds.json;sklearn/__check_build/__init__.py;sklearn/__check_build/_check_build.py;sklearn/__init__.py;sklearn/_build_utils/__init__.py;sklearn/_isotonic.py;sklearn/_loss/_loss.py;sklearn/base.py;sklearn/cluster/_dbscan_inner.py;sklearn/cluster/_hierarchical_fast.py;sklearn/cluster/_k_means_common.py;sklearn/cluster/_k_means_elkan.py;sklearn/cluster/_k_means_lloyd.py;sklearn/cluster/_k_means_minibatch.py;sklearn/datasets/_svmlight_format_fast.py;sklearn/decomposition/_cdnmf_fast.py;sklearn/decomposition/_online_lda_fast.py;sklearn/ensemble/_gradient_boosting.py;sklearn/ensemble/_hist_gradient_boosting/_binning.py;sklearn/ensemble/_hist_gradient_boosting/_bitset.py;sklearn/ensemble/_hist_gradient_boosting/_gradient_boosting.py;sklearn/ensemble/_hist_gradient_boosting/_predictor.py;sklearn/ensemble/_hist_gradient_boosting/common.py;sklearn/ensemble/_hist_gradient_boosting/histogram.py;sklearn/ensemble/_hist_gradient_boosting/splitting.py;sklearn/ensemble/_hist_gradient_boosting/utils.py;sklearn/feature_extraction/_hashing_fast.py;sklearn/linear_model/_cd_fast.py;sklearn/linear_model/_sag_fast.py;sklearn/linear_model/_sgd_fast.py;sklearn/manifold/_barnes_hut_tsne.py;sklearn/manifold/_utils.py;sklearn/metrics/_dist_metrics.py;sklearn/metrics/_pairwise_distances_reduction/_argkmin.py;sklearn/metrics/_pairwise_distances_reduction/_base.py;sklearn/metrics/_pairwise_distances_reduction/_datasets_pair.py;sklearn/metrics/_pairwise_distances_reduction/_middle_term_computer.py;sklearn/metrics/_pairwise_distances_reduction/_radius_neighbors.py;sklearn/metrics/_pairwise_fast.py;sklearn/metrics/cluster/_expected_mutual_info_fast.py;sklearn/neighbors/_ball_tree.py;sklearn/neighbors/_kd_tree.py;sklearn/neighbors/_partition_nodes.py;sklearn/neighbors/_quad_tree.py;sklearn/preprocessing/_csr_polynomial_expansion.py;sklearn/svm/_liblinear.py;sklearn/svm/_libsvm.py;sklearn/svm/_libsvm_sparse.py;sklearn/svm/_newrand.py;sklearn/tests/test_multiclass.py;sklearn/tree/_criterion.py;sklearn/tree/_splitter.py;sklearn/tree/_tree.py;sklearn/tree/_utils.py;sklearn/utils/__init__.py;sklearn/utils/_array_api.py;sklearn/utils/_cython_blas.py;sklearn/utils/_fast_dict.py;sklearn/utils/_heap.py;sklearn/utils/_isfinite.py;sklearn/utils/_logistic_sigmoid.py;sklearn/utils/_openmp_helpers.py;sklearn/utils/_random.py;sklearn/utils/_seq_dataset.py;sklearn/utils/_sorting.py;sklearn/utils/_typedefs.py;sklearn/utils/_vector_sentinel.py;sklearn/utils/_weight_vector.py;sklearn/utils/arrayfuncs.py;sklearn/utils/multiclass.py;sklearn/utils/murmurhash.py;sklearn/utils/sparsefuncs_fast.py;sklearn/utils/tests/test_multiclass.py,./swebench_9_15/manual.yaml;./swebench_9_15/output/scikit-learn__scikit-learn-25638_preds.json;_preds.json;sklearn/utils/multiclass.py;test_issue.py;test_nullable_dtypes.py,../test_issue.py;./swebench_9_15/test_direct.py;./swebench_9_15/test_direct_v2.py;./swebench_9_15/test_fix.py;./swebench_9_15/test_fix_minimal.py;/test_multiclass.py;a/test_issue.py;a/test_nullable_dtypes.py;b/test_issue.py;b/test_nullable_dtypes.py;nsklearn/utils/tests/test_multiclass.py;sklearn/tests/test_multiclass.py;sklearn/utils/tests/test_multiclass.py,./swebench_9_15/manual.yaml;./swebench_9_15/output/scikit-learn__scikit-learn-25638_preds.json;./swebench_9_15/run_test.py;/multiclass.py;/opt/anaconda3/lib/python3.8/concurrent/futures/_base.py;/opt/anaconda3/lib/python3.8/concurrent/futures/process.py;/opt/anaconda3/lib/python3.8/site-packages/numpy/__init__.py;/opt/anaconda3/lib/python3.8/site-packages/pip/_vendor/pyproject_hooks/_in_process/_in_process.py;/private/var/folders/hg/_103_7xx52701ztpt4713nww0000gn/T/pip-build-env-okdbrnus/overlay/lib/python3.8/site-packages/Cython/Build/Dependencies.py;/private/var/folders/hg/_103_7xx52701ztpt4713nww0000gn/T/pip-build-env-okdbrnus/overlay/lib/python3.8/site-packages/setuptools/build_meta.py;/sklearn/utils/multiclass.py;a/sklearn/utils/multiclass.py;b/sklearn/utils/multiclass.py;nsklearn/utils/multiclass.py;output/scikit-learn__scikit-learn-25638_preds.json;sklearn/__check_build/__init__.py;sklearn/__check_build/_check_build.py;sklearn/__init__.py;sklearn/_build_utils/__init__.py;sklearn/_isotonic.py;sklearn/_loss/_loss.py;sklearn/base.py;sklearn/cluster/_dbscan_inner.py;sklearn/cluster/_hierarchical_fast.py;sklearn/cluster/_k_means_common.py;sklearn/cluster/_k_means_elkan.py;sklearn/cluster/_k_means_lloyd.py;sklearn/cluster/_k_means_minibatch.py;sklearn/datasets/_svmlight_format_fast.py;sklearn/decomposition/_cdnmf_fast.py;sklearn/decomposition/_online_lda_fast.py;sklearn/ensemble/_gradient_boosting.py;sklearn/ensemble/_hist_gradient_boosting/_binning.py;sklearn/ensemble/_hist_gradient_boosting/_bitset.py;sklearn/ensemble/_hist_gradient_boosting/_gradient_boosting.py;sklearn/ensemble/_hist_gradient_boosting/_predictor.py;sklearn/ensemble/_hist_gradient_boosting/common.py;sklearn/ensemble/_hist_gradient_boosting/histogram.py;sklearn/ensemble/_hist_gradient_boosting/splitting.py;sklearn/ensemble/_hist_gradient_boosting/utils.py;sklearn/feature_extraction/_hashing_fast.py;sklearn/linear_model/_cd_fast.py;sklearn/linear_model/_sag_fast.py;sklearn/linear_model/_sgd_fast.py;sklearn/manifold/_barnes_hut_tsne.py;sklearn/manifold/_utils.py;sklearn/metrics/_dist_metrics.py;sklearn/metrics/_pairwise_distances_reduction/_argkmin.py;sklearn/metrics/_pairwise_distances_reduction/_base.py;sklearn/metrics/_pairwise_distances_reduction/_datasets_pair.py;sklearn/metrics/_pairwise_distances_reduction/_middle_term_computer.py;sklearn/metrics/_pairwise_distances_reduction/_radius_neighbors.py;sklearn/metrics/_pairwise_fast.py;sklearn/metrics/cluster/_expected_mutual_info_fast.py;sklearn/neighbors/_ball_tree.py;sklearn/neighbors/_kd_tree.py;sklearn/neighbors/_partition_nodes.py;sklearn/neighbors/_quad_tree.py;sklearn/preprocessing/_csr_polynomial_expansion.py;sklearn/svm/_liblinear.py;sklearn/svm/_libsvm.py;sklearn/svm/_libsvm_sparse.py;sklearn/svm/_newrand.py;sklearn/tree/_criterion.py;sklearn/tree/_splitter.py;sklearn/tree/_tree.py;sklearn/tree/_utils.py;sklearn/utils/__init__.py;sklearn/utils/_array_api.py;sklearn/utils/_cython_blas.py;sklearn/utils/_fast_dict.py;sklearn/utils/_heap.py;sklearn/utils/_isfinite.py;sklearn/utils/_logistic_sigmoid.py;sklearn/utils/_openmp_helpers.py;sklearn/utils/_random.py;sklearn/utils/_seq_dataset.py;sklearn/utils/_sorting.py;sklearn/utils/_typedefs.py;sklearn/utils/_vector_sentinel.py;sklearn/utils/_weight_vector.py;sklearn/utils/arrayfuncs.py;sklearn/utils/multiclass.py;sklearn/utils/murmurhash.py;sklearn/utils/sparsefuncs_fast.py,sklearn/utils/multiclass.py,1,0.010101010101010102,True,True,sklearn/utils/multiclass.py,1,0.14285714285714285,True,True,0,0,0,0,same_file_overlap,prior_trajectory_edited_target_gold_file
scikit-learn__scikit-learn-25634,scikit-learn/scikit-learn,scikit-learn__scikit-learn-25638,scikit-learn__scikit-learn-25634,sklearn/utils/multiclass.py,doc/whats_new/v1.3.rst;sklearn/utils/multiclass.py,1,2,sklearn/utils/multiclass.py,1,0.5,True,True,../test_issue.py;./swebench_9_15/manual.yaml;./swebench_9_15/output/scikit-learn__scikit-learn-25638_preds.json;./swebench_9_15/run_test.py;./swebench_9_15/test_direct.py;./swebench_9_15/test_direct_v2.py;./swebench_9_15/test_fix.py;./swebench_9_15/test_fix_minimal.py;/multiclass.py;/opt/anaconda3/lib/python3.8/concurrent/futures/_base.py;/opt/anaconda3/lib/python3.8/concurrent/futures/process.py;/opt/anaconda3/lib/python3.8/site-packages/numpy/__init__.py;/opt/anaconda3/lib/python3.8/site-packages/pip/_vendor/pyproject_hooks/_in_process/_in_process.py;/private/var/folders/hg/_103_7xx52701ztpt4713nww0000gn/T/pip-build-env-okdbrnus/overlay/lib/python3.8/site-packages/Cython/Build/Dependencies.py;/private/var/folders/hg/_103_7xx52701ztpt4713nww0000gn/T/pip-build-env-okdbrnus/overlay/lib/python3.8/site-packages/setuptools/build_meta.py;/sklearn/utils/multiclass.py;/test_multiclass.py;a/sklearn/utils/multiclass.py;a/test_issue.py;a/test_nullable_dtypes.py;b/sklearn/utils/multiclass.py;b/test_issue.py;b/test_nullable_dtypes.py;nsklearn/utils/multiclass.py;nsklearn/utils/tests/test_multiclass.py;output/scikit-learn__scikit-learn-25638_preds.json;sklearn/__check_build/__init__.py;sklearn/__check_build/_check_build.py;sklearn/__init__.py;sklearn/_build_utils/__init__.py;sklearn/_isotonic.py;sklearn/_loss/_loss.py;sklearn/base.py;sklearn/cluster/_dbscan_inner.py;sklearn/cluster/_hierarchical_fast.py;sklearn/cluster/_k_means_common.py;sklearn/cluster/_k_means_elkan.py;sklearn/cluster/_k_means_lloyd.py;sklearn/cluster/_k_means_minibatch.py;sklearn/datasets/_svmlight_format_fast.py;sklearn/decomposition/_cdnmf_fast.py;sklearn/decomposition/_online_lda_fast.py;sklearn/ensemble/_gradient_boosting.py;sklearn/ensemble/_hist_gradient_boosting/_binning.py;sklearn/ensemble/_hist_gradient_boosting/_bitset.py;sklearn/ensemble/_hist_gradient_boosting/_gradient_boosting.py;sklearn/ensemble/_hist_gradient_boosting/_predictor.py;sklearn/ensemble/_hist_gradient_boosting/common.py;sklearn/ensemble/_hist_gradient_boosting/histogram.py;sklearn/ensemble/_hist_gradient_boosting/splitting.py;sklearn/ensemble/_hist_gradient_boosting/utils.py;sklearn/feature_extraction/_hashing_fast.py;sklearn/linear_model/_cd_fast.py;sklearn/linear_model/_sag_fast.py;sklearn/linear_model/_sgd_fast.py;sklearn/manifold/_barnes_hut_tsne.py;sklearn/manifold/_utils.py;sklearn/metrics/_dist_metrics.py;sklearn/metrics/_pairwise_distances_reduction/_argkmin.py;sklearn/metrics/_pairwise_distances_reduction/_base.py;sklearn/metrics/_pairwise_distances_reduction/_datasets_pair.py;sklearn/metrics/_pairwise_distances_reduction/_middle_term_computer.py;sklearn/metrics/_pairwise_distances_reduction/_radius_neighbors.py;sklearn/metrics/_pairwise_fast.py;sklearn/metrics/cluster/_expected_mutual_info_fast.py;sklearn/neighbors/_ball_tree.py;sklearn/neighbors/_kd_tree.py;sklearn/neighbors/_partition_nodes.py;sklearn/neighbors/_quad_tree.py;sklearn/preprocessing/_csr_polynomial_expansion.py;sklearn/svm/_liblinear.py;sklearn/svm/_libsvm.py;sklearn/svm/_libsvm_sparse.py;sklearn/svm/_newrand.py;sklearn/tests/test_multiclass.py;sklearn/tree/_criterion.py;sklearn/tree/_splitter.py;sklearn/tree/_tree.py;sklearn/tree/_utils.py;sklearn/utils/__init__.py;sklearn/utils/_array_api.py;sklearn/utils/_cython_blas.py;sklearn/utils/_fast_dict.py;sklearn/utils/_heap.py;sklearn/utils/_isfinite.py;sklearn/utils/_logistic_sigmoid.py;sklearn/utils/_openmp_helpers.py;sklearn/utils/_random.py;sklearn/utils/_seq_dataset.py;sklearn/utils/_sorting.py;sklearn/utils/_typedefs.py;sklearn/utils/_vector_sentinel.py;sklearn/utils/_weight_vector.py;sklearn/utils/arrayfuncs.py;sklearn/utils/multiclass.py;sklearn/utils/murmurhash.py;sklearn/utils/sparsefuncs_fast.py;sklearn/utils/tests/test_multiclass.py,./swebench_9_15/manual.yaml;./swebench_9_15/output/scikit-learn__scikit-learn-25638_preds.json;_preds.json;sklearn/utils/multiclass.py;test_issue.py;test_nullable_dtypes.py,../test_issue.py;./swebench_9_15/test_direct.py;./swebench_9_15/test_direct_v2.py;./swebench_9_15/test_fix.py;./swebench_9_15/test_fix_minimal.py;/test_multiclass.py;a/test_issue.py;a/test_nullable_dtypes.py;b/test_issue.py;b/test_nullable_dtypes.py;nsklearn/utils/tests/test_multiclass.py;sklearn/tests/test_multiclass.py;sklearn/utils/tests/test_multiclass.py,./swebench_9_15/manual.yaml;./swebench_9_15/output/scikit-learn__scikit-learn-25638_preds.json;./swebench_9_15/run_test.py;/multiclass.py;/opt/anaconda3/lib/python3.8/concurrent/futures/_base.py;/opt/anaconda3/lib/python3.8/concurrent/futures/process.py;/opt/anaconda3/lib/python3.8/site-packages/numpy/__init__.py;/opt/anaconda3/lib/python3.8/site-packages/pip/_vendor/pyproject_hooks/_in_process/_in_process.py;/private/var/folders/hg/_103_7xx52701ztpt4713nww0000gn/T/pip-build-env-okdbrnus/overlay/lib/python3.8/site-packages/Cython/Build/Dependencies.py;/private/var/folders/hg/_103_7xx52701ztpt4713nww0000gn/T/pip-build-env-okdbrnus/overlay/lib/python3.8/site-packages/setuptools/build_meta.py;/sklearn/utils/multiclass.py;a/sklearn/utils/multiclass.py;b/sklearn/utils/multiclass.py;nsklearn/utils/multiclass.py;output/scikit-learn__scikit-learn-25638_preds.json;sklearn/__check_build/__init__.py;sklearn/__check_build/_check_build.py;sklearn/__init__.py;sklearn/_build_utils/__init__.py;sklearn/_isotonic.py;sklearn/_loss/_loss.py;sklearn/base.py;sklearn/cluster/_dbscan_inner.py;sklearn/cluster/_hierarchical_fast.py;sklearn/cluster/_k_means_common.py;sklearn/cluster/_k_means_elkan.py;sklearn/cluster/_k_means_lloyd.py;sklearn/cluster/_k_means_minibatch.py;sklearn/datasets/_svmlight_format_fast.py;sklearn/decomposition/_cdnmf_fast.py;sklearn/decomposition/_online_lda_fast.py;sklearn/ensemble/_gradient_boosting.py;sklearn/ensemble/_hist_gradient_boosting/_binning.py;sklearn/ensemble/_hist_gradient_boosting/_bitset.py;sklearn/ensemble/_hist_gradient_boosting/_gradient_boosting.py;sklearn/ensemble/_hist_gradient_boosting/_predictor.py;sklearn/ensemble/_hist_gradient_boosting/common.py;sklearn/ensemble/_hist_gradient_boosting/histogram.py;sklearn/ensemble/_hist_gradient_boosting/splitting.py;sklearn/ensemble/_hist_gradient_boosting/utils.py;sklearn/feature_extraction/_hashing_fast.py;sklearn/linear_model/_cd_fast.py;sklearn/linear_model/_sag_fast.py;sklearn/linear_model/_sgd_fast.py;sklearn/manifold/_barnes_hut_tsne.py;sklearn/manifold/_utils.py;sklearn/metrics/_dist_metrics.py;sklearn/metrics/_pairwise_distances_reduction/_argkmin.py;sklearn/metrics/_pairwise_distances_reduction/_base.py;sklearn/metrics/_pairwise_distances_reduction/_datasets_pair.py;sklearn/metrics/_pairwise_distances_reduction/_middle_term_computer.py;sklearn/metrics/_pairwise_distances_reduction/_radius_neighbors.py;sklearn/metrics/_pairwise_fast.py;sklearn/metrics/cluster/_expected_mutual_info_fast.py;sklearn/neighbors/_ball_tree.py;sklearn/neighbors/_kd_tree.py;sklearn/neighbors/_partition_nodes.py;sklearn/neighbors/_quad_tree.py;sklearn/preprocessing/_csr_polynomial_expansion.py;sklearn/svm/_liblinear.py;sklearn/svm/_libsvm.py;sklearn/svm/_libsvm_sparse.py;sklearn/svm/_newrand.py;sklearn/tree/_criterion.py;sklearn/tree/_splitter.py;sklearn/tree/_tree.py;sklearn/tree/_utils.py;sklearn/utils/__init__.py;sklearn/utils/_array_api.py;sklearn/utils/_cython_blas.py;sklearn/utils/_fast_dict.py;sklearn/utils/_heap.py;sklearn/utils/_isfinite.py;sklearn/utils/_logistic_sigmoid.py;sklearn/utils/_openmp_helpers.py;sklearn/utils/_random.py;sklearn/utils/_seq_dataset.py;sklearn/utils/_sorting.py;sklearn/utils/_typedefs.py;sklearn/utils/_vector_sentinel.py;sklearn/utils/_weight_vector.py;sklearn/utils/arrayfuncs.py;sklearn/utils/multiclass.py;sklearn/utils/murmurhash.py;sklearn/utils/sparsefuncs_fast.py,sklearn/utils/multiclass.py,1,0.010101010101010102,True,True,sklearn/utils/multiclass.py,1,0.14285714285714285,True,True,0,0,0,0,same_file_overlap,prior_trajectory_edited_target_gold_file
scikit-learn__scikit-learn-25635,scikit-learn/scikit-learn,scikit-learn__scikit-learn-25638,scikit-learn__scikit-learn-25635,sklearn/utils/multiclass.py,doc/whats_new/v1.3.rst;sklearn/utils/multiclass.py,1,2,sklearn/utils/multiclass.py,1,0.5,True,True,../test_issue.py;./swebench_9_15/manual.yaml;./swebench_9_15/output/scikit-learn__scikit-learn-25638_preds.json;./swebench_9_15/run_test.py;./swebench_9_15/test_direct.py;./swebench_9_15/test_direct_v2.py;./swebench_9_15/test_fix.py;./swebench_9_15/test_fix_minimal.py;/multiclass.py;/opt/anaconda3/lib/python3.8/concurrent/futures/_base.py;/opt/anaconda3/lib/python3.8/concurrent/futures/process.py;/opt/anaconda3/lib/python3.8/site-packages/numpy/__init__.py;/opt/anaconda3/lib/python3.8/site-packages/pip/_vendor/pyproject_hooks/_in_process/_in_process.py;/private/var/folders/hg/_103_7xx52701ztpt4713nww0000gn/T/pip-build-env-okdbrnus/overlay/lib/python3.8/site-packages/Cython/Build/Dependencies.py;/private/var/folders/hg/_103_7xx52701ztpt4713nww0000gn/T/pip-build-env-okdbrnus/overlay/lib/python3.8/site-packages/setuptools/build_meta.py;/sklearn/utils/multiclass.py;/test_multiclass.py;a/sklearn/utils/multiclass.py;a/test_issue.py;a/test_nullable_dtypes.py;b/sklearn/utils/multiclass.py;b/test_issue.py;b/test_nullable_dtypes.py;nsklearn/utils/multiclass.py;nsklearn/utils/tests/test_multiclass.py;output/scikit-learn__scikit-learn-25638_preds.json;sklearn/__check_build/__init__.py;sklearn/__check_build/_check_build.py;sklearn/__init__.py;sklearn/_build_utils/__init__.py;sklearn/_isotonic.py;sklearn/_loss/_loss.py;sklearn/base.py;sklearn/cluster/_dbscan_inner.py;sklearn/cluster/_hierarchical_fast.py;sklearn/cluster/_k_means_common.py;sklearn/cluster/_k_means_elkan.py;sklearn/cluster/_k_means_lloyd.py;sklearn/cluster/_k_means_minibatch.py;sklearn/datasets/_svmlight_format_fast.py;sklearn/decomposition/_cdnmf_fast.py;sklearn/decomposition/_online_lda_fast.py;sklearn/ensemble/_gradient_boosting.py;sklearn/ensemble/_hist_gradient_boosting/_binning.py;sklearn/ensemble/_hist_gradient_boosting/_bitset.py;sklearn/ensemble/_hist_gradient_boosting/_gradient_boosting.py;sklearn/ensemble/_hist_gradient_boosting/_predictor.py;sklearn/ensemble/_hist_gradient_boosting/common.py;sklearn/ensemble/_hist_gradient_boosting/histogram.py;sklearn/ensemble/_hist_gradient_boosting/splitting.py;sklearn/ensemble/_hist_gradient_boosting/utils.py;sklearn/feature_extraction/_hashing_fast.py;sklearn/linear_model/_cd_fast.py;sklearn/linear_model/_sag_fast.py;sklearn/linear_model/_sgd_fast.py;sklearn/manifold/_barnes_hut_tsne.py;sklearn/manifold/_utils.py;sklearn/metrics/_dist_metrics.py;sklearn/metrics/_pairwise_distances_reduction/_argkmin.py;sklearn/metrics/_pairwise_distances_reduction/_base.py;sklearn/metrics/_pairwise_distances_reduction/_datasets_pair.py;sklearn/metrics/_pairwise_distances_reduction/_middle_term_computer.py;sklearn/metrics/_pairwise_distances_reduction/_radius_neighbors.py;sklearn/metrics/_pairwise_fast.py;sklearn/metrics/cluster/_expected_mutual_info_fast.py;sklearn/neighbors/_ball_tree.py;sklearn/neighbors/_kd_tree.py;sklearn/neighbors/_partition_nodes.py;sklearn/neighbors/_quad_tree.py;sklearn/preprocessing/_csr_polynomial_expansion.py;sklearn/svm/_liblinear.py;sklearn/svm/_libsvm.py;sklearn/svm/_libsvm_sparse.py;sklearn/svm/_newrand.py;sklearn/tests/test_multiclass.py;sklearn/tree/_criterion.py;sklearn/tree/_splitter.py;sklearn/tree/_tree.py;sklearn/tree/_utils.py;sklearn/utils/__init__.py;sklearn/utils/_array_api.py;sklearn/utils/_cython_blas.py;sklearn/utils/_fast_dict.py;sklearn/utils/_heap.py;sklearn/utils/_isfinite.py;sklearn/utils/_logistic_sigmoid.py;sklearn/utils/_openmp_helpers.py;sklearn/utils/_random.py;sklearn/utils/_seq_dataset.py;sklearn/utils/_sorting.py;sklearn/utils/_typedefs.py;sklearn/utils/_vector_sentinel.py;sklearn/utils/_weight_vector.py;sklearn/utils/arrayfuncs.py;sklearn/utils/multiclass.py;sklearn/utils/murmurhash.py;sklearn/utils/sparsefuncs_fast.py;sklearn/utils/tests/test_multiclass.py,./swebench_9_15/manual.yaml;./swebench_9_15/output/scikit-learn__scikit-learn-25638_preds.json;_preds.json;sklearn/utils/multiclass.py;test_issue.py;test_nullable_dtypes.py,../test_issue.py;./swebench_9_15/test_direct.py;./swebench_9_15/test_direct_v2.py;./swebench_9_15/test_fix.py;./swebench_9_15/test_fix_minimal.py;/test_multiclass.py;a/test_issue.py;a/test_nullable_dtypes.py;b/test_issue.py;b/test_nullable_dtypes.py;nsklearn/utils/tests/test_multiclass.py;sklearn/tests/test_multiclass.py;sklearn/utils/tests/test_multiclass.py,./swebench_9_15/manual.yaml;./swebench_9_15/output/scikit-learn__scikit-learn-25638_preds.json;./swebench_9_15/run_test.py;/multiclass.py;/opt/anaconda3/lib/python3.8/concurrent/futures/_base.py;/opt/anaconda3/lib/python3.8/concurrent/futures/process.py;/opt/anaconda3/lib/python3.8/site-packages/numpy/__init__.py;/opt/anaconda3/lib/python3.8/site-packages/pip/_vendor/pyproject_hooks/_in_process/_in_process.py;/private/var/folders/hg/_103_7xx52701ztpt4713nww0000gn/T/pip-build-env-okdbrnus/overlay/lib/python3.8/site-packages/Cython/Build/Dependencies.py;/private/var/folders/hg/_103_7xx52701ztpt4713nww0000gn/T/pip-build-env-okdbrnus/overlay/lib/python3.8/site-packages/setuptools/build_meta.py;/sklearn/utils/multiclass.py;a/sklearn/utils/multiclass.py;b/sklearn/utils/multiclass.py;nsklearn/utils/multiclass.py;output/scikit-learn__scikit-learn-25638_preds.json;sklearn/__check_build/__init__.py;sklearn/__check_build/_check_build.py;sklearn/__init__.py;sklearn/_build_utils/__init__.py;sklearn/_isotonic.py;sklearn/_loss/_loss.py;sklearn/base.py;sklearn/cluster/_dbscan_inner.py;sklearn/cluster/_hierarchical_fast.py;sklearn/cluster/_k_means_common.py;sklearn/cluster/_k_means_elkan.py;sklearn/cluster/_k_means_lloyd.py;sklearn/cluster/_k_means_minibatch.py;sklearn/datasets/_svmlight_format_fast.py;sklearn/decomposition/_cdnmf_fast.py;sklearn/decomposition/_online_lda_fast.py;sklearn/ensemble/_gradient_boosting.py;sklearn/ensemble/_hist_gradient_boosting/_binning.py;sklearn/ensemble/_hist_gradient_boosting/_bitset.py;sklearn/ensemble/_hist_gradient_boosting/_gradient_boosting.py;sklearn/ensemble/_hist_gradient_boosting/_predictor.py;sklearn/ensemble/_hist_gradient_boosting/common.py;sklearn/ensemble/_hist_gradient_boosting/histogram.py;sklearn/ensemble/_hist_gradient_boosting/splitting.py;sklearn/ensemble/_hist_gradient_boosting/utils.py;sklearn/feature_extraction/_hashing_fast.py;sklearn/linear_model/_cd_fast.py;sklearn/linear_model/_sag_fast.py;sklearn/linear_model/_sgd_fast.py;sklearn/manifold/_barnes_hut_tsne.py;sklearn/manifold/_utils.py;sklearn/metrics/_dist_metrics.py;sklearn/metrics/_pairwise_distances_reduction/_argkmin.py;sklearn/metrics/_pairwise_distances_reduction/_base.py;sklearn/metrics/_pairwise_distances_reduction/_datasets_pair.py;sklearn/metrics/_pairwise_distances_reduction/_middle_term_computer.py;sklearn/metrics/_pairwise_distances_reduction/_radius_neighbors.py;sklearn/metrics/_pairwise_fast.py;sklearn/metrics/cluster/_expected_mutual_info_fast.py;sklearn/neighbors/_ball_tree.py;sklearn/neighbors/_kd_tree.py;sklearn/neighbors/_partition_nodes.py;sklearn/neighbors/_quad_tree.py;sklearn/preprocessing/_csr_polynomial_expansion.py;sklearn/svm/_liblinear.py;sklearn/svm/_libsvm.py;sklearn/svm/_libsvm_sparse.py;sklearn/svm/_newrand.py;sklearn/tree/_criterion.py;sklearn/tree/_splitter.py;sklearn/tree/_tree.py;sklearn/tree/_utils.py;sklearn/utils/__init__.py;sklearn/utils/_array_api.py;sklearn/utils/_cython_blas.py;sklearn/utils/_fast_dict.py;sklearn/utils/_heap.py;sklearn/utils/_isfinite.py;sklearn/utils/_logistic_sigmoid.py;sklearn/utils/_openmp_helpers.py;sklearn/utils/_random.py;sklearn/utils/_seq_dataset.py;sklearn/utils/_sorting.py;sklearn/utils/_typedefs.py;sklearn/utils/_vector_sentinel.py;sklearn/utils/_weight_vector.py;sklearn/utils/arrayfuncs.py;sklearn/utils/multiclass.py;sklearn/utils/murmurhash.py;sklearn/utils/sparsefuncs_fast.py,sklearn/utils/multiclass.py,1,0.010101010101010102,True,True,sklearn/utils/multiclass.py,1,0.14285714285714285,True,True,0,0,0,0,same_file_overlap,prior_trajectory_edited_target_gold_file
scikit-learn__scikit-learn-25637,scikit-learn/scikit-learn,scikit-learn__scikit-learn-25638,scikit-learn__scikit-learn-25637,sklearn/utils/multiclass.py,doc/whats_new/v1.3.rst;sklearn/utils/validation.py,1,2,,0,0.0,False,True,../test_issue.py;./swebench_9_15/manual.yaml;./swebench_9_15/output/scikit-learn__scikit-learn-25638_preds.json;./swebench_9_15/run_test.py;./swebench_9_15/test_direct.py;./swebench_9_15/test_direct_v2.py;./swebench_9_15/test_fix.py;./swebench_9_15/test_fix_minimal.py;/multiclass.py;/opt/anaconda3/lib/python3.8/concurrent/futures/_base.py;/opt/anaconda3/lib/python3.8/concurrent/futures/process.py;/opt/anaconda3/lib/python3.8/site-packages/numpy/__init__.py;/opt/anaconda3/lib/python3.8/site-packages/pip/_vendor/pyproject_hooks/_in_process/_in_process.py;/private/var/folders/hg/_103_7xx52701ztpt4713nww0000gn/T/pip-build-env-okdbrnus/overlay/lib/python3.8/site-packages/Cython/Build/Dependencies.py;/private/var/folders/hg/_103_7xx52701ztpt4713nww0000gn/T/pip-build-env-okdbrnus/overlay/lib/python3.8/site-packages/setuptools/build_meta.py;/sklearn/utils/multiclass.py;/test_multiclass.py;a/sklearn/utils/multiclass.py;a/test_issue.py;a/test_nullable_dtypes.py;b/sklearn/utils/multiclass.py;b/test_issue.py;b/test_nullable_dtypes.py;nsklearn/utils/multiclass.py;nsklearn/utils/tests/test_multiclass.py;output/scikit-learn__scikit-learn-25638_preds.json;sklearn/__check_build/__init__.py;sklearn/__check_build/_check_build.py;sklearn/__init__.py;sklearn/_build_utils/__init__.py;sklearn/_isotonic.py;sklearn/_loss/_loss.py;sklearn/base.py;sklearn/cluster/_dbscan_inner.py;sklearn/cluster/_hierarchical_fast.py;sklearn/cluster/_k_means_common.py;sklearn/cluster/_k_means_elkan.py;sklearn/cluster/_k_means_lloyd.py;sklearn/cluster/_k_means_minibatch.py;sklearn/datasets/_svmlight_format_fast.py;sklearn/decomposition/_cdnmf_fast.py;sklearn/decomposition/_online_lda_fast.py;sklearn/ensemble/_gradient_boosting.py;sklearn/ensemble/_hist_gradient_boosting/_binning.py;sklearn/ensemble/_hist_gradient_boosting/_bitset.py;sklearn/ensemble/_hist_gradient_boosting/_gradient_boosting.py;sklearn/ensemble/_hist_gradient_boosting/_predictor.py;sklearn/ensemble/_hist_gradient_boosting/common.py;sklearn/ensemble/_hist_gradient_boosting/histogram.py;sklearn/ensemble/_hist_gradient_boosting/splitting.py;sklearn/ensemble/_hist_gradient_boosting/utils.py;sklearn/feature_extraction/_hashing_fast.py;sklearn/linear_model/_cd_fast.py;sklearn/linear_model/_sag_fast.py;sklearn/linear_model/_sgd_fast.py;sklearn/manifold/_barnes_hut_tsne.py;sklearn/manifold/_utils.py;sklearn/metrics/_dist_metrics.py;sklearn/metrics/_pairwise_distances_reduction/_argkmin.py;sklearn/metrics/_pairwise_distances_reduction/_base.py;sklearn/metrics/_pairwise_distances_reduction/_datasets_pair.py;sklearn/metrics/_pairwise_distances_reduction/_middle_term_computer.py;sklearn/metrics/_pairwise_distances_reduction/_radius_neighbors.py;sklearn/metrics/_pairwise_fast.py;sklearn/metrics/cluster/_expected_mutual_info_fast.py;sklearn/neighbors/_ball_tree.py;sklearn/neighbors/_kd_tree.py;sklearn/neighbors/_partition_nodes.py;sklearn/neighbors/_quad_tree.py;sklearn/preprocessing/_csr_polynomial_expansion.py;sklearn/svm/_liblinear.py;sklearn/svm/_libsvm.py;sklearn/svm/_libsvm_sparse.py;sklearn/svm/_newrand.py;sklearn/tests/test_multiclass.py;sklearn/tree/_criterion.py;sklearn/tree/_splitter.py;sklearn/tree/_tree.py;sklearn/tree/_utils.py;sklearn/utils/__init__.py;sklearn/utils/_array_api.py;sklearn/utils/_cython_blas.py;sklearn/utils/_fast_dict.py;sklearn/utils/_heap.py;sklearn/utils/_isfinite.py;sklearn/utils/_logistic_sigmoid.py;sklearn/utils/_openmp_helpers.py;sklearn/utils/_random.py;sklearn/utils/_seq_dataset.py;sklearn/utils/_sorting.py;sklearn/utils/_typedefs.py;sklearn/utils/_vector_sentinel.py;sklearn/utils/_weight_vector.py;sklearn/utils/arrayfuncs.py;sklearn/utils/multiclass.py;sklearn/utils/murmurhash.py;sklearn/utils/sparsefuncs_fast.py;sklearn/utils/tests/test_multiclass.py,./swebench_9_15/manual.yaml;./swebench_9_15/output/scikit-learn__scikit-learn-25638_preds.json;_preds.json;sklearn/utils/multiclass.py;test_issue.py;test_nullable_dtypes.py,../test_issue.py;./swebench_9_15/test_direct.py;./swebench_9_15/test_direct_v2.py;./swebench_9_15/test_fix.py;./swebench_9_15/test_fix_minimal.py;/test_multiclass.py;a/test_issue.py;a/test_nullable_dtypes.py;b/test_issue.py;b/test_nullable_dtypes.py;nsklearn/utils/tests/test_multiclass.py;sklearn/tests/test_multiclass.py;sklearn/utils/tests/test_multiclass.py,./swebench_9_15/manual.yaml;./swebench_9_15/output/scikit-learn__scikit-learn-25638_preds.json;./swebench_9_15/run_test.py;/multiclass.py;/opt/anaconda3/lib/python3.8/concurrent/futures/_base.py;/opt/anaconda3/lib/python3.8/concurrent/futures/process.py;/opt/anaconda3/lib/python3.8/site-packages/numpy/__init__.py;/opt/anaconda3/lib/python3.8/site-packages/pip/_vendor/pyproject_hooks/_in_process/_in_process.py;/private/var/folders/hg/_103_7xx52701ztpt4713nww0000gn/T/pip-build-env-okdbrnus/overlay/lib/python3.8/site-packages/Cython/Build/Dependencies.py;/private/var/folders/hg/_103_7xx52701ztpt4713nww0000gn/T/pip-build-env-okdbrnus/overlay/lib/python3.8/site-packages/setuptools/build_meta.py;/sklearn/utils/multiclass.py;a/sklearn/utils/multiclass.py;b/sklearn/utils/multiclass.py;nsklearn/utils/multiclass.py;output/scikit-learn__scikit-learn-25638_preds.json;sklearn/__check_build/__init__.py;sklearn/__check_build/_check_build.py;sklearn/__init__.py;sklearn/_build_utils/__init__.py;sklearn/_isotonic.py;sklearn/_loss/_loss.py;sklearn/base.py;sklearn/cluster/_dbscan_inner.py;sklearn/cluster/_hierarchical_fast.py;sklearn/cluster/_k_means_common.py;sklearn/cluster/_k_means_elkan.py;sklearn/cluster/_k_means_lloyd.py;sklearn/cluster/_k_means_minibatch.py;sklearn/datasets/_svmlight_format_fast.py;sklearn/decomposition/_cdnmf_fast.py;sklearn/decomposition/_online_lda_fast.py;sklearn/ensemble/_gradient_boosting.py;sklearn/ensemble/_hist_gradient_boosting/_binning.py;sklearn/ensemble/_hist_gradient_boosting/_bitset.py;sklearn/ensemble/_hist_gradient_boosting/_gradient_boosting.py;sklearn/ensemble/_hist_gradient_boosting/_predictor.py;sklearn/ensemble/_hist_gradient_boosting/common.py;sklearn/ensemble/_hist_gradient_boosting/histogram.py;sklearn/ensemble/_hist_gradient_boosting/splitting.py;sklearn/ensemble/_hist_gradient_boosting/utils.py;sklearn/feature_extraction/_hashing_fast.py;sklearn/linear_model/_cd_fast.py;sklearn/linear_model/_sag_fast.py;sklearn/linear_model/_sgd_fast.py;sklearn/manifold/_barnes_hut_tsne.py;sklearn/manifold/_utils.py;sklearn/metrics/_dist_metrics.py;sklearn/metrics/_pairwise_distances_reduction/_argkmin.py;sklearn/metrics/_pairwise_distances_reduction/_base.py;sklearn/metrics/_pairwise_distances_reduction/_datasets_pair.py;sklearn/metrics/_pairwise_distances_reduction/_middle_term_computer.py;sklearn/metrics/_pairwise_distances_reduction/_radius_neighbors.py;sklearn/metrics/_pairwise_fast.py;sklearn/metrics/cluster/_expected_mutual_info_fast.py;sklearn/neighbors/_ball_tree.py;sklearn/neighbors/_kd_tree.py;sklearn/neighbors/_partition_nodes.py;sklearn/neighbors/_quad_tree.py;sklearn/preprocessing/_csr_polynomial_expansion.py;sklearn/svm/_liblinear.py;sklearn/svm/_libsvm.py;sklearn/svm/_libsvm_sparse.py;sklearn/svm/_newrand.py;sklearn/tree/_criterion.py;sklearn/tree/_splitter.py;sklearn/tree/_tree.py;sklearn/tree/_utils.py;sklearn/utils/__init__.py;sklearn/utils/_array_api.py;sklearn/utils/_cython_blas.py;sklearn/utils/_fast_dict.py;sklearn/utils/_heap.py;sklearn/utils/_isfinite.py;sklearn/utils/_logistic_sigmoid.py;sklearn/utils/_openmp_helpers.py;sklearn/utils/_random.py;sklearn/utils/_seq_dataset.py;sklearn/utils/_sorting.py;sklearn/utils/_typedefs.py;sklearn/utils/_vector_sentinel.py;sklearn/utils/_weight_vector.py;sklearn/utils/arrayfuncs.py;sklearn/utils/multiclass.py;sklearn/utils/murmurhash.py;sklearn/utils/sparsefuncs_fast.py,,0,0.0,False,True,,0,0.0,False,True,0,0,0,0,same_directory_only,prior_trajectory_same_directory_as_target_gold
scikit-learn__scikit-learn-25763,scikit-learn/scikit-learn,scikit-learn__scikit-learn-25500,scikit-learn__scikit-learn-25763,sklearn/isotonic.py,doc/whats_new/v1.2.rst;sklearn/isotonic.py,1,2,sklearn/isotonic.py,1,0.5,True,True,./swebench_9_15/manual.yaml;./swebench_9_15/output/scikit-learn__scikit-learn-25500_preds.json;./swebench_9_15/test_fix.py;./swebench_9_15/test_issue.py;/opt/anaconda3/lib/python3.8/concurrent/futures/_base.py;/opt/anaconda3/lib/python3.8/concurrent/futures/process.py;/opt/anaconda3/lib/python3.8/site-packages/pip/_vendor/pyproject_hooks/_in_process/_in_process.py;/private/var/folders/hg/_103_7xx52701ztpt4713nww0000gn/T/pip-build-env-jimzdhh8/overlay/lib/python3.8/site-packages/Cython/Build/Dependencies.py;/private/var/folders/hg/_103_7xx52701ztpt4713nww0000gn/T/pip-build-env-jimzdhh8/overlay/lib/python3.8/site-packages/setuptools/build_meta.py;/test_calibration.py;a/sklearn/calibration.py;b/sklearn/calibration.py;n../../../../.anaconda3/envs/strategy-training/lib/python3.9/site-packages/joblib/_parallel_backends.py;n../../../../.anaconda3/envs/strategy-training/lib/python3.9/site-packages/joblib/parallel.py;n../../../../.anaconda3/envs/strategy-training/lib/python3.9/site-packages/sklearn/calibration.py;n../../../../.anaconda3/envs/strategy-training/lib/python3.9/site-packages/sklearn/model_selection/_validation.py;n../../../../.anaconda3/envs/strategy-training/lib/python3.9/site-packages/sklearn/pipeline.py;n../../../../.anaconda3/envs/strategy-training/lib/python3.9/site-packages/sklearn/utils/fixes.py;n../core/model_trainer.py;nsklearn//metrics/_classification.py;nsklearn//metrics/_ranking.py;nsklearn//metrics/_regression.py;nsklearn/compose/_column_transformer.py;nsklearn/pipeline.py;nsklearn/tests/test_base.py;nsklearn/utils/_array_api.py;nsklearn/utils/_set_output.py;nsklearn/utils/tests/test_array_api.py;nsklearn/utils/tests/test_set_output.py;nsklearn/utils/validation.py;output/scikit-learn__scikit-learn-25500_preds.json;sklearn//metrics/_classification.py;sklearn/__check_build/__init__.py;sklearn/__check_build/_check_build.py;sklearn/__init__.py;sklearn/_build_utils/__init__.py;sklearn/_isotonic.py;sklearn/_loss/_loss.py;sklearn/calibration.py;sklearn/cluster/_dbscan_inner.py;sklearn/cluster/_hierarchical_fast.py;sklearn/cluster/_k_means_common.py;sklearn/cluster/_k_means_elkan.py;sklearn/cluster/_k_means_lloyd.py;sklearn/cluster/_k_means_minibatch.py;sklearn/compose/_column_transformer.py;sklearn/datasets/_svmlight_format_fast.py;sklearn/decomposition/_cdnmf_fast.py;sklearn/decomposition/_online_lda_fast.py;sklearn/ensemble/_gradient_boosting.py;sklearn/ensemble/_hist_gradient_boosting/_binning.py;sklearn/ensemble/_hist_gradient_boosting/_bitset.py;sklearn/ensemble/_hist_gradient_boosting/_gradient_boosting.py;sklearn/ensemble/_hist_gradient_boosting/_predictor.py;sklearn/ensemble/_hist_gradient_boosting/common.py;sklearn/ensemble/_hist_gradient_boosting/histogram.py;sklearn/ensemble/_hist_gradient_boosting/splitting.py;sklearn/ensemble/_hist_gradient_boosting/utils.py;sklearn/feature_extraction/_hashing_fast.py;sklearn/linear_model/_cd_fast.py;sklearn/linear_model/_sag_fast.py;sklearn/linear_model/_sgd_fast.py;sklearn/manifold/_barnes_hut_tsne.py;sklearn/manifold/_utils.py;sklearn/metrics/_dist_metrics.py;sklearn/metrics/_pairwise_distances_reduction/_argkmin.py;sklearn/metrics/_pairwise_distances_reduction/_base.py;sklearn/metrics/_pairwise_distances_reduction/_datasets_pair.py;sklearn/metrics/_pairwise_distances_reduction/_middle_term_computer.py;sklearn/metrics/_pairwise_distances_reduction/_radius_neighbors.py;sklearn/metrics/_pairwise_fast.py;sklearn/metrics/cluster/_expected_mutual_info_fast.py;sklearn/neighbors/_ball_tree.py;sklearn/neighbors/_kd_tree.py;sklearn/neighbors/_partition_nodes.py;sklearn/neighbors/_quad_tree.py;sklearn/pipeline.py;sklearn/preprocessing/_csr_polynomial_expansion.py;sklearn/svm/_liblinear.py;sklearn/svm/_libsvm.py;sklearn/svm/_libsvm_sparse.py;sklearn/svm/_newrand.py;sklearn/tests/test_base.py;sklearn/tests/test_calibration.py;sklearn/tree/_criterion.py;sklearn/tree/_splitter.py;sklearn/tree/_tree.py;sklearn/tree/_utils.py;sklearn/utils/_array_api.py;sklearn/utils/_cython_blas.py;sklearn/utils/_fast_dict.py;sklearn/utils/_heap.py;sklearn/utils/_isfinite.py;sklearn/utils/_logistic_sigmoid.py;sklearn/utils/_openmp_helpers.py;sklearn/utils/_random.py;sklearn/utils/_readonly_array_wrapper.py;sklearn/utils/_seq_dataset.py;sklearn/utils/_set_output.py;sklearn/utils/_sorting.py;sklearn/utils/_typedefs.py;sklearn/utils/_vector_sentinel.py;sklearn/utils/_weight_vector.py;sklearn/utils/arrayfuncs.py;sklearn/utils/murmurhash.py;sklearn/utils/sparsefuncs_fast.py;sklearn/utils/tests/test_set_output.py;sklearn/utils/validation.py,./swebench_9_15/manual.yaml;./swebench_9_15/output/scikit-learn__scikit-learn-25500_preds.json;_preds.json;sklearn/calibration.py,./swebench_9_15/test_fix.py;./swebench_9_15/test_issue.py;/test_calibration.py;nsklearn/tests/test_base.py;nsklearn/utils/tests/test_array_api.py;nsklearn/utils/tests/test_set_output.py;sklearn/tests/test_base.py;sklearn/tests/test_calibration.py;sklearn/utils/tests/test_set_output.py,./swebench_9_15/manual.yaml;./swebench_9_15/output/scikit-learn__scikit-learn-25500_preds.json;/opt/anaconda3/lib/python3.8/concurrent/futures/_base.py;/opt/anaconda3/lib/python3.8/concurrent/futures/process.py;/opt/anaconda3/lib/python3.8/site-packages/pip/_vendor/pyproject_hooks/_in_process/_in_process.py;/private/var/folders/hg/_103_7xx52701ztpt4713nww0000gn/T/pip-build-env-jimzdhh8/overlay/lib/python3.8/site-packages/Cython/Build/Dependencies.py;/private/var/folders/hg/_103_7xx52701ztpt4713nww0000gn/T/pip-build-env-jimzdhh8/overlay/lib/python3.8/site-packages/setuptools/build_meta.py;a/sklearn/calibration.py;b/sklearn/calibration.py;n../../../../.anaconda3/envs/strategy-training/lib/python3.9/site-packages/joblib/_parallel_backends.py;n../../../../.anaconda3/envs/strategy-training/lib/python3.9/site-packages/joblib/parallel.py;n../../../../.anaconda3/envs/strategy-training/lib/python3.9/site-packages/sklearn/calibration.py;n../../../../.anaconda3/envs/strategy-training/lib/python3.9/site-packages/sklearn/model_selection/_validation.py;n../../../../.anaconda3/envs/strategy-training/lib/python3.9/site-packages/sklearn/pipeline.py;n../../../../.anaconda3/envs/strategy-training/lib/python3.9/site-packages/sklearn/utils/fixes.py;n../core/model_trainer.py;nsklearn//metrics/_classification.py;nsklearn//metrics/_ranking.py;nsklearn//metrics/_regression.py;nsklearn/compose/_column_transformer.py;nsklearn/pipeline.py;nsklearn/utils/_array_api.py;nsklearn/utils/_set_output.py;nsklearn/utils/validation.py;output/scikit-learn__scikit-learn-25500_preds.json;sklearn//metrics/_classification.py;sklearn/__check_build/__init__.py;sklearn/__check_build/_check_build.py;sklearn/__init__.py;sklearn/_build_utils/__init__.py;sklearn/_isotonic.py;sklearn/_loss/_loss.py;sklearn/calibration.py;sklearn/cluster/_dbscan_inner.py;sklearn/cluster/_hierarchical_fast.py;sklearn/cluster/_k_means_common.py;sklearn/cluster/_k_means_elkan.py;sklearn/cluster/_k_means_lloyd.py;sklearn/cluster/_k_means_minibatch.py;sklearn/compose/_column_transformer.py;sklearn/datasets/_svmlight_format_fast.py;sklearn/decomposition/_cdnmf_fast.py;sklearn/decomposition/_online_lda_fast.py;sklearn/ensemble/_gradient_boosting.py;sklearn/ensemble/_hist_gradient_boosting/_binning.py;sklearn/ensemble/_hist_gradient_boosting/_bitset.py;sklearn/ensemble/_hist_gradient_boosting/_gradient_boosting.py;sklearn/ensemble/_hist_gradient_boosting/_predictor.py;sklearn/ensemble/_hist_gradient_boosting/common.py;sklearn/ensemble/_hist_gradient_boosting/histogram.py;sklearn/ensemble/_hist_gradient_boosting/splitting.py;sklearn/ensemble/_hist_gradient_boosting/utils.py;sklearn/feature_extraction/_hashing_fast.py;sklearn/linear_model/_cd_fast.py;sklearn/linear_model/_sag_fast.py;sklearn/linear_model/_sgd_fast.py;sklearn/manifold/_barnes_hut_tsne.py;sklearn/manifold/_utils.py;sklearn/metrics/_dist_metrics.py;sklearn/metrics/_pairwise_distances_reduction/_argkmin.py;sklearn/metrics/_pairwise_distances_reduction/_base.py;sklearn/metrics/_pairwise_distances_reduction/_datasets_pair.py;sklearn/metrics/_pairwise_distances_reduction/_middle_term_computer.py;sklearn/metrics/_pairwise_distances_reduction/_radius_neighbors.py;sklearn/metrics/_pairwise_fast.py;sklearn/metrics/cluster/_expected_mutual_info_fast.py;sklearn/neighbors/_ball_tree.py;sklearn/neighbors/_kd_tree.py;sklearn/neighbors/_partition_nodes.py;sklearn/neighbors/_quad_tree.py;sklearn/pipeline.py;sklearn/preprocessing/_csr_polynomial_expansion.py;sklearn/svm/_liblinear.py;sklearn/svm/_libsvm.py;sklearn/svm/_libsvm_sparse.py;sklearn/svm/_newrand.py;sklearn/tree/_criterion.py;sklearn/tree/_splitter.py;sklearn/tree/_tree.py;sklearn/tree/_utils.py;sklearn/utils/_array_api.py;sklearn/utils/_cython_blas.py;sklearn/utils/_fast_dict.py;sklearn/utils/_heap.py;sklearn/utils/_isfinite.py;sklearn/utils/_logistic_sigmoid.py;sklearn/utils/_openmp_helpers.py;sklearn/utils/_random.py;sklearn/utils/_readonly_array_wrapper.py;sklearn/utils/_seq_dataset.py;sklearn/utils/_set_output.py;sklearn/utils/_sorting.py;sklearn/utils/_typedefs.py;sklearn/utils/_vector_sentinel.py;sklearn/utils/_weight_vector.py;sklearn/utils/arrayfuncs.py;sklearn/utils/murmurhash.py;sklearn/utils/sparsefuncs_fast.py;sklearn/utils/validation.py,,0,0.0,False,True,,0,0.0,False,True,0,1,1,0,same_file_overlap,prior_trajectory_same_directory_as_target_gold
scikit-learn__scikit-learn-5970,scikit-learn/scikit-learn,scikit-learn__scikit-learn-13241,scikit-learn__scikit-learn-5970,sklearn/decomposition/kernel_pca.py,doc/whats_new/v0.21.rst;sklearn/decomposition/kernel_pca.py,1,2,sklearn/decomposition/kernel_pca.py,1,0.5,True,True,./swebench_9_15/manual.yaml;./swebench_9_15/output/scikit-learn__scikit-learn-13241_preds.json;./swebench_9_15/test_issue.py;//setuptools.py;/kernel_pca.py;/opt/anaconda3/lib/python3.8/site-packages/numpy/distutils/command/build_ext.py;/opt/anaconda3/lib/python3.8/site-packages/numpy/distutils/command/config.py;/opt/anaconda3/lib/python3.8/site-packages/numpy/distutils/mingw32ccompiler.py;/opt/anaconda3/lib/python3.8/site-packages/numpy/distutils/system_info.py;/opt/anaconda3/lib/python3.8/site.py;/test_kernel_pca.py;a/sklearn/decomposition/kernel_pca.py;a/sklearn/decomposition/tests/test_kernel_pca.py;b/sklearn/decomposition/kernel_pca.py;b/sklearn/decomposition/tests/test_kernel_pca.py;nsklearn/cross_decomposition/pls_.py;nsklearn/decomposition/incremental_pca.py;nsklearn/decomposition/pca.py;nsklearn/decomposition/truncated_svd.py;nsklearn/utils/extmath.py;nsklearn/utils/tests/test_extmath.py;output/scikit-learn__scikit-learn-13241_preds.json;sklearn/__check_build/__init__.py;sklearn/__init__.py;sklearn/cross_decomposition/pls_.py;sklearn/decomposition/incremental_pca.py;sklearn/decomposition/kernel_pca.py;sklearn/decomposition/pca.py;sklearn/decomposition/tests/test_kernel_pca.py;sklearn/decomposition/truncated_svd.py;sklearn/utils/extmath.py;sklearn/utils/tests/test_extmath.py,./swebench_9_15/manual.yaml;./swebench_9_15/output/scikit-learn__scikit-learn-13241_preds.json;_preds.json;sklearn/decomposition/kernel_pca.py;sklearn/decomposition/tests/test_kernel_pca.py,./swebench_9_15/test_issue.py;/test_kernel_pca.py;a/sklearn/decomposition/tests/test_kernel_pca.py;b/sklearn/decomposition/tests/test_kernel_pca.py;nsklearn/utils/tests/test_extmath.py;sklearn/decomposition/tests/test_kernel_pca.py;sklearn/utils/tests/test_extmath.py,./swebench_9_15/manual.yaml;./swebench_9_15/output/scikit-learn__scikit-learn-13241_preds.json;//setuptools.py;/kernel_pca.py;/opt/anaconda3/lib/python3.8/site-packages/numpy/distutils/command/build_ext.py;/opt/anaconda3/lib/python3.8/site-packages/numpy/distutils/command/config.py;/opt/anaconda3/lib/python3.8/site-packages/numpy/distutils/mingw32ccompiler.py;/opt/anaconda3/lib/python3.8/site-packages/numpy/distutils/system_info.py;/opt/anaconda3/lib/python3.8/site.py;a/sklearn/decomposition/kernel_pca.py;b/sklearn/decomposition/kernel_pca.py;nsklearn/cross_decomposition/pls_.py;nsklearn/decomposition/incremental_pca.py;nsklearn/decomposition/pca.py;nsklearn/decomposition/truncated_svd.py;nsklearn/utils/extmath.py;output/scikit-learn__scikit-learn-13241_preds.json;sklearn/__check_build/__init__.py;sklearn/__init__.py;sklearn/cross_decomposition/pls_.py;sklearn/decomposition/incremental_pca.py;sklearn/decomposition/kernel_pca.py;sklearn/decomposition/pca.py;sklearn/decomposition/truncated_svd.py;sklearn/utils/extmath.py,sklearn/decomposition/kernel_pca.py,1,0.030303030303030304,True,True,sklearn/decomposition/kernel_pca.py,1,0.16666666666666666,True,True,0,0,0,0,same_file_overlap,prior_trajectory_edited_target_gold_file
sphinx-doc__sphinx-8127,sphinx-doc/sphinx,sphinx-doc__sphinx-8282,sphinx-doc__sphinx-8127,sphinx/ext/autodoc/__init__.py,CHANGES;sphinx/domains/python.py,1,2,,0,0.0,False,False,./swebench_9_15/manual.yaml;./swebench_9_15/output/sphinx-doc__sphinx-8282_preds.json;//docs.py;/sphinx/ext/autodoc/__init__.py;_build/index.txt;a/sphinx/ext/autodoc/__init__.py;a/test_fix/_build/index.txt;a/test_fix/conf.py;a/test_fix/example.py;a/test_fix/index.rst;autodoc/__init__.py;b/sphinx/ext/autodoc/__init__.py;b/test_fix/_build/index.txt;b/test_fix/conf.py;b/test_fix/example.py;b/test_fix/index.rst;doc/usage/extensions/autodoc.rst;ndoc/usage/extensions/autodoc.rst;nsphinx/ext/autodoc/__init__.py;nsphinx/ext/autodoc/typehints.py;nsphinx/jinja2glue.py;nsphinx/util/rst.py;ntests/roots/test-ext-autodoc/target/annotations.py;ntests/roots/test-ext-autodoc/target/overload.py;ntests/test_ext_autodoc.py;ntests/test_ext_autodoc_configs.py;ntests/test_pycode_parser.py;ntests/test_templating.py;output/sphinx-doc__sphinx-8282_preds.json;sphinx/ext/autodoc/__init__.py;sphinx/ext/autodoc/typehints.py;sphinx/jinja2glue.py;sphinx/util/rst.py;test_fix/_build/index.txt;test_fix/conf.py;test_fix/example.py;test_fix/index.rst;tests/roots/test-ext-autodoc/target/annotations.py;tests/roots/test-ext-autodoc/target/overload.py;tests/test_ext_autodoc_configs.py;tests/test_pycode_parser.py;tsphinx/ext/autodoc/__init__.py,./swebench_9_15/manual.yaml;./swebench_9_15/output/sphinx-doc__sphinx-8282_preds.json;_preds.json;sphinx/ext/autodoc/__init__.py;test_fix/_build/index.txt;test_fix/conf.py;test_fix/example.py;test_fix/index.rst,ntests/test_ext_autodoc.py;ntests/test_ext_autodoc_configs.py;ntests/test_pycode_parser.py;ntests/test_templating.py;tests/roots/test-ext-autodoc/target/annotations.py;tests/roots/test-ext-autodoc/target/overload.py;tests/test_ext_autodoc_configs.py;tests/test_pycode_parser.py,./swebench_9_15/manual.yaml;./swebench_9_15/output/sphinx-doc__sphinx-8282_preds.json;//docs.py;/sphinx/ext/autodoc/__init__.py;_build/index.txt;a/sphinx/ext/autodoc/__init__.py;a/test_fix/_build/index.txt;a/test_fix/conf.py;a/test_fix/example.py;a/test_fix/index.rst;autodoc/__init__.py;b/sphinx/ext/autodoc/__init__.py;b/test_fix/_build/index.txt;b/test_fix/conf.py;b/test_fix/example.py;b/test_fix/index.rst;doc/usage/extensions/autodoc.rst;ndoc/usage/extensions/autodoc.rst;nsphinx/ext/autodoc/__init__.py;nsphinx/ext/autodoc/typehints.py;nsphinx/jinja2glue.py;nsphinx/util/rst.py;ntests/roots/test-ext-autodoc/target/annotations.py;ntests/roots/test-ext-autodoc/target/overload.py;output/sphinx-doc__sphinx-8282_preds.json;sphinx/ext/autodoc/__init__.py;sphinx/ext/autodoc/typehints.py;sphinx/jinja2glue.py;sphinx/util/rst.py;test_fix/_build/index.txt;test_fix/conf.py;test_fix/example.py;test_fix/index.rst;tests/roots/test-ext-autodoc/target/annotations.py;tests/roots/test-ext-autodoc/target/overload.py;tsphinx/ext/autodoc/__init__.py,,0,0.0,False,False,,0,0.0,False,False,0,0,0,0,no_gold_file_overlap,prior_trajectory_never_touched_target_gold_area
sphinx-doc__sphinx-8588,sphinx-doc/sphinx,sphinx-doc__sphinx-8627,sphinx-doc__sphinx-8588,sphinx/util/typing.py,CHANGES;sphinx/util/inspect.py,1,2,,0,0.0,False,True,./swebench_9_15/manual.yaml;./swebench_9_15/output/sphinx-doc__sphinx-8627_preds.json;./tests/test_domain_cpp.py;.realign/sessions/jiayuan_claude_6a07ab8d.json;.realign/sessions/jiayuan_claude_cf021e40.json;//docs.py;/opt/anaconda3/lib/python3.8/site.py;/opt/anaconda3/lib/python3.8/struct.py;/sphinx/util/inspect.py;/sphinx/util/typing.py;_sources/index.rst.txt;a/sphinx/util/typing.py;b/sphinx/util/typing.py;docs/conf.py;docs/index.rst;n./sphinx/transforms/post_transforms/__init__.py;n./tests/test_domain_c.py;n./tests/test_domain_cpp.py;nsphinx/ext/autodoc/__init__.py;nsphinx/ext/autodoc/deprecated.py;nsphinx/ext/autodoc/directive.py;nsphinx/ext/autodoc/mock.py;nsphinx/ext/autodoc/type_comment.py;nsphinx/ext/autodoc/typehints.py;nsphinx/util/rst.py;ntests/test_domain_c.py;ntests/test_domain_std.py;ntests/test_ext_autodoc.py;ntests/test_ext_autodoc_autofunction.py;ntests/test_intl.py;ntests/test_util_typing.py;sphinx/domains/python.py;sphinx/ext/autodoc/importer.py;sphinx/ext/autodoc/typehints.py;sphinx/jinja2glue.py;sphinx/transforms/post_transforms/__init__.py;sphinx/util/inspect.py;sphinx/util/rst.py;sphinx/util/typing.py;tests/test_domain_cpp.py;tests/test_ext_autodoc.py;tests/test_ext_autodoc_autofunction.py;tests/test_util_typing.py,./swebench_9_15/manual.yaml;./swebench_9_15/output/sphinx-doc__sphinx-8627_preds.json;_preds.json;sphinx/util/typing.py,./tests/test_domain_cpp.py;n./tests/test_domain_c.py;n./tests/test_domain_cpp.py;ntests/test_domain_c.py;ntests/test_domain_std.py;ntests/test_ext_autodoc.py;ntests/test_ext_autodoc_autofunction.py;ntests/test_intl.py;ntests/test_util_typing.py;tests/test_domain_cpp.py;tests/test_ext_autodoc.py;tests/test_ext_autodoc_autofunction.py;tests/test_util_typing.py,./swebench_9_15/manual.yaml;./swebench_9_15/output/sphinx-doc__sphinx-8627_preds.json;.realign/sessions/jiayuan_claude_6a07ab8d.json;.realign/sessions/jiayuan_claude_cf021e40.json;//docs.py;/opt/anaconda3/lib/python3.8/site.py;/opt/anaconda3/lib/python3.8/struct.py;/sphinx/util/inspect.py;/sphinx/util/typing.py;_sources/index.rst.txt;a/sphinx/util/typing.py;b/sphinx/util/typing.py;docs/conf.py;docs/index.rst;n./sphinx/transforms/post_transforms/__init__.py;nsphinx/ext/autodoc/__init__.py;nsphinx/ext/autodoc/deprecated.py;nsphinx/ext/autodoc/directive.py;nsphinx/ext/autodoc/mock.py;nsphinx/ext/autodoc/type_comment.py;nsphinx/ext/autodoc/typehints.py;nsphinx/util/rst.py;sphinx/domains/python.py;sphinx/ext/autodoc/importer.py;sphinx/ext/autodoc/typehints.py;sphinx/jinja2glue.py;sphinx/transforms/post_transforms/__init__.py;sphinx/util/inspect.py;sphinx/util/rst.py;sphinx/util/typing.py,sphinx/util/inspect.py,1,0.022727272727272728,True,True,,0,0.0,False,True,0,0,0,0,same_directory_only,prior_trajectory_inspected_target_gold_file
sympy__sympy-11275,sympy/sympy,sympy__sympy-11897,sympy__sympy-11275,sympy/printing/latex.py,sympy/simplify/radsimp.py,1,1,,0,0.0,False,False,./swebench_9_15/manual.yaml;./swebench_9_15/output/sympy__sympy-11897_preds.json;//docs.py;/latex.py;/manual.yaml;/opt/anaconda3/lib/python3.8/site.py;/pretty/pretty.py;/test_latex.py;a/sympy/printing/latex.py;a/sympy/printing/tests/test_latex.py;b/sympy/printing/latex.py;b/sympy/printing/tests/test_latex.py;nsympy/combinatorics/perm_groups.py;nsympy/combinatorics/util.py;nsympy/core/basic.py;nsympy/parsing/sympy_parser.py;nsympy/physics/quantum/cg.py;nsympy/physics/quantum/matrixutils.py;nsympy/physics/quantum/spin.py;nsympy/physics/quantum/state.py;nsympy/plotting/plot.py;nsympy/printing/tests/test_latex.py;nsympy/solvers/diophantine.py;nsympy/utilities/pytest.py;sympy/combinatorics/perm_groups.py;sympy/combinatorics/util.py;sympy/core/basic.py;sympy/integrals/prde.py;sympy/integrals/rationaltools.py;sympy/physics/quantum/cg.py;sympy/physics/quantum/matrixutils.py;sympy/physics/quantum/spin.py;sympy/physics/quantum/state.py;sympy/plotting/plot.py;sympy/polys/agca/homomorphisms.py;sympy/polys/agca/ideals.py;sympy/polys/agca/modules.py;sympy/polys/distributedmodules.py;sympy/printing/latex.py;sympy/printing/pretty/pretty.py;sympy/printing/tests/test_latex.py;sympy/stats/rv.py;sympy/tensor/indexed.py;sympy/utilities/pytest.py,./swebench_9_15/manual.yaml;./swebench_9_15/output/sympy__sympy-11897_preds.json;_preds.json;sympy/printing/latex.py;sympy/printing/tests/test_latex.py,/test_latex.py;a/sympy/printing/tests/test_latex.py;b/sympy/printing/tests/test_latex.py;nsympy/printing/tests/test_latex.py;sympy/printing/tests/test_latex.py,./swebench_9_15/manual.yaml;./swebench_9_15/output/sympy__sympy-11897_preds.json;//docs.py;/latex.py;/manual.yaml;/opt/anaconda3/lib/python3.8/site.py;/pretty/pretty.py;a/sympy/printing/latex.py;b/sympy/printing/latex.py;nsympy/combinatorics/perm_groups.py;nsympy/combinatorics/util.py;nsympy/core/basic.py;nsympy/parsing/sympy_parser.py;nsympy/physics/quantum/cg.py;nsympy/physics/quantum/matrixutils.py;nsympy/physics/quantum/spin.py;nsympy/physics/quantum/state.py;nsympy/plotting/plot.py;nsympy/solvers/diophantine.py;nsympy/utilities/pytest.py;sympy/combinatorics/perm_groups.py;sympy/combinatorics/util.py;sympy/core/basic.py;sympy/integrals/prde.py;sympy/integrals/rationaltools.py;sympy/physics/quantum/cg.py;sympy/physics/quantum/matrixutils.py;sympy/physics/quantum/spin.py;sympy/physics/quantum/state.py;sympy/plotting/plot.py;sympy/polys/agca/homomorphisms.py;sympy/polys/agca/ideals.py;sympy/polys/agca/modules.py;sympy/polys/distributedmodules.py;sympy/printing/latex.py;sympy/printing/pretty/pretty.py;sympy/stats/rv.py;sympy/tensor/indexed.py;sympy/utilities/pytest.py,,0,0.0,False,False,,0,0.0,False,False,0,0,0,0,no_gold_file_overlap,prior_trajectory_never_touched_target_gold_area
sympy__sympy-11286,sympy/sympy,sympy__sympy-11400,sympy__sympy-11286,sympy/printing/ccode.py,AUTHORS;sympy/printing/octave.py,1,2,,0,0.0,False,True,../output/sympy__sympy-11400_preds.json;./swebench_9_15/calculate_session_usage.py;./swebench_9_15/manual.yaml;./sympy/functions/elementary/trigonometric.py;./sympy/integrals/risch.py;./sympy/integrals/tests/test_transforms.py;./sympy/printing/ccode.py;./sympy/printing/tests/test_ccode.py;//docs.py;/opt/anaconda3/lib/python3.8/site.py;/sympy/printing/ccode.py;/sympy/printing/tests/test_ccode.py;a/sympy/printing/ccode.py;a/sympy/printing/tests/test_ccode.py;b/sympy/printing/ccode.py;b/sympy/printing/tests/test_ccode.py;n./sympy/functions/elementary/trigonometric.py;n./sympy/integrals/manualintegrate.py;n./sympy/printing/ccode.py;n/opt/anaconda3/lib/python3.8/importlib/__init__.py;nsympy/core/basic.py;nsympy/plotting/plot.py;nsympy/printing/tests/test_ccode.py;nsympy/solvers/diophantine.py;nsympy/utilities/pytest.py;output/sympy__sympy-11400_preds.json;sympy/__init__.py;sympy/core/basic.py;sympy/functions/elementary/trigonometric.py;sympy/plotting/plot.py;sympy/printing/ccode.py;sympy/printing/tests/test_ccode.py;sympy/utilities/pytest.py,../output/sympy__sympy-11400_preds.json;./swebench_9_15/manual.yaml;_preds.json;output/sympy__sympy-11400_preds.json;sympy/printing/ccode.py;sympy/printing/tests/test_ccode.py,./sympy/integrals/tests/test_transforms.py;./sympy/printing/tests/test_ccode.py;/sympy/printing/tests/test_ccode.py;a/sympy/printing/tests/test_ccode.py;b/sympy/printing/tests/test_ccode.py;nsympy/printing/tests/test_ccode.py;sympy/printing/tests/test_ccode.py,../output/sympy__sympy-11400_preds.json;./swebench_9_15/calculate_session_usage.py;./swebench_9_15/manual.yaml;./sympy/functions/elementary/trigonometric.py;./sympy/integrals/risch.py;./sympy/printing/ccode.py;//docs.py;/opt/anaconda3/lib/python3.8/site.py;/sympy/printing/ccode.py;a/sympy/printing/ccode.py;b/sympy/printing/ccode.py;n./sympy/functions/elementary/trigonometric.py;n./sympy/integrals/manualintegrate.py;n./sympy/printing/ccode.py;n/opt/anaconda3/lib/python3.8/importlib/__init__.py;nsympy/core/basic.py;nsympy/plotting/plot.py;nsympy/solvers/diophantine.py;nsympy/utilities/pytest.py;output/sympy__sympy-11400_preds.json;sympy/__init__.py;sympy/core/basic.py;sympy/functions/elementary/trigonometric.py;sympy/plotting/plot.py;sympy/printing/ccode.py;sympy/utilities/pytest.py,,0,0.0,False,True,,0,0.0,False,True,1,0,1,0,same_directory_only,prior_trajectory_same_directory_as_target_gold
sympy__sympy-12426,sympy/sympy,sympy__sympy-12419,sympy__sympy-12426,sympy/matrices/expressions/matexpr.py,sympy/matrices/expressions/diagonal.py,1,1,,0,0.0,False,True,../test_issue.py;./swebench_9_15/debug_test.py;./swebench_9_15/manual.yaml;./swebench_9_15/output/sympy__sympy-12419_preds.json;./swebench_9_15/test_concrete.py;./swebench_9_15/test_doit_multiple.py;./swebench_9_15/test_issue.py;./swebench_9_15/test_kronecker.py;./swebench_9_15/test_simplification.py;./sympy/concrete/summations.py;//docs.py;/opt/anaconda3/lib/python3.8/site.py;a/sympy/matrices/expressions/matexpr.py;b/sympy/matrices/expressions/matexpr.py;n./sympy/concrete/__init__.py;n./sympy/concrete/expr_with_limits.py;n./sympy/concrete/guess.py;n./sympy/concrete/tests/__init__.py;n./sympy/concrete/tests/test_delta.py;n./sympy/concrete/tests/test_gosper.py;n./sympy/concrete/tests/test_guess.py;n./sympy/concrete/tests/test_products.py;n./sympy/concrete/tests/test_sums_products.py;nsympy/assumptions/sathandlers.py;nsympy/categories/baseclasses.py;nsympy/concrete/delta.py;nsympy/concrete/products.py;nsympy/concrete/summations.py;nsympy/concrete/tests/test_delta.py;nsympy/concrete/tests/test_sums_products.py;nsympy/core/basic.py;nsympy/core/tests/test_args.py;nsympy/functions/elementary/miscellaneous.py;nsympy/functions/special/tensor_functions.py;nsympy/matrices/__init__.py;nsympy/matrices/benchmarks/bench_matrix.py;nsympy/matrices/dense.py;nsympy/matrices/densearith.py;nsympy/matrices/densesolve.py;nsympy/matrices/densetools.py;nsympy/matrices/expressions/__init__.py;nsympy/matrices/expressions/adjoint.py;nsympy/matrices/expressions/blockmatrix.py;nsympy/matrices/expressions/determinant.py;nsympy/matrices/expressions/diagonal.py;nsympy/matrices/expressions/dotproduct.py;nsympy/matrices/expressions/factorizations.py;nsympy/matrices/expressions/fourier.py;nsympy/matrices/expressions/funcmatrix.py;nsympy/matrices/expressions/hadamard.py;nsympy/matrices/expressions/inverse.py;nsympy/matrices/expressions/matadd.py;nsympy/matrices/expressions/matexpr.py;nsympy/matrices/expressions/matmul.py;nsympy/matrices/expressions/matpow.py;nsympy/matrices/expressions/slice.py;nsympy/matrices/expressions/tests/__init__.py;nsympy/matrices/expressions/tests/test_adjoint.py;nsympy/matrices/expressions/tests/test_blockmatrix.py;nsympy/matrices/expressions/tests/test_determinant.py;nsympy/matrices/expressions/tests/test_diagonal.py;nsympy/matrices/expressions/tests/test_dotproduct.py;nsympy/matrices/expressions/tests/test_factorizations.py;nsympy/matrices/expressions/tests/test_fourier.py;nsympy/matrices/expressions/tests/test_funcmatrix.py;nsympy/matrices/expressions/tests/test_hadamard.py;nsympy/matrices/expressions/tests/test_indexing.py;nsympy/matrices/expressions/tests/test_inverse.py;nsympy/matrices/expressions/tests/test_matadd.py;nsympy/matrices/expressions/tests/test_matexpr.py;nsympy/matrices/expressions/tests/test_matmul.py;nsympy/matrices/expressions/tests/test_matpow.py;nsympy/matrices/expressions/tests/test_slice.py;nsympy/matrices/expressions/tests/test_trace.py;nsympy/matrices/expressions/tests/test_transpose.py;nsympy/matrices/expressions/trace.py;nsympy/matrices/expressions/transpose.py;nsympy/matrices/immutable.py;nsympy/matrices/matrices.py;nsympy/matrices/sparse.py;nsympy/matrices/sparsetools.py;nsympy/matrices/tests/__init__.py;nsympy/matrices/tests/test_commonmatrix.py;nsympy/matrices/tests/test_densearith.py;nsympy/matrices/tests/test_densesolve.py;nsympy/matrices/tests/test_densetools.py;nsympy/matrices/tests/test_immutable.py;nsympy/matrices/tests/test_interactions.py;nsympy/matrices/tests/test_matrices.py;nsympy/matrices/tests/test_sparse.py;nsympy/matrices/tests/test_sparsetools.py;nsympy/physics/quantum/boson.py;nsympy/physics/quantum/cg.py;nsympy/physics/quantum/fermion.py;nsympy/physics/quantum/gate.py;nsympy/physics/quantum/operator.py;nsympy/physics/quantum/pauli.py;nsympy/physics/quantum/piab.py;nsympy/physics/quantum/sho1d.py;nsympy/physics/quantum/spin.py;nsympy/physics/quantum/tests/test_cg.py;nsympy/physics/quantum/tests/test_piab.py;nsympy/physics/quantum/tests/test_sho1d.py;nsympy/physics/secondquant.py;nsympy/plotting/plot.py;nsympy/printing/pretty/tests/test_pretty.py;nsympy/printing/tests/test_latex.py;nsympy/solvers/diophantine.py;nsympy/tensor/indexed.py;nsympy/tensor/tests/test_indexed.py;output/sympy__sympy-12419_preds.json;sympy/assumptions/sathandlers.py;sympy/categories/baseclasses.py;sympy/concrete/delta.py;sympy/concrete/products.py;sympy/concrete/summations.py;sympy/concrete/tests/test_delta.py;sympy/concrete/tests/test_sums_products.py;sympy/core/basic.py;sympy/core/tests/test_args.py;sympy/functions/elementary/miscellaneous.py;sympy/functions/special/tensor_functions.py;sympy/integrals/rationaltools.py;sympy/matrices/__init__.py;sympy/matrices/benchmarks/__init__.py;sympy/matrices/benchmarks/bench_matrix.py;sympy/matrices/dense.py;sympy/matrices/densearith.py;sympy/matrices/densesolve.py;sympy/matrices/densetools.py;sympy/matrices/expressions/__init__.py;sympy/matrices/expressions/adjoint.py;sympy/matrices/expressions/blockmatrix.py;sympy/matrices/expressions/determinant.py;sympy/matrices/expressions/diagonal.py;sympy/matrices/expressions/dotproduct.py;sympy/matrices/expressions/factorizations.py;sympy/matrices/expressions/fourier.py;sympy/matrices/expressions/funcmatrix.py;sympy/matrices/expressions/hadamard.py;sympy/matrices/expressions/inverse.py;sympy/matrices/expressions/matadd.py;sympy/matrices/expressions/matexpr.py;sympy/matrices/expressions/matmul.py;sympy/matrices/expressions/matpow.py;sympy/matrices/expressions/slice.py;sympy/matrices/expressions/tests/__init__.py;sympy/matrices/expressions/tests/test_adjoint.py;sympy/matrices/expressions/tests/test_blockmatrix.py;sympy/matrices/expressions/tests/test_determinant.py;sympy/matrices/expressions/tests/test_diagonal.py;sympy/matrices/expressions/tests/test_dotproduct.py;sympy/matrices/expressions/tests/test_factorizations.py;sympy/matrices/expressions/tests/test_fourier.py;sympy/matrices/expressions/tests/test_funcmatrix.py;sympy/matrices/expressions/tests/test_hadamard.py;sympy/matrices/expressions/tests/test_indexing.py;sympy/matrices/expressions/tests/test_inverse.py;sympy/matrices/expressions/tests/test_matadd.py;sympy/matrices/expressions/tests/test_matexpr.py;sympy/matrices/expressions/tests/test_matmul.py;sympy/matrices/expressions/tests/test_matpow.py;sympy/matrices/expressions/tests/test_slice.py;sympy/matrices/expressions/tests/test_trace.py;sympy/matrices/expressions/tests/test_transpose.py;sympy/matrices/expressions/trace.py;sympy/matrices/expressions/transpose.py;sympy/matrices/immutable.py;sympy/matrices/matrices.py;sympy/matrices/sparse.py;sympy/matrices/sparsetools.py;sympy/matrices/tests/__init__.py;sympy/matrices/tests/test_commonmatrix.py;sympy/matrices/tests/test_densearith.py;sympy/matrices/tests/test_densesolve.py;sympy/matrices/tests/test_densetools.py;sympy/matrices/tests/test_immutable.py;sympy/matrices/tests/test_interactions.py;sympy/matrices/tests/test_matrices.py;sympy/matrices/tests/test_sparse.py;sympy/matrices/tests/test_sparsetools.py;sympy/physics/quantum/boson.py;sympy/physics/quantum/cg.py;sympy/physics/quantum/fermion.py;sympy/physics/quantum/gate.py;sympy/physics/quantum/operator.py;sympy/physics/quantum/pauli.py;sympy/physics/quantum/piab.py;sympy/physics/quantum/sho1d.py;sympy/physics/quantum/spin.py;sympy/physics/quantum/tests/test_cg.py;sympy/physics/quantum/tests/test_piab.py;sympy/physics/quantum/tests/test_sho1d.py;sympy/physics/secondquant.py;sympy/plotting/plot.py;sympy/polys/agca/homomorphisms.py;sympy/printing/pretty/tests/test_pretty.py;sympy/printing/tests/test_latex.py;sympy/tensor/indexed.py;sympy/tensor/tests/test_indexed.py,./swebench_9_15/manual.yaml;./swebench_9_15/output/sympy__sympy-12419_preds.json;_preds.json;sympy/matrices/expressions/matexpr.py,../test_issue.py;./swebench_9_15/test_concrete.py;./swebench_9_15/test_doit_multiple.py;./swebench_9_15/test_issue.py;./swebench_9_15/test_kronecker.py;./swebench_9_15/test_simplification.py;n./sympy/concrete/tests/__init__.py;n./sympy/concrete/tests/test_delta.py;n./sympy/concrete/tests/test_gosper.py;n./sympy/concrete/tests/test_guess.py;n./sympy/concrete/tests/test_products.py;n./sympy/concrete/tests/test_sums_products.py;nsympy/concrete/tests/test_delta.py;nsympy/concrete/tests/test_sums_products.py;nsympy/core/tests/test_args.py;nsympy/matrices/expressions/tests/__init__.py;nsympy/matrices/expressions/tests/test_adjoint.py;nsympy/matrices/expressions/tests/test_blockmatrix.py;nsympy/matrices/expressions/tests/test_determinant.py;nsympy/matrices/expressions/tests/test_diagonal.py;nsympy/matrices/expressions/tests/test_dotproduct.py;nsympy/matrices/expressions/tests/test_factorizations.py;nsympy/matrices/expressions/tests/test_fourier.py;nsympy/matrices/expressions/tests/test_funcmatrix.py;nsympy/matrices/expressions/tests/test_hadamard.py;nsympy/matrices/expressions/tests/test_indexing.py;nsympy/matrices/expressions/tests/test_inverse.py;nsympy/matrices/expressions/tests/test_matadd.py;nsympy/matrices/expressions/tests/test_matexpr.py;nsympy/matrices/expressions/tests/test_matmul.py;nsympy/matrices/expressions/tests/test_matpow.py;nsympy/matrices/expressions/tests/test_slice.py;nsympy/matrices/expressions/tests/test_trace.py;nsympy/matrices/expressions/tests/test_transpose.py;nsympy/matrices/tests/__init__.py;nsympy/matrices/tests/test_commonmatrix.py;nsympy/matrices/tests/test_densearith.py;nsympy/matrices/tests/test_densesolve.py;nsympy/matrices/tests/test_densetools.py;nsympy/matrices/tests/test_immutable.py;nsympy/matrices/tests/test_interactions.py;nsympy/matrices/tests/test_matrices.py;nsympy/matrices/tests/test_sparse.py;nsympy/matrices/tests/test_sparsetools.py;nsympy/physics/quantum/tests/test_cg.py;nsympy/physics/quantum/tests/test_piab.py;nsympy/physics/quantum/tests/test_sho1d.py;nsympy/printing/pretty/tests/test_pretty.py;nsympy/printing/tests/test_latex.py;nsympy/tensor/tests/test_indexed.py;sympy/concrete/tests/test_delta.py;sympy/concrete/tests/test_sums_products.py;sympy/core/tests/test_args.py;sympy/matrices/expressions/tests/__init__.py;sympy/matrices/expressions/tests/test_adjoint.py;sympy/matrices/expressions/tests/test_blockmatrix.py;sympy/matrices/expressions/tests/test_determinant.py;sympy/matrices/expressions/tests/test_diagonal.py;sympy/matrices/expressions/tests/test_dotproduct.py;sympy/matrices/expressions/tests/test_factorizations.py;sympy/matrices/expressions/tests/test_fourier.py;sympy/matrices/expressions/tests/test_funcmatrix.py;sympy/matrices/expressions/tests/test_hadamard.py;sympy/matrices/expressions/tests/test_indexing.py;sympy/matrices/expressions/tests/test_inverse.py;sympy/matrices/expressions/tests/test_matadd.py;sympy/matrices/expressions/tests/test_matexpr.py;sympy/matrices/expressions/tests/test_matmul.py;sympy/matrices/expressions/tests/test_matpow.py;sympy/matrices/expressions/tests/test_slice.py;sympy/matrices/expressions/tests/test_trace.py;sympy/matrices/expressions/tests/test_transpose.py;sympy/matrices/tests/__init__.py;sympy/matrices/tests/test_commonmatrix.py;sympy/matrices/tests/test_densearith.py;sympy/matrices/tests/test_densesolve.py;sympy/matrices/tests/test_densetools.py;sympy/matrices/tests/test_immutable.py;sympy/matrices/tests/test_interactions.py;sympy/matrices/tests/test_matrices.py;sympy/matrices/tests/test_sparse.py;sympy/matrices/tests/test_sparsetools.py;sympy/physics/quantum/tests/test_cg.py;sympy/physics/quantum/tests/test_piab.py;sympy/physics/quantum/tests/test_sho1d.py;sympy/printing/pretty/tests/test_pretty.py;sympy/printing/tests/test_latex.py;sympy/tensor/tests/test_indexed.py,./swebench_9_15/debug_test.py;./swebench_9_15/manual.yaml;./swebench_9_15/output/sympy__sympy-12419_preds.json;./sympy/concrete/summations.py;//docs.py;/opt/anaconda3/lib/python3.8/site.py;a/sympy/matrices/expressions/matexpr.py;b/sympy/matrices/expressions/matexpr.py;n./sympy/concrete/__init__.py;n./sympy/concrete/expr_with_limits.py;n./sympy/concrete/guess.py;nsympy/assumptions/sathandlers.py;nsympy/categories/baseclasses.py;nsympy/concrete/delta.py;nsympy/concrete/products.py;nsympy/concrete/summations.py;nsympy/core/basic.py;nsympy/functions/elementary/miscellaneous.py;nsympy/functions/special/tensor_functions.py;nsympy/matrices/__init__.py;nsympy/matrices/benchmarks/bench_matrix.py;nsympy/matrices/dense.py;nsympy/matrices/densearith.py;nsympy/matrices/densesolve.py;nsympy/matrices/densetools.py;nsympy/matrices/expressions/__init__.py;nsympy/matrices/expressions/adjoint.py;nsympy/matrices/expressions/blockmatrix.py;nsympy/matrices/expressions/determinant.py;nsympy/matrices/expressions/diagonal.py;nsympy/matrices/expressions/dotproduct.py;nsympy/matrices/expressions/factorizations.py;nsympy/matrices/expressions/fourier.py;nsympy/matrices/expressions/funcmatrix.py;nsympy/matrices/expressions/hadamard.py;nsympy/matrices/expressions/inverse.py;nsympy/matrices/expressions/matadd.py;nsympy/matrices/expressions/matexpr.py;nsympy/matrices/expressions/matmul.py;nsympy/matrices/expressions/matpow.py;nsympy/matrices/expressions/slice.py;nsympy/matrices/expressions/trace.py;nsympy/matrices/expressions/transpose.py;nsympy/matrices/immutable.py;nsympy/matrices/matrices.py;nsympy/matrices/sparse.py;nsympy/matrices/sparsetools.py;nsympy/physics/quantum/boson.py;nsympy/physics/quantum/cg.py;nsympy/physics/quantum/fermion.py;nsympy/physics/quantum/gate.py;nsympy/physics/quantum/operator.py;nsympy/physics/quantum/pauli.py;nsympy/physics/quantum/piab.py;nsympy/physics/quantum/sho1d.py;nsympy/physics/quantum/spin.py;nsympy/physics/secondquant.py;nsympy/plotting/plot.py;nsympy/solvers/diophantine.py;nsympy/tensor/indexed.py;output/sympy__sympy-12419_preds.json;sympy/assumptions/sathandlers.py;sympy/categories/baseclasses.py;sympy/concrete/delta.py;sympy/concrete/products.py;sympy/concrete/summations.py;sympy/core/basic.py;sympy/functions/elementary/miscellaneous.py;sympy/functions/special/tensor_functions.py;sympy/integrals/rationaltools.py;sympy/matrices/__init__.py;sympy/matrices/benchmarks/__init__.py;sympy/matrices/benchmarks/bench_matrix.py;sympy/matrices/dense.py;sympy/matrices/densearith.py;sympy/matrices/densesolve.py;sympy/matrices/densetools.py;sympy/matrices/expressions/__init__.py;sympy/matrices/expressions/adjoint.py;sympy/matrices/expressions/blockmatrix.py;sympy/matrices/expressions/determinant.py;sympy/matrices/expressions/diagonal.py;sympy/matrices/expressions/dotproduct.py;sympy/matrices/expressions/factorizations.py;sympy/matrices/expressions/fourier.py;sympy/matrices/expressions/funcmatrix.py;sympy/matrices/expressions/hadamard.py;sympy/matrices/expressions/inverse.py;sympy/matrices/expressions/matadd.py;sympy/matrices/expressions/matexpr.py;sympy/matrices/expressions/matmul.py;sympy/matrices/expressions/matpow.py;sympy/matrices/expressions/slice.py;sympy/matrices/expressions/trace.py;sympy/matrices/expressions/transpose.py;sympy/matrices/immutable.py;sympy/matrices/matrices.py;sympy/matrices/sparse.py;sympy/matrices/sparsetools.py;sympy/physics/quantum/boson.py;sympy/physics/quantum/cg.py;sympy/physics/quantum/fermion.py;sympy/physics/quantum/gate.py;sympy/physics/quantum/operator.py;sympy/physics/quantum/pauli.py;sympy/physics/quantum/piab.py;sympy/physics/quantum/sho1d.py;sympy/physics/quantum/spin.py;sympy/physics/secondquant.py;sympy/plotting/plot.py;sympy/polys/agca/homomorphisms.py;sympy/tensor/indexed.py,sympy/matrices/expressions/diagonal.py,1,0.005,True,True,,0,0.0,False,True,1,0,0,0,same_directory_only,prior_trajectory_inspected_target_gold_file
sympy__sympy-12427,sympy/sympy,sympy__sympy-12419,sympy__sympy-12427,sympy/matrices/expressions/matexpr.py,sympy/matrices/expressions/diagonal.py;sympy/matrices/expressions/matexpr.py;sympy/solvers/solveset.py,1,3,sympy/matrices/expressions/matexpr.py,1,0.3333333333333333,True,True,../test_issue.py;./swebench_9_15/debug_test.py;./swebench_9_15/manual.yaml;./swebench_9_15/output/sympy__sympy-12419_preds.json;./swebench_9_15/test_concrete.py;./swebench_9_15/test_doit_multiple.py;./swebench_9_15/test_issue.py;./swebench_9_15/test_kronecker.py;./swebench_9_15/test_simplification.py;./sympy/concrete/summations.py;//docs.py;/opt/anaconda3/lib/python3.8/site.py;a/sympy/matrices/expressions/matexpr.py;b/sympy/matrices/expressions/matexpr.py;n./sympy/concrete/__init__.py;n./sympy/concrete/expr_with_limits.py;n./sympy/concrete/guess.py;n./sympy/concrete/tests/__init__.py;n./sympy/concrete/tests/test_delta.py;n./sympy/concrete/tests/test_gosper.py;n./sympy/concrete/tests/test_guess.py;n./sympy/concrete/tests/test_products.py;n./sympy/concrete/tests/test_sums_products.py;nsympy/assumptions/sathandlers.py;nsympy/categories/baseclasses.py;nsympy/concrete/delta.py;nsympy/concrete/products.py;nsympy/concrete/summations.py;nsympy/concrete/tests/test_delta.py;nsympy/concrete/tests/test_sums_products.py;nsympy/core/basic.py;nsympy/core/tests/test_args.py;nsympy/functions/elementary/miscellaneous.py;nsympy/functions/special/tensor_functions.py;nsympy/matrices/__init__.py;nsympy/matrices/benchmarks/bench_matrix.py;nsympy/matrices/dense.py;nsympy/matrices/densearith.py;nsympy/matrices/densesolve.py;nsympy/matrices/densetools.py;nsympy/matrices/expressions/__init__.py;nsympy/matrices/expressions/adjoint.py;nsympy/matrices/expressions/blockmatrix.py;nsympy/matrices/expressions/determinant.py;nsympy/matrices/expressions/diagonal.py;nsympy/matrices/expressions/dotproduct.py;nsympy/matrices/expressions/factorizations.py;nsympy/matrices/expressions/fourier.py;nsympy/matrices/expressions/funcmatrix.py;nsympy/matrices/expressions/hadamard.py;nsympy/matrices/expressions/inverse.py;nsympy/matrices/expressions/matadd.py;nsympy/matrices/expressions/matexpr.py;nsympy/matrices/expressions/matmul.py;nsympy/matrices/expressions/matpow.py;nsympy/matrices/expressions/slice.py;nsympy/matrices/expressions/tests/__init__.py;nsympy/matrices/expressions/tests/test_adjoint.py;nsympy/matrices/expressions/tests/test_blockmatrix.py;nsympy/matrices/expressions/tests/test_determinant.py;nsympy/matrices/expressions/tests/test_diagonal.py;nsympy/matrices/expressions/tests/test_dotproduct.py;nsympy/matrices/expressions/tests/test_factorizations.py;nsympy/matrices/expressions/tests/test_fourier.py;nsympy/matrices/expressions/tests/test_funcmatrix.py;nsympy/matrices/expressions/tests/test_hadamard.py;nsympy/matrices/expressions/tests/test_indexing.py;nsympy/matrices/expressions/tests/test_inverse.py;nsympy/matrices/expressions/tests/test_matadd.py;nsympy/matrices/expressions/tests/test_matexpr.py;nsympy/matrices/expressions/tests/test_matmul.py;nsympy/matrices/expressions/tests/test_matpow.py;nsympy/matrices/expressions/tests/test_slice.py;nsympy/matrices/expressions/tests/test_trace.py;nsympy/matrices/expressions/tests/test_transpose.py;nsympy/matrices/expressions/trace.py;nsympy/matrices/expressions/transpose.py;nsympy/matrices/immutable.py;nsympy/matrices/matrices.py;nsympy/matrices/sparse.py;nsympy/matrices/sparsetools.py;nsympy/matrices/tests/__init__.py;nsympy/matrices/tests/test_commonmatrix.py;nsympy/matrices/tests/test_densearith.py;nsympy/matrices/tests/test_densesolve.py;nsympy/matrices/tests/test_densetools.py;nsympy/matrices/tests/test_immutable.py;nsympy/matrices/tests/test_interactions.py;nsympy/matrices/tests/test_matrices.py;nsympy/matrices/tests/test_sparse.py;nsympy/matrices/tests/test_sparsetools.py;nsympy/physics/quantum/boson.py;nsympy/physics/quantum/cg.py;nsympy/physics/quantum/fermion.py;nsympy/physics/quantum/gate.py;nsympy/physics/quantum/operator.py;nsympy/physics/quantum/pauli.py;nsympy/physics/quantum/piab.py;nsympy/physics/quantum/sho1d.py;nsympy/physics/quantum/spin.py;nsympy/physics/quantum/tests/test_cg.py;nsympy/physics/quantum/tests/test_piab.py;nsympy/physics/quantum/tests/test_sho1d.py;nsympy/physics/secondquant.py;nsympy/plotting/plot.py;nsympy/printing/pretty/tests/test_pretty.py;nsympy/printing/tests/test_latex.py;nsympy/solvers/diophantine.py;nsympy/tensor/indexed.py;nsympy/tensor/tests/test_indexed.py;output/sympy__sympy-12419_preds.json;sympy/assumptions/sathandlers.py;sympy/categories/baseclasses.py;sympy/concrete/delta.py;sympy/concrete/products.py;sympy/concrete/summations.py;sympy/concrete/tests/test_delta.py;sympy/concrete/tests/test_sums_products.py;sympy/core/basic.py;sympy/core/tests/test_args.py;sympy/functions/elementary/miscellaneous.py;sympy/functions/special/tensor_functions.py;sympy/integrals/rationaltools.py;sympy/matrices/__init__.py;sympy/matrices/benchmarks/__init__.py;sympy/matrices/benchmarks/bench_matrix.py;sympy/matrices/dense.py;sympy/matrices/densearith.py;sympy/matrices/densesolve.py;sympy/matrices/densetools.py;sympy/matrices/expressions/__init__.py;sympy/matrices/expressions/adjoint.py;sympy/matrices/expressions/blockmatrix.py;sympy/matrices/expressions/determinant.py;sympy/matrices/expressions/diagonal.py;sympy/matrices/expressions/dotproduct.py;sympy/matrices/expressions/factorizations.py;sympy/matrices/expressions/fourier.py;sympy/matrices/expressions/funcmatrix.py;sympy/matrices/expressions/hadamard.py;sympy/matrices/expressions/inverse.py;sympy/matrices/expressions/matadd.py;sympy/matrices/expressions/matexpr.py;sympy/matrices/expressions/matmul.py;sympy/matrices/expressions/matpow.py;sympy/matrices/expressions/slice.py;sympy/matrices/expressions/tests/__init__.py;sympy/matrices/expressions/tests/test_adjoint.py;sympy/matrices/expressions/tests/test_blockmatrix.py;sympy/matrices/expressions/tests/test_determinant.py;sympy/matrices/expressions/tests/test_diagonal.py;sympy/matrices/expressions/tests/test_dotproduct.py;sympy/matrices/expressions/tests/test_factorizations.py;sympy/matrices/expressions/tests/test_fourier.py;sympy/matrices/expressions/tests/test_funcmatrix.py;sympy/matrices/expressions/tests/test_hadamard.py;sympy/matrices/expressions/tests/test_indexing.py;sympy/matrices/expressions/tests/test_inverse.py;sympy/matrices/expressions/tests/test_matadd.py;sympy/matrices/expressions/tests/test_matexpr.py;sympy/matrices/expressions/tests/test_matmul.py;sympy/matrices/expressions/tests/test_matpow.py;sympy/matrices/expressions/tests/test_slice.py;sympy/matrices/expressions/tests/test_trace.py;sympy/matrices/expressions/tests/test_transpose.py;sympy/matrices/expressions/trace.py;sympy/matrices/expressions/transpose.py;sympy/matrices/immutable.py;sympy/matrices/matrices.py;sympy/matrices/sparse.py;sympy/matrices/sparsetools.py;sympy/matrices/tests/__init__.py;sympy/matrices/tests/test_commonmatrix.py;sympy/matrices/tests/test_densearith.py;sympy/matrices/tests/test_densesolve.py;sympy/matrices/tests/test_densetools.py;sympy/matrices/tests/test_immutable.py;sympy/matrices/tests/test_interactions.py;sympy/matrices/tests/test_matrices.py;sympy/matrices/tests/test_sparse.py;sympy/matrices/tests/test_sparsetools.py;sympy/physics/quantum/boson.py;sympy/physics/quantum/cg.py;sympy/physics/quantum/fermion.py;sympy/physics/quantum/gate.py;sympy/physics/quantum/operator.py;sympy/physics/quantum/pauli.py;sympy/physics/quantum/piab.py;sympy/physics/quantum/sho1d.py;sympy/physics/quantum/spin.py;sympy/physics/quantum/tests/test_cg.py;sympy/physics/quantum/tests/test_piab.py;sympy/physics/quantum/tests/test_sho1d.py;sympy/physics/secondquant.py;sympy/plotting/plot.py;sympy/polys/agca/homomorphisms.py;sympy/printing/pretty/tests/test_pretty.py;sympy/printing/tests/test_latex.py;sympy/tensor/indexed.py;sympy/tensor/tests/test_indexed.py,./swebench_9_15/manual.yaml;./swebench_9_15/output/sympy__sympy-12419_preds.json;_preds.json;sympy/matrices/expressions/matexpr.py,../test_issue.py;./swebench_9_15/test_concrete.py;./swebench_9_15/test_doit_multiple.py;./swebench_9_15/test_issue.py;./swebench_9_15/test_kronecker.py;./swebench_9_15/test_simplification.py;n./sympy/concrete/tests/__init__.py;n./sympy/concrete/tests/test_delta.py;n./sympy/concrete/tests/test_gosper.py;n./sympy/concrete/tests/test_guess.py;n./sympy/concrete/tests/test_products.py;n./sympy/concrete/tests/test_sums_products.py;nsympy/concrete/tests/test_delta.py;nsympy/concrete/tests/test_sums_products.py;nsympy/core/tests/test_args.py;nsympy/matrices/expressions/tests/__init__.py;nsympy/matrices/expressions/tests/test_adjoint.py;nsympy/matrices/expressions/tests/test_blockmatrix.py;nsympy/matrices/expressions/tests/test_determinant.py;nsympy/matrices/expressions/tests/test_diagonal.py;nsympy/matrices/expressions/tests/test_dotproduct.py;nsympy/matrices/expressions/tests/test_factorizations.py;nsympy/matrices/expressions/tests/test_fourier.py;nsympy/matrices/expressions/tests/test_funcmatrix.py;nsympy/matrices/expressions/tests/test_hadamard.py;nsympy/matrices/expressions/tests/test_indexing.py;nsympy/matrices/expressions/tests/test_inverse.py;nsympy/matrices/expressions/tests/test_matadd.py;nsympy/matrices/expressions/tests/test_matexpr.py;nsympy/matrices/expressions/tests/test_matmul.py;nsympy/matrices/expressions/tests/test_matpow.py;nsympy/matrices/expressions/tests/test_slice.py;nsympy/matrices/expressions/tests/test_trace.py;nsympy/matrices/expressions/tests/test_transpose.py;nsympy/matrices/tests/__init__.py;nsympy/matrices/tests/test_commonmatrix.py;nsympy/matrices/tests/test_densearith.py;nsympy/matrices/tests/test_densesolve.py;nsympy/matrices/tests/test_densetools.py;nsympy/matrices/tests/test_immutable.py;nsympy/matrices/tests/test_interactions.py;nsympy/matrices/tests/test_matrices.py;nsympy/matrices/tests/test_sparse.py;nsympy/matrices/tests/test_sparsetools.py;nsympy/physics/quantum/tests/test_cg.py;nsympy/physics/quantum/tests/test_piab.py;nsympy/physics/quantum/tests/test_sho1d.py;nsympy/printing/pretty/tests/test_pretty.py;nsympy/printing/tests/test_latex.py;nsympy/tensor/tests/test_indexed.py;sympy/concrete/tests/test_delta.py;sympy/concrete/tests/test_sums_products.py;sympy/core/tests/test_args.py;sympy/matrices/expressions/tests/__init__.py;sympy/matrices/expressions/tests/test_adjoint.py;sympy/matrices/expressions/tests/test_blockmatrix.py;sympy/matrices/expressions/tests/test_determinant.py;sympy/matrices/expressions/tests/test_diagonal.py;sympy/matrices/expressions/tests/test_dotproduct.py;sympy/matrices/expressions/tests/test_factorizations.py;sympy/matrices/expressions/tests/test_fourier.py;sympy/matrices/expressions/tests/test_funcmatrix.py;sympy/matrices/expressions/tests/test_hadamard.py;sympy/matrices/expressions/tests/test_indexing.py;sympy/matrices/expressions/tests/test_inverse.py;sympy/matrices/expressions/tests/test_matadd.py;sympy/matrices/expressions/tests/test_matexpr.py;sympy/matrices/expressions/tests/test_matmul.py;sympy/matrices/expressions/tests/test_matpow.py;sympy/matrices/expressions/tests/test_slice.py;sympy/matrices/expressions/tests/test_trace.py;sympy/matrices/expressions/tests/test_transpose.py;sympy/matrices/tests/__init__.py;sympy/matrices/tests/test_commonmatrix.py;sympy/matrices/tests/test_densearith.py;sympy/matrices/tests/test_densesolve.py;sympy/matrices/tests/test_densetools.py;sympy/matrices/tests/test_immutable.py;sympy/matrices/tests/test_interactions.py;sympy/matrices/tests/test_matrices.py;sympy/matrices/tests/test_sparse.py;sympy/matrices/tests/test_sparsetools.py;sympy/physics/quantum/tests/test_cg.py;sympy/physics/quantum/tests/test_piab.py;sympy/physics/quantum/tests/test_sho1d.py;sympy/printing/pretty/tests/test_pretty.py;sympy/printing/tests/test_latex.py;sympy/tensor/tests/test_indexed.py,./swebench_9_15/debug_test.py;./swebench_9_15/manual.yaml;./swebench_9_15/output/sympy__sympy-12419_preds.json;./sympy/concrete/summations.py;//docs.py;/opt/anaconda3/lib/python3.8/site.py;a/sympy/matrices/expressions/matexpr.py;b/sympy/matrices/expressions/matexpr.py;n./sympy/concrete/__init__.py;n./sympy/concrete/expr_with_limits.py;n./sympy/concrete/guess.py;nsympy/assumptions/sathandlers.py;nsympy/categories/baseclasses.py;nsympy/concrete/delta.py;nsympy/concrete/products.py;nsympy/concrete/summations.py;nsympy/core/basic.py;nsympy/functions/elementary/miscellaneous.py;nsympy/functions/special/tensor_functions.py;nsympy/matrices/__init__.py;nsympy/matrices/benchmarks/bench_matrix.py;nsympy/matrices/dense.py;nsympy/matrices/densearith.py;nsympy/matrices/densesolve.py;nsympy/matrices/densetools.py;nsympy/matrices/expressions/__init__.py;nsympy/matrices/expressions/adjoint.py;nsympy/matrices/expressions/blockmatrix.py;nsympy/matrices/expressions/determinant.py;nsympy/matrices/expressions/diagonal.py;nsympy/matrices/expressions/dotproduct.py;nsympy/matrices/expressions/factorizations.py;nsympy/matrices/expressions/fourier.py;nsympy/matrices/expressions/funcmatrix.py;nsympy/matrices/expressions/hadamard.py;nsympy/matrices/expressions/inverse.py;nsympy/matrices/expressions/matadd.py;nsympy/matrices/expressions/matexpr.py;nsympy/matrices/expressions/matmul.py;nsympy/matrices/expressions/matpow.py;nsympy/matrices/expressions/slice.py;nsympy/matrices/expressions/trace.py;nsympy/matrices/expressions/transpose.py;nsympy/matrices/immutable.py;nsympy/matrices/matrices.py;nsympy/matrices/sparse.py;nsympy/matrices/sparsetools.py;nsympy/physics/quantum/boson.py;nsympy/physics/quantum/cg.py;nsympy/physics/quantum/fermion.py;nsympy/physics/quantum/gate.py;nsympy/physics/quantum/operator.py;nsympy/physics/quantum/pauli.py;nsympy/physics/quantum/piab.py;nsympy/physics/quantum/sho1d.py;nsympy/physics/quantum/spin.py;nsympy/physics/secondquant.py;nsympy/plotting/plot.py;nsympy/solvers/diophantine.py;nsympy/tensor/indexed.py;output/sympy__sympy-12419_preds.json;sympy/assumptions/sathandlers.py;sympy/categories/baseclasses.py;sympy/concrete/delta.py;sympy/concrete/products.py;sympy/concrete/summations.py;sympy/core/basic.py;sympy/functions/elementary/miscellaneous.py;sympy/functions/special/tensor_functions.py;sympy/integrals/rationaltools.py;sympy/matrices/__init__.py;sympy/matrices/benchmarks/__init__.py;sympy/matrices/benchmarks/bench_matrix.py;sympy/matrices/dense.py;sympy/matrices/densearith.py;sympy/matrices/densesolve.py;sympy/matrices/densetools.py;sympy/matrices/expressions/__init__.py;sympy/matrices/expressions/adjoint.py;sympy/matrices/expressions/blockmatrix.py;sympy/matrices/expressions/determinant.py;sympy/matrices/expressions/diagonal.py;sympy/matrices/expressions/dotproduct.py;sympy/matrices/expressions/factorizations.py;sympy/matrices/expressions/fourier.py;sympy/matrices/expressions/funcmatrix.py;sympy/matrices/expressions/hadamard.py;sympy/matrices/expressions/inverse.py;sympy/matrices/expressions/matadd.py;sympy/matrices/expressions/matexpr.py;sympy/matrices/expressions/matmul.py;sympy/matrices/expressions/matpow.py;sympy/matrices/expressions/slice.py;sympy/matrices/expressions/trace.py;sympy/matrices/expressions/transpose.py;sympy/matrices/immutable.py;sympy/matrices/matrices.py;sympy/matrices/sparse.py;sympy/matrices/sparsetools.py;sympy/physics/quantum/boson.py;sympy/physics/quantum/cg.py;sympy/physics/quantum/fermion.py;sympy/physics/quantum/gate.py;sympy/physics/quantum/operator.py;sympy/physics/quantum/pauli.py;sympy/physics/quantum/piab.py;sympy/physics/quantum/sho1d.py;sympy/physics/quantum/spin.py;sympy/physics/secondquant.py;sympy/plotting/plot.py;sympy/polys/agca/homomorphisms.py;sympy/tensor/indexed.py,sympy/matrices/expressions/diagonal.py;sympy/matrices/expressions/matexpr.py,2,0.009950248756218905,True,True,sympy/matrices/expressions/matexpr.py,1,0.16666666666666666,True,True,0,0,0,0,same_file_overlap,prior_trajectory_edited_target_gold_file
sympy__sympy-12950,sympy/sympy,sympy__sympy-13031,sympy__sympy-12950,sympy/matrices/sparse.py,sympy/matrices/common.py;sympy/matrices/expressions/matmul.py,1,2,,0,0.0,False,True,./swebench_9_15/manual.yaml;./swebench_9_15/output/sympy__sympy-13031_preds.json;//docs.py;/opt/anaconda3/lib/python3.8/site.py;a/sympy/matrices/sparse.py;a/sympy/matrices/tests/test_sparse.py;b/sympy/matrices/sparse.py;b/sympy/matrices/tests/test_sparse.py;nsympy/core/basic.py;nsympy/matrices/common.py;nsympy/matrices/tests/test_sparse.py;nsympy/plotting/plot.py;nsympy/solvers/diophantine.py;output/sympy__sympy-13031_preds.json;sympy/__init__.py;sympy/combinatorics/perm_groups.py;sympy/combinatorics/util.py;sympy/core/basic.py;sympy/matrices/common.py;sympy/matrices/sparse.py;sympy/matrices/tests/test_sparse.py;sympy/plotting/plot.py;sympy/release.py,./swebench_9_15/manual.yaml;./swebench_9_15/output/sympy__sympy-13031_preds.json;_preds.json;sympy/matrices/sparse.py;sympy/matrices/tests/test_sparse.py,a/sympy/matrices/tests/test_sparse.py;b/sympy/matrices/tests/test_sparse.py;nsympy/matrices/tests/test_sparse.py;sympy/matrices/tests/test_sparse.py,./swebench_9_15/manual.yaml;./swebench_9_15/output/sympy__sympy-13031_preds.json;//docs.py;/opt/anaconda3/lib/python3.8/site.py;a/sympy/matrices/sparse.py;b/sympy/matrices/sparse.py;nsympy/core/basic.py;nsympy/matrices/common.py;nsympy/plotting/plot.py;nsympy/solvers/diophantine.py;output/sympy__sympy-13031_preds.json;sympy/__init__.py;sympy/combinatorics/perm_groups.py;sympy/combinatorics/util.py;sympy/core/basic.py;sympy/matrices/common.py;sympy/matrices/sparse.py;sympy/plotting/plot.py;sympy/release.py,sympy/matrices/common.py,1,0.041666666666666664,True,True,,0,0.0,False,True,0,0,0,0,same_directory_only,prior_trajectory_inspected_target_gold_file
sympy__sympy-13039,sympy/sympy,sympy__sympy-14308,sympy__sympy-13039,sympy/printing/pretty/pretty.py,sympy/printing/pretty/pretty.py,1,1,sympy/printing/pretty/pretty.py,1,1.0,True,True,./sympy/__init__.py;//docs.py;/desktop/swebench_9_15/analyze_bug.py;/desktop/swebench_9_15/debug_issue.py;/desktop/swebench_9_15/final_demo.py;/desktop/swebench_9_15/manual.yaml;/desktop/swebench_9_15/output/sympy__sympy-14308_preds.json;/desktop/swebench_9_15/sympy/printing/pretty/pretty.py;/desktop/swebench_9_15/sympy/vector/basisdependent.py;/desktop/swebench_9_15/sympy/vector/tests/test_printing.py;/desktop/swebench_9_15/test_comprehensive.py;/desktop/swebench_9_15/test_issue.py;/opt/anaconda3/lib/python3.8/site.py;a/sympy/printing/pretty/pretty.py;b/sympy/printing/pretty/pretty.py;nsympy/core/basic.py;nsympy/core/containers.py;nsympy/core/expr.py;nsympy/parsing/sympy_parser.py;nsympy/physics/vector/__init__.py;nsympy/physics/vector/dyadic.py;nsympy/physics/vector/fieldfunctions.py;nsympy/physics/vector/frame.py;nsympy/physics/vector/point.py;nsympy/physics/vector/printing.py;nsympy/physics/vector/tests/__init__.py;nsympy/physics/vector/tests/test_dyadic.py;nsympy/physics/vector/tests/test_fieldfunctions.py;nsympy/physics/vector/tests/test_frame.py;nsympy/physics/vector/tests/test_functions.py;nsympy/physics/vector/tests/test_output.py;nsympy/physics/vector/tests/test_point.py;nsympy/physics/vector/tests/test_printing.py;nsympy/physics/vector/tests/test_vector.py;nsympy/physics/vector/vector.py;nsympy/plotting/plot.py;nsympy/printing/pretty/__init__.py;nsympy/printing/pretty/pretty.py;nsympy/printing/pretty/pretty_symbology.py;nsympy/printing/pretty/tests/__init__.py;nsympy/printing/pretty/tests/test_pretty.py;nsympy/solvers/diophantine.py;nsympy/vector/__init__.py;nsympy/vector/basisdependent.py;nsympy/vector/coordsysrect.py;nsympy/vector/deloperator.py;nsympy/vector/dyadic.py;nsympy/vector/functions.py;nsympy/vector/operators.py;nsympy/vector/orienters.py;nsympy/vector/point.py;nsympy/vector/scalar.py;nsympy/vector/tests/__init__.py;nsympy/vector/tests/test_coordsysrect.py;nsympy/vector/tests/test_dyadic.py;nsympy/vector/tests/test_field_functions.py;nsympy/vector/tests/test_functions.py;nsympy/vector/tests/test_operators.py;nsympy/vector/tests/test_printing.py;nsympy/vector/tests/test_vector.py;nsympy/vector/vector.py;output/sympy__sympy-14308_preds.json;sympy/__init__.py;sympy/core/basic.py;sympy/core/containers.py;sympy/core/expr.py;sympy/physics/vector/functions.py;sympy/plotting/plot.py;sympy/polys/agca/modules.py;sympy/printing/pretty/pretty.py;sympy/printing/pretty/stringpict.py;sympy/printing/pretty/tests/test_pretty.py;sympy/vector/basisdependent.py;sympy/vector/coordsysrect.py;sympy/vector/deloperator.py;sympy/vector/dyadic.py;sympy/vector/functions.py;sympy/vector/point.py;sympy/vector/scalar.py;sympy/vector/tests/test_printing.py;sympy/vector/vector.py,/desktop/swebench_9_15/manual.yaml;/desktop/swebench_9_15/output/sympy__sympy-14308_preds.json;_preds.json;sympy/printing/pretty/pretty.py,/desktop/swebench_9_15/sympy/vector/tests/test_printing.py;/desktop/swebench_9_15/test_comprehensive.py;/desktop/swebench_9_15/test_issue.py;nsympy/physics/vector/tests/__init__.py;nsympy/physics/vector/tests/test_dyadic.py;nsympy/physics/vector/tests/test_fieldfunctions.py;nsympy/physics/vector/tests/test_frame.py;nsympy/physics/vector/tests/test_functions.py;nsympy/physics/vector/tests/test_output.py;nsympy/physics/vector/tests/test_point.py;nsympy/physics/vector/tests/test_printing.py;nsympy/physics/vector/tests/test_vector.py;nsympy/printing/pretty/tests/__init__.py;nsympy/printing/pretty/tests/test_pretty.py;nsympy/vector/tests/__init__.py;nsympy/vector/tests/test_coordsysrect.py;nsympy/vector/tests/test_dyadic.py;nsympy/vector/tests/test_field_functions.py;nsympy/vector/tests/test_functions.py;nsympy/vector/tests/test_operators.py;nsympy/vector/tests/test_printing.py;nsympy/vector/tests/test_vector.py;sympy/printing/pretty/tests/test_pretty.py;sympy/vector/tests/test_printing.py,./sympy/__init__.py;//docs.py;/desktop/swebench_9_15/analyze_bug.py;/desktop/swebench_9_15/debug_issue.py;/desktop/swebench_9_15/final_demo.py;/desktop/swebench_9_15/manual.yaml;/desktop/swebench_9_15/output/sympy__sympy-14308_preds.json;/desktop/swebench_9_15/sympy/printing/pretty/pretty.py;/desktop/swebench_9_15/sympy/vector/basisdependent.py;/opt/anaconda3/lib/python3.8/site.py;a/sympy/printing/pretty/pretty.py;b/sympy/printing/pretty/pretty.py;nsympy/core/basic.py;nsympy/core/containers.py;nsympy/core/expr.py;nsympy/parsing/sympy_parser.py;nsympy/physics/vector/__init__.py;nsympy/physics/vector/dyadic.py;nsympy/physics/vector/fieldfunctions.py;nsympy/physics/vector/frame.py;nsympy/physics/vector/point.py;nsympy/physics/vector/printing.py;nsympy/physics/vector/vector.py;nsympy/plotting/plot.py;nsympy/printing/pretty/__init__.py;nsympy/printing/pretty/pretty.py;nsympy/printing/pretty/pretty_symbology.py;nsympy/solvers/diophantine.py;nsympy/vector/__init__.py;nsympy/vector/basisdependent.py;nsympy/vector/coordsysrect.py;nsympy/vector/deloperator.py;nsympy/vector/dyadic.py;nsympy/vector/functions.py;nsympy/vector/operators.py;nsympy/vector/orienters.py;nsympy/vector/point.py;nsympy/vector/scalar.py;nsympy/vector/vector.py;output/sympy__sympy-14308_preds.json;sympy/__init__.py;sympy/core/basic.py;sympy/core/containers.py;sympy/core/expr.py;sympy/physics/vector/functions.py;sympy/plotting/plot.py;sympy/polys/agca/modules.py;sympy/printing/pretty/pretty.py;sympy/printing/pretty/stringpict.py;sympy/vector/basisdependent.py;sympy/vector/coordsysrect.py;sympy/vector/deloperator.py;sympy/vector/dyadic.py;sympy/vector/functions.py;sympy/vector/point.py;sympy/vector/scalar.py;sympy/vector/vector.py,sympy/printing/pretty/pretty.py,1,0.012345679012345678,True,True,sympy/printing/pretty/pretty.py,1,0.25,True,True,0,0,0,0,same_file_overlap,prior_trajectory_edited_target_gold_file
sympy__sympy-15059,sympy/sympy,sympy__sympy-15609,sympy__sympy-15059,sympy/printing/latex.py,sympy/printing/latex.py,1,1,sympy/printing/latex.py,1,1.0,True,True,./swebench_9_15/manual.yaml;./swebench_9_15/output/sympy__sympy-15609_preds.json;//docs.py;/opt/anaconda3/lib/python3.8/site.py;/printing/latex.py;/sympy/printing/latex.py;a/sympy/printing/latex.py;b/sympy/printing/latex.py;nsympy/parsing/sympy_parser.py;nsympy/physics/quantum/matrixutils.py;nsympy/printing/ccode.py;nsympy/printing/fcode.py;nsympy/printing/glsl.py;nsympy/printing/jscode.py;nsympy/printing/julia.py;nsympy/printing/latex.py;nsympy/printing/octave.py;nsympy/printing/pretty/pretty.py;nsympy/printing/pretty/tests/test_pretty.py;nsympy/printing/rcode.py;nsympy/printing/rust.py;nsympy/printing/str.py;nsympy/printing/tests/test_ccode.py;nsympy/printing/tests/test_fcode.py;nsympy/printing/tests/test_glsl.py;nsympy/printing/tests/test_jscode.py;nsympy/printing/tests/test_julia.py;nsympy/printing/tests/test_latex.py;nsympy/printing/tests/test_octave.py;nsympy/printing/tests/test_rcode.py;nsympy/printing/tests/test_str.py;nsympy/printing/tests/test_tensorflow.py;nsympy/solvers/diophantine.py;nsympy/vector/coordsysrect.py;output/sympy__sympy-15609_preds.json;sympy/physics/quantum/matrixutils.py;sympy/polys/agca/modules.py;sympy/printing/ccode.py;sympy/printing/fcode.py;sympy/printing/glsl.py;sympy/printing/jscode.py;sympy/printing/julia.py;sympy/printing/latex.py;sympy/printing/octave.py;sympy/printing/pretty/pretty.py;sympy/printing/pretty/tests/test_pretty.py;sympy/printing/rcode.py;sympy/printing/rust.py;sympy/printing/str.py;sympy/printing/tests/test_ccode.py;sympy/printing/tests/test_fcode.py;sympy/printing/tests/test_glsl.py;sympy/printing/tests/test_jscode.py;sympy/printing/tests/test_julia.py;sympy/printing/tests/test_latex.py;sympy/printing/tests/test_octave.py;sympy/printing/tests/test_rcode.py;sympy/printing/tests/test_str.py;sympy/printing/tests/test_tensorflow.py;sympy/vector/coordsysrect.py,./swebench_9_15/manual.yaml;./swebench_9_15/output/sympy__sympy-15609_preds.json;_preds.json;sympy/printing/latex.py,nsympy/printing/pretty/tests/test_pretty.py;nsympy/printing/tests/test_ccode.py;nsympy/printing/tests/test_fcode.py;nsympy/printing/tests/test_glsl.py;nsympy/printing/tests/test_jscode.py;nsympy/printing/tests/test_julia.py;nsympy/printing/tests/test_latex.py;nsympy/printing/tests/test_octave.py;nsympy/printing/tests/test_rcode.py;nsympy/printing/tests/test_str.py;nsympy/printing/tests/test_tensorflow.py;sympy/printing/pretty/tests/test_pretty.py;sympy/printing/tests/test_ccode.py;sympy/printing/tests/test_fcode.py;sympy/printing/tests/test_glsl.py;sympy/printing/tests/test_jscode.py;sympy/printing/tests/test_julia.py;sympy/printing/tests/test_latex.py;sympy/printing/tests/test_octave.py;sympy/printing/tests/test_rcode.py;sympy/printing/tests/test_str.py;sympy/printing/tests/test_tensorflow.py,./swebench_9_15/manual.yaml;./swebench_9_15/output/sympy__sympy-15609_preds.json;//docs.py;/opt/anaconda3/lib/python3.8/site.py;/printing/latex.py;/sympy/printing/latex.py;a/sympy/printing/latex.py;b/sympy/printing/latex.py;nsympy/parsing/sympy_parser.py;nsympy/physics/quantum/matrixutils.py;nsympy/printing/ccode.py;nsympy/printing/fcode.py;nsympy/printing/glsl.py;nsympy/printing/jscode.py;nsympy/printing/julia.py;nsympy/printing/latex.py;nsympy/printing/octave.py;nsympy/printing/pretty/pretty.py;nsympy/printing/rcode.py;nsympy/printing/rust.py;nsympy/printing/str.py;nsympy/solvers/diophantine.py;nsympy/vector/coordsysrect.py;output/sympy__sympy-15609_preds.json;sympy/physics/quantum/matrixutils.py;sympy/polys/agca/modules.py;sympy/printing/ccode.py;sympy/printing/fcode.py;sympy/printing/glsl.py;sympy/printing/jscode.py;sympy/printing/julia.py;sympy/printing/latex.py;sympy/printing/octave.py;sympy/printing/pretty/pretty.py;sympy/printing/rcode.py;sympy/printing/rust.py;sympy/printing/str.py;sympy/vector/coordsysrect.py,sympy/printing/latex.py,1,0.016666666666666666,True,True,sympy/printing/latex.py,1,0.25,True,True,0,0,0,0,same_file_overlap,prior_trajectory_edited_target_gold_file
sympy__sympy-16342,sympy/sympy,sympy__sympy-16988,sympy__sympy-16342,sympy/sets/sets.py,sympy/sets/fancysets.py;sympy/sets/sets.py,1,2,sympy/sets/sets.py,1,0.5,True,True,./swebench_9_15/manual.yaml;//docs.py;/opt/anaconda3/lib/python3.8/site-packages/_pytest/config/__init__.py;/opt/anaconda3/lib/python3.8/site.py;a/sympy/sets/sets.py;b/sympy/sets/sets.py;n../../../../../opt/anaconda3/lib/python3.8/site-packages/_pytest/config/__init__.py;nsympy/plotting/plot.py;nsympy/sets/tests/test_sets.py;nsympy/solvers/diophantine.py;output/sympy__sympy-16988_preds.json;sympy//sets/sets.py;sympy/core/operations.py;sympy/sets/fancysets.py;sympy/sets/sets.py;sympy/sets/tests/test_sets.py;sympy/solvers/solveset.py,./swebench_9_15/manual.yaml;_preds.json;output/sympy__sympy-16988_preds.json;sympy/sets/sets.py,nsympy/sets/tests/test_sets.py;sympy/sets/tests/test_sets.py,./swebench_9_15/manual.yaml;//docs.py;/opt/anaconda3/lib/python3.8/site-packages/_pytest/config/__init__.py;/opt/anaconda3/lib/python3.8/site.py;a/sympy/sets/sets.py;b/sympy/sets/sets.py;n../../../../../opt/anaconda3/lib/python3.8/site-packages/_pytest/config/__init__.py;nsympy/plotting/plot.py;nsympy/solvers/diophantine.py;output/sympy__sympy-16988_preds.json;sympy//sets/sets.py;sympy/core/operations.py;sympy/sets/fancysets.py;sympy/sets/sets.py;sympy/solvers/solveset.py,sympy/sets/fancysets.py;sympy/sets/sets.py,2,0.11764705882352941,True,True,sympy/sets/sets.py,1,0.2,True,True,0,0,0,0,same_file_overlap,prior_trajectory_edited_target_gold_file
sympy__sympy-16689,sympy/sympy,sympy__sympy-16792,sympy__sympy-16689,sympy/utilities/codegen.py,sympy/utilities/codegen.py,1,1,sympy/utilities/codegen.py,1,1.0,True,True,./swebench_9_15/manual.yaml;./swebench_9_15/test_issue.py;/autowrap.py;/codegen.py;/opt/anaconda3/lib/python3.8/site.py;a/sympy/utilities/codegen.py;b/sympy/utilities/codegen.py;nsympy/plotting/plot.py;nsympy/solvers/diophantine.py;nsympy/utilities/codegen.py;output/sympy__sympy-16792_preds.json;sympy/utilities/autowrap.py;sympy/utilities/codegen.py,./swebench_9_15/manual.yaml;_preds.json;output/sympy__sympy-16792_preds.json;sympy/utilities/codegen.py,./swebench_9_15/test_issue.py,./swebench_9_15/manual.yaml;/autowrap.py;/codegen.py;/opt/anaconda3/lib/python3.8/site.py;a/sympy/utilities/codegen.py;b/sympy/utilities/codegen.py;nsympy/plotting/plot.py;nsympy/solvers/diophantine.py;nsympy/utilities/codegen.py;output/sympy__sympy-16792_preds.json;sympy/utilities/autowrap.py;sympy/utilities/codegen.py,sympy/utilities/codegen.py,1,0.07692307692307693,True,True,sympy/utilities/codegen.py,1,0.25,True,True,1,0,1,1,same_file_overlap,prior_trajectory_edited_target_gold_file
sympy__sympy-16946,sympy/sympy,sympy__sympy-16988,sympy__sympy-16946,sympy/sets/sets.py,sympy/sets/fancysets.py;sympy/sets/sets.py,1,2,sympy/sets/sets.py,1,0.5,True,True,./swebench_9_15/manual.yaml;//docs.py;/opt/anaconda3/lib/python3.8/site-packages/_pytest/config/__init__.py;/opt/anaconda3/lib/python3.8/site.py;a/sympy/sets/sets.py;b/sympy/sets/sets.py;n../../../../../opt/anaconda3/lib/python3.8/site-packages/_pytest/config/__init__.py;nsympy/plotting/plot.py;nsympy/sets/tests/test_sets.py;nsympy/solvers/diophantine.py;output/sympy__sympy-16988_preds.json;sympy//sets/sets.py;sympy/core/operations.py;sympy/sets/fancysets.py;sympy/sets/sets.py;sympy/sets/tests/test_sets.py;sympy/solvers/solveset.py,./swebench_9_15/manual.yaml;_preds.json;output/sympy__sympy-16988_preds.json;sympy/sets/sets.py,nsympy/sets/tests/test_sets.py;sympy/sets/tests/test_sets.py,./swebench_9_15/manual.yaml;//docs.py;/opt/anaconda3/lib/python3.8/site-packages/_pytest/config/__init__.py;/opt/anaconda3/lib/python3.8/site.py;a/sympy/sets/sets.py;b/sympy/sets/sets.py;n../../../../../opt/anaconda3/lib/python3.8/site-packages/_pytest/config/__init__.py;nsympy/plotting/plot.py;nsympy/solvers/diophantine.py;output/sympy__sympy-16988_preds.json;sympy//sets/sets.py;sympy/core/operations.py;sympy/sets/fancysets.py;sympy/sets/sets.py;sympy/solvers/solveset.py,sympy/sets/fancysets.py;sympy/sets/sets.py,2,0.11764705882352941,True,True,sympy/sets/sets.py,1,0.2,True,True,0,0,0,0,same_file_overlap,prior_trajectory_edited_target_gold_file
sympy__sympy-16953,sympy/sympy,sympy__sympy-16988,sympy__sympy-16953,sympy/sets/sets.py,sympy/sets/fancysets.py;sympy/sets/sets.py,1,2,sympy/sets/sets.py,1,0.5,True,True,./swebench_9_15/manual.yaml;//docs.py;/opt/anaconda3/lib/python3.8/site-packages/_pytest/config/__init__.py;/opt/anaconda3/lib/python3.8/site.py;a/sympy/sets/sets.py;b/sympy/sets/sets.py;n../../../../../opt/anaconda3/lib/python3.8/site-packages/_pytest/config/__init__.py;nsympy/plotting/plot.py;nsympy/sets/tests/test_sets.py;nsympy/solvers/diophantine.py;output/sympy__sympy-16988_preds.json;sympy//sets/sets.py;sympy/core/operations.py;sympy/sets/fancysets.py;sympy/sets/sets.py;sympy/sets/tests/test_sets.py;sympy/solvers/solveset.py,./swebench_9_15/manual.yaml;_preds.json;output/sympy__sympy-16988_preds.json;sympy/sets/sets.py,nsympy/sets/tests/test_sets.py;sympy/sets/tests/test_sets.py,./swebench_9_15/manual.yaml;//docs.py;/opt/anaconda3/lib/python3.8/site-packages/_pytest/config/__init__.py;/opt/anaconda3/lib/python3.8/site.py;a/sympy/sets/sets.py;b/sympy/sets/sets.py;n../../../../../opt/anaconda3/lib/python3.8/site-packages/_pytest/config/__init__.py;nsympy/plotting/plot.py;nsympy/solvers/diophantine.py;output/sympy__sympy-16988_preds.json;sympy//sets/sets.py;sympy/core/operations.py;sympy/sets/fancysets.py;sympy/sets/sets.py;sympy/solvers/solveset.py,sympy/sets/fancysets.py;sympy/sets/sets.py,2,0.11764705882352941,True,True,sympy/sets/sets.py,1,0.2,True,True,0,0,0,0,same_file_overlap,prior_trajectory_edited_target_gold_file
sympy__sympy-17377,sympy/sympy,sympy__sympy-18199,sympy__sympy-17377,sympy/ntheory/residue_ntheory.py,sympy/ntheory/residue_ntheory.py,1,1,sympy/ntheory/residue_ntheory.py,1,1.0,True,True,./swebench_9_15/manual.yaml;./swebench_9_15/output/sympy__sympy-18199_preds.json;//bugs.py;//docs.py;/opt/anaconda3/lib/python3.8/site-packages/_pytest/config/__init__.py;/opt/anaconda3/lib/python3.8/site.py;a/sympy/ntheory/residue_ntheory.py;b/sympy/ntheory/residue_ntheory.py;n../../../../../opt/anaconda3/lib/python3.8/site-packages/_pytest/config/__init__.py;nsympy/ntheory/__init__.py;nsympy/ntheory/residue_ntheory.py;nsympy/ntheory/tests/test_residue.py;nsympy/solvers/solveset.py;sympy/ntheory/__init__.py;sympy/ntheory/residue_ntheory.py;sympy/ntheory/tests/test_residue.py;sympy/solvers/solveset.py,./swebench_9_15/manual.yaml;./swebench_9_15/output/sympy__sympy-18199_preds.json;_preds.json;sympy/ntheory/residue_ntheory.py,nsympy/ntheory/tests/test_residue.py;sympy/ntheory/tests/test_residue.py,./swebench_9_15/manual.yaml;./swebench_9_15/output/sympy__sympy-18199_preds.json;//bugs.py;//docs.py;/opt/anaconda3/lib/python3.8/site-packages/_pytest/config/__init__.py;/opt/anaconda3/lib/python3.8/site.py;a/sympy/ntheory/residue_ntheory.py;b/sympy/ntheory/residue_ntheory.py;n../../../../../opt/anaconda3/lib/python3.8/site-packages/_pytest/config/__init__.py;nsympy/ntheory/__init__.py;nsympy/ntheory/residue_ntheory.py;nsympy/solvers/solveset.py;sympy/ntheory/__init__.py;sympy/ntheory/residue_ntheory.py;sympy/solvers/solveset.py,sympy/ntheory/residue_ntheory.py,1,0.058823529411764705,True,True,sympy/ntheory/residue_ntheory.py,1,0.25,True,True,0,0,0,0,same_file_overlap,prior_trajectory_edited_target_gold_file
sympy__sympy-18212,sympy/sympy,sympy__sympy-18199,sympy__sympy-18212,sympy/ntheory/residue_ntheory.py,sympy/ntheory/residue_ntheory.py,1,1,sympy/ntheory/residue_ntheory.py,1,1.0,True,True,./swebench_9_15/manual.yaml;./swebench_9_15/output/sympy__sympy-18199_preds.json;//bugs.py;//docs.py;/opt/anaconda3/lib/python3.8/site-packages/_pytest/config/__init__.py;/opt/anaconda3/lib/python3.8/site.py;a/sympy/ntheory/residue_ntheory.py;b/sympy/ntheory/residue_ntheory.py;n../../../../../opt/anaconda3/lib/python3.8/site-packages/_pytest/config/__init__.py;nsympy/ntheory/__init__.py;nsympy/ntheory/residue_ntheory.py;nsympy/ntheory/tests/test_residue.py;nsympy/solvers/solveset.py;sympy/ntheory/__init__.py;sympy/ntheory/residue_ntheory.py;sympy/ntheory/tests/test_residue.py;sympy/solvers/solveset.py,./swebench_9_15/manual.yaml;./swebench_9_15/output/sympy__sympy-18199_preds.json;_preds.json;sympy/ntheory/residue_ntheory.py,nsympy/ntheory/tests/test_residue.py;sympy/ntheory/tests/test_residue.py,./swebench_9_15/manual.yaml;./swebench_9_15/output/sympy__sympy-18199_preds.json;//bugs.py;//docs.py;/opt/anaconda3/lib/python3.8/site-packages/_pytest/config/__init__.py;/opt/anaconda3/lib/python3.8/site.py;a/sympy/ntheory/residue_ntheory.py;b/sympy/ntheory/residue_ntheory.py;n../../../../../opt/anaconda3/lib/python3.8/site-packages/_pytest/config/__init__.py;nsympy/ntheory/__init__.py;nsympy/ntheory/residue_ntheory.py;nsympy/solvers/solveset.py;sympy/ntheory/__init__.py;sympy/ntheory/residue_ntheory.py;sympy/solvers/solveset.py,sympy/ntheory/residue_ntheory.py,1,0.058823529411764705,True,True,sympy/ntheory/residue_ntheory.py,1,0.25,True,True,0,0,0,0,same_file_overlap,prior_trajectory_edited_target_gold_file
sympy__sympy-18715,sympy/sympy,sympy__sympy-23117,sympy__sympy-18715,sympy/tensor/array/ndim_array.py,sympy/tensor/array/ndim_array.py,1,1,sympy/tensor/array/ndim_array.py,1,1.0,True,True,./swebench_9_15/manual.yaml;./swebench_9_15/output/sympy__sympy-23117_preds.json;./swebench_9_15/test_issue.py;/Users/hcui7/miniconda3/envs/a/lib/python3.7/site-packages/sympy/tensor/array/dense_ndim_array.py;/Users/hcui7/miniconda3/envs/a/lib/python3.7/site-packages/sympy/tensor/array/ndim_array.py;/ndim_array.py;/opt/anaconda3/lib/python3.8/site.py;a/sympy/tensor/array/ndim_array.py;b/sympy/tensor/array/ndim_array.py;nsympy/tensor/array/tests/test_array_comprehension.py;nsympy/tensor/array/tests/test_array_derivatives.py;nsympy/tensor/array/tests/test_arrayop.py;nsympy/tensor/array/tests/test_immutable_ndim_array.py;nsympy/tensor/array/tests/test_mutable_ndim_array.py;nsympy/tensor/array/tests/test_ndim_array.py;output/sympy__sympy-23117_preds.json;sympy/tensor/array/dense_ndim_array.py;sympy/tensor/array/ndim_array.py;sympy/tensor/array/tests/test_array_comprehension.py;sympy/tensor/array/tests/test_array_derivatives.py;sympy/tensor/array/tests/test_arrayop.py;sympy/tensor/array/tests/test_immutable_ndim_array.py;sympy/tensor/array/tests/test_mutable_ndim_array.py;sympy/tensor/array/tests/test_ndim_array.py;sympy/tensor/array/tests/test_ndim_array_conversions.py;sympy/testing/runtests.py,./swebench_9_15/manual.yaml;./swebench_9_15/output/sympy__sympy-23117_preds.json;_preds.json;sympy/tensor/array/ndim_array.py,./swebench_9_15/test_issue.py;nsympy/tensor/array/tests/test_array_comprehension.py;nsympy/tensor/array/tests/test_array_derivatives.py;nsympy/tensor/array/tests/test_arrayop.py;nsympy/tensor/array/tests/test_immutable_ndim_array.py;nsympy/tensor/array/tests/test_mutable_ndim_array.py;nsympy/tensor/array/tests/test_ndim_array.py;sympy/tensor/array/tests/test_array_comprehension.py;sympy/tensor/array/tests/test_array_derivatives.py;sympy/tensor/array/tests/test_arrayop.py;sympy/tensor/array/tests/test_immutable_ndim_array.py;sympy/tensor/array/tests/test_mutable_ndim_array.py;sympy/tensor/array/tests/test_ndim_array.py;sympy/tensor/array/tests/test_ndim_array_conversions.py,./swebench_9_15/manual.yaml;./swebench_9_15/output/sympy__sympy-23117_preds.json;/Users/hcui7/miniconda3/envs/a/lib/python3.7/site-packages/sympy/tensor/array/dense_ndim_array.py;/Users/hcui7/miniconda3/envs/a/lib/python3.7/site-packages/sympy/tensor/array/ndim_array.py;/ndim_array.py;/opt/anaconda3/lib/python3.8/site.py;a/sympy/tensor/array/ndim_array.py;b/sympy/tensor/array/ndim_array.py;output/sympy__sympy-23117_preds.json;sympy/tensor/array/dense_ndim_array.py;sympy/tensor/array/ndim_array.py;sympy/testing/runtests.py,sympy/tensor/array/ndim_array.py,1,0.038461538461538464,True,True,sympy/tensor/array/ndim_array.py,1,0.25,True,True,0,0,0,0,same_file_overlap,prior_trajectory_edited_target_gold_file
sympy__sympy-19006,sympy/sympy,sympy__sympy-18057,sympy__sympy-19006,sympy/core/expr.py,sympy/core/basic.py;sympy/core/compatibility.py;sympy/core/containers.py;sympy/core/sympify.py;sympy/polys/domains/domain.py;sympy/polys/orderings.py,1,6,,0,0.0,False,True,./swebench_9_15/manual.yaml;./swebench_9_15/output/sympy__sympy-18057_preds.json;./swebench_9_15/test_issue.py;//docs.py;/opt/anaconda3/lib/python3.8/site-packages/_pytest/config/__init__.py;/opt/anaconda3/lib/python3.8/site.py;a/sympy/core/expr.py;b/sympy/core/expr.py;n../../../../../opt/anaconda3/lib/python3.8/site-packages/_pytest/config/__init__.py;nsympy/core/expr.py;nsympy/core/sympify.py;nsympy/core/tests/test_basic.py;nsympy/core/tests/test_expr.py;nsympy/core/tests/test_sympify.py;nsympy/parsing/sympy_parser.py;output/sympy__sympy-18057_preds.json;sympy/__init__.py;sympy/core/expr.py;sympy/core/sympify.py;sympy/core/tests/test_basic.py;sympy/core/tests/test_expr.py;sympy/core/tests/test_sympify.py;sympy/parsing/sympy_parser.py,./swebench_9_15/manual.yaml;./swebench_9_15/output/sympy__sympy-18057_preds.json;_preds.json;manual.yaml;sympy/core/expr.py,./swebench_9_15/test_issue.py;nsympy/core/tests/test_basic.py;nsympy/core/tests/test_expr.py;nsympy/core/tests/test_sympify.py;sympy/core/tests/test_basic.py;sympy/core/tests/test_expr.py;sympy/core/tests/test_sympify.py,./swebench_9_15/manual.yaml;./swebench_9_15/output/sympy__sympy-18057_preds.json;//docs.py;/opt/anaconda3/lib/python3.8/site-packages/_pytest/config/__init__.py;/opt/anaconda3/lib/python3.8/site.py;a/sympy/core/expr.py;b/sympy/core/expr.py;n../../../../../opt/anaconda3/lib/python3.8/site-packages/_pytest/config/__init__.py;nsympy/core/expr.py;nsympy/core/sympify.py;nsympy/parsing/sympy_parser.py;output/sympy__sympy-18057_preds.json;sympy/__init__.py;sympy/core/expr.py;sympy/core/sympify.py;sympy/parsing/sympy_parser.py,sympy/core/sympify.py,1,0.03571428571428571,True,True,,0,0.0,False,True,0,0,0,0,same_directory_only,prior_trajectory_inspected_target_gold_file
sympy__sympy-19235,sympy/sympy,sympy__sympy-14774,sympy__sympy-19235,sympy/printing/latex.py,sympy/printing/latex.py,1,1,sympy/printing/latex.py,1,1.0,True,True,./swebench_9_15/manual.yaml;./swebench_9_15/output/sympy__sympy-14774_preds.json;./swebench_9_15/sympy/printing/latex.py;/opt/anaconda3/lib/python3.8/site.py;/sympy/printing/latex.py;a/sympy/printing/latex.py;a/test_fix.py;a/test_simple.py;b/sympy/printing/latex.py;b/test_fix.py;b/test_simple.py;nsympy/core/basic.py;nsympy/core/containers.py;nsympy/core/expr.py;nsympy/plotting/plot.py;nsympy/solvers/diophantine.py;output/sympy__sympy-14774_preds.json;sympy/__init__.py;sympy/printing/latex.py,./swebench_9_15/manual.yaml;./swebench_9_15/output/sympy__sympy-14774_preds.json;_preds.json;sympy/printing/latex.py;test_fix.py;test_simple.py,a/test_fix.py;a/test_simple.py;b/test_fix.py;b/test_simple.py,./swebench_9_15/manual.yaml;./swebench_9_15/output/sympy__sympy-14774_preds.json;./swebench_9_15/sympy/printing/latex.py;/opt/anaconda3/lib/python3.8/site.py;/sympy/printing/latex.py;a/sympy/printing/latex.py;b/sympy/printing/latex.py;nsympy/core/basic.py;nsympy/core/containers.py;nsympy/core/expr.py;nsympy/plotting/plot.py;nsympy/solvers/diophantine.py;output/sympy__sympy-14774_preds.json;sympy/__init__.py;sympy/printing/latex.py,sympy/printing/latex.py,1,0.05263157894736842,True,True,sympy/printing/latex.py,1,0.16666666666666666,True,True,0,1,0,1,same_file_overlap,prior_trajectory_edited_target_gold_file
sympy__sympy-19484,sympy/sympy,sympy__sympy-19487,sympy__sympy-19484,sympy/functions/elementary/complexes.py,sympy/functions/elementary/piecewise.py;sympy/simplify/simplify.py,1,2,,0,0.0,False,True,./swebench_9_15/manual.yaml;./swebench_9_15/output/sympy__sympy-19487_preds.json;./sympy/core/tests/test_expr.py;./sympy/functions/elementary/complexes.py;./sympy/functions/elementary/tests/test_complexes.py;./sympy/functions/special/tests/test_delta_functions.py;./sympy/series/tests/test_limitseq.py;//docs.py;/opt/anaconda3/lib/python3.8/site-packages/_pytest/config/__init__.py;/opt/anaconda3/lib/python3.8/site.py;/sympy/functions/elementary/complexes.py;/sympy/functions/elementary/tests/test_complexes.py;/tests/test_complexes.py;/tmp/patch.txt;a/sympy/functions/elementary/complexes.py;a/sympy/functions/elementary/tests/test_complexes.py;b/sympy/functions/elementary/complexes.py;b/sympy/functions/elementary/tests/test_complexes.py;n../../../../../opt/anaconda3/lib/python3.8/site-packages/_pytest/config/__init__.py;n./sympy/core/tests/test_exprtools.py;n./sympy/core/tests/test_power.py;n./sympy/core/tests/test_relational.py;n./sympy/functions/elementary/complexes.py;n./sympy/functions/elementary/tests/test_complexes.py;n./sympy/series/tests/test_gruntz.py;nsympy/functions/elementary/tests/test_complexes.py;output/sympy__sympy-19487_preds.json;sympy/functions/elementary/complexes.py;sympy/functions/elementary/tests/test_complexes.py,./swebench_9_15/manual.yaml;./swebench_9_15/output/sympy__sympy-19487_preds.json;/tmp/patch.txt;_preds.json;manual.yaml;sympy/functions/elementary/complexes.py;sympy/functions/elementary/tests/test_complexes.py,./sympy/core/tests/test_expr.py;./sympy/functions/elementary/tests/test_complexes.py;./sympy/functions/special/tests/test_delta_functions.py;./sympy/series/tests/test_limitseq.py;/sympy/functions/elementary/tests/test_complexes.py;/tests/test_complexes.py;a/sympy/functions/elementary/tests/test_complexes.py;b/sympy/functions/elementary/tests/test_complexes.py;n./sympy/core/tests/test_exprtools.py;n./sympy/core/tests/test_power.py;n./sympy/core/tests/test_relational.py;n./sympy/functions/elementary/tests/test_complexes.py;n./sympy/series/tests/test_gruntz.py;nsympy/functions/elementary/tests/test_complexes.py;sympy/functions/elementary/tests/test_complexes.py,./swebench_9_15/manual.yaml;./swebench_9_15/output/sympy__sympy-19487_preds.json;./sympy/functions/elementary/complexes.py;//docs.py;/opt/anaconda3/lib/python3.8/site-packages/_pytest/config/__init__.py;/opt/anaconda3/lib/python3.8/site.py;/sympy/functions/elementary/complexes.py;/tmp/patch.txt;a/sympy/functions/elementary/complexes.py;b/sympy/functions/elementary/complexes.py;n../../../../../opt/anaconda3/lib/python3.8/site-packages/_pytest/config/__init__.py;n./sympy/functions/elementary/complexes.py;output/sympy__sympy-19487_preds.json;sympy/functions/elementary/complexes.py,,0,0.0,False,True,,0,0.0,False,True,0,1,0,0,same_directory_only,prior_trajectory_same_directory_as_target_gold
sympy__sympy-19558,sympy/sympy,sympy__sympy-19487,sympy__sympy-19558,sympy/functions/elementary/complexes.py,sympy/functions/elementary/complexes.py,1,1,sympy/functions/elementary/complexes.py,1,1.0,True,True,./swebench_9_15/manual.yaml;./swebench_9_15/output/sympy__sympy-19487_preds.json;./sympy/core/tests/test_expr.py;./sympy/functions/elementary/complexes.py;./sympy/functions/elementary/tests/test_complexes.py;./sympy/functions/special/tests/test_delta_functions.py;./sympy/series/tests/test_limitseq.py;//docs.py;/opt/anaconda3/lib/python3.8/site-packages/_pytest/config/__init__.py;/opt/anaconda3/lib/python3.8/site.py;/sympy/functions/elementary/complexes.py;/sympy/functions/elementary/tests/test_complexes.py;/tests/test_complexes.py;/tmp/patch.txt;a/sympy/functions/elementary/complexes.py;a/sympy/functions/elementary/tests/test_complexes.py;b/sympy/functions/elementary/complexes.py;b/sympy/functions/elementary/tests/test_complexes.py;n../../../../../opt/anaconda3/lib/python3.8/site-packages/_pytest/config/__init__.py;n./sympy/core/tests/test_exprtools.py;n./sympy/core/tests/test_power.py;n./sympy/core/tests/test_relational.py;n./sympy/functions/elementary/complexes.py;n./sympy/functions/elementary/tests/test_complexes.py;n./sympy/series/tests/test_gruntz.py;nsympy/functions/elementary/tests/test_complexes.py;output/sympy__sympy-19487_preds.json;sympy/functions/elementary/complexes.py;sympy/functions/elementary/tests/test_complexes.py,./swebench_9_15/manual.yaml;./swebench_9_15/output/sympy__sympy-19487_preds.json;/tmp/patch.txt;_preds.json;manual.yaml;sympy/functions/elementary/complexes.py;sympy/functions/elementary/tests/test_complexes.py,./sympy/core/tests/test_expr.py;./sympy/functions/elementary/tests/test_complexes.py;./sympy/functions/special/tests/test_delta_functions.py;./sympy/series/tests/test_limitseq.py;/sympy/functions/elementary/tests/test_complexes.py;/tests/test_complexes.py;a/sympy/functions/elementary/tests/test_complexes.py;b/sympy/functions/elementary/tests/test_complexes.py;n./sympy/core/tests/test_exprtools.py;n./sympy/core/tests/test_power.py;n./sympy/core/tests/test_relational.py;n./sympy/functions/elementary/tests/test_complexes.py;n./sympy/series/tests/test_gruntz.py;nsympy/functions/elementary/tests/test_complexes.py;sympy/functions/elementary/tests/test_complexes.py,./swebench_9_15/manual.yaml;./swebench_9_15/output/sympy__sympy-19487_preds.json;./sympy/functions/elementary/complexes.py;//docs.py;/opt/anaconda3/lib/python3.8/site-packages/_pytest/config/__init__.py;/opt/anaconda3/lib/python3.8/site.py;/sympy/functions/elementary/complexes.py;/tmp/patch.txt;a/sympy/functions/elementary/complexes.py;b/sympy/functions/elementary/complexes.py;n../../../../../opt/anaconda3/lib/python3.8/site-packages/_pytest/config/__init__.py;n./sympy/functions/elementary/complexes.py;output/sympy__sympy-19487_preds.json;sympy/functions/elementary/complexes.py,sympy/functions/elementary/complexes.py,1,0.034482758620689655,True,True,sympy/functions/elementary/complexes.py,1,0.14285714285714285,True,True,0,0,0,0,same_file_overlap,prior_trajectory_edited_target_gold_file
sympy__sympy-21203,sympy/sympy,sympy__sympy-21055,sympy__sympy-21203,sympy/assumptions/refine.py,sympy/assumptions/handlers/sets.py;sympy/assumptions/relation/equality.py;sympy/core/relational.py,1,3,,0,0.0,False,False,../output/sympy__sympy-21055_preds.json;./swebench_9_15/manual.yaml;./sympy/assumptions/tests/test_refine.py;./sympy/functions/elementary/complexes.py;//docs.py;/opt/anaconda3/lib/python3.8/site-packages/_pytest/config/__init__.py;/opt/anaconda3/lib/python3.8/site.py;/refine.py;a/sympy/assumptions/refine.py;a/sympy/assumptions/tests/test_refine.py;b/sympy/assumptions/refine.py;b/sympy/assumptions/tests/test_refine.py;n../../../../../opt/anaconda3/lib/python3.8/site-packages/_pytest/config/__init__.py;nsympy/assumptions/tests/test_refine.py;output/sympy__sympy-21055_preds.json;sympy/assumptions/refine.py;sympy/assumptions/tests/test_refine.py;sympy/functions/elementary/complexes.py,../output/sympy__sympy-21055_preds.json;./swebench_9_15/manual.yaml;/opt/anaconda3/lipython3.8/site.py;_preds.json;sympy/assumptions/refine.py;sympy/assumptions/tests/test_refine.py,./sympy/assumptions/tests/test_refine.py;a/sympy/assumptions/tests/test_refine.py;b/sympy/assumptions/tests/test_refine.py;nsympy/assumptions/tests/test_refine.py;sympy/assumptions/tests/test_refine.py,../output/sympy__sympy-21055_preds.json;./swebench_9_15/manual.yaml;./sympy/functions/elementary/complexes.py;//docs.py;/opt/anaconda3/lib/python3.8/site-packages/_pytest/config/__init__.py;/opt/anaconda3/lib/python3.8/site.py;/refine.py;a/sympy/assumptions/refine.py;b/sympy/assumptions/refine.py;n../../../../../opt/anaconda3/lib/python3.8/site-packages/_pytest/config/__init__.py;output/sympy__sympy-21055_preds.json;sympy/assumptions/refine.py;sympy/functions/elementary/complexes.py,,0,0.0,False,False,,0,0.0,False,False,0,0,0,0,no_gold_file_overlap,prior_trajectory_never_touched_target_gold_area
sympy__sympy-21309,sympy/sympy,sympy__sympy-21055,sympy__sympy-21309,sympy/assumptions/refine.py,sympy/assumptions/ask_generated.py;sympy/assumptions/cnf.py;sympy/assumptions/facts.py;sympy/assumptions/relation/equality.py;sympy/assumptions/wrapper.py;sympy/core/relational.py,1,6,,0,0.0,False,True,../output/sympy__sympy-21055_preds.json;./swebench_9_15/manual.yaml;./sympy/assumptions/tests/test_refine.py;./sympy/functions/elementary/complexes.py;//docs.py;/opt/anaconda3/lib/python3.8/site-packages/_pytest/config/__init__.py;/opt/anaconda3/lib/python3.8/site.py;/refine.py;a/sympy/assumptions/refine.py;a/sympy/assumptions/tests/test_refine.py;b/sympy/assumptions/refine.py;b/sympy/assumptions/tests/test_refine.py;n../../../../../opt/anaconda3/lib/python3.8/site-packages/_pytest/config/__init__.py;nsympy/assumptions/tests/test_refine.py;output/sympy__sympy-21055_preds.json;sympy/assumptions/refine.py;sympy/assumptions/tests/test_refine.py;sympy/functions/elementary/complexes.py,../output/sympy__sympy-21055_preds.json;./swebench_9_15/manual.yaml;/opt/anaconda3/lipython3.8/site.py;_preds.json;sympy/assumptions/refine.py;sympy/assumptions/tests/test_refine.py,./sympy/assumptions/tests/test_refine.py;a/sympy/assumptions/tests/test_refine.py;b/sympy/assumptions/tests/test_refine.py;nsympy/assumptions/tests/test_refine.py;sympy/assumptions/tests/test_refine.py,../output/sympy__sympy-21055_preds.json;./swebench_9_15/manual.yaml;./sympy/functions/elementary/complexes.py;//docs.py;/opt/anaconda3/lib/python3.8/site-packages/_pytest/config/__init__.py;/opt/anaconda3/lib/python3.8/site.py;/refine.py;a/sympy/assumptions/refine.py;b/sympy/assumptions/refine.py;n../../../../../opt/anaconda3/lib/python3.8/site-packages/_pytest/config/__init__.py;output/sympy__sympy-21055_preds.json;sympy/assumptions/refine.py;sympy/functions/elementary/complexes.py,,0,0.0,False,True,,0,0.0,False,True,0,0,0,0,same_directory_only,prior_trajectory_same_directory_as_target_gold
sympy__sympy-23852,sympy/sympy,sympy__sympy-23117,sympy__sympy-23852,sympy/tensor/array/ndim_array.py,sympy/tensor/array/ndim_array.py,1,1,sympy/tensor/array/ndim_array.py,1,1.0,True,True,./swebench_9_15/manual.yaml;./swebench_9_15/output/sympy__sympy-23117_preds.json;./swebench_9_15/test_issue.py;/Users/hcui7/miniconda3/envs/a/lib/python3.7/site-packages/sympy/tensor/array/dense_ndim_array.py;/Users/hcui7/miniconda3/envs/a/lib/python3.7/site-packages/sympy/tensor/array/ndim_array.py;/ndim_array.py;/opt/anaconda3/lib/python3.8/site.py;a/sympy/tensor/array/ndim_array.py;b/sympy/tensor/array/ndim_array.py;nsympy/tensor/array/tests/test_array_comprehension.py;nsympy/tensor/array/tests/test_array_derivatives.py;nsympy/tensor/array/tests/test_arrayop.py;nsympy/tensor/array/tests/test_immutable_ndim_array.py;nsympy/tensor/array/tests/test_mutable_ndim_array.py;nsympy/tensor/array/tests/test_ndim_array.py;output/sympy__sympy-23117_preds.json;sympy/tensor/array/dense_ndim_array.py;sympy/tensor/array/ndim_array.py;sympy/tensor/array/tests/test_array_comprehension.py;sympy/tensor/array/tests/test_array_derivatives.py;sympy/tensor/array/tests/test_arrayop.py;sympy/tensor/array/tests/test_immutable_ndim_array.py;sympy/tensor/array/tests/test_mutable_ndim_array.py;sympy/tensor/array/tests/test_ndim_array.py;sympy/tensor/array/tests/test_ndim_array_conversions.py;sympy/testing/runtests.py,./swebench_9_15/manual.yaml;./swebench_9_15/output/sympy__sympy-23117_preds.json;_preds.json;sympy/tensor/array/ndim_array.py,./swebench_9_15/test_issue.py;nsympy/tensor/array/tests/test_array_comprehension.py;nsympy/tensor/array/tests/test_array_derivatives.py;nsympy/tensor/array/tests/test_arrayop.py;nsympy/tensor/array/tests/test_immutable_ndim_array.py;nsympy/tensor/array/tests/test_mutable_ndim_array.py;nsympy/tensor/array/tests/test_ndim_array.py;sympy/tensor/array/tests/test_array_comprehension.py;sympy/tensor/array/tests/test_array_derivatives.py;sympy/tensor/array/tests/test_arrayop.py;sympy/tensor/array/tests/test_immutable_ndim_array.py;sympy/tensor/array/tests/test_mutable_ndim_array.py;sympy/tensor/array/tests/test_ndim_array.py;sympy/tensor/array/tests/test_ndim_array_conversions.py,./swebench_9_15/manual.yaml;./swebench_9_15/output/sympy__sympy-23117_preds.json;/Users/hcui7/miniconda3/envs/a/lib/python3.7/site-packages/sympy/tensor/array/dense_ndim_array.py;/Users/hcui7/miniconda3/envs/a/lib/python3.7/site-packages/sympy/tensor/array/ndim_array.py;/ndim_array.py;/opt/anaconda3/lib/python3.8/site.py;a/sympy/tensor/array/ndim_array.py;b/sympy/tensor/array/ndim_array.py;output/sympy__sympy-23117_preds.json;sympy/tensor/array/dense_ndim_array.py;sympy/tensor/array/ndim_array.py;sympy/testing/runtests.py,sympy/tensor/array/ndim_array.py,1,0.038461538461538464,True,True,sympy/tensor/array/ndim_array.py,1,0.25,True,True,0,0,0,0,same_file_overlap,prior_trajectory_edited_target_gold_file
sympy__sympy-26642,sympy/sympy,sympy__sympy-24102,sympy__sympy-26642,sympy/parsing/mathematica.py,.mailmap;sympy/parsing/mathematica.py,1,2,sympy/parsing/mathematica.py,1,0.5,True,True,//www.py;/desktop/swebench_9_15/manual.yaml;/desktop/swebench_9_15/sympy/parsing/mathematica.py;/desktop/swebench_9_15/sympy/parsing/tests/test_mathematica.py;/desktop/swebench_9_15/test_comprehensive.py;/desktop/swebench_9_15/test_issue.py;/opt/anaconda3/lib/python3.8/site.py;a/sympy/parsing/mathematica.py;a/sympy/parsing/tests/test_mathematica.py;b/sympy/parsing/mathematica.py;b/sympy/parsing/tests/test_mathematica.py;nsympy/parsing/tests/test_mathematica.py;output/sympy__sympy-24102_preds.json;sympy/parsing/mathematica.py;sympy/parsing/tests/test_mathematica.py,/desktop/swebench_9_15/manual.yaml;_preds.json;output/sympy__sympy-24102_preds.json;sympy/parsing/mathematica.py;sympy/parsing/tests/test_mathematica.py,/desktop/swebench_9_15/sympy/parsing/tests/test_mathematica.py;/desktop/swebench_9_15/test_comprehensive.py;/desktop/swebench_9_15/test_issue.py;a/sympy/parsing/tests/test_mathematica.py;b/sympy/parsing/tests/test_mathematica.py;nsympy/parsing/tests/test_mathematica.py;sympy/parsing/tests/test_mathematica.py,//www.py;/desktop/swebench_9_15/manual.yaml;/desktop/swebench_9_15/sympy/parsing/mathematica.py;/opt/anaconda3/lib/python3.8/site.py;a/sympy/parsing/mathematica.py;b/sympy/parsing/mathematica.py;output/sympy__sympy-24102_preds.json;sympy/parsing/mathematica.py,sympy/parsing/mathematica.py,1,0.0625,True,True,sympy/parsing/mathematica.py,1,0.16666666666666666,True,True,0,0,0,0,same_file_overlap,prior_trajectory_edited_target_gold_file
sympy__sympy-27868,sympy/sympy,sympy__sympy-24102,sympy__sympy-27868,sympy/parsing/mathematica.py,.mailmap;sympy/parsing/mathematica.py;sympy/parsing/mathematica_named_characters.py,1,3,sympy/parsing/mathematica.py,1,0.3333333333333333,True,True,//www.py;/desktop/swebench_9_15/manual.yaml;/desktop/swebench_9_15/sympy/parsing/mathematica.py;/desktop/swebench_9_15/sympy/parsing/tests/test_mathematica.py;/desktop/swebench_9_15/test_comprehensive.py;/desktop/swebench_9_15/test_issue.py;/opt/anaconda3/lib/python3.8/site.py;a/sympy/parsing/mathematica.py;a/sympy/parsing/tests/test_mathematica.py;b/sympy/parsing/mathematica.py;b/sympy/parsing/tests/test_mathematica.py;nsympy/parsing/tests/test_mathematica.py;output/sympy__sympy-24102_preds.json;sympy/parsing/mathematica.py;sympy/parsing/tests/test_mathematica.py,/desktop/swebench_9_15/manual.yaml;_preds.json;output/sympy__sympy-24102_preds.json;sympy/parsing/mathematica.py;sympy/parsing/tests/test_mathematica.py,/desktop/swebench_9_15/sympy/parsing/tests/test_mathematica.py;/desktop/swebench_9_15/test_comprehensive.py;/desktop/swebench_9_15/test_issue.py;a/sympy/parsing/tests/test_mathematica.py;b/sympy/parsing/tests/test_mathematica.py;nsympy/parsing/tests/test_mathematica.py;sympy/parsing/tests/test_mathematica.py,//www.py;/desktop/swebench_9_15/manual.yaml;/desktop/swebench_9_15/sympy/parsing/mathematica.py;/opt/anaconda3/lib/python3.8/site.py;a/sympy/parsing/mathematica.py;b/sympy/parsing/mathematica.py;output/sympy__sympy-24102_preds.json;sympy/parsing/mathematica.py,sympy/parsing/mathematica.py,1,0.058823529411764705,True,True,sympy/parsing/mathematica.py,1,0.14285714285714285,True,True,0,0,0,0,same_file_overlap,prior_trajectory_edited_target_gold_file
sympy__sympy-8772,sympy/sympy,sympy__sympy-13437,sympy__sympy-8772,sympy/functions/combinatorial/numbers.py,sympy/functions/combinatorial/numbers.py,1,1,sympy/functions/combinatorial/numbers.py,1,1.0,True,True,./swebench_9_15/SOLUTION_SUMMARY.md;./swebench_9_15/manual.yaml;./swebench_9_15/sympy/functions/combinatorial/numbers.py;//docs.py;/opt/anaconda3/lib/python3.8/site.py;a/sympy/functions/combinatorial/numbers.py;a/sympy/functions/combinatorial/tests/test_comb_numbers.py;a/test_issue.py;b/sympy/functions/combinatorial/numbers.py;b/sympy/functions/combinatorial/tests/test_comb_numbers.py;b/test_issue.py;nsympy/core/basic.py;nsympy/core/containers.py;nsympy/functions/combinatorial/numbers.py;nsympy/functions/combinatorial/tests/test_comb_numbers.py;nsympy/plotting/plot.py;nsympy/solvers/diophantine.py;output/sympy__sympy-13437_preds.json;sympy/core/basic.py;sympy/core/containers.py;sympy/functions/combinatorial/numbers.py;sympy/functions/combinatorial/tests/test_comb_factorials.py;sympy/functions/combinatorial/tests/test_comb_numbers.py;sympy/plotting/plot.py,./swebench_9_15/manual.yaml;_preds.json;output/sympy__sympy-13437_preds.json;sympy/functions/combinatorial/numbers.py;sympy/functions/combinatorial/tests/test_comb_numbers.py;test_issue.py,a/sympy/functions/combinatorial/tests/test_comb_numbers.py;a/test_issue.py;b/sympy/functions/combinatorial/tests/test_comb_numbers.py;b/test_issue.py;nsympy/functions/combinatorial/tests/test_comb_numbers.py;sympy/functions/combinatorial/tests/test_comb_factorials.py;sympy/functions/combinatorial/tests/test_comb_numbers.py,./swebench_9_15/SOLUTION_SUMMARY.md;./swebench_9_15/manual.yaml;./swebench_9_15/sympy/functions/combinatorial/numbers.py;//docs.py;/opt/anaconda3/lib/python3.8/site.py;a/sympy/functions/combinatorial/numbers.py;b/sympy/functions/combinatorial/numbers.py;nsympy/core/basic.py;nsympy/core/containers.py;nsympy/functions/combinatorial/numbers.py;nsympy/plotting/plot.py;nsympy/solvers/diophantine.py;output/sympy__sympy-13437_preds.json;sympy/core/basic.py;sympy/core/containers.py;sympy/functions/combinatorial/numbers.py;sympy/plotting/plot.py,sympy/functions/combinatorial/numbers.py,1,0.041666666666666664,True,True,sympy/functions/combinatorial/numbers.py,1,0.16666666666666666,True,True,0,0,0,0,same_file_overlap,prior_trajectory_edited_target_gold_file
sympy__sympy-9123,sympy/sympy,sympy__sympy-12236,sympy__sympy-9123,sympy/polys/domains/polynomialring.py,sympy/polys/domains/polynomialring.py,1,1,sympy/polys/domains/polynomialring.py,1,1.0,True,True,./swebench_9_15/comprehensive_test.py;./swebench_9_15/debug_apart.py;./swebench_9_15/debug_div.py;./swebench_9_15/debug_div2.py;./swebench_9_15/manual.yaml;./swebench_9_15/output/sympy__sympy-12236_preds.json;./swebench_9_15/test_issue.py;//docs.py;/opt/anaconda3/lib/python3.8/site.py;/sympy/polys/partfrac.py;a/sympy/polys/partfrac.py;b/sympy/polys/partfrac.py;nsympy/core/basic.py;nsympy/plotting/plot.py;nsympy/polys/partfrac.py;nsympy/polys/tests/test_partfrac.py;nsympy/solvers/diophantine.py;nsympy/utilities/pytest.py;output/sympy__sympy-12236_preds.json;sympy/__init__.py;sympy/core/basic.py;sympy/core/expr.py;sympy/plotting/plot.py;sympy/polys/domains/domain.py;sympy/polys/partfrac.py;sympy/polys/polytools.py;sympy/polys/tests/test_partfrac.py;sympy/utilities/pytest.py,./swebench_9_15/manual.yaml;./swebench_9_15/output/sympy__sympy-12236_preds.json;_preds.json;sympy/polys/partfrac.py,./swebench_9_15/test_issue.py;nsympy/polys/tests/test_partfrac.py;sympy/polys/tests/test_partfrac.py,./swebench_9_15/comprehensive_test.py;./swebench_9_15/debug_apart.py;./swebench_9_15/debug_div.py;./swebench_9_15/debug_div2.py;./swebench_9_15/manual.yaml;./swebench_9_15/output/sympy__sympy-12236_preds.json;//docs.py;/opt/anaconda3/lib/python3.8/site.py;/sympy/polys/partfrac.py;a/sympy/polys/partfrac.py;b/sympy/polys/partfrac.py;nsympy/core/basic.py;nsympy/plotting/plot.py;nsympy/polys/partfrac.py;nsympy/solvers/diophantine.py;nsympy/utilities/pytest.py;output/sympy__sympy-12236_preds.json;sympy/__init__.py;sympy/core/basic.py;sympy/core/expr.py;sympy/plotting/plot.py;sympy/polys/domains/domain.py;sympy/polys/partfrac.py;sympy/polys/polytools.py;sympy/utilities/pytest.py,,0,0.0,False,True,,0,0.0,False,False,0,0,0,0,same_file_overlap,prior_trajectory_same_directory_as_target_gold
sympy__sympy-9384,sympy/sympy,sympy__sympy-21055,sympy__sympy-9384,sympy/assumptions/refine.py,sympy/assumptions/ask_generated.py;sympy/assumptions/cnf.py;sympy/assumptions/facts.py;sympy/assumptions/relation/equality.py;sympy/assumptions/wrapper.py;sympy/core/relational.py,1,6,,0,0.0,False,True,../output/sympy__sympy-21055_preds.json;./swebench_9_15/manual.yaml;./sympy/assumptions/tests/test_refine.py;./sympy/functions/elementary/complexes.py;//docs.py;/opt/anaconda3/lib/python3.8/site-packages/_pytest/config/__init__.py;/opt/anaconda3/lib/python3.8/site.py;/refine.py;a/sympy/assumptions/refine.py;a/sympy/assumptions/tests/test_refine.py;b/sympy/assumptions/refine.py;b/sympy/assumptions/tests/test_refine.py;n../../../../../opt/anaconda3/lib/python3.8/site-packages/_pytest/config/__init__.py;nsympy/assumptions/tests/test_refine.py;output/sympy__sympy-21055_preds.json;sympy/assumptions/refine.py;sympy/assumptions/tests/test_refine.py;sympy/functions/elementary/complexes.py,../output/sympy__sympy-21055_preds.json;./swebench_9_15/manual.yaml;/opt/anaconda3/lipython3.8/site.py;_preds.json;sympy/assumptions/refine.py;sympy/assumptions/tests/test_refine.py,./sympy/assumptions/tests/test_refine.py;a/sympy/assumptions/tests/test_refine.py;b/sympy/assumptions/tests/test_refine.py;nsympy/assumptions/tests/test_refine.py;sympy/assumptions/tests/test_refine.py,../output/sympy__sympy-21055_preds.json;./swebench_9_15/manual.yaml;./sympy/functions/elementary/complexes.py;//docs.py;/opt/anaconda3/lib/python3.8/site-packages/_pytest/config/__init__.py;/opt/anaconda3/lib/python3.8/site.py;/refine.py;a/sympy/assumptions/refine.py;b/sympy/assumptions/refine.py;n../../../../../opt/anaconda3/lib/python3.8/site-packages/_pytest/config/__init__.py;output/sympy__sympy-21055_preds.json;sympy/assumptions/refine.py;sympy/functions/elementary/complexes.py,,0,0.0,False,True,,0,0.0,False,True,0,0,0,0,same_directory_only,prior_trajectory_same_directory_as_target_gold
