ROOT_EXISTS	/mnt/data/shashwat/memory-representation
DIR	/mnt/data/shashwat/memory-representation/logs
FILE	/mnt/data/shashwat/memory-representation/logs/run_evaluation/contextbench_envcheck_astropy_15082/envcheck/astropy__astropy-15082/report.json	18558
FILE	/mnt/data/shashwat/memory-representation/logs/run_evaluation/contextbench_envcheck_astropy_15082/envcheck/astropy__astropy-15082/patch.diff	200
FILE	/mnt/data/shashwat/memory-representation/logs/run_evaluation/contextbench_envcheck_astropy_15082/envcheck/astropy__astropy-15082/test_output.txt	22735
FILE	/mnt/data/shashwat/memory-representation/logs/run_evaluation/contextbench_envcheck_astropy_15082_fixed/envcheck/astropy__astropy-15082/report.json	18558
FILE	/mnt/data/shashwat/memory-representation/logs/run_evaluation/contextbench_envcheck_astropy_15082_fixed/envcheck/astropy__astropy-15082/patch.diff	200
FILE	/mnt/data/shashwat/memory-representation/logs/run_evaluation/contextbench_envcheck_astropy_15082_fixed/envcheck/astropy__astropy-15082/test_output.txt	194915
FILE	/mnt/data/shashwat/memory-representation/logs/run_evaluation/contextbench_devstral_24b_smoke_no_memory/openhands-qwen3-coder-30b-ollama-contextbench-memory-repr/astropy__astropy-15082/report.json	18557
FILE	/mnt/data/shashwat/memory-representation/logs/run_evaluation/contextbench_devstral_24b_smoke_no_memory/openhands-qwen3-coder-30b-ollama-contextbench-memory-repr/astropy__astropy-15082/patch.diff	1621
FILE	/mnt/data/shashwat/memory-representation/logs/run_evaluation/contextbench_devstral_24b_smoke_no_memory/openhands-qwen3-coder-30b-ollama-contextbench-memory-repr/astropy__astropy-15082/test_output.txt	180815
FILE	/mnt/data/shashwat/memory-representation/logs/run_evaluation/contextbench_devstral_24b_smoke_adp/openhands-qwen3-coder-30b-ollama-contextbench-memory-repr/astropy__astropy-15082/report.json	18557
FILE	/mnt/data/shashwat/memory-representation/logs/run_evaluation/contextbench_devstral_24b_smoke_adp/openhands-qwen3-coder-30b-ollama-contextbench-memory-repr/astropy__astropy-15082/patch.diff	9628
FILE	/mnt/data/shashwat/memory-representation/logs/run_evaluation/contextbench_devstral_24b_smoke_adp/openhands-qwen3-coder-30b-ollama-contextbench-memory-repr/astropy__astropy-15082/test_output.txt	180834
FILE	/mnt/data/shashwat/memory-representation/logs/run_evaluation/contextbench_smoke_no_memory/openhands-qwen3-coder-30b-ollama-contextbench-memory-repr/astropy__astropy-15082/report.json	18558
FILE	/mnt/data/shashwat/memory-representation/logs/run_evaluation/contextbench_smoke_no_memory/openhands-qwen3-coder-30b-ollama-contextbench-memory-repr/astropy__astropy-15082/patch.diff	2058
FILE	/mnt/data/shashwat/memory-representation/logs/run_evaluation/contextbench_smoke_no_memory/openhands-qwen3-coder-30b-ollama-contextbench-memory-repr/astropy__astropy-15082/test_output.txt	22723
FILE	/mnt/data/shashwat/memory-representation/logs/run_evaluation/contextbench_smoke_memory/openhands-qwen3-coder-30b-ollama-contextbench-memory-repr/astropy__astropy-15082/report.json	18558
FILE	/mnt/data/shashwat/memory-representation/logs/run_evaluation/contextbench_smoke_memory/openhands-qwen3-coder-30b-ollama-contextbench-memory-repr/astropy__astropy-15082/patch.diff	6410
FILE	/mnt/data/shashwat/memory-representation/logs/run_evaluation/contextbench_smoke_memory/openhands-qwen3-coder-30b-ollama-contextbench-memory-repr/astropy__astropy-15082/test_output.txt	24023
FILE	/mnt/data/shashwat/memory-representation/logs/run_evaluation/contextbench_smoke_raw/openhands-qwen3-coder-30b-ollama-contextbench-memory-repr/astropy__astropy-15082/report.json	18558
FILE	/mnt/data/shashwat/memory-representation/logs/run_evaluation/contextbench_smoke_raw/openhands-qwen3-coder-30b-ollama-contextbench-memory-repr/astropy__astropy-15082/patch.diff	3035
FILE	/mnt/data/shashwat/memory-representation/logs/run_evaluation/contextbench_smoke_raw/openhands-qwen3-coder-30b-ollama-contextbench-memory-repr/astropy__astropy-15082/test_output.txt	23513
FILE	/mnt/data/shashwat/memory-representation/logs/run_evaluation/contextbench_devstral_24b_smoke_memory/openhands-qwen3-coder-30b-ollama-contextbench-memory-repr/astropy__astropy-15082/report.json	18557
FILE	/mnt/data/shashwat/memory-representation/logs/run_evaluation/contextbench_devstral_24b_smoke_memory/openhands-qwen3-coder-30b-ollama-contextbench-memory-repr/astropy__astropy-15082/patch.diff	10414
FILE	/mnt/data/shashwat/memory-representation/logs/run_evaluation/contextbench_devstral_24b_smoke_memory/openhands-qwen3-coder-30b-ollama-contextbench-memory-repr/astropy__astropy-15082/test_output.txt	181204
FILE	/mnt/data/shashwat/memory-representation/logs/run_evaluation/contextbench_devstral_24b_smoke_raw/openhands-qwen3-coder-30b-ollama-contextbench-memory-repr/astropy__astropy-15082/report.json	18558
FILE	/mnt/data/shashwat/memory-representation/logs/run_evaluation/contextbench_devstral_24b_smoke_raw/openhands-qwen3-coder-30b-ollama-contextbench-memory-repr/astropy__astropy-15082/patch.diff	3078
FILE	/mnt/data/shashwat/memory-representation/logs/run_evaluation/contextbench_devstral_24b_smoke_raw/openhands-qwen3-coder-30b-ollama-contextbench-memory-repr/astropy__astropy-15082/test_output.txt	194936
FILE	/mnt/data/shashwat/memory-representation/logs/run_evaluation/contextbench_smoke_adp/openhands-qwen3-coder-30b-ollama-contextbench-memory-repr/astropy__astropy-15082/report.json	18558
FILE	/mnt/data/shashwat/memory-representation/logs/run_evaluation/contextbench_smoke_adp/openhands-qwen3-coder-30b-ollama-contextbench-memory-repr/astropy__astropy-15082/patch.diff	5403
FILE	/mnt/data/shashwat/memory-representation/logs/run_evaluation/contextbench_smoke_adp/openhands-qwen3-coder-30b-ollama-contextbench-memory-repr/astropy__astropy-15082/test_output.txt	23587
FILE	/mnt/data/shashwat/memory-representation/data/contextbench_phase2/execution_10x4_devstral_24b_fresh/runs/astropy__astropy-15082/adp/prediction.json	152
FILE	/mnt/data/shashwat/memory-representation/data/contextbench_phase2/execution_10x4_devstral_24b_fresh/runs/astropy__astropy-15082/adp/patch.diff	0
FILE	/mnt/data/shashwat/memory-representation/data/contextbench_phase2/execution_10x4_devstral_24b_fresh/runs/astropy__astropy-15082/adp/stderr.log	694
FILE	/mnt/data/shashwat/memory-representation/data/contextbench_phase2/execution_10x4_devstral_24b_fresh/runs/astropy__astropy-15082/adp/stdout.jsonl	40912
FILE	/mnt/data/shashwat/memory-representation/data/contextbench_phase2/execution_10x4_devstral_24b_fresh/runs/astropy__astropy-15082/adp/.openhands_home/.openhands/conversations/1de0aa408a414f0cbdbf12d0d0df637f/base_state.json	3944
FILE	/mnt/data/shashwat/memory-representation/data/contextbench_phase2/execution_10x4_devstral_24b_fresh/runs/astropy__astropy-15082/adp/run_meta.json	4924
FILE	/mnt/data/shashwat/memory-representation/data/contextbench_phase2/execution_10x4_devstral_24b_fresh/runs/astropy__astropy-15082/memory/stderr.log	2638
FILE	/mnt/data/shashwat/memory-representation/data/contextbench_phase2/execution_10x4_devstral_24b_fresh/runs/astropy__astropy-15082/memory/stdout.jsonl	35695
FILE	/mnt/data/shashwat/memory-representation/data/contextbench_phase2/execution_10x4_devstral_24b_fresh/runs/astropy__astropy-15082/memory/.openhands_home/.openhands/conversations/8ee70fe0b52a4845a1e6f39b1e44b67b/base_state.json	4266
FILE	/mnt/data/shashwat/memory-representation/data/contextbench_phase2/execution_10x4_devstral_24b_fresh/runs/astropy__astropy-15082/memory/run_meta.json	2246
FILE	/mnt/data/shashwat/memory-representation/data/contextbench_phase2/execution_10x4_devstral_24b_fresh/runs/astropy__astropy-15082/no_memory/prediction.json	152
FILE	/mnt/data/shashwat/memory-representation/data/contextbench_phase2/execution_10x4_devstral_24b_fresh/runs/astropy__astropy-15082/no_memory/patch.diff	0
FILE	/mnt/data/shashwat/memory-representation/data/contextbench_phase2/execution_10x4_devstral_24b_fresh/runs/astropy__astropy-15082/no_memory/stderr.log	694
FILE	/mnt/data/shashwat/memory-representation/data/contextbench_phase2/execution_10x4_devstral_24b_fresh/runs/astropy__astropy-15082/no_memory/stdout.jsonl	183107
FILE	/mnt/data/shashwat/memory-representation/data/contextbench_phase2/execution_10x4_devstral_24b_fresh/runs/astropy__astropy-15082/no_memory/.openhands_home/.openhands/conversations/dd47642fefcd40aa8ef7de8f1d46c89c/base_state.json	12430
FILE	/mnt/data/shashwat/memory-representation/data/contextbench_phase2/execution_10x4_devstral_24b_fresh/runs/astropy__astropy-15082/no_memory/run_meta.json	5028
FILE	/mnt/data/shashwat/memory-representation/data/contextbench_phase2/execution_10x4_devstral_24b_fresh/runs/astropy__astropy-15082/raw/prediction.json	152
FILE	/mnt/data/shashwat/memory-representation/data/contextbench_phase2/execution_10x4_devstral_24b_fresh/runs/astropy__astropy-15082/raw/patch.diff	0
FILE	/mnt/data/shashwat/memory-representation/data/contextbench_phase2/execution_10x4_devstral_24b_fresh/runs/astropy__astropy-15082/raw/stderr.log	694
FILE	/mnt/data/shashwat/memory-representation/data/contextbench_phase2/execution_10x4_devstral_24b_fresh/runs/astropy__astropy-15082/raw/stdout.jsonl	35437
FILE	/mnt/data/shashwat/memory-representation/data/contextbench_phase2/execution_10x4_devstral_24b_fresh/runs/astropy__astropy-15082/raw/.openhands_home/.openhands/conversations/8f2717b7defd4149b8e4d222930d77b8/base_state.json	3945
FILE	/mnt/data/shashwat/memory-representation/data/contextbench_phase2/execution_10x4_devstral_24b_fresh/runs/astropy__astropy-15082/raw/run_meta.json	4925
FILE	/mnt/data/shashwat/memory-representation/data/contextbench_phase2/execution_devstral_24b/runs/astropy__astropy-15082/adp/prediction.json	10247
FILE	/mnt/data/shashwat/memory-representation/data/contextbench_phase2/execution_devstral_24b/runs/astropy__astropy-15082/adp/patch.diff	9628
FILE	/mnt/data/shashwat/memory-representation/data/contextbench_phase2/execution_devstral_24b/runs/astropy__astropy-15082/adp/stderr.log	694
FILE	/mnt/data/shashwat/memory-representation/data/contextbench_phase2/execution_devstral_24b/runs/astropy__astropy-15082/adp/stdout.jsonl	495118
FILE	/mnt/data/shashwat/memory-representation/data/contextbench_phase2/execution_devstral_24b/runs/astropy__astropy-15082/adp/.openhands_home/.openhands/conversations/b985bfb4d73142028b30b966b4939d18/base_state.json	29178
FILE	/mnt/data/shashwat/memory-representation/data/contextbench_phase2/execution_devstral_24b/runs/astropy__astropy-15082/adp/run_meta.json	4755
FILE	/mnt/data/shashwat/memory-representation/data/contextbench_phase2/execution_devstral_24b/runs/astropy__astropy-15082/memory/prediction.json	11080
FILE	/mnt/data/shashwat/memory-representation/data/contextbench_phase2/execution_devstral_24b/runs/astropy__astropy-15082/memory/patch.diff	10414
FILE	/mnt/data/shashwat/memory-representation/data/contextbench_phase2/execution_devstral_24b/runs/astropy__astropy-15082/memory/stderr.log	694
FILE	/mnt/data/shashwat/memory-representation/data/contextbench_phase2/execution_devstral_24b/runs/astropy__astropy-15082/memory/stdout.jsonl	491205
FILE	/mnt/data/shashwat/memory-representation/data/contextbench_phase2/execution_devstral_24b/runs/astropy__astropy-15082/memory/.openhands_home/.openhands/conversations/b5e5da41ee34479ab3fe54bf999e5e86/base_state.json	29500
FILE	/mnt/data/shashwat/memory-representation/data/contextbench_phase2/execution_devstral_24b/runs/astropy__astropy-15082/memory/run_meta.json	4806
FILE	/mnt/data/shashwat/memory-representation/data/contextbench_phase2/execution_devstral_24b/runs/astropy__astropy-15082/no_memory/prediction.json	1821
FILE	/mnt/data/shashwat/memory-representation/data/contextbench_phase2/execution_devstral_24b/runs/astropy__astropy-15082/no_memory/patch.diff	1621
FILE	/mnt/data/shashwat/memory-representation/data/contextbench_phase2/execution_devstral_24b/runs/astropy__astropy-15082/no_memory/stderr.log	694
FILE	/mnt/data/shashwat/memory-representation/data/contextbench_phase2/execution_devstral_24b/runs/astropy__astropy-15082/no_memory/stdout.jsonl	491300
FILE	/mnt/data/shashwat/memory-representation/data/contextbench_phase2/execution_devstral_24b/runs/astropy__astropy-15082/no_memory/.openhands_home/.openhands/conversations/4e8f95c525ea44318041551932442162/base_state.json	303262
FILE	/mnt/data/shashwat/memory-representation/data/contextbench_phase2/execution_devstral_24b/runs/astropy__astropy-15082/no_memory/run_meta.json	4857
FILE	/mnt/data/shashwat/memory-representation/data/contextbench_phase2/execution_devstral_24b/runs/astropy__astropy-15082/raw/prediction.json	3395
FILE	/mnt/data/shashwat/memory-representation/data/contextbench_phase2/execution_devstral_24b/runs/astropy__astropy-15082/raw/patch.diff	3078
FILE	/mnt/data/shashwat/memory-representation/data/contextbench_phase2/execution_devstral_24b/runs/astropy__astropy-15082/raw/stderr.log	694
FILE	/mnt/data/shashwat/memory-representation/data/contextbench_phase2/execution_devstral_24b/runs/astropy__astropy-15082/raw/stdout.jsonl	358021
FILE	/mnt/data/shashwat/memory-representation/data/contextbench_phase2/execution_devstral_24b/runs/astropy__astropy-15082/raw/.openhands_home/.openhands/conversations/1b244dda9a954a6fba99ab54546ec574/base_state.json	15733
FILE	/mnt/data/shashwat/memory-representation/data/contextbench_phase2/execution_devstral_24b/runs/astropy__astropy-15082/raw/run_meta.json	4755
FILE	/mnt/data/shashwat/memory-representation/data/contextbench_phase2/execution/probe/astropy__astropy-15082/no_memory/stderr.log	1658
FILE	/mnt/data/shashwat/memory-representation/data/contextbench_phase2/execution/probe/astropy__astropy-15082/no_memory/stdout.jsonl	109032
FILE	/mnt/data/shashwat/memory-representation/data/contextbench_phase2/execution/runs/astropy__astropy-15082/adp/prediction.json	5805
FILE	/mnt/data/shashwat/memory-representation/data/contextbench_phase2/execution/runs/astropy__astropy-15082/adp/patch.diff	5403
FILE	/mnt/data/shashwat/memory-representation/data/contextbench_phase2/execution/runs/astropy__astropy-15082/adp/stderr.log	2314
FILE	/mnt/data/shashwat/memory-representation/data/contextbench_phase2/execution/runs/astropy__astropy-15082/adp/stdout.jsonl	247144
FILE	/mnt/data/shashwat/memory-representation/data/contextbench_phase2/execution/runs/astropy__astropy-15082/adp/.openhands_home/.openhands/conversations/5d12cf10706f4f0fb3a3d1cbac2162c9/base_state.json	294073
FILE	/mnt/data/shashwat/memory-representation/data/contextbench_phase2/execution/runs/astropy__astropy-15082/adp/run_meta.json	4560
FILE	/mnt/data/shashwat/memory-representation/data/contextbench_phase2/execution/runs/astropy__astropy-15082/memory/prediction.json	6890
FILE	/mnt/data/shashwat/memory-representation/data/contextbench_phase2/execution/runs/astropy__astropy-15082/memory/patch.diff	6410
FILE	/mnt/data/shashwat/memory-representation/data/contextbench_phase2/execution/runs/astropy__astropy-15082/memory/stderr.log	1099
FILE	/mnt/data/shashwat/memory-representation/data/contextbench_phase2/execution/runs/astropy__astropy-15082/memory/stdout.jsonl	400641
FILE	/mnt/data/shashwat/memory-representation/data/contextbench_phase2/execution/runs/astropy__astropy-15082/memory/.openhands_home/.openhands/conversations/95fe8a14ca8b4eb8b9e6a8bb07d29315/base_state.json	302025
FILE	/mnt/data/shashwat/memory-representation/data/contextbench_phase2/execution/runs/astropy__astropy-15082/memory/run_meta.json	4611
FILE	/mnt/data/shashwat/memory-representation/data/contextbench_phase2/execution/runs/astropy__astropy-15082/no_memory/prediction.json	2348
FILE	/mnt/data/shashwat/memory-representation/data/contextbench_phase2/execution/runs/astropy__astropy-15082/no_memory/patch.diff	2058
FILE	/mnt/data/shashwat/memory-representation/data/contextbench_phase2/execution/runs/astropy__astropy-15082/no_memory/stderr.log	694
FILE	/mnt/data/shashwat/memory-representation/data/contextbench_phase2/execution/runs/astropy__astropy-15082/no_memory/stdout.jsonl	141915
FILE	/mnt/data/shashwat/memory-representation/data/contextbench_phase2/execution/runs/astropy__astropy-15082/no_memory/.openhands_home/.openhands/conversations/33bf0bcf072f400a8c0b7cb961080eb2/base_state.json	291851
FILE	/mnt/data/shashwat/memory-representation/data/contextbench_phase2/execution/runs/astropy__astropy-15082/no_memory/run_meta.json	4661
FILE	/mnt/data/shashwat/memory-representation/data/contextbench_phase2/execution/runs/astropy__astropy-15082/raw/prediction.json	3333
FILE	/mnt/data/shashwat/memory-representation/data/contextbench_phase2/execution/runs/astropy__astropy-15082/raw/patch.diff	3035
FILE	/mnt/data/shashwat/memory-representation/data/contextbench_phase2/execution/runs/astropy__astropy-15082/raw/stderr.log	694
FILE	/mnt/data/shashwat/memory-representation/data/contextbench_phase2/execution/runs/astropy__astropy-15082/raw/stdout.jsonl	295961
FILE	/mnt/data/shashwat/memory-representation/data/contextbench_phase2/execution/runs/astropy__astropy-15082/raw/.openhands_home/.openhands/conversations/856623f5e9d9412484b1b57b7bf39072/base_state.json	294409
FILE	/mnt/data/shashwat/memory-representation/data/contextbench_phase2/execution/runs/astropy__astropy-15082/raw/run_meta.json	4560
FILE	/mnt/data/shashwat/memory-representation/data/contextbench_phase2/execution_10x4_devstral_24b_32k_rerun2/runs/django__django-18166/adp/prediction.json	2084
FILE	/mnt/data/shashwat/memory-representation/data/contextbench_phase2/execution_10x4_devstral_24b_32k_rerun2/runs/django__django-18166/adp/patch.diff	1857
FILE	/mnt/data/shashwat/memory-representation/data/contextbench_phase2/execution_10x4_devstral_24b_32k_rerun2/runs/django__django-18166/adp/stderr.log	694
FILE	/mnt/data/shashwat/memory-representation/data/contextbench_phase2/execution_10x4_devstral_24b_32k_rerun2/runs/django__django-18166/adp/stdout.jsonl	134346
FILE	/mnt/data/shashwat/memory-representation/data/contextbench_phase2/execution_10x4_devstral_24b_32k_rerun2/runs/django__django-18166/adp/.openhands_home/.openhands/conversations/78e168f85394418da26f5fb1a6b805aa/base_state.json	8531
FILE	/mnt/data/shashwat/memory-representation/data/contextbench_phase2/execution_10x4_devstral_24b_32k_rerun2/runs/django__django-18166/adp/run_meta.json	4950
FILE	/mnt/data/shashwat/memory-representation/data/contextbench_phase2/execution_10x4_devstral_24b_32k_rerun2/runs/django__django-18166/memory/prediction.json	150
FILE	/mnt/data/shashwat/memory-representation/data/contextbench_phase2/execution_10x4_devstral_24b_32k_rerun2/runs/django__django-18166/memory/patch.diff	0
FILE	/mnt/data/shashwat/memory-representation/data/contextbench_phase2/execution_10x4_devstral_24b_32k_rerun2/runs/django__django-18166/memory/stderr.log	694
FILE	/mnt/data/shashwat/memory-representation/data/contextbench_phase2/execution_10x4_devstral_24b_32k_rerun2/runs/django__django-18166/memory/stdout.jsonl	70597
FILE	/mnt/data/shashwat/memory-representation/data/contextbench_phase2/execution_10x4_devstral_24b_32k_rerun2/runs/django__django-18166/memory/.openhands_home/.openhands/conversations/21653f4979084fcba1e1997f8dccfd44/base_state.json	6895
FILE	/mnt/data/shashwat/memory-representation/data/contextbench_phase2/execution_10x4_devstral_24b_32k_rerun2/runs/django__django-18166/memory/run_meta.json	5009
FILE	/mnt/data/shashwat/memory-representation/data/contextbench_phase2/execution_10x4_devstral_24b_32k_rerun2/runs/django__django-18166/no_memory/prediction.json	2246
FILE	/mnt/data/shashwat/memory-representation/data/contextbench_phase2/execution_10x4_devstral_24b_32k_rerun2/runs/django__django-18166/no_memory/patch.diff	2028
FILE	/mnt/data/shashwat/memory-representation/data/contextbench_phase2/execution_10x4_devstral_24b_32k_rerun2/runs/django__django-18166/no_memory/stderr.log	694
FILE	/mnt/data/shashwat/memory-representation/data/contextbench_phase2/execution_10x4_devstral_24b_32k_rerun2/runs/django__django-18166/no_memory/stdout.jsonl	593102
FILE	/mnt/data/shashwat/memory-representation/data/contextbench_phase2/execution_10x4_devstral_24b_32k_rerun2/runs/django__django-18166/no_memory/.openhands_home/.openhands/conversations/2d4e78f97f354dd68642f65f6a16fddf/base_state.json	20320
FILE	/mnt/data/shashwat/memory-representation/data/contextbench_phase2/execution_10x4_devstral_24b_32k_rerun2/runs/django__django-18166/no_memory/run_meta.json	5054
FILE	/mnt/data/shashwat/memory-representation/data/contextbench_phase2/execution_10x4_devstral_24b_32k_rerun2/runs/django__django-18166/raw/prediction.json	7723
FILE	/mnt/data/shashwat/memory-representation/data/contextbench_phase2/execution_10x4_devstral_24b_32k_rerun2/runs/django__django-18166/raw/patch.diff	7260
FILE	/mnt/data/shashwat/memory-representation/data/contextbench_phase2/execution_10x4_devstral_24b_32k_rerun2/runs/django__django-18166/raw/stderr.log	694
FILE	/mnt/data/shashwat/memory-representation/data/contextbench_phase2/execution_10x4_devstral_24b_32k_rerun2/runs/django__django-18166/raw/stdout.jsonl	319369
FILE	/mnt/data/shashwat/memory-representation/data/contextbench_phase2/execution_10x4_devstral_24b_32k_rerun2/runs/django__django-18166/raw/.openhands_home/.openhands/conversations/c57e5054ca7d4fc59206c32d94ec91f5/base_state.json	14093
FILE	/mnt/data/shashwat/memory-representation/data/contextbench_phase2/execution_10x4_devstral_24b_32k_rerun2/runs/django__django-18166/raw/run_meta.json	4951
FILE	/mnt/data/shashwat/memory-representation/data/contextbench_phase2/execution_10x4_devstral_24b_32k_rerun2/runs/django__django-11776/adp/prediction.json	5100
FILE	/mnt/data/shashwat/memory-representation/data/contextbench_phase2/execution_10x4_devstral_24b_32k_rerun2/runs/django__django-11776/adp/patch.diff	4741
FILE	/mnt/data/shashwat/memory-representation/data/contextbench_phase2/execution_10x4_devstral_24b_32k_rerun2/runs/django__django-11776/adp/stderr.log	694
FILE	/mnt/data/shashwat/memory-representation/data/contextbench_phase2/execution_10x4_devstral_24b_32k_rerun2/runs/django__django-11776/adp/stdout.jsonl	578690
FILE	/mnt/data/shashwat/memory-representation/data/contextbench_phase2/execution_10x4_devstral_24b_32k_rerun2/runs/django__django-11776/adp/.openhands_home/.openhands/conversations/546cb6d7ba4c49c2854f3726fafd0635/base_state.json	29158
FILE	/mnt/data/shashwat/memory-representation/data/contextbench_phase2/execution_10x4_devstral_24b_32k_rerun2/runs/django__django-11776/adp/run_meta.json	4951
FILE	/mnt/data/shashwat/memory-representation/data/contextbench_phase2/execution_10x4_devstral_24b_32k_rerun2/runs/django__django-11776/memory/prediction.json	1860
FILE	/mnt/data/shashwat/memory-representation/data/contextbench_phase2/execution_10x4_devstral_24b_32k_rerun2/runs/django__django-11776/memory/patch.diff	1631
FILE	/mnt/data/shashwat/memory-representation/data/contextbench_phase2/execution_10x4_devstral_24b_32k_rerun2/runs/django__django-11776/memory/stderr.log	694
FILE	/mnt/data/shashwat/memory-representation/data/contextbench_phase2/execution_10x4_devstral_24b_32k_rerun2/runs/django__django-11776/memory/stdout.jsonl	130404
FILE	/mnt/data/shashwat/memory-representation/data/contextbench_phase2/execution_10x4_devstral_24b_32k_rerun2/runs/django__django-11776/memory/.openhands_home/.openhands/conversations/a3f91d5d7d3146b28a8c66e8caf2aff0/base_state.json	10812
FILE	/mnt/data/shashwat/memory-representation/data/contextbench_phase2/execution_10x4_devstral_24b_32k_rerun2/runs/django__django-11776/memory/run_meta.json	5001
FILE	/mnt/data/shashwat/memory-representation/data/contextbench_phase2/execution_10x4_devstral_24b_32k_rerun2/runs/django__django-11776/no_memory/prediction.json	4364
FILE	/mnt/data/shashwat/memory-representation/data/contextbench_phase2/execution_10x4_devstral_24b_32k_rerun2/runs/django__django-11776/no_memory/patch.diff	4089
FILE	/mnt/data/shashwat/memory-representation/data/contextbench_phase2/execution_10x4_devstral_24b_32k_rerun2/runs/django__django-11776/no_memory/stderr.log	694
FILE	/mnt/data/shashwat/memory-representation/data/contextbench_phase2/execution_10x4_devstral_24b_32k_rerun2/runs/django__django-11776/no_memory/stdout.jsonl	395781
FILE	/mnt/data/shashwat/memory-representation/data/contextbench_phase2/execution_10x4_devstral_24b_32k_rerun2/runs/django__django-11776/no_memory/.openhands_home/.openhands/conversations/49a148633c044275bd5358e4e1f0289a/base_state.json	19005
FILE	/mnt/data/shashwat/memory-representation/data/contextbench_phase2/execution_10x4_devstral_24b_32k_rerun2/runs/django__django-11776/no_memory/run_meta.json	5053
FILE	/mnt/data/shashwat/memory-representation/data/contextbench_phase2/execution_10x4_devstral_24b_32k_rerun2/runs/django__django-11776/raw/prediction.json	150
FILE	/mnt/data/shashwat/memory-representation/data/contextbench_phase2/execution_10x4_devstral_24b_32k_rerun2/runs/django__django-11776/raw/patch.diff	0
FILE	/mnt/data/shashwat/memory-representation/data/contextbench_phase2/execution_10x4_devstral_24b_32k_rerun2/runs/django__django-11776/raw/stderr.log	694
FILE	/mnt/data/shashwat/memory-representation/data/contextbench_phase2/execution_10x4_devstral_24b_32k_rerun2/runs/django__django-11776/raw/stdout.jsonl	64912
FILE	/mnt/data/shashwat/memory-representation/data/contextbench_phase2/execution_10x4_devstral_24b_32k_rerun2/runs/django__django-11776/raw/.openhands_home/.openhands/conversations/fb626d5a831a46008132addc9ce99204/base_state.json	5248
FILE	/mnt/data/shashwat/memory-representation/data/contextbench_phase2/execution_10x4_devstral_24b_32k_rerun2/runs/django__django-11776/raw/run_meta.json	4957
FILE	/mnt/data/shashwat/memory-representation/data/contextbench_phase2/execution_10x4_devstral_24b_32k_rerun2/runs/astropy__astropy-4973/adp/prediction.json	1461
FILE	/mnt/data/shashwat/memory-representation/data/contextbench_phase2/execution_10x4_devstral_24b_32k_rerun2/runs/astropy__astropy-4973/adp/patch.diff	1276
FILE	/mnt/data/shashwat/memory-representation/data/contextbench_phase2/execution_10x4_devstral_24b_32k_rerun2/runs/astropy__astropy-4973/adp/stderr.log	694
FILE	/mnt/data/shashwat/memory-representation/data/contextbench_phase2/execution_10x4_devstral_24b_32k_rerun2/runs/astropy__astropy-4973/adp/stdout.jsonl	269462
FILE	/mnt/data/shashwat/memory-representation/data/contextbench_phase2/execution_10x4_devstral_24b_32k_rerun2/runs/astropy__astropy-4973/adp/.openhands_home/.openhands/conversations/be65d643f2e14439b679cd780a7cf565/base_state.json	22295
FILE	/mnt/data/shashwat/memory-representation/data/contextbench_phase2/execution_10x4_devstral_24b_32k_rerun2/runs/astropy__astropy-4973/adp/run_meta.json	4972
FILE	/mnt/data/shashwat/memory-representation/data/contextbench_phase2/execution_10x4_devstral_24b_32k_rerun2/runs/astropy__astropy-4973/memory/prediction.json	151
FILE	/mnt/data/shashwat/memory-representation/data/contextbench_phase2/execution_10x4_devstral_24b_32k_rerun2/runs/astropy__astropy-4973/memory/patch.diff	0
FILE	/mnt/data/shashwat/memory-representation/data/contextbench_phase2/execution_10x4_devstral_24b_32k_rerun2/runs/astropy__astropy-4973/memory/stderr.log	694
FILE	/mnt/data/shashwat/memory-representation/data/contextbench_phase2/execution_10x4_devstral_24b_32k_rerun2/runs/astropy__astropy-4973/memory/stdout.jsonl	41787
FILE	/mnt/data/shashwat/memory-representation/data/contextbench_phase2/execution_10x4_devstral_24b_32k_rerun2/runs/astropy__astropy-4973/memory/.openhands_home/.openhands/conversations/f65aa0e054e24df9b8921d153780ff01/base_state.json	5580
FILE	/mnt/data/shashwat/memory-representation/data/contextbench_phase2/execution_10x4_devstral_24b_32k_rerun2/runs/astropy__astropy-4973/memory/run_meta.json	5030
FILE	/mnt/data/shashwat/memory-representation/data/contextbench_phase2/execution_10x4_devstral_24b_32k_rerun2/runs/astropy__astropy-4973/no_memory/prediction.json	1406
FILE	/mnt/data/shashwat/memory-representation/data/contextbench_phase2/execution_10x4_devstral_24b_32k_rerun2/runs/astropy__astropy-4973/no_memory/patch.diff	1224
FILE	/mnt/data/shashwat/memory-representation/data/contextbench_phase2/execution_10x4_devstral_24b_32k_rerun2/runs/astropy__astropy-4973/no_memory/stderr.log	694
FILE	/mnt/data/shashwat/memory-representation/data/contextbench_phase2/execution_10x4_devstral_24b_32k_rerun2/runs/astropy__astropy-4973/no_memory/stdout.jsonl	214762
FILE	/mnt/data/shashwat/memory-representation/data/contextbench_phase2/execution_10x4_devstral_24b_32k_rerun2/runs/astropy__astropy-4973/no_memory/.openhands_home/.openhands/conversations/368eb5de33344482bd193d6c64dca3d6/base_state.json	19001
FILE	/mnt/data/shashwat/memory-representation/data/contextbench_phase2/execution_10x4_devstral_24b_32k_rerun2/runs/astropy__astropy-4973/no_memory/run_meta.json	5074
FILE	/mnt/data/shashwat/memory-representation/data/contextbench_phase2/execution_10x4_devstral_24b_32k_rerun2/runs/astropy__astropy-4973/raw/prediction.json	5841
FILE	/mnt/data/shashwat/memory-representation/data/contextbench_phase2/execution_10x4_devstral_24b_32k_rerun2/runs/astropy__astropy-4973/raw/patch.diff	5482
FILE	/mnt/data/shashwat/memory-representation/data/contextbench_phase2/execution_10x4_devstral_24b_32k_rerun2/runs/astropy__astropy-4973/raw/stderr.log	694
FILE	/mnt/data/shashwat/memory-representation/data/contextbench_phase2/execution_10x4_devstral_24b_32k_rerun2/runs/astropy__astropy-4973/raw/stdout.jsonl	292344
FILE	/mnt/data/shashwat/memory-representation/data/contextbench_phase2/execution_10x4_devstral_24b_32k_rerun2/runs/astropy__astropy-4973/raw/.openhands_home/.openhands/conversations/5c7dc3de56974956b64baf66f88c9ef9/base_state.json	22929
FILE	/mnt/data/shashwat/memory-representation/data/contextbench_phase2/execution_10x4_devstral_24b_32k_rerun2/runs/astropy__astropy-4973/raw/run_meta.json	4973
FILE	/mnt/data/shashwat/memory-representation/data/contextbench_phase2/execution_10x4_devstral_24b_32k_rerun2/runs/astropy__astropy-15082/adp/prediction.json	2538
FILE	/mnt/data/shashwat/memory-representation/data/contextbench_phase2/execution_10x4_devstral_24b_32k_rerun2/runs/astropy__astropy-15082/adp/patch.diff	2301
FILE	/mnt/data/shashwat/memory-representation/data/contextbench_phase2/execution_10x4_devstral_24b_32k_rerun2/runs/astropy__astropy-15082/adp/stderr.log	694
FILE	/mnt/data/shashwat/memory-representation/data/contextbench_phase2/execution_10x4_devstral_24b_32k_rerun2/runs/astropy__astropy-15082/adp/stdout.jsonl	970578
FILE	/mnt/data/shashwat/memory-representation/data/contextbench_phase2/execution_10x4_devstral_24b_32k_rerun2/runs/astropy__astropy-15082/adp/.openhands_home/.openhands/conversations/1d47b4112c0347f28a2f13ea752a0bb9/base_state.json	35391
FILE	/mnt/data/shashwat/memory-representation/data/contextbench_phase2/execution_10x4_devstral_24b_32k_rerun2/runs/astropy__astropy-15082/adp/run_meta.json	4993
FILE	/mnt/data/shashwat/memory-representation/data/contextbench_phase2/execution_10x4_devstral_24b_32k_rerun2/runs/astropy__astropy-15082/memory/prediction.json	10312
FILE	/mnt/data/shashwat/memory-representation/data/contextbench_phase2/execution_10x4_devstral_24b_32k_rerun2/runs/astropy__astropy-15082/memory/patch.diff	9672
FILE	/mnt/data/shashwat/memory-representation/data/contextbench_phase2/execution_10x4_devstral_24b_32k_rerun2/runs/astropy__astropy-15082/memory/stderr.log	694
FILE	/mnt/data/shashwat/memory-representation/data/contextbench_phase2/execution_10x4_devstral_24b_32k_rerun2/runs/astropy__astropy-15082/memory/stdout.jsonl	280825
FILE	/mnt/data/shashwat/memory-representation/data/contextbench_phase2/execution_10x4_devstral_24b_32k_rerun2/runs/astropy__astropy-15082/memory/.openhands_home/.openhands/conversations/e12f270bacc54241b46f299469179e06/base_state.json	19669
FILE	/mnt/data/shashwat/memory-representation/data/contextbench_phase2/execution_10x4_devstral_24b_32k_rerun2/runs/astropy__astropy-15082/memory/run_meta.json	5044
FILE	/mnt/data/shashwat/memory-representation/data/contextbench_phase2/execution_10x4_devstral_24b_32k_rerun2/runs/astropy__astropy-15082/no_memory/prediction.json	4089
FILE	/mnt/data/shashwat/memory-representation/data/contextbench_phase2/execution_10x4_devstral_24b_32k_rerun2/runs/astropy__astropy-15082/no_memory/patch.diff	3732
FILE	/mnt/data/shashwat/memory-representation/data/contextbench_phase2/execution_10x4_devstral_24b_32k_rerun2/runs/astropy__astropy-15082/no_memory/stderr.log	694
FILE	/mnt/data/shashwat/memory-representation/data/contextbench_phase2/execution_10x4_devstral_24b_32k_rerun2/runs/astropy__astropy-15082/no_memory/stdout.jsonl	195379
FILE	/mnt/data/shashwat/memory-representation/data/contextbench_phase2/execution_10x4_devstral_24b_32k_rerun2/runs/astropy__astropy-15082/no_memory/.openhands_home/.openhands/conversations/afb9b5a087ac404eb7dc06157e0f3d97/base_state.json	12452
FILE	/mnt/data/shashwat/memory-representation/data/contextbench_phase2/execution_10x4_devstral_24b_32k_rerun2/runs/astropy__astropy-15082/no_memory/run_meta.json	5095
FILE	/mnt/data/shashwat/memory-representation/data/contextbench_phase2/execution_10x4_devstral_24b_32k_rerun2/runs/astropy__astropy-15082/raw/prediction.json	152
FILE	/mnt/data/shashwat/memory-representation/data/contextbench_phase2/execution_10x4_devstral_24b_32k_rerun2/runs/astropy__astropy-15082/raw/patch.diff	0
FILE	/mnt/data/shashwat/memory-representation/data/contextbench_phase2/execution_10x4_devstral_24b_32k_rerun2/runs/astropy__astropy-15082/raw/stderr.log	694
FILE	/mnt/data/shashwat/memory-representation/data/contextbench_phase2/execution_10x4_devstral_24b_32k_rerun2/runs/astropy__astropy-15082/raw/stdout.jsonl	33496
FILE	/mnt/data/shashwat/memory-representation/data/contextbench_phase2/execution_10x4_devstral_24b_32k_rerun2/runs/astropy__astropy-15082/raw/.openhands_home/.openhands/conversations/e6c21151a8cb45c3a144b16c12747a80/base_state.json	3943
FILE	/mnt/data/shashwat/memory-representation/data/contextbench_phase2/execution_10x4_devstral_24b_32k_rerun2/runs/astropy__astropy-15082/raw/run_meta.json	4999
FILE	/mnt/data/shashwat/memory-representation/data/contextbench_phase2/execution_10x4_devstral_24b_32k_rerun2/runs/django__django-1891/no_memory/prediction.json	8197
FILE	/mnt/data/shashwat/memory-representation/data/contextbench_phase2/execution_10x4_devstral_24b_32k_rerun2/runs/django__django-1891/no_memory/patch.diff	7743
FILE	/mnt/data/shashwat/memory-representation/data/contextbench_phase2/execution_10x4_devstral_24b_32k_rerun2/runs/django__django-1891/no_memory/stderr.log	694
FILE	/mnt/data/shashwat/memory-representation/data/contextbench_phase2/execution_10x4_devstral_24b_32k_rerun2/runs/django__django-1891/no_memory/stdout.jsonl	794017
FILE	/mnt/data/shashwat/memory-representation/data/contextbench_phase2/execution_10x4_devstral_24b_32k_rerun2/runs/django__django-1891/no_memory/.openhands_home/.openhands/conversations/f114f0e216424abe880fbdc868cf0179/base_state.json	42233
FILE	/mnt/data/shashwat/memory-representation/data/contextbench_phase2/execution_10x4_devstral_24b_32k_rerun2/runs/django__django-1891/no_memory/run_meta.json	5034
FILE	/mnt/data/shashwat/memory-representation/data/contextbench_phase2/execution_10x4_devstral_24b_32k_rerun2/runs/django__django-1891/raw/stderr.log	2314
FILE	/mnt/data/shashwat/memory-representation/data/contextbench_phase2/execution_10x4_devstral_24b_32k_rerun2/runs/django__django-1891/raw/stdout.jsonl	221995
FILE	/mnt/data/shashwat/memory-representation/data/contextbench_phase2/execution_10x4_devstral_24b_32k_rerun2/runs/django__django-1891/raw/.openhands_home/.openhands/conversations/3e7719576a594e37b8b0109d90e86864/base_state.json	17038
FILE	/mnt/data/shashwat/memory-representation/data/contextbench_phase2/execution_10x4_devstral_24b_32k_rerun2/runs/django__django-1891/raw/run_meta.json	2217
FILE	/mnt/data/shashwat/memory-representation/data/contextbench_phase2/execution_qwen25_14b/runs/astropy__astropy-15082/adp/prediction.json	154
FILE	/mnt/data/shashwat/memory-representation/data/contextbench_phase2/execution_qwen25_14b/runs/astropy__astropy-15082/adp/patch.diff	0
FILE	/mnt/data/shashwat/memory-representation/data/contextbench_phase2/execution_qwen25_14b/runs/astropy__astropy-15082/adp/stderr.log	694
FILE	/mnt/data/shashwat/memory-representation/data/contextbench_phase2/execution_qwen25_14b/runs/astropy__astropy-15082/adp/stdout.jsonl	53517
FILE	/mnt/data/shashwat/memory-representation/data/contextbench_phase2/execution_qwen25_14b/runs/astropy__astropy-15082/adp/.openhands_home/.openhands/conversations/507a1808e618462ea33cdb146ca7bb59/base_state.json	284574
FILE	/mnt/data/shashwat/memory-representation/data/contextbench_phase2/execution_qwen25_14b/runs/astropy__astropy-15082/adp/run_meta.json	4733
FILE	/mnt/data/shashwat/memory-representation/data/contextbench_phase2/execution_qwen25_14b/runs/astropy__astropy-15082/memory/prediction.json	154
FILE	/mnt/data/shashwat/memory-representation/data/contextbench_phase2/execution_qwen25_14b/runs/astropy__astropy-15082/memory/patch.diff	0
FILE	/mnt/data/shashwat/memory-representation/data/contextbench_phase2/execution_qwen25_14b/runs/astropy__astropy-15082/memory/stderr.log	694
FILE	/mnt/data/shashwat/memory-representation/data/contextbench_phase2/execution_qwen25_14b/runs/astropy__astropy-15082/memory/stdout.jsonl	38538
FILE	/mnt/data/shashwat/memory-representation/data/contextbench_phase2/execution_qwen25_14b/runs/astropy__astropy-15082/memory/.openhands_home/.openhands/conversations/7e8330491f3540dfb3d5eb0f4e346c69/base_state.json	284570
FILE	/mnt/data/shashwat/memory-representation/data/contextbench_phase2/execution_qwen25_14b/runs/astropy__astropy-15082/memory/run_meta.json	4784
FILE	/mnt/data/shashwat/memory-representation/data/contextbench_phase2/execution_qwen25_14b/runs/astropy__astropy-15082/no_memory/prediction.json	154
FILE	/mnt/data/shashwat/memory-representation/data/contextbench_phase2/execution_qwen25_14b/runs/astropy__astropy-15082/no_memory/patch.diff	0
FILE	/mnt/data/shashwat/memory-representation/data/contextbench_phase2/execution_qwen25_14b/runs/astropy__astropy-15082/no_memory/stderr.log	694
FILE	/mnt/data/shashwat/memory-representation/data/contextbench_phase2/execution_qwen25_14b/runs/astropy__astropy-15082/no_memory/stdout.jsonl	19522
FILE	/mnt/data/shashwat/memory-representation/data/contextbench_phase2/execution_qwen25_14b/runs/astropy__astropy-15082/no_memory/.openhands_home/.openhands/conversations/82506cf7b6264f94b1e4b5d83abbcdeb/base_state.json	284561
FILE	/mnt/data/shashwat/memory-representation/data/contextbench_phase2/execution_qwen25_14b/runs/astropy__astropy-15082/no_memory/run_meta.json	4835
FILE	/mnt/data/shashwat/memory-representation/data/contextbench_phase2/execution_qwen25_14b/runs/astropy__astropy-15082/raw/prediction.json	154
FILE	/mnt/data/shashwat/memory-representation/data/contextbench_phase2/execution_qwen25_14b/runs/astropy__astropy-15082/raw/patch.diff	0
FILE	/mnt/data/shashwat/memory-representation/data/contextbench_phase2/execution_qwen25_14b/runs/astropy__astropy-15082/raw/stderr.log	694
FILE	/mnt/data/shashwat/memory-representation/data/contextbench_phase2/execution_qwen25_14b/runs/astropy__astropy-15082/raw/stdout.jsonl	48660
FILE	/mnt/data/shashwat/memory-representation/data/contextbench_phase2/execution_qwen25_14b/runs/astropy__astropy-15082/raw/.openhands_home/.openhands/conversations/209ee3d2ffd44faba0dc74284fb7c184/base_state.json	284575
FILE	/mnt/data/shashwat/memory-representation/data/contextbench_phase2/execution_qwen25_14b/runs/astropy__astropy-15082/raw/run_meta.json	4733
FILE	/mnt/data/shashwat/memory-representation/data/contextbench_phase2/execution_10x4_devstral_24b/runs/django__django-25916/no_memory/stderr.log	694
FILE	/mnt/data/shashwat/memory-representation/data/contextbench_phase2/execution_10x4_devstral_24b/runs/django__django-25916/no_memory/stdout.jsonl	90698
FILE	/mnt/data/shashwat/memory-representation/data/contextbench_phase2/execution_10x4_devstral_24b/runs/django__django-25916/no_memory/.openhands_home/.openhands/conversations/e69c492f9146488a9891db9c9cee80f4/base_state.json	16468
FILE	/mnt/data/shashwat/memory-representation/data/contextbench_phase2/execution_10x4_devstral_24b/runs/django__django-25916/no_memory/run_meta.json	2211
FILE	/mnt/data/shashwat/memory-representation/data/contextbench_phase2/execution_10x4_devstral_24b/runs/django__django-20098/adp/run_meta.json	2473
FILE	/mnt/data/shashwat/memory-representation/data/contextbench_phase2/execution_10x4_devstral_24b/runs/django__django-20098/memory/run_meta.json	2503
FILE	/mnt/data/shashwat/memory-representation/data/contextbench_phase2/execution_10x4_devstral_24b/runs/django__django-20098/no_memory/run_meta.json	2533
FILE	/mnt/data/shashwat/memory-representation/data/contextbench_phase2/execution_10x4_devstral_24b/runs/django__django-20098/raw/run_meta.json	2473
FILE	/mnt/data/shashwat/memory-representation/data/contextbench_phase2/execution_10x4_devstral_24b/runs/django__django-18166/adp/run_meta.json	2473
FILE	/mnt/data/shashwat/memory-representation/data/contextbench_phase2/execution_10x4_devstral_24b/runs/django__django-18166/memory/run_meta.json	2503
FILE	/mnt/data/shashwat/memory-representation/data/contextbench_phase2/execution_10x4_devstral_24b/runs/django__django-18166/no_memory/run_meta.json	2533
FILE	/mnt/data/shashwat/memory-representation/data/contextbench_phase2/execution_10x4_devstral_24b/runs/django__django-18166/raw/run_meta.json	2473
FILE	/mnt/data/shashwat/memory-representation/data/contextbench_phase2/execution_10x4_devstral_24b/runs/django__django-11776/adp/run_meta.json	2472
FILE	/mnt/data/shashwat/memory-representation/data/contextbench_phase2/execution_10x4_devstral_24b/runs/django__django-11776/memory/run_meta.json	2503
FILE	/mnt/data/shashwat/memory-representation/data/contextbench_phase2/execution_10x4_devstral_24b/runs/django__django-11776/no_memory/run_meta.json	2533
FILE	/mnt/data/shashwat/memory-representation/data/contextbench_phase2/execution_10x4_devstral_24b/runs/django__django-11776/raw/run_meta.json	2473
FILE	/mnt/data/shashwat/memory-representation/data/contextbench_phase2/execution_10x4_devstral_24b/runs/django__django-21204/adp/prediction.json	150
FILE	/mnt/data/shashwat/memory-representation/data/contextbench_phase2/execution_10x4_devstral_24b/runs/django__django-21204/adp/patch.diff	0
FILE	/mnt/data/shashwat/memory-representation/data/contextbench_phase2/execution_10x4_devstral_24b/runs/django__django-21204/adp/stderr.log	694
FILE	/mnt/data/shashwat/memory-representation/data/contextbench_phase2/execution_10x4_devstral_24b/runs/django__django-21204/adp/stdout.jsonl	58606
FILE	/mnt/data/shashwat/memory-representation/data/contextbench_phase2/execution_10x4_devstral_24b/runs/django__django-21204/adp/.openhands_home/.openhands/conversations/1e6e9721f62f46c7b1ee9abe77aa10e7/base_state.json	3869
FILE	/mnt/data/shashwat/memory-representation/data/contextbench_phase2/execution_10x4_devstral_24b/runs/django__django-21204/adp/run_meta.json	4792
FILE	/mnt/data/shashwat/memory-representation/data/contextbench_phase2/execution_10x4_devstral_24b/runs/django__django-21204/memory/prediction.json	150
FILE	/mnt/data/shashwat/memory-representation/data/contextbench_phase2/execution_10x4_devstral_24b/runs/django__django-21204/memory/patch.diff	0
FILE	/mnt/data/shashwat/memory-representation/data/contextbench_phase2/execution_10x4_devstral_24b/runs/django__django-21204/memory/stderr.log	694
FILE	/mnt/data/shashwat/memory-representation/data/contextbench_phase2/execution_10x4_devstral_24b/runs/django__django-21204/memory/stdout.jsonl	49295
FILE	/mnt/data/shashwat/memory-representation/data/contextbench_phase2/execution_10x4_devstral_24b/runs/django__django-21204/memory/.openhands_home/.openhands/conversations/c44e501f1f8e4b42854d60df4c2efc8c/base_state.json	3870
FILE	/mnt/data/shashwat/memory-representation/data/contextbench_phase2/execution_10x4_devstral_24b/runs/django__django-21204/memory/run_meta.json	4844
FILE	/mnt/data/shashwat/memory-representation/data/contextbench_phase2/execution_10x4_devstral_24b/runs/django__django-21204/no_memory/prediction.json	150
FILE	/mnt/data/shashwat/memory-representation/data/contextbench_phase2/execution_10x4_devstral_24b/runs/django__django-21204/no_memory/patch.diff	0
FILE	/mnt/data/shashwat/memory-representation/data/contextbench_phase2/execution_10x4_devstral_24b/runs/django__django-21204/no_memory/stderr.log	694
FILE	/mnt/data/shashwat/memory-representation/data/contextbench_phase2/execution_10x4_devstral_24b/runs/django__django-21204/no_memory/stdout.jsonl	630561
FILE	/mnt/data/shashwat/memory-representation/data/contextbench_phase2/execution_10x4_devstral_24b/runs/django__django-21204/no_memory/.openhands_home/.openhands/conversations/d1e64c837ec8488fa93a8772fcf452be/base_state.json	95105
FILE	/mnt/data/shashwat/memory-representation/data/contextbench_phase2/execution_10x4_devstral_24b/runs/django__django-21204/no_memory/run_meta.json	4896
FILE	/mnt/data/shashwat/memory-representation/data/contextbench_phase2/execution_10x4_devstral_24b/runs/django__django-21204/raw/prediction.json	150
FILE	/mnt/data/shashwat/memory-representation/data/contextbench_phase2/execution_10x4_devstral_24b/runs/django__django-21204/raw/patch.diff	0
FILE	/mnt/data/shashwat/memory-representation/data/contextbench_phase2/execution_10x4_devstral_24b/runs/django__django-21204/raw/stderr.log	694
FILE	/mnt/data/shashwat/memory-representation/data/contextbench_phase2/execution_10x4_devstral_24b/runs/django__django-21204/raw/stdout.jsonl	43422
FILE	/mnt/data/shashwat/memory-representation/data/contextbench_phase2/execution_10x4_devstral_24b/runs/django__django-21204/raw/.openhands_home/.openhands/conversations/f0aee733ead846df83f79509b8a1a399/base_state.json	3869
FILE	/mnt/data/shashwat/memory-representation/data/contextbench_phase2/execution_10x4_devstral_24b/runs/django__django-21204/raw/run_meta.json	4793
FILE	/mnt/data/shashwat/memory-representation/data/contextbench_phase2/execution_10x4_devstral_24b/runs/astropy__astropy-4973/adp/run_meta.json	2487
FILE	/mnt/data/shashwat/memory-representation/data/contextbench_phase2/execution_10x4_devstral_24b/runs/astropy__astropy-4973/memory/run_meta.json	2517
FILE	/mnt/data/shashwat/memory-representation/data/contextbench_phase2/execution_10x4_devstral_24b/runs/astropy__astropy-4973/no_memory/run_meta.json	2547
FILE	/mnt/data/shashwat/memory-representation/data/contextbench_phase2/execution_10x4_devstral_24b/runs/astropy__astropy-4973/raw/run_meta.json	2487
FILE	/mnt/data/shashwat/memory-representation/data/contextbench_phase2/execution_10x4_devstral_24b/runs/astropy__astropy-15082/adp/prediction.json	152
FILE	/mnt/data/shashwat/memory-representation/data/contextbench_phase2/execution_10x4_devstral_24b/runs/astropy__astropy-15082/adp/patch.diff	0
FILE	/mnt/data/shashwat/memory-representation/data/contextbench_phase2/execution_10x4_devstral_24b/runs/astropy__astropy-15082/adp/stderr.log	694
FILE	/mnt/data/shashwat/memory-representation/data/contextbench_phase2/execution_10x4_devstral_24b/runs/astropy__astropy-15082/adp/stdout.jsonl	86941
FILE	/mnt/data/shashwat/memory-representation/data/contextbench_phase2/execution_10x4_devstral_24b/runs/astropy__astropy-15082/adp/.openhands_home/.openhands/conversations/58a8163ceaed4d2fb45d04844a3567ee/base_state.json	3871
FILE	/mnt/data/shashwat/memory-representation/data/contextbench_phase2/execution_10x4_devstral_24b/runs/astropy__astropy-15082/adp/run_meta.json	4835
FILE	/mnt/data/shashwat/memory-representation/data/contextbench_phase2/execution_10x4_devstral_24b/runs/astropy__astropy-15082/memory/prediction.json	152
FILE	/mnt/data/shashwat/memory-representation/data/contextbench_phase2/execution_10x4_devstral_24b/runs/astropy__astropy-15082/memory/patch.diff	0
FILE	/mnt/data/shashwat/memory-representation/data/contextbench_phase2/execution_10x4_devstral_24b/runs/astropy__astropy-15082/memory/stderr.log	694
FILE	/mnt/data/shashwat/memory-representation/data/contextbench_phase2/execution_10x4_devstral_24b/runs/astropy__astropy-15082/memory/stdout.jsonl	88040
FILE	/mnt/data/shashwat/memory-representation/data/contextbench_phase2/execution_10x4_devstral_24b/runs/astropy__astropy-15082/memory/.openhands_home/.openhands/conversations/4653691e767e44ba9603fa02fea63d73/base_state.json	3869
FILE	/mnt/data/shashwat/memory-representation/data/contextbench_phase2/execution_10x4_devstral_24b/runs/astropy__astropy-15082/memory/run_meta.json	4886
FILE	/mnt/data/shashwat/memory-representation/data/contextbench_phase2/execution_10x4_devstral_24b/runs/astropy__astropy-15082/no_memory/prediction.json	152
FILE	/mnt/data/shashwat/memory-representation/data/contextbench_phase2/execution_10x4_devstral_24b/runs/astropy__astropy-15082/no_memory/patch.diff	0
FILE	/mnt/data/shashwat/memory-representation/data/contextbench_phase2/execution_10x4_devstral_24b/runs/astropy__astropy-15082/no_memory/stderr.log	694
FILE	/mnt/data/shashwat/memory-representation/data/contextbench_phase2/execution_10x4_devstral_24b/runs/astropy__astropy-15082/no_memory/stdout.jsonl	110749
FILE	/mnt/data/shashwat/memory-representation/data/contextbench_phase2/execution_10x4_devstral_24b/runs/astropy__astropy-15082/no_memory/.openhands_home/.openhands/conversations/19a10bce363f43988dc6628f4316ef3a/base_state.json	18919
FILE	/mnt/data/shashwat/memory-representation/data/contextbench_phase2/execution_10x4_devstral_24b/runs/astropy__astropy-15082/no_memory/run_meta.json	4937
FILE	/mnt/data/shashwat/memory-representation/data/contextbench_phase2/execution_10x4_devstral_24b/runs/astropy__astropy-15082/raw/prediction.json	152
FILE	/mnt/data/shashwat/memory-representation/data/contextbench_phase2/execution_10x4_devstral_24b/runs/astropy__astropy-15082/raw/patch.diff	0
FILE	/mnt/data/shashwat/memory-representation/data/contextbench_phase2/execution_10x4_devstral_24b/runs/astropy__astropy-15082/raw/stderr.log	694
FILE	/mnt/data/shashwat/memory-representation/data/contextbench_phase2/execution_10x4_devstral_24b/runs/astropy__astropy-15082/raw/stdout.jsonl	73479
FILE	/mnt/data/shashwat/memory-representation/data/contextbench_phase2/execution_10x4_devstral_24b/runs/astropy__astropy-15082/raw/.openhands_home/.openhands/conversations/405bb86fce484b49ae5a61115d8be5f0/base_state.json	3870
FILE	/mnt/data/shashwat/memory-representation/data/contextbench_phase2/execution_10x4_devstral_24b/runs/astropy__astropy-15082/raw/run_meta.json	4834
FILE	/mnt/data/shashwat/memory-representation/data/contextbench_phase2/execution_10x4_devstral_24b/runs/django__django-1891/adp/run_meta.json	2460
FILE	/mnt/data/shashwat/memory-representation/data/contextbench_phase2/execution_10x4_devstral_24b/runs/django__django-1891/memory/run_meta.json	2490
FILE	/mnt/data/shashwat/memory-representation/data/contextbench_phase2/execution_10x4_devstral_24b/runs/django__django-1891/no_memory/run_meta.json	2520
FILE	/mnt/data/shashwat/memory-representation/data/contextbench_phase2/execution_10x4_devstral_24b/runs/django__django-1891/raw/run_meta.json	2460
FILE	/mnt/data/shashwat/memory-representation/data/contextbench_phase2/execution_10x4_devstral_24b/runs/django__django-21501/adp/run_meta.json	2473
FILE	/mnt/data/shashwat/memory-representation/data/contextbench_phase2/execution_10x4_devstral_24b/runs/django__django-21501/memory/run_meta.json	2503
FILE	/mnt/data/shashwat/memory-representation/data/contextbench_phase2/execution_10x4_devstral_24b/runs/django__django-21501/no_memory/run_meta.json	2533
FILE	/mnt/data/shashwat/memory-representation/data/contextbench_phase2/execution_10x4_devstral_24b/runs/django__django-21501/raw/run_meta.json	2473
FILE	/mnt/data/shashwat/memory-representation/data/contextbench_phase2/execution_10x4_devstral_24b_32k_clean/runs/django__django-18166/adp/prediction.json	1071
FILE	/mnt/data/shashwat/memory-representation/data/contextbench_phase2/execution_10x4_devstral_24b_32k_clean/runs/django__django-18166/adp/patch.diff	897
FILE	/mnt/data/shashwat/memory-representation/data/contextbench_phase2/execution_10x4_devstral_24b_32k_clean/runs/django__django-18166/adp/stderr.log	694
FILE	/mnt/data/shashwat/memory-representation/data/contextbench_phase2/execution_10x4_devstral_24b_32k_clean/runs/django__django-18166/adp/stdout.jsonl	108785
FILE	/mnt/data/shashwat/memory-representation/data/contextbench_phase2/execution_10x4_devstral_24b_32k_clean/runs/django__django-18166/adp/.openhands_home/.openhands/conversations/278174e370714cd3891512623c0cb912/base_state.json	6891
FILE	/mnt/data/shashwat/memory-representation/data/contextbench_phase2/execution_10x4_devstral_24b_32k_clean/runs/django__django-18166/adp/run_meta.json	4935
FILE	/mnt/data/shashwat/memory-representation/data/contextbench_phase2/execution_10x4_devstral_24b_32k_clean/runs/django__django-18166/memory/prediction.json	2353
FILE	/mnt/data/shashwat/memory-representation/data/contextbench_phase2/execution_10x4_devstral_24b_32k_clean/runs/django__django-18166/memory/patch.diff	2116
FILE	/mnt/data/shashwat/memory-representation/data/contextbench_phase2/execution_10x4_devstral_24b_32k_clean/runs/django__django-18166/memory/stderr.log	694
FILE	/mnt/data/shashwat/memory-representation/data/contextbench_phase2/execution_10x4_devstral_24b_32k_clean/runs/django__django-18166/memory/stdout.jsonl	120251
FILE	/mnt/data/shashwat/memory-representation/data/contextbench_phase2/execution_10x4_devstral_24b_32k_clean/runs/django__django-18166/memory/.openhands_home/.openhands/conversations/7b6c2d066a6d4d8a8b9ddee295705842/base_state.json	7549
FILE	/mnt/data/shashwat/memory-representation/data/contextbench_phase2/execution_10x4_devstral_24b_32k_clean/runs/django__django-18166/memory/run_meta.json	4987
FILE	/mnt/data/shashwat/memory-representation/data/contextbench_phase2/execution_10x4_devstral_24b_32k_clean/runs/django__django-18166/no_memory/prediction.json	1071
FILE	/mnt/data/shashwat/memory-representation/data/contextbench_phase2/execution_10x4_devstral_24b_32k_clean/runs/django__django-18166/no_memory/patch.diff	897
FILE	/mnt/data/shashwat/memory-representation/data/contextbench_phase2/execution_10x4_devstral_24b_32k_clean/runs/django__django-18166/no_memory/stderr.log	694
FILE	/mnt/data/shashwat/memory-representation/data/contextbench_phase2/execution_10x4_devstral_24b_32k_clean/runs/django__django-18166/no_memory/stdout.jsonl	121231
FILE	/mnt/data/shashwat/memory-representation/data/contextbench_phase2/execution_10x4_devstral_24b_32k_clean/runs/django__django-18166/no_memory/.openhands_home/.openhands/conversations/91dac69485544de8b70964cadf027916/base_state.json	7549
FILE	/mnt/data/shashwat/memory-representation/data/contextbench_phase2/execution_10x4_devstral_24b_32k_clean/runs/django__django-18166/no_memory/run_meta.json	5037
FILE	/mnt/data/shashwat/memory-representation/data/contextbench_phase2/execution_10x4_devstral_24b_32k_clean/runs/django__django-18166/raw/prediction.json	6519
FILE	/mnt/data/shashwat/memory-representation/data/contextbench_phase2/execution_10x4_devstral_24b_32k_clean/runs/django__django-18166/raw/patch.diff	6141
FILE	/mnt/data/shashwat/memory-representation/data/contextbench_phase2/execution_10x4_devstral_24b_32k_clean/runs/django__django-18166/raw/stderr.log	1099
FILE	/mnt/data/shashwat/memory-representation/data/contextbench_phase2/execution_10x4_devstral_24b_32k_clean/runs/django__django-18166/raw/stdout.jsonl	577314
FILE	/mnt/data/shashwat/memory-representation/data/contextbench_phase2/execution_10x4_devstral_24b_32k_clean/runs/django__django-18166/raw/.openhands_home/.openhands/conversations/2cb2d8d4c1034e819ef040d3598f17d5/base_state.json	17716
FILE	/mnt/data/shashwat/memory-representation/data/contextbench_phase2/execution_10x4_devstral_24b_32k_clean/runs/django__django-18166/raw/run_meta.json	4937
FILE	/mnt/data/shashwat/memory-representation/data/contextbench_phase2/execution_10x4_devstral_24b_32k_clean/runs/django__django-11776/adp/prediction.json	39086
FILE	/mnt/data/shashwat/memory-representation/data/contextbench_phase2/execution_10x4_devstral_24b_32k_clean/runs/django__django-11776/adp/patch.diff	37523
FILE	/mnt/data/shashwat/memory-representation/data/contextbench_phase2/execution_10x4_devstral_24b_32k_clean/runs/django__django-11776/adp/stderr.log	1099
FILE	/mnt/data/shashwat/memory-representation/data/contextbench_phase2/execution_10x4_devstral_24b_32k_clean/runs/django__django-11776/adp/stdout.jsonl	452487
FILE	/mnt/data/shashwat/memory-representation/data/contextbench_phase2/execution_10x4_devstral_24b_32k_clean/runs/django__django-11776/adp/.openhands_home/.openhands/conversations/6318260d3f3a48d8bd3caed309d3e236/base_state.json	29853
FILE	/mnt/data/shashwat/memory-representation/data/contextbench_phase2/execution_10x4_devstral_24b_32k_clean/runs/django__django-11776/adp/run_meta.json	5254
FILE	/mnt/data/shashwat/memory-representation/data/contextbench_phase2/execution_10x4_devstral_24b_32k_clean/runs/django__django-11776/memory/prediction.json	18142
FILE	/mnt/data/shashwat/memory-representation/data/contextbench_phase2/execution_10x4_devstral_24b_32k_clean/runs/django__django-11776/memory/patch.diff	17195
FILE	/mnt/data/shashwat/memory-representation/data/contextbench_phase2/execution_10x4_devstral_24b_32k_clean/runs/django__django-11776/memory/stderr.log	694
FILE	/mnt/data/shashwat/memory-representation/data/contextbench_phase2/execution_10x4_devstral_24b_32k_clean/runs/django__django-11776/memory/stdout.jsonl	1547159
FILE	/mnt/data/shashwat/memory-representation/data/contextbench_phase2/execution_10x4_devstral_24b_32k_clean/runs/django__django-11776/memory/.openhands_home/.openhands/conversations/04ee62458acb4078b5d30b1e2e72b5f7/base_state.json	29164
FILE	/mnt/data/shashwat/memory-representation/data/contextbench_phase2/execution_10x4_devstral_24b_32k_clean/runs/django__django-11776/memory/run_meta.json	4989
FILE	/mnt/data/shashwat/memory-representation/data/contextbench_phase2/execution_10x4_devstral_24b_32k_clean/runs/django__django-11776/no_memory/prediction.json	6587
FILE	/mnt/data/shashwat/memory-representation/data/contextbench_phase2/execution_10x4_devstral_24b_32k_clean/runs/django__django-11776/no_memory/patch.diff	6211
FILE	/mnt/data/shashwat/memory-representation/data/contextbench_phase2/execution_10x4_devstral_24b_32k_clean/runs/django__django-11776/no_memory/stderr.log	694
FILE	/mnt/data/shashwat/memory-representation/data/contextbench_phase2/execution_10x4_devstral_24b_32k_clean/runs/django__django-11776/no_memory/stdout.jsonl	1081240
FILE	/mnt/data/shashwat/memory-representation/data/contextbench_phase2/execution_10x4_devstral_24b_32k_clean/runs/django__django-11776/no_memory/.openhands_home/.openhands/conversations/1fa71685ddb14e1e86d0d6998a907178/base_state.json	28842
FILE	/mnt/data/shashwat/memory-representation/data/contextbench_phase2/execution_10x4_devstral_24b_32k_clean/runs/django__django-11776/no_memory/run_meta.json	5039
FILE	/mnt/data/shashwat/memory-representation/data/contextbench_phase2/execution_10x4_devstral_24b_32k_clean/runs/django__django-11776/raw/prediction.json	11650
FILE	/mnt/data/shashwat/memory-representation/data/contextbench_phase2/execution_10x4_devstral_24b_32k_clean/runs/django__django-11776/raw/patch.diff	10977
FILE	/mnt/data/shashwat/memory-representation/data/contextbench_phase2/execution_10x4_devstral_24b_32k_clean/runs/django__django-11776/raw/stderr.log	2357
FILE	/mnt/data/shashwat/memory-representation/data/contextbench_phase2/execution_10x4_devstral_24b_32k_clean/runs/django__django-11776/raw/stdout.jsonl	1244827
FILE	/mnt/data/shashwat/memory-representation/data/contextbench_phase2/execution_10x4_devstral_24b_32k_clean/runs/django__django-11776/raw/.openhands_home/.openhands/conversations/f83736278526443abd67e4f4a3d51755/base_state.json	19999
FILE	/mnt/data/shashwat/memory-representation/data/contextbench_phase2/execution_10x4_devstral_24b_32k_clean/runs/django__django-11776/raw/run_meta.json	4949
FILE	/mnt/data/shashwat/memory-representation/data/contextbench_phase2/execution_10x4_devstral_24b_32k_clean/runs/astropy__astropy-4973/adp/prediction.json	14861
FILE	/mnt/data/shashwat/memory-representation/data/contextbench_phase2/execution_10x4_devstral_24b_32k_clean/runs/astropy__astropy-4973/adp/patch.diff	14130
FILE	/mnt/data/shashwat/memory-representation/data/contextbench_phase2/execution_10x4_devstral_24b_32k_clean/runs/astropy__astropy-4973/adp/stderr.log	2762
FILE	/mnt/data/shashwat/memory-representation/data/contextbench_phase2/execution_10x4_devstral_24b_32k_clean/runs/astropy__astropy-4973/adp/stdout.jsonl	752431
FILE	/mnt/data/shashwat/memory-representation/data/contextbench_phase2/execution_10x4_devstral_24b_32k_clean/runs/astropy__astropy-4973/adp/.openhands_home/.openhands/conversations/a9db4c20128b495a8cc3ae9f5be0a760/base_state.json	16408
FILE	/mnt/data/shashwat/memory-representation/data/contextbench_phase2/execution_10x4_devstral_24b_32k_clean/runs/astropy__astropy-4973/adp/run_meta.json	4970
FILE	/mnt/data/shashwat/memory-representation/data/contextbench_phase2/execution_10x4_devstral_24b_32k_clean/runs/astropy__astropy-4973/memory/prediction.json	1597
FILE	/mnt/data/shashwat/memory-representation/data/contextbench_phase2/execution_10x4_devstral_24b_32k_clean/runs/astropy__astropy-4973/memory/patch.diff	1411
FILE	/mnt/data/shashwat/memory-representation/data/contextbench_phase2/execution_10x4_devstral_24b_32k_clean/runs/astropy__astropy-4973/memory/stderr.log	694
FILE	/mnt/data/shashwat/memory-representation/data/contextbench_phase2/execution_10x4_devstral_24b_32k_clean/runs/astropy__astropy-4973/memory/stdout.jsonl	748677
FILE	/mnt/data/shashwat/memory-representation/data/contextbench_phase2/execution_10x4_devstral_24b_32k_clean/runs/astropy__astropy-4973/memory/.openhands_home/.openhands/conversations/08d2be4cb64a4015a402afff17098639/base_state.json	16080
FILE	/mnt/data/shashwat/memory-representation/data/contextbench_phase2/execution_10x4_devstral_24b_32k_clean/runs/astropy__astropy-4973/memory/run_meta.json	9917
FILE	/mnt/data/shashwat/memory-representation/data/contextbench_phase2/execution_10x4_devstral_24b_32k_clean/runs/astropy__astropy-4973/no_memory/prediction.json	134443
FILE	/mnt/data/shashwat/memory-representation/data/contextbench_phase2/execution_10x4_devstral_24b_32k_clean/runs/astropy__astropy-4973/no_memory/patch.diff	130266
FILE	/mnt/data/shashwat/memory-representation/data/contextbench_phase2/execution_10x4_devstral_24b_32k_clean/runs/astropy__astropy-4973/no_memory/stderr.log	694
FILE	/mnt/data/shashwat/memory-representation/data/contextbench_phase2/execution_10x4_devstral_24b_32k_clean/runs/astropy__astropy-4973/no_memory/stdout.jsonl	226359
FILE	/mnt/data/shashwat/memory-representation/data/contextbench_phase2/execution_10x4_devstral_24b_32k_clean/runs/astropy__astropy-4973/no_memory/.openhands_home/.openhands/conversations/5199b5b7c6054b8c9a13b8a6cac52011/base_state.json	19014
FILE	/mnt/data/shashwat/memory-representation/data/contextbench_phase2/execution_10x4_devstral_24b_32k_clean/runs/astropy__astropy-4973/no_memory/run_meta.json	5062
FILE	/mnt/data/shashwat/memory-representation/data/contextbench_phase2/execution_10x4_devstral_24b_32k_clean/runs/astropy__astropy-4973/raw/prediction.json	151
FILE	/mnt/data/shashwat/memory-representation/data/contextbench_phase2/execution_10x4_devstral_24b_32k_clean/runs/astropy__astropy-4973/raw/patch.diff	0
FILE	/mnt/data/shashwat/memory-representation/data/contextbench_phase2/execution_10x4_devstral_24b_32k_clean/runs/astropy__astropy-4973/raw/stderr.log	694
FILE	/mnt/data/shashwat/memory-representation/data/contextbench_phase2/execution_10x4_devstral_24b_32k_clean/runs/astropy__astropy-4973/raw/stdout.jsonl	24755
FILE	/mnt/data/shashwat/memory-representation/data/contextbench_phase2/execution_10x4_devstral_24b_32k_clean/runs/astropy__astropy-4973/raw/.openhands_home/.openhands/conversations/9f36d89e137a4f678ebf2d6310237c4d/base_state.json	3941
FILE	/mnt/data/shashwat/memory-representation/data/contextbench_phase2/execution_10x4_devstral_24b_32k_clean/runs/astropy__astropy-4973/raw/run_meta.json	4964
FILE	/mnt/data/shashwat/memory-representation/data/contextbench_phase2/execution_10x4_devstral_24b_32k_clean/runs/astropy__astropy-15082/adp/prediction.json	152
FILE	/mnt/data/shashwat/memory-representation/data/contextbench_phase2/execution_10x4_devstral_24b_32k_clean/runs/astropy__astropy-15082/adp/patch.diff	0
FILE	/mnt/data/shashwat/memory-representation/data/contextbench_phase2/execution_10x4_devstral_24b_32k_clean/runs/astropy__astropy-15082/adp/stderr.log	694
FILE	/mnt/data/shashwat/memory-representation/data/contextbench_phase2/execution_10x4_devstral_24b_32k_clean/runs/astropy__astropy-15082/adp/stdout.jsonl	69596
FILE	/mnt/data/shashwat/memory-representation/data/contextbench_phase2/execution_10x4_devstral_24b_32k_clean/runs/astropy__astropy-15082/adp/.openhands_home/.openhands/conversations/d1e0b568645d4f9e92750751e3ff39ee/base_state.json	3605
FILE	/mnt/data/shashwat/memory-representation/data/contextbench_phase2/execution_10x4_devstral_24b_32k_clean/runs/astropy__astropy-15082/adp/run_meta.json	4983
FILE	/mnt/data/shashwat/memory-representation/data/contextbench_phase2/execution_10x4_devstral_24b_32k_clean/runs/astropy__astropy-15082/memory/stderr.log	694
FILE	/mnt/data/shashwat/memory-representation/data/contextbench_phase2/execution_10x4_devstral_24b_32k_clean/runs/astropy__astropy-15082/memory/stdout.jsonl	57298
FILE	/mnt/data/shashwat/memory-representation/data/contextbench_phase2/execution_10x4_devstral_24b_32k_clean/runs/astropy__astropy-15082/memory/.openhands_home/.openhands/conversations/a6fd3fa1dafd4d869f01fe4134b37460/base_state.json	3605
FILE	/mnt/data/shashwat/memory-representation/data/contextbench_phase2/execution_10x4_devstral_24b_32k_clean/runs/astropy__astropy-15082/memory/run_meta.json	2274
FILE	/mnt/data/shashwat/memory-representation/data/contextbench_phase2/execution_10x4_devstral_24b_32k_clean/runs/astropy__astropy-15082/no_memory/prediction.json	152
FILE	/mnt/data/shashwat/memory-representation/data/contextbench_phase2/execution_10x4_devstral_24b_32k_clean/runs/astropy__astropy-15082/no_memory/patch.diff	0
FILE	/mnt/data/shashwat/memory-representation/data/contextbench_phase2/execution_10x4_devstral_24b_32k_clean/runs/astropy__astropy-15082/no_memory/stderr.log	694
FILE	/mnt/data/shashwat/memory-representation/data/contextbench_phase2/execution_10x4_devstral_24b_32k_clean/runs/astropy__astropy-15082/no_memory/stdout.jsonl	38477
FILE	/mnt/data/shashwat/memory-representation/data/contextbench_phase2/execution_10x4_devstral_24b_32k_clean/runs/astropy__astropy-15082/no_memory/.openhands_home/.openhands/conversations/55269e7503d747189456544045721de4/base_state.json	3605
FILE	/mnt/data/shashwat/memory-representation/data/contextbench_phase2/execution_10x4_devstral_24b_32k_clean/runs/astropy__astropy-15082/no_memory/run_meta.json	5084
FILE	/mnt/data/shashwat/memory-representation/data/contextbench_phase2/execution_10x4_devstral_24b_32k_clean/runs/astropy__astropy-15082/raw/prediction.json	152
FILE	/mnt/data/shashwat/memory-representation/data/contextbench_phase2/execution_10x4_devstral_24b_32k_clean/runs/astropy__astropy-15082/raw/patch.diff	0
FILE	/mnt/data/shashwat/memory-representation/data/contextbench_phase2/execution_10x4_devstral_24b_32k_clean/runs/astropy__astropy-15082/raw/stderr.log	694
FILE	/mnt/data/shashwat/memory-representation/data/contextbench_phase2/execution_10x4_devstral_24b_32k_clean/runs/astropy__astropy-15082/raw/stdout.jsonl	64118
FILE	/mnt/data/shashwat/memory-representation/data/contextbench_phase2/execution_10x4_devstral_24b_32k_clean/runs/astropy__astropy-15082/raw/.openhands_home/.openhands/conversations/d9021060a8fd4e5ab359469855b589de/base_state.json	3605
FILE	/mnt/data/shashwat/memory-representation/data/contextbench_phase2/execution_10x4_devstral_24b_32k_clean/runs/astropy__astropy-15082/raw/run_meta.json	4983
FILE	/mnt/data/shashwat/memory-representation/data/contextbench_phase2/execution_10x4_devstral_24b_32k_clean/runs/django__django-1891/adp/prediction.json	149
FILE	/mnt/data/shashwat/memory-representation/data/contextbench_phase2/execution_10x4_devstral_24b_32k_clean/runs/django__django-1891/adp/patch.diff	0
FILE	/mnt/data/shashwat/memory-representation/data/contextbench_phase2/execution_10x4_devstral_24b_32k_clean/runs/django__django-1891/adp/stderr.log	1504
FILE	/mnt/data/shashwat/memory-representation/data/contextbench_phase2/execution_10x4_devstral_24b_32k_clean/runs/django__django-1891/adp/stdout.jsonl	131759
FILE	/mnt/data/shashwat/memory-representation/data/contextbench_phase2/execution_10x4_devstral_24b_32k_clean/runs/django__django-1891/adp/.openhands_home/.openhands/conversations/f055f9fa4ef1457fb7b313567ab69475/base_state.json	8865
FILE	/mnt/data/shashwat/memory-representation/data/contextbench_phase2/execution_10x4_devstral_24b_32k_clean/runs/django__django-1891/adp/run_meta.json	5976
FILE	/mnt/data/shashwat/memory-representation/data/contextbench_phase2/execution_10x4_devstral_24b_32k_clean/runs/django__django-1891/memory/stderr.log	1666
FILE	/mnt/data/shashwat/memory-representation/data/contextbench_phase2/execution_10x4_devstral_24b_32k_clean/runs/django__django-1891/memory/stdout.jsonl	189828
FILE	/mnt/data/shashwat/memory-representation/data/contextbench_phase2/execution_10x4_devstral_24b_32k_clean/runs/django__django-1891/memory/.openhands_home/.openhands/conversations/c665f17158c548eeb829fee22809631d/base_state.json	12798
FILE	/mnt/data/shashwat/memory-representation/data/contextbench_phase2/execution_10x4_devstral_24b_32k_clean/runs/django__django-1891/memory/run_meta.json	2047
FILE	/mnt/data/shashwat/memory-representation/data/contextbench_phase2/execution_10x4_devstral_24b_32k_clean/runs/django__django-1891/no_memory/prediction.json	986
FILE	/mnt/data/shashwat/memory-representation/data/contextbench_phase2/execution_10x4_devstral_24b_32k_clean/runs/django__django-1891/no_memory/patch.diff	821
FILE	/mnt/data/shashwat/memory-representation/data/contextbench_phase2/execution_10x4_devstral_24b_32k_clean/runs/django__django-1891/no_memory/stderr.log	737
FILE	/mnt/data/shashwat/memory-representation/data/contextbench_phase2/execution_10x4_devstral_24b_32k_clean/runs/django__django-1891/no_memory/stdout.jsonl	583668
FILE	/mnt/data/shashwat/memory-representation/data/contextbench_phase2/execution_10x4_devstral_24b_32k_clean/runs/django__django-1891/no_memory/.openhands_home/.openhands/conversations/6f71300899bb48eda79b705a0ea838fb/base_state.json	31448
FILE	/mnt/data/shashwat/memory-representation/data/contextbench_phase2/execution_10x4_devstral_24b_32k_clean/runs/django__django-1891/no_memory/run_meta.json	5029
FILE	/mnt/data/shashwat/memory-representation/data/contextbench_phase2/execution_10x4_devstral_24b_32k_clean/runs/django__django-1891/raw/prediction.json	34899
FILE	/mnt/data/shashwat/memory-representation/data/contextbench_phase2/execution_10x4_devstral_24b_32k_clean/runs/django__django-1891/raw/patch.diff	33429
FILE	/mnt/data/shashwat/memory-representation/data/contextbench_phase2/execution_10x4_devstral_24b_32k_clean/runs/django__django-1891/raw/stderr.log	737
FILE	/mnt/data/shashwat/memory-representation/data/contextbench_phase2/execution_10x4_devstral_24b_32k_clean/runs/django__django-1891/raw/stdout.jsonl	410434
FILE	/mnt/data/shashwat/memory-representation/data/contextbench_phase2/execution_10x4_devstral_24b_32k_clean/runs/django__django-1891/raw/.openhands_home/.openhands/conversations/52e9cfe9787f4819a409c3f2d9bd7d85/base_state.json	25253
FILE	/mnt/data/shashwat/memory-representation/data/contextbench_phase2/execution_10x4_devstral_24b_32k_clean/runs/django__django-1891/raw/run_meta.json	8451
FILE	/mnt/data/shashwat/memory-representation/data/contextbench_phase2/execution_10x4_devstral_24b_restart2/runs/astropy__astropy-15082/no_memory/stderr.log	2638
FILE	/mnt/data/shashwat/memory-representation/data/contextbench_phase2/execution_10x4_devstral_24b_restart2/runs/astropy__astropy-15082/no_memory/stdout.jsonl	265813
FILE	/mnt/data/shashwat/memory-representation/data/contextbench_phase2/execution_10x4_devstral_24b_restart2/runs/astropy__astropy-15082/no_memory/.openhands_home/.openhands/conversations/b7c387caca754cc5b94f73c35d8b9331/base_state.json	22273
FILE	/mnt/data/shashwat/memory-representation/data/contextbench_phase2/execution_10x4_devstral_24b_restart2/runs/astropy__astropy-15082/no_memory/run_meta.json	2297
FILE	/mnt/data/shashwat/memory-representation/data/contextbench_phase2/execution_10x4_devstral_24b_restart/runs/astropy__astropy-4973/no_memory/stderr.log	2638
FILE	/mnt/data/shashwat/memory-representation/data/contextbench_phase2/execution_10x4_devstral_24b_restart/runs/astropy__astropy-4973/no_memory/stdout.jsonl	294886
FILE	/mnt/data/shashwat/memory-representation/data/contextbench_phase2/execution_10x4_devstral_24b_restart/runs/astropy__astropy-4973/no_memory/.openhands_home/.openhands/conversations/57a5cecf13ab4b4e80815f8eb770d362/base_state.json	33420
FILE	/mnt/data/shashwat/memory-representation/data/contextbench_phase2/execution_10x4_devstral_24b_restart/runs/astropy__astropy-4973/no_memory/run_meta.json	2279
FILE	/mnt/data/shashwat/memory-representation/data/contextbench_phase2/execution_10x4_devstral_24b_restart/runs/astropy__astropy-15082/adp/prediction.json	152
FILE	/mnt/data/shashwat/memory-representation/data/contextbench_phase2/execution_10x4_devstral_24b_restart/runs/astropy__astropy-15082/adp/patch.diff	0
FILE	/mnt/data/shashwat/memory-representation/data/contextbench_phase2/execution_10x4_devstral_24b_restart/runs/astropy__astropy-15082/adp/stderr.log	694
FILE	/mnt/data/shashwat/memory-representation/data/contextbench_phase2/execution_10x4_devstral_24b_restart/runs/astropy__astropy-15082/adp/stdout.jsonl	81502
FILE	/mnt/data/shashwat/memory-representation/data/contextbench_phase2/execution_10x4_devstral_24b_restart/runs/astropy__astropy-15082/adp/.openhands_home/.openhands/conversations/954b5c8c0907484b93e00c3755f0d0b6/base_state.json	3870
FILE	/mnt/data/shashwat/memory-representation/data/contextbench_phase2/execution_10x4_devstral_24b_restart/runs/astropy__astropy-15082/adp/run_meta.json	4955
FILE	/mnt/data/shashwat/memory-representation/data/contextbench_phase2/execution_10x4_devstral_24b_restart/runs/astropy__astropy-15082/memory/prediction.json	152
FILE	/mnt/data/shashwat/memory-representation/data/contextbench_phase2/execution_10x4_devstral_24b_restart/runs/astropy__astropy-15082/memory/patch.diff	0
FILE	/mnt/data/shashwat/memory-representation/data/contextbench_phase2/execution_10x4_devstral_24b_restart/runs/astropy__astropy-15082/memory/stderr.log	694
FILE	/mnt/data/shashwat/memory-representation/data/contextbench_phase2/execution_10x4_devstral_24b_restart/runs/astropy__astropy-15082/memory/stdout.jsonl	104461
FILE	/mnt/data/shashwat/memory-representation/data/contextbench_phase2/execution_10x4_devstral_24b_restart/runs/astropy__astropy-15082/memory/.openhands_home/.openhands/conversations/139efea220fa46de8a71c90326a2725e/base_state.json	3871
FILE	/mnt/data/shashwat/memory-representation/data/contextbench_phase2/execution_10x4_devstral_24b_restart/runs/astropy__astropy-15082/memory/run_meta.json	5006
FILE	/mnt/data/shashwat/memory-representation/data/contextbench_phase2/execution_10x4_devstral_24b_restart/runs/astropy__astropy-15082/no_memory/prediction.json	152
FILE	/mnt/data/shashwat/memory-representation/data/contextbench_phase2/execution_10x4_devstral_24b_restart/runs/astropy__astropy-15082/no_memory/patch.diff	0
FILE	/mnt/data/shashwat/memory-representation/data/contextbench_phase2/execution_10x4_devstral_24b_restart/runs/astropy__astropy-15082/no_memory/stderr.log	694
FILE	/mnt/data/shashwat/memory-representation/data/contextbench_phase2/execution_10x4_devstral_24b_restart/runs/astropy__astropy-15082/no_memory/stdout.jsonl	102707
FILE	/mnt/data/shashwat/memory-representation/data/contextbench_phase2/execution_10x4_devstral_24b_restart/runs/astropy__astropy-15082/no_memory/.openhands_home/.openhands/conversations/94c6b5e8afc94959bc59e1680ff9caa5/base_state.json	16455
FILE	/mnt/data/shashwat/memory-representation/data/contextbench_phase2/execution_10x4_devstral_24b_restart/runs/astropy__astropy-15082/no_memory/run_meta.json	5057
FILE	/mnt/data/shashwat/memory-representation/data/contextbench_phase2/execution_10x4_devstral_24b_restart/runs/astropy__astropy-15082/raw/prediction.json	152
FILE	/mnt/data/shashwat/memory-representation/data/contextbench_phase2/execution_10x4_devstral_24b_restart/runs/astropy__astropy-15082/raw/patch.diff	0
FILE	/mnt/data/shashwat/memory-representation/data/contextbench_phase2/execution_10x4_devstral_24b_restart/runs/astropy__astropy-15082/raw/stderr.log	694
FILE	/mnt/data/shashwat/memory-representation/data/contextbench_phase2/execution_10x4_devstral_24b_restart/runs/astropy__astropy-15082/raw/stdout.jsonl	105215
FILE	/mnt/data/shashwat/memory-representation/data/contextbench_phase2/execution_10x4_devstral_24b_restart/runs/astropy__astropy-15082/raw/.openhands_home/.openhands/conversations/c9e5090e9cac41ce9b1988e0d7fbf24e/base_state.json	3871
FILE	/mnt/data/shashwat/memory-representation/data/contextbench_phase2/execution_10x4_devstral_24b_restart/runs/astropy__astropy-15082/raw/run_meta.json	4955
ROOT_EXISTS	/mnt/data/shashwat/openhands-adp-memory
DIR	/mnt/data/shashwat/openhands-adp-memory/data/contextbench_phase2/execution_preflight_fix3/logs
FILE	/mnt/data/shashwat/openhands-adp-memory/data/contextbench_phase2/execution_preflight_fix3/runs/django__django-21204/adp/prediction.json	154
FILE	/mnt/data/shashwat/openhands-adp-memory/data/contextbench_phase2/execution_preflight_fix3/runs/django__django-21204/adp/patch.diff	0
FILE	/mnt/data/shashwat/openhands-adp-memory/data/contextbench_phase2/execution_preflight_fix3/runs/django__django-21204/adp/stderr.log	694
FILE	/mnt/data/shashwat/openhands-adp-memory/data/contextbench_phase2/execution_preflight_fix3/runs/django__django-21204/adp/stdout.jsonl	190786
FILE	/mnt/data/shashwat/openhands-adp-memory/data/contextbench_phase2/execution_preflight_fix3/runs/django__django-21204/adp/.openhands_home/.openhands/conversations/f325af7d5e984023974e8eb60ad3a65d/base_state.json	3579
FILE	/mnt/data/shashwat/openhands-adp-memory/data/contextbench_phase2/execution_preflight_fix3/runs/django__django-21204/adp/run_meta.json	5196
DIR	/mnt/data/shashwat/openhands-adp-memory/data/contextbench_phase2/execution_full/logs
FILE	/mnt/data/shashwat/openhands-adp-memory/data/contextbench_phase2/execution_full/runs/django__django-25916/no_memory/prediction.json	6854
FILE	/mnt/data/shashwat/openhands-adp-memory/data/contextbench_phase2/execution_full/runs/django__django-25916/no_memory/patch.diff	6481
FILE	/mnt/data/shashwat/openhands-adp-memory/data/contextbench_phase2/execution_full/runs/django__django-25916/no_memory/stderr.log	694
FILE	/mnt/data/shashwat/openhands-adp-memory/data/contextbench_phase2/execution_full/runs/django__django-25916/no_memory/stdout.jsonl	631498
FILE	/mnt/data/shashwat/openhands-adp-memory/data/contextbench_phase2/execution_full/runs/django__django-25916/no_memory/.openhands_home/.openhands/conversations/1a9b236764a34d2b9b8c7046c02ed73f/base_state.json	33446
FILE	/mnt/data/shashwat/openhands-adp-memory/data/contextbench_phase2/execution_full/runs/django__django-25916/no_memory/run_meta.json	5135
FILE	/mnt/data/shashwat/openhands-adp-memory/data/contextbench_phase2/execution_full/runs/django__django-25916/raw/stderr.log	1099
FILE	/mnt/data/shashwat/openhands-adp-memory/data/contextbench_phase2/execution_full/runs/django__django-25916/raw/stdout.jsonl	112497
FILE	/mnt/data/shashwat/openhands-adp-memory/data/contextbench_phase2/execution_full/runs/django__django-25916/raw/.openhands_home/.openhands/conversations/4a820b386a764971bd8c8158816e610e/base_state.json	3578
FILE	/mnt/data/shashwat/openhands-adp-memory/data/contextbench_phase2/execution_full/runs/django__django-25916/raw/run_meta.json	2131
FILE	/mnt/data/shashwat/openhands-adp-memory/data/contextbench_phase2/execution_full/runs/django__django-21204/adp/prediction.json	150
FILE	/mnt/data/shashwat/openhands-adp-memory/data/contextbench_phase2/execution_full/runs/django__django-21204/adp/patch.diff	0
FILE	/mnt/data/shashwat/openhands-adp-memory/data/contextbench_phase2/execution_full/runs/django__django-21204/adp/stderr.log	2314
FILE	/mnt/data/shashwat/openhands-adp-memory/data/contextbench_phase2/execution_full/runs/django__django-21204/adp/stdout.jsonl	301366
FILE	/mnt/data/shashwat/openhands-adp-memory/data/contextbench_phase2/execution_full/runs/django__django-21204/adp/.openhands_home/.openhands/conversations/9b2aad16f9c5472389bdb19dff4bba2f/base_state.json	17886
FILE	/mnt/data/shashwat/openhands-adp-memory/data/contextbench_phase2/execution_full/runs/django__django-21204/adp/run_meta.json	5049
FILE	/mnt/data/shashwat/openhands-adp-memory/data/contextbench_phase2/execution_full/runs/django__django-21204/memory/prediction.json	150
FILE	/mnt/data/shashwat/openhands-adp-memory/data/contextbench_phase2/execution_full/runs/django__django-21204/memory/patch.diff	0
FILE	/mnt/data/shashwat/openhands-adp-memory/data/contextbench_phase2/execution_full/runs/django__django-21204/memory/stderr.log	694
FILE	/mnt/data/shashwat/openhands-adp-memory/data/contextbench_phase2/execution_full/runs/django__django-21204/memory/stdout.jsonl	152634
FILE	/mnt/data/shashwat/openhands-adp-memory/data/contextbench_phase2/execution_full/runs/django__django-21204/memory/.openhands_home/.openhands/conversations/6a957354f6bc4bb89777f3a8b5aa2b89/base_state.json	11205
FILE	/mnt/data/shashwat/openhands-adp-memory/data/contextbench_phase2/execution_full/runs/django__django-21204/memory/run_meta.json	5087
FILE	/mnt/data/shashwat/openhands-adp-memory/data/contextbench_phase2/execution_full/runs/django__django-21204/no_memory/prediction.json	150
FILE	/mnt/data/shashwat/openhands-adp-memory/data/contextbench_phase2/execution_full/runs/django__django-21204/no_memory/patch.diff	0
FILE	/mnt/data/shashwat/openhands-adp-memory/data/contextbench_phase2/execution_full/runs/django__django-21204/no_memory/stderr.log	2638
FILE	/mnt/data/shashwat/openhands-adp-memory/data/contextbench_phase2/execution_full/runs/django__django-21204/no_memory/stdout.jsonl	311972
FILE	/mnt/data/shashwat/openhands-adp-memory/data/contextbench_phase2/execution_full/runs/django__django-21204/no_memory/.openhands_home/.openhands/conversations/b88e5e42d65a4e44b136265610490ea8/base_state.json	22322
FILE	/mnt/data/shashwat/openhands-adp-memory/data/contextbench_phase2/execution_full/runs/django__django-21204/no_memory/run_meta.json	5163
FILE	/mnt/data/shashwat/openhands-adp-memory/data/contextbench_phase2/execution_full/runs/django__django-21204/raw/prediction.json	150
FILE	/mnt/data/shashwat/openhands-adp-memory/data/contextbench_phase2/execution_full/runs/django__django-21204/raw/patch.diff	0
FILE	/mnt/data/shashwat/openhands-adp-memory/data/contextbench_phase2/execution_full/runs/django__django-21204/raw/stderr.log	856
FILE	/mnt/data/shashwat/openhands-adp-memory/data/contextbench_phase2/execution_full/runs/django__django-21204/raw/stdout.jsonl	763447
FILE	/mnt/data/shashwat/openhands-adp-memory/data/contextbench_phase2/execution_full/runs/django__django-21204/raw/.openhands_home/.openhands/conversations/5c74a22db0c34a4497e3e8a40322b66c/base_state.json	14066
FILE	/mnt/data/shashwat/openhands-adp-memory/data/contextbench_phase2/execution_full/runs/django__django-21204/raw/run_meta.json	5056
FILE	/mnt/data/shashwat/openhands-adp-memory/data/contextbench_phase2/execution_full/runs/astropy__astropy-15082/adp/prediction.json	2900
FILE	/mnt/data/shashwat/openhands-adp-memory/data/contextbench_phase2/execution_full/runs/astropy__astropy-15082/adp/patch.diff	2649
FILE	/mnt/data/shashwat/openhands-adp-memory/data/contextbench_phase2/execution_full/runs/astropy__astropy-15082/adp/stderr.log	694
FILE	/mnt/data/shashwat/openhands-adp-memory/data/contextbench_phase2/execution_full/runs/astropy__astropy-15082/adp/stdout.jsonl	757687
FILE	/mnt/data/shashwat/openhands-adp-memory/data/contextbench_phase2/execution_full/runs/astropy__astropy-15082/adp/.openhands_home/.openhands/conversations/8539ef678fda402891c94f04426873cc/base_state.json	18852
FILE	/mnt/data/shashwat/openhands-adp-memory/data/contextbench_phase2/execution_full/runs/astropy__astropy-15082/adp/run_meta.json	5069
FILE	/mnt/data/shashwat/openhands-adp-memory/data/contextbench_phase2/execution_full/runs/astropy__astropy-15082/memory/prediction.json	4902
FILE	/mnt/data/shashwat/openhands-adp-memory/data/contextbench_phase2/execution_full/runs/astropy__astropy-15082/memory/patch.diff	4568
FILE	/mnt/data/shashwat/openhands-adp-memory/data/contextbench_phase2/execution_full/runs/astropy__astropy-15082/memory/stderr.log	3286
FILE	/mnt/data/shashwat/openhands-adp-memory/data/contextbench_phase2/execution_full/runs/astropy__astropy-15082/memory/stdout.jsonl	501401
FILE	/mnt/data/shashwat/openhands-adp-memory/data/contextbench_phase2/execution_full/runs/astropy__astropy-15082/memory/.openhands_home/.openhands/conversations/9fa4ddc7356043a69f5282dfe2c39b84/base_state.json	15027
FILE	/mnt/data/shashwat/openhands-adp-memory/data/contextbench_phase2/execution_full/runs/astropy__astropy-15082/memory/run_meta.json	5165
FILE	/mnt/data/shashwat/openhands-adp-memory/data/contextbench_phase2/execution_full/runs/astropy__astropy-15082/no_memory/prediction.json	152
FILE	/mnt/data/shashwat/openhands-adp-memory/data/contextbench_phase2/execution_full/runs/astropy__astropy-15082/no_memory/patch.diff	0
FILE	/mnt/data/shashwat/openhands-adp-memory/data/contextbench_phase2/execution_full/runs/astropy__astropy-15082/no_memory/stderr.log	2962
FILE	/mnt/data/shashwat/openhands-adp-memory/data/contextbench_phase2/execution_full/runs/astropy__astropy-15082/no_memory/stdout.jsonl	77766
FILE	/mnt/data/shashwat/openhands-adp-memory/data/contextbench_phase2/execution_full/runs/astropy__astropy-15082/no_memory/.openhands_home/.openhands/conversations/e68594b6ca2a418e9f4fbe6a7153855b/base_state.json	7382
FILE	/mnt/data/shashwat/openhands-adp-memory/data/contextbench_phase2/execution_full/runs/astropy__astropy-15082/no_memory/run_meta.json	5204
FILE	/mnt/data/shashwat/openhands-adp-memory/data/contextbench_phase2/execution_full/runs/astropy__astropy-15082/raw/prediction.json	1267
FILE	/mnt/data/shashwat/openhands-adp-memory/data/contextbench_phase2/execution_full/runs/astropy__astropy-15082/raw/patch.diff	1086
FILE	/mnt/data/shashwat/openhands-adp-memory/data/contextbench_phase2/execution_full/runs/astropy__astropy-15082/raw/stderr.log	694
FILE	/mnt/data/shashwat/openhands-adp-memory/data/contextbench_phase2/execution_full/runs/astropy__astropy-15082/raw/stdout.jsonl	284659
FILE	/mnt/data/shashwat/openhands-adp-memory/data/contextbench_phase2/execution_full/runs/astropy__astropy-15082/raw/.openhands_home/.openhands/conversations/55ddca4daf164fbf99cc244969758c63/base_state.json	10891
FILE	/mnt/data/shashwat/openhands-adp-memory/data/contextbench_phase2/execution_full/runs/astropy__astropy-15082/raw/run_meta.json	5071
DIR	/mnt/data/shashwat/openhands-adp-memory/data/contextbench_phase2/execution_full_qwen36_65k_fix1
DIR	/mnt/data/shashwat/openhands-adp-memory/data/contextbench_phase2/execution_full_qwen36_65k_fix1/logs
FILE	/mnt/data/shashwat/openhands-adp-memory/data/contextbench_phase2/execution_full_qwen36_65k_fix1/predictions/full_raw_predictions.jsonl	2106086
FILE	/mnt/data/shashwat/openhands-adp-memory/data/contextbench_phase2/execution_full_qwen36_65k_fix1/predictions/full_adp_predictions.jsonl	425049
FILE	/mnt/data/shashwat/openhands-adp-memory/data/contextbench_phase2/execution_full_qwen36_65k_fix1/predictions/full_memory_predictions.jsonl	508966
FILE	/mnt/data/shashwat/openhands-adp-memory/data/contextbench_phase2/execution_full_qwen36_65k_fix1/predictions/full_no_memory_predictions.jsonl	305272
FILE	/mnt/data/shashwat/openhands-adp-memory/data/contextbench_phase2/execution_full_qwen36_65k_fix1/runs/django__django-34570/adp/prediction.json	154
FILE	/mnt/data/shashwat/openhands-adp-memory/data/contextbench_phase2/execution_full_qwen36_65k_fix1/runs/django__django-34570/adp/patch.diff	0
FILE	/mnt/data/shashwat/openhands-adp-memory/data/contextbench_phase2/execution_full_qwen36_65k_fix1/runs/django__django-34570/adp/stderr.log	694
FILE	/mnt/data/shashwat/openhands-adp-memory/data/contextbench_phase2/execution_full_qwen36_65k_fix1/runs/django__django-34570/adp/stdout.jsonl	135912
FILE	/mnt/data/shashwat/openhands-adp-memory/data/contextbench_phase2/execution_full_qwen36_65k_fix1/runs/django__django-34570/adp/.openhands_home/.openhands/conversations/aa99479b9c1d46fdb820f0cdb91bac28/base_state.json	9622
FILE	/mnt/data/shashwat/openhands-adp-memory/data/contextbench_phase2/execution_full_qwen36_65k_fix1/runs/django__django-34570/adp/run_meta.json	6469
FILE	/mnt/data/shashwat/openhands-adp-memory/data/contextbench_phase2/execution_full_qwen36_65k_fix1/runs/django__django-34570/memory/prediction.json	2903
FILE	/mnt/data/shashwat/openhands-adp-memory/data/contextbench_phase2/execution_full_qwen36_65k_fix1/runs/django__django-34570/memory/patch.diff	2680
FILE	/mnt/data/shashwat/openhands-adp-memory/data/contextbench_phase2/execution_full_qwen36_65k_fix1/runs/django__django-34570/memory/stderr.log	694
FILE	/mnt/data/shashwat/openhands-adp-memory/data/contextbench_phase2/execution_full_qwen36_65k_fix1/runs/django__django-34570/memory/stdout.jsonl	611472
FILE	/mnt/data/shashwat/openhands-adp-memory/data/contextbench_phase2/execution_full_qwen36_65k_fix1/runs/django__django-34570/memory/.openhands_home/.openhands/conversations/d9c461e54ca248c19a2498d79d1f9e1c/base_state.json	19460
FILE	/mnt/data/shashwat/openhands-adp-memory/data/contextbench_phase2/execution_full_qwen36_65k_fix1/runs/django__django-34570/memory/run_meta.json	7954
FILE	/mnt/data/shashwat/openhands-adp-memory/data/contextbench_phase2/execution_full_qwen36_65k_fix1/runs/django__django-34570/no_memory/prediction.json	154
FILE	/mnt/data/shashwat/openhands-adp-memory/data/contextbench_phase2/execution_full_qwen36_65k_fix1/runs/django__django-34570/no_memory/patch.diff	0
FILE	/mnt/data/shashwat/openhands-adp-memory/data/contextbench_phase2/execution_full_qwen36_65k_fix1/runs/django__django-34570/no_memory/stderr.log	694
FILE	/mnt/data/shashwat/openhands-adp-memory/data/contextbench_phase2/execution_full_qwen36_65k_fix1/runs/django__django-34570/no_memory/stdout.jsonl	98707
FILE	/mnt/data/shashwat/openhands-adp-memory/data/contextbench_phase2/execution_full_qwen36_65k_fix1/runs/django__django-34570/no_memory/.openhands_home/.openhands/conversations/46d30b6eae45462d822a7b00f7167780/base_state.json	8982
FILE	/mnt/data/shashwat/openhands-adp-memory/data/contextbench_phase2/execution_full_qwen36_65k_fix1/runs/django__django-34570/no_memory/run_meta.json	6619
FILE	/mnt/data/shashwat/openhands-adp-memory/data/contextbench_phase2/execution_full_qwen36_65k_fix1/runs/django__django-34570/raw/prediction.json	154
FILE	/mnt/data/shashwat/openhands-adp-memory/data/contextbench_phase2/execution_full_qwen36_65k_fix1/runs/django__django-34570/raw/patch.diff	0
FILE	/mnt/data/shashwat/openhands-adp-memory/data/contextbench_phase2/execution_full_qwen36_65k_fix1/runs/django__django-34570/raw/stderr.log	694
FILE	/mnt/data/shashwat/openhands-adp-memory/data/contextbench_phase2/execution_full_qwen36_65k_fix1/runs/django__django-34570/raw/stdout.jsonl	118138
FILE	/mnt/data/shashwat/openhands-adp-memory/data/contextbench_phase2/execution_full_qwen36_65k_fix1/runs/django__django-34570/raw/.openhands_home/.openhands/conversations/e83501ed36014ecb9c78ec1d952d8336/base_state.json	10569
FILE	/mnt/data/shashwat/openhands-adp-memory/data/contextbench_phase2/execution_full_qwen36_65k_fix1/runs/django__django-34570/raw/run_meta.json	6470
FILE	/mnt/data/shashwat/openhands-adp-memory/data/contextbench_phase2/execution_full_qwen36_65k_fix1/runs/scikit-learn__scikit-learn-25635/adp/prediction.json	5876
FILE	/mnt/data/shashwat/openhands-adp-memory/data/contextbench_phase2/execution_full_qwen36_65k_fix1/runs/scikit-learn__scikit-learn-25635/adp/patch.diff	5419
FILE	/mnt/data/shashwat/openhands-adp-memory/data/contextbench_phase2/execution_full_qwen36_65k_fix1/runs/scikit-learn__scikit-learn-25635/adp/stderr.log	3286
FILE	/mnt/data/shashwat/openhands-adp-memory/data/contextbench_phase2/execution_full_qwen36_65k_fix1/runs/scikit-learn__scikit-learn-25635/adp/stdout.jsonl	229631
FILE	/mnt/data/shashwat/openhands-adp-memory/data/contextbench_phase2/execution_full_qwen36_65k_fix1/runs/scikit-learn__scikit-learn-25635/adp/.openhands_home/.openhands/conversations/3dc070d4d02d45a78d7e15caff2b3873/base_state.json	13439
FILE	/mnt/data/shashwat/openhands-adp-memory/data/contextbench_phase2/execution_full_qwen36_65k_fix1/runs/scikit-learn__scikit-learn-25635/adp/run_meta.json	6751
FILE	/mnt/data/shashwat/openhands-adp-memory/data/contextbench_phase2/execution_full_qwen36_65k_fix1/runs/scikit-learn__scikit-learn-25635/memory/prediction.json	1414
FILE	/mnt/data/shashwat/openhands-adp-memory/data/contextbench_phase2/execution_full_qwen36_65k_fix1/runs/scikit-learn__scikit-learn-25635/memory/patch.diff	1210
FILE	/mnt/data/shashwat/openhands-adp-memory/data/contextbench_phase2/execution_full_qwen36_65k_fix1/runs/scikit-learn__scikit-learn-25635/memory/stderr.log	694
FILE	/mnt/data/shashwat/openhands-adp-memory/data/contextbench_phase2/execution_full_qwen36_65k_fix1/runs/scikit-learn__scikit-learn-25635/memory/stdout.jsonl	283559
FILE	/mnt/data/shashwat/openhands-adp-memory/data/contextbench_phase2/execution_full_qwen36_65k_fix1/runs/scikit-learn__scikit-learn-25635/memory/.openhands_home/.openhands/conversations/3140551dff3e40ddb39ba54bef1f44ef/base_state.json	14383
FILE	/mnt/data/shashwat/openhands-adp-memory/data/contextbench_phase2/execution_full_qwen36_65k_fix1/runs/scikit-learn__scikit-learn-25635/memory/run_meta.json	6825
FILE	/mnt/data/shashwat/openhands-adp-memory/data/contextbench_phase2/execution_full_qwen36_65k_fix1/runs/scikit-learn__scikit-learn-25635/no_memory/prediction.json	3320
FILE	/mnt/data/shashwat/openhands-adp-memory/data/contextbench_phase2/execution_full_qwen36_65k_fix1/runs/scikit-learn__scikit-learn-25635/no_memory/patch.diff	3028
FILE	/mnt/data/shashwat/openhands-adp-memory/data/contextbench_phase2/execution_full_qwen36_65k_fix1/runs/scikit-learn__scikit-learn-25635/no_memory/stderr.log	694
FILE	/mnt/data/shashwat/openhands-adp-memory/data/contextbench_phase2/execution_full_qwen36_65k_fix1/runs/scikit-learn__scikit-learn-25635/no_memory/stdout.jsonl	938224
FILE	/mnt/data/shashwat/openhands-adp-memory/data/contextbench_phase2/execution_full_qwen36_65k_fix1/runs/scikit-learn__scikit-learn-25635/no_memory/.openhands_home/.openhands/conversations/3e999d859fc54a01845f8be9c1a09bfc/base_state.json	18826
FILE	/mnt/data/shashwat/openhands-adp-memory/data/contextbench_phase2/execution_full_qwen36_65k_fix1/runs/scikit-learn__scikit-learn-25635/no_memory/run_meta.json	6963
FILE	/mnt/data/shashwat/openhands-adp-memory/data/contextbench_phase2/execution_full_qwen36_65k_fix1/runs/scikit-learn__scikit-learn-25635/raw/prediction.json	3799
FILE	/mnt/data/shashwat/openhands-adp-memory/data/contextbench_phase2/execution_full_qwen36_65k_fix1/runs/scikit-learn__scikit-learn-25635/raw/patch.diff	3482
FILE	/mnt/data/shashwat/openhands-adp-memory/data/contextbench_phase2/execution_full_qwen36_65k_fix1/runs/scikit-learn__scikit-learn-25635/raw/stderr.log	694
FILE	/mnt/data/shashwat/openhands-adp-memory/data/contextbench_phase2/execution_full_qwen36_65k_fix1/runs/scikit-learn__scikit-learn-25635/raw/stdout.jsonl	374013
FILE	/mnt/data/shashwat/openhands-adp-memory/data/contextbench_phase2/execution_full_qwen36_65k_fix1/runs/scikit-learn__scikit-learn-25635/raw/.openhands_home/.openhands/conversations/144a8fc8fd4e42ebbc84ae9ce44d23f2/base_state.json	17879
FILE	/mnt/data/shashwat/openhands-adp-memory/data/contextbench_phase2/execution_full_qwen36_65k_fix1/runs/scikit-learn__scikit-learn-25635/raw/run_meta.json	6750
FILE	/mnt/data/shashwat/openhands-adp-memory/data/contextbench_phase2/execution_full_qwen36_65k_fix1/runs/django__django-29124/adp/prediction.json	4846
FILE	/mnt/data/shashwat/openhands-adp-memory/data/contextbench_phase2/execution_full_qwen36_65k_fix1/runs/django__django-29124/adp/patch.diff	4513
FILE	/mnt/data/shashwat/openhands-adp-memory/data/contextbench_phase2/execution_full_qwen36_65k_fix1/runs/django__django-29124/adp/stderr.log	3286
FILE	/mnt/data/shashwat/openhands-adp-memory/data/contextbench_phase2/execution_full_qwen36_65k_fix1/runs/django__django-29124/adp/stdout.jsonl	194629
FILE	/mnt/data/shashwat/openhands-adp-memory/data/contextbench_phase2/execution_full_qwen36_65k_fix1/runs/django__django-29124/adp/.openhands_home/.openhands/conversations/e0234e03b3df4e72bad7887379d3a92c/base_state.json	11850
FILE	/mnt/data/shashwat/openhands-adp-memory/data/contextbench_phase2/execution_full_qwen36_65k_fix1/runs/django__django-29124/adp/run_meta.json	6482
FILE	/mnt/data/shashwat/openhands-adp-memory/data/contextbench_phase2/execution_full_qwen36_65k_fix1/runs/django__django-29124/memory/prediction.json	7950
FILE	/mnt/data/shashwat/openhands-adp-memory/data/contextbench_phase2/execution_full_qwen36_65k_fix1/runs/django__django-29124/memory/patch.diff	7480
FILE	/mnt/data/shashwat/openhands-adp-memory/data/contextbench_phase2/execution_full_qwen36_65k_fix1/runs/django__django-29124/memory/stderr.log	694
FILE	/mnt/data/shashwat/openhands-adp-memory/data/contextbench_phase2/execution_full_qwen36_65k_fix1/runs/django__django-29124/memory/stdout.jsonl	2325074
FILE	/mnt/data/shashwat/openhands-adp-memory/data/contextbench_phase2/execution_full_qwen36_65k_fix1/runs/django__django-29124/memory/.openhands_home/.openhands/conversations/3e5cb531d477407484831bda7958b744/base_state.json	30006
FILE	/mnt/data/shashwat/openhands-adp-memory/data/contextbench_phase2/execution_full_qwen36_65k_fix1/runs/django__django-29124/memory/run_meta.json	6542
FILE	/mnt/data/shashwat/openhands-adp-memory/data/contextbench_phase2/execution_full_qwen36_65k_fix1/runs/django__django-29124/no_memory/prediction.json	79711
FILE	/mnt/data/shashwat/openhands-adp-memory/data/contextbench_phase2/execution_full_qwen36_65k_fix1/runs/django__django-29124/no_memory/patch.diff	77472
FILE	/mnt/data/shashwat/openhands-adp-memory/data/contextbench_phase2/execution_full_qwen36_65k_fix1/runs/django__django-29124/no_memory/stderr.log	694
FILE	/mnt/data/shashwat/openhands-adp-memory/data/contextbench_phase2/execution_full_qwen36_65k_fix1/runs/django__django-29124/no_memory/stdout.jsonl	2927751
FILE	/mnt/data/shashwat/openhands-adp-memory/data/contextbench_phase2/execution_full_qwen36_65k_fix1/runs/django__django-29124/no_memory/.openhands_home/.openhands/conversations/e21500f672974d56a34a8318fc895c68/base_state.json	100150
FILE	/mnt/data/shashwat/openhands-adp-memory/data/contextbench_phase2/execution_full_qwen36_65k_fix1/runs/django__django-29124/no_memory/run_meta.json	6618
FILE	/mnt/data/shashwat/openhands-adp-memory/data/contextbench_phase2/execution_full_qwen36_65k_fix1/runs/django__django-29124/raw/prediction.json	4039
FILE	/mnt/data/shashwat/openhands-adp-memory/data/contextbench_phase2/execution_full_qwen36_65k_fix1/runs/django__django-29124/raw/patch.diff	3792
FILE	/mnt/data/shashwat/openhands-adp-memory/data/contextbench_phase2/execution_full_qwen36_65k_fix1/runs/django__django-29124/raw/stderr.log	3286
FILE	/mnt/data/shashwat/openhands-adp-memory/data/contextbench_phase2/execution_full_qwen36_65k_fix1/runs/django__django-29124/raw/stdout.jsonl	891544
FILE	/mnt/data/shashwat/openhands-adp-memory/data/contextbench_phase2/execution_full_qwen36_65k_fix1/runs/django__django-29124/raw/.openhands_home/.openhands/conversations/7c2eab921ad74b6fb59b75db09ffe817/base_state.json	18214
FILE	/mnt/data/shashwat/openhands-adp-memory/data/contextbench_phase2/execution_full_qwen36_65k_fix1/runs/django__django-29124/raw/run_meta.json	6485
FILE	/mnt/data/shashwat/openhands-adp-memory/data/contextbench_phase2/execution_full_qwen36_65k_fix1/runs/django__django-31181/adp/prediction.json	13961
FILE	/mnt/data/shashwat/openhands-adp-memory/data/contextbench_phase2/execution_full_qwen36_65k_fix1/runs/django__django-31181/adp/patch.diff	13473
FILE	/mnt/data/shashwat/openhands-adp-memory/data/contextbench_phase2/execution_full_qwen36_65k_fix1/runs/django__django-31181/adp/stderr.log	694
FILE	/mnt/data/shashwat/openhands-adp-memory/data/contextbench_phase2/execution_full_qwen36_65k_fix1/runs/django__django-31181/adp/stdout.jsonl	3749584
FILE	/mnt/data/shashwat/openhands-adp-memory/data/contextbench_phase2/execution_full_qwen36_65k_fix1/runs/django__django-31181/adp/.openhands_home/.openhands/conversations/9c7194ca1f524fa89289d24ac66ff911/base_state.json	64589
FILE	/mnt/data/shashwat/openhands-adp-memory/data/contextbench_phase2/execution_full_qwen36_65k_fix1/runs/django__django-31181/adp/run_meta.json	6406
FILE	/mnt/data/shashwat/openhands-adp-memory/data/contextbench_phase2/execution_full_qwen36_65k_fix1/runs/django__django-31181/memory/prediction.json	17495
FILE	/mnt/data/shashwat/openhands-adp-memory/data/contextbench_phase2/execution_full_qwen36_65k_fix1/runs/django__django-31181/memory/patch.diff	16925
FILE	/mnt/data/shashwat/openhands-adp-memory/data/contextbench_phase2/execution_full_qwen36_65k_fix1/runs/django__django-31181/memory/stderr.log	3286
FILE	/mnt/data/shashwat/openhands-adp-memory/data/contextbench_phase2/execution_full_qwen36_65k_fix1/runs/django__django-31181/memory/stdout.jsonl	2978037
FILE	/mnt/data/shashwat/openhands-adp-memory/data/contextbench_phase2/execution_full_qwen36_65k_fix1/runs/django__django-31181/memory/.openhands_home/.openhands/conversations/9d96b81b13d44f2085b5234761241d73/base_state.json	49627
FILE	/mnt/data/shashwat/openhands-adp-memory/data/contextbench_phase2/execution_full_qwen36_65k_fix1/runs/django__django-31181/memory/run_meta.json	6563
FILE	/mnt/data/shashwat/openhands-adp-memory/data/contextbench_phase2/execution_full_qwen36_65k_fix1/runs/django__django-31181/no_memory/prediction.json	11187
FILE	/mnt/data/shashwat/openhands-adp-memory/data/contextbench_phase2/execution_full_qwen36_65k_fix1/runs/django__django-31181/no_memory/patch.diff	10756
FILE	/mnt/data/shashwat/openhands-adp-memory/data/contextbench_phase2/execution_full_qwen36_65k_fix1/runs/django__django-31181/no_memory/stderr.log	2962
FILE	/mnt/data/shashwat/openhands-adp-memory/data/contextbench_phase2/execution_full_qwen36_65k_fix1/runs/django__django-31181/no_memory/stdout.jsonl	3658175
FILE	/mnt/data/shashwat/openhands-adp-memory/data/contextbench_phase2/execution_full_qwen36_65k_fix1/runs/django__django-31181/no_memory/.openhands_home/.openhands/conversations/05e5626609964ce39602a02dd86e06e1/base_state.json	39470
FILE	/mnt/data/shashwat/openhands-adp-memory/data/contextbench_phase2/execution_full_qwen36_65k_fix1/runs/django__django-31181/no_memory/run_meta.json	6639
FILE	/mnt/data/shashwat/openhands-adp-memory/data/contextbench_phase2/execution_full_qwen36_65k_fix1/runs/django__django-31181/raw/prediction.json	11661
FILE	/mnt/data/shashwat/openhands-adp-memory/data/contextbench_phase2/execution_full_qwen36_65k_fix1/runs/django__django-31181/raw/patch.diff	11217
FILE	/mnt/data/shashwat/openhands-adp-memory/data/contextbench_phase2/execution_full_qwen36_65k_fix1/runs/django__django-31181/raw/stderr.log	694
FILE	/mnt/data/shashwat/openhands-adp-memory/data/contextbench_phase2/execution_full_qwen36_65k_fix1/runs/django__django-31181/raw/stdout.jsonl	2891985
FILE	/mnt/data/shashwat/openhands-adp-memory/data/contextbench_phase2/execution_full_qwen36_65k_fix1/runs/django__django-31181/raw/.openhands_home/.openhands/conversations/f9a596ac416441658ddc9be1abc2f5f8/base_state.json	33125
FILE	/mnt/data/shashwat/openhands-adp-memory/data/contextbench_phase2/execution_full_qwen36_65k_fix1/runs/django__django-31181/raw/run_meta.json	6407
FILE	/mnt/data/shashwat/openhands-adp-memory/data/contextbench_phase2/execution_full_qwen36_65k_fix1/runs/matplotlib__matplotlib-24818/adp/prediction.json	4632
FILE	/mnt/data/shashwat/openhands-adp-memory/data/contextbench_phase2/execution_full_qwen36_65k_fix1/runs/matplotlib__matplotlib-24818/adp/patch.diff	4292
FILE	/mnt/data/shashwat/openhands-adp-memory/data/contextbench_phase2/execution_full_qwen36_65k_fix1/runs/matplotlib__matplotlib-24818/adp/stderr.log	694
FILE	/mnt/data/shashwat/openhands-adp-memory/data/contextbench_phase2/execution_full_qwen36_65k_fix1/runs/matplotlib__matplotlib-24818/adp/stdout.jsonl	1923662
FILE	/mnt/data/shashwat/openhands-adp-memory/data/contextbench_phase2/execution_full_qwen36_65k_fix1/runs/matplotlib__matplotlib-24818/adp/.openhands_home/.openhands/conversations/a91de8daa0704eaebb045e682e23238a/base_state.json	41384
FILE	/mnt/data/shashwat/openhands-adp-memory/data/contextbench_phase2/execution_full_qwen36_65k_fix1/runs/matplotlib__matplotlib-24818/adp/run_meta.json	6697
FILE	/mnt/data/shashwat/openhands-adp-memory/data/contextbench_phase2/execution_full_qwen36_65k_fix1/runs/matplotlib__matplotlib-24818/memory/prediction.json	772
FILE	/mnt/data/shashwat/openhands-adp-memory/data/contextbench_phase2/execution_full_qwen36_65k_fix1/runs/matplotlib__matplotlib-24818/memory/patch.diff	590
FILE	/mnt/data/shashwat/openhands-adp-memory/data/contextbench_phase2/execution_full_qwen36_65k_fix1/runs/matplotlib__matplotlib-24818/memory/stderr.log	694
FILE	/mnt/data/shashwat/openhands-adp-memory/data/contextbench_phase2/execution_full_qwen36_65k_fix1/runs/matplotlib__matplotlib-24818/memory/stdout.jsonl	496132
FILE	/mnt/data/shashwat/openhands-adp-memory/data/contextbench_phase2/execution_full_qwen36_65k_fix1/runs/matplotlib__matplotlib-24818/memory/.openhands_home/.openhands/conversations/72733731435f4fc283b548999903a1d4/base_state.json	30275
FILE	/mnt/data/shashwat/openhands-adp-memory/data/contextbench_phase2/execution_full_qwen36_65k_fix1/runs/matplotlib__matplotlib-24818/memory/run_meta.json	6787
FILE	/mnt/data/shashwat/openhands-adp-memory/data/contextbench_phase2/execution_full_qwen36_65k_fix1/runs/matplotlib__matplotlib-24818/no_memory/prediction.json	1895
FILE	/mnt/data/shashwat/openhands-adp-memory/data/contextbench_phase2/execution_full_qwen36_65k_fix1/runs/matplotlib__matplotlib-24818/no_memory/patch.diff	1670
FILE	/mnt/data/shashwat/openhands-adp-memory/data/contextbench_phase2/execution_full_qwen36_65k_fix1/runs/matplotlib__matplotlib-24818/no_memory/stderr.log	694
FILE	/mnt/data/shashwat/openhands-adp-memory/data/contextbench_phase2/execution_full_qwen36_65k_fix1/runs/matplotlib__matplotlib-24818/no_memory/stdout.jsonl	2124154
FILE	/mnt/data/shashwat/openhands-adp-memory/data/contextbench_phase2/execution_full_qwen36_65k_fix1/runs/matplotlib__matplotlib-24818/no_memory/.openhands_home/.openhands/conversations/dde4fe143f9748cd837b7b96b3b6974e/base_state.json	18837
FILE	/mnt/data/shashwat/openhands-adp-memory/data/contextbench_phase2/execution_full_qwen36_65k_fix1/runs/matplotlib__matplotlib-24818/no_memory/run_meta.json	6862
FILE	/mnt/data/shashwat/openhands-adp-memory/data/contextbench_phase2/execution_full_qwen36_65k_fix1/runs/matplotlib__matplotlib-24818/raw/prediction.json	2265
FILE	/mnt/data/shashwat/openhands-adp-memory/data/contextbench_phase2/execution_full_qwen36_65k_fix1/runs/matplotlib__matplotlib-24818/raw/patch.diff	2058
FILE	/mnt/data/shashwat/openhands-adp-memory/data/contextbench_phase2/execution_full_qwen36_65k_fix1/runs/matplotlib__matplotlib-24818/raw/stderr.log	694
FILE	/mnt/data/shashwat/openhands-adp-memory/data/contextbench_phase2/execution_full_qwen36_65k_fix1/runs/matplotlib__matplotlib-24818/raw/stdout.jsonl	1671499
FILE	/mnt/data/shashwat/openhands-adp-memory/data/contextbench_phase2/execution_full_qwen36_65k_fix1/runs/matplotlib__matplotlib-24818/raw/.openhands_home/.openhands/conversations/e2d1d45a4f4d4ce2b659d5513e29883b/base_state.json	25509
FILE	/mnt/data/shashwat/openhands-adp-memory/data/contextbench_phase2/execution_full_qwen36_65k_fix1/runs/matplotlib__matplotlib-24818/raw/run_meta.json	6699
FILE	/mnt/data/shashwat/openhands-adp-memory/data/contextbench_phase2/execution_full_qwen36_65k_fix1/runs/mwaskom__seaborn-3091/adp/prediction.json	2502
FILE	/mnt/data/shashwat/openhands-adp-memory/data/contextbench_phase2/execution_full_qwen36_65k_fix1/runs/mwaskom__seaborn-3091/adp/patch.diff	2253
FILE	/mnt/data/shashwat/openhands-adp-memory/data/contextbench_phase2/execution_full_qwen36_65k_fix1/runs/mwaskom__seaborn-3091/adp/stderr.log	694
FILE	/mnt/data/shashwat/openhands-adp-memory/data/contextbench_phase2/execution_full_qwen36_65k_fix1/runs/mwaskom__seaborn-3091/adp/stdout.jsonl	405700
FILE	/mnt/data/shashwat/openhands-adp-memory/data/contextbench_phase2/execution_full_qwen36_65k_fix1/runs/mwaskom__seaborn-3091/adp/.openhands_home/.openhands/conversations/8c4a6fd24d774c95aa5aac5f475aaa86/base_state.json	22662
FILE	/mnt/data/shashwat/openhands-adp-memory/data/contextbench_phase2/execution_full_qwen36_65k_fix1/runs/mwaskom__seaborn-3091/adp/run_meta.json	9767
FILE	/mnt/data/shashwat/openhands-adp-memory/data/contextbench_phase2/execution_full_qwen36_65k_fix1/runs/mwaskom__seaborn-3091/memory/prediction.json	1973
FILE	/mnt/data/shashwat/openhands-adp-memory/data/contextbench_phase2/execution_full_qwen36_65k_fix1/runs/mwaskom__seaborn-3091/memory/patch.diff	1733
FILE	/mnt/data/shashwat/openhands-adp-memory/data/contextbench_phase2/execution_full_qwen36_65k_fix1/runs/mwaskom__seaborn-3091/memory/stderr.log	694
FILE	/mnt/data/shashwat/openhands-adp-memory/data/contextbench_phase2/execution_full_qwen36_65k_fix1/runs/mwaskom__seaborn-3091/memory/stdout.jsonl	308792
FILE	/mnt/data/shashwat/openhands-adp-memory/data/contextbench_phase2/execution_full_qwen36_65k_fix1/runs/mwaskom__seaborn-3091/memory/.openhands_home/.openhands/conversations/8711a2d565794ad19488d574d4e64b3e/base_state.json	14074
FILE	/mnt/data/shashwat/openhands-adp-memory/data/contextbench_phase2/execution_full_qwen36_65k_fix1/runs/mwaskom__seaborn-3091/memory/run_meta.json	6587
FILE	/mnt/data/shashwat/openhands-adp-memory/data/contextbench_phase2/execution_full_qwen36_65k_fix1/runs/mwaskom__seaborn-3091/no_memory/prediction.json	155
FILE	/mnt/data/shashwat/openhands-adp-memory/data/contextbench_phase2/execution_full_qwen36_65k_fix1/runs/mwaskom__seaborn-3091/no_memory/patch.diff	0
FILE	/mnt/data/shashwat/openhands-adp-memory/data/contextbench_phase2/execution_full_qwen36_65k_fix1/runs/mwaskom__seaborn-3091/no_memory/stderr.log	694
FILE	/mnt/data/shashwat/openhands-adp-memory/data/contextbench_phase2/execution_full_qwen36_65k_fix1/runs/mwaskom__seaborn-3091/no_memory/stdout.jsonl	2057851
FILE	/mnt/data/shashwat/openhands-adp-memory/data/contextbench_phase2/execution_full_qwen36_65k_fix1/runs/mwaskom__seaborn-3091/no_memory/.openhands_home/.openhands/conversations/92b301bd00084a76b2084cc823ff2729/base_state.json	47835
FILE	/mnt/data/shashwat/openhands-adp-memory/data/contextbench_phase2/execution_full_qwen36_65k_fix1/runs/mwaskom__seaborn-3091/no_memory/run_meta.json	6658
FILE	/mnt/data/shashwat/openhands-adp-memory/data/contextbench_phase2/execution_full_qwen36_65k_fix1/runs/mwaskom__seaborn-3091/raw/prediction.json	1980
FILE	/mnt/data/shashwat/openhands-adp-memory/data/contextbench_phase2/execution_full_qwen36_65k_fix1/runs/mwaskom__seaborn-3091/raw/patch.diff	1739
FILE	/mnt/data/shashwat/openhands-adp-memory/data/contextbench_phase2/execution_full_qwen36_65k_fix1/runs/mwaskom__seaborn-3091/raw/stderr.log	3286
FILE	/mnt/data/shashwat/openhands-adp-memory/data/contextbench_phase2/execution_full_qwen36_65k_fix1/runs/mwaskom__seaborn-3091/raw/stdout.jsonl	97871
FILE	/mnt/data/shashwat/openhands-adp-memory/data/contextbench_phase2/execution_full_qwen36_65k_fix1/runs/mwaskom__seaborn-3091/raw/.openhands_home/.openhands/conversations/2a03f34e314e4ae5a54b9c8ca056f5e1/base_state.json	7719
FILE	/mnt/data/shashwat/openhands-adp-memory/data/contextbench_phase2/execution_full_qwen36_65k_fix1/runs/mwaskom__seaborn-3091/raw/run_meta.json	6511
FILE	/mnt/data/shashwat/openhands-adp-memory/data/contextbench_phase2/execution_full_qwen36_65k_fix1/runs/django__django-25916/adp/prediction.json	154
FILE	/mnt/data/shashwat/openhands-adp-memory/data/contextbench_phase2/execution_full_qwen36_65k_fix1/runs/django__django-25916/adp/patch.diff	0
FILE	/mnt/data/shashwat/openhands-adp-memory/data/contextbench_phase2/execution_full_qwen36_65k_fix1/runs/django__django-25916/adp/stderr.log	3286
FILE	/mnt/data/shashwat/openhands-adp-memory/data/contextbench_phase2/execution_full_qwen36_65k_fix1/runs/django__django-25916/adp/stdout.jsonl	110896
FILE	/mnt/data/shashwat/openhands-adp-memory/data/contextbench_phase2/execution_full_qwen36_65k_fix1/runs/django__django-25916/adp/.openhands_home/.openhands/conversations/c63fd2daaeea4e579380b8c7582caa2e/base_state.json	6765
FILE	/mnt/data/shashwat/openhands-adp-memory/data/contextbench_phase2/execution_full_qwen36_65k_fix1/runs/django__django-25916/adp/run_meta.json	6468
FILE	/mnt/data/shashwat/openhands-adp-memory/data/contextbench_phase2/execution_full_qwen36_65k_fix1/runs/django__django-25916/memory/prediction.json	11063
FILE	/mnt/data/shashwat/openhands-adp-memory/data/contextbench_phase2/execution_full_qwen36_65k_fix1/runs/django__django-25916/memory/patch.diff	10542
FILE	/mnt/data/shashwat/openhands-adp-memory/data/contextbench_phase2/execution_full_qwen36_65k_fix1/runs/django__django-25916/memory/stderr.log	694
FILE	/mnt/data/shashwat/openhands-adp-memory/data/contextbench_phase2/execution_full_qwen36_65k_fix1/runs/django__django-25916/memory/stdout.jsonl	1121031
FILE	/mnt/data/shashwat/openhands-adp-memory/data/contextbench_phase2/execution_full_qwen36_65k_fix1/runs/django__django-25916/memory/.openhands_home/.openhands/conversations/d9883b0fe8734dac848df3752a8f57fd/base_state.json	26800
FILE	/mnt/data/shashwat/openhands-adp-memory/data/contextbench_phase2/execution_full_qwen36_65k_fix1/runs/django__django-25916/memory/run_meta.json	6480
FILE	/mnt/data/shashwat/openhands-adp-memory/data/contextbench_phase2/execution_full_qwen36_65k_fix1/runs/django__django-25916/no_memory/prediction.json	1921
FILE	/mnt/data/shashwat/openhands-adp-memory/data/contextbench_phase2/execution_full_qwen36_65k_fix1/runs/django__django-25916/no_memory/patch.diff	1730
FILE	/mnt/data/shashwat/openhands-adp-memory/data/contextbench_phase2/execution_full_qwen36_65k_fix1/runs/django__django-25916/no_memory/stderr.log	694
FILE	/mnt/data/shashwat/openhands-adp-memory/data/contextbench_phase2/execution_full_qwen36_65k_fix1/runs/django__django-25916/no_memory/stdout.jsonl	123769
FILE	/mnt/data/shashwat/openhands-adp-memory/data/contextbench_phase2/execution_full_qwen36_65k_fix1/runs/django__django-25916/no_memory/.openhands_home/.openhands/conversations/2001979b51e64329a97c1c163ebf7b6d/base_state.json	9926
FILE	/mnt/data/shashwat/openhands-adp-memory/data/contextbench_phase2/execution_full_qwen36_65k_fix1/runs/django__django-25916/no_memory/run_meta.json	5358
FILE	/mnt/data/shashwat/openhands-adp-memory/data/contextbench_phase2/execution_full_qwen36_65k_fix1/runs/django__django-25916/raw/prediction.json	154
FILE	/mnt/data/shashwat/openhands-adp-memory/data/contextbench_phase2/execution_full_qwen36_65k_fix1/runs/django__django-25916/raw/patch.diff	0
FILE	/mnt/data/shashwat/openhands-adp-memory/data/contextbench_phase2/execution_full_qwen36_65k_fix1/runs/django__django-25916/raw/stderr.log	3286
FILE	/mnt/data/shashwat/openhands-adp-memory/data/contextbench_phase2/execution_full_qwen36_65k_fix1/runs/django__django-25916/raw/stdout.jsonl	120269
FILE	/mnt/data/shashwat/openhands-adp-memory/data/contextbench_phase2/execution_full_qwen36_65k_fix1/runs/django__django-25916/raw/.openhands_home/.openhands/conversations/e29d004f4a31443394c10a6259ee89ca/base_state.json	6767
FILE	/mnt/data/shashwat/openhands-adp-memory/data/contextbench_phase2/execution_full_qwen36_65k_fix1/runs/django__django-25916/raw/run_meta.json	6487
FILE	/mnt/data/shashwat/openhands-adp-memory/data/contextbench_phase2/execution_full_qwen36_65k_fix1/runs/psf__requests-2344/adp/prediction.json	1302
FILE	/mnt/data/shashwat/openhands-adp-memory/data/contextbench_phase2/execution_full_qwen36_65k_fix1/runs/psf__requests-2344/adp/patch.diff	1125
FILE	/mnt/data/shashwat/openhands-adp-memory/data/contextbench_phase2/execution_full_qwen36_65k_fix1/runs/psf__requests-2344/adp/stderr.log	694
FILE	/mnt/data/shashwat/openhands-adp-memory/data/contextbench_phase2/execution_full_qwen36_65k_fix1/runs/psf__requests-2344/adp/stdout.jsonl	335690
FILE	/mnt/data/shashwat/openhands-adp-memory/data/contextbench_phase2/execution_full_qwen36_65k_fix1/runs/psf__requests-2344/adp/.openhands_home/.openhands/conversations/366a58d5d2a74353b62a1db38fe1c1b6/base_state.json	13444
FILE	/mnt/data/shashwat/openhands-adp-memory/data/contextbench_phase2/execution_full_qwen36_65k_fix1/runs/psf__requests-2344/adp/run_meta.json	6424
FILE	/mnt/data/shashwat/openhands-adp-memory/data/contextbench_phase2/execution_full_qwen36_65k_fix1/runs/psf__requests-2344/memory/prediction.json	1365
FILE	/mnt/data/shashwat/openhands-adp-memory/data/contextbench_phase2/execution_full_qwen36_65k_fix1/runs/psf__requests-2344/memory/patch.diff	1188
FILE	/mnt/data/shashwat/openhands-adp-memory/data/contextbench_phase2/execution_full_qwen36_65k_fix1/runs/psf__requests-2344/memory/stderr.log	694
FILE	/mnt/data/shashwat/openhands-adp-memory/data/contextbench_phase2/execution_full_qwen36_65k_fix1/runs/psf__requests-2344/memory/stdout.jsonl	347747
FILE	/mnt/data/shashwat/openhands-adp-memory/data/contextbench_phase2/execution_full_qwen36_65k_fix1/runs/psf__requests-2344/memory/.openhands_home/.openhands/conversations/fb0a1594defc48c294d54327687e4a55/base_state.json	15025
FILE	/mnt/data/shashwat/openhands-adp-memory/data/contextbench_phase2/execution_full_qwen36_65k_fix1/runs/psf__requests-2344/memory/run_meta.json	6499
FILE	/mnt/data/shashwat/openhands-adp-memory/data/contextbench_phase2/execution_full_qwen36_65k_fix1/runs/psf__requests-2344/no_memory/prediction.json	152
FILE	/mnt/data/shashwat/openhands-adp-memory/data/contextbench_phase2/execution_full_qwen36_65k_fix1/runs/psf__requests-2344/no_memory/patch.diff	0
FILE	/mnt/data/shashwat/openhands-adp-memory/data/contextbench_phase2/execution_full_qwen36_65k_fix1/runs/psf__requests-2344/no_memory/stderr.log	694
FILE	/mnt/data/shashwat/openhands-adp-memory/data/contextbench_phase2/execution_full_qwen36_65k_fix1/runs/psf__requests-2344/no_memory/stdout.jsonl	178106
FILE	/mnt/data/shashwat/openhands-adp-memory/data/contextbench_phase2/execution_full_qwen36_65k_fix1/runs/psf__requests-2344/no_memory/.openhands_home/.openhands/conversations/b5096c54d55f43d886bdb0fa1705dab7/base_state.json	15632
FILE	/mnt/data/shashwat/openhands-adp-memory/data/contextbench_phase2/execution_full_qwen36_65k_fix1/runs/psf__requests-2344/no_memory/run_meta.json	6562
FILE	/mnt/data/shashwat/openhands-adp-memory/data/contextbench_phase2/execution_full_qwen36_65k_fix1/runs/psf__requests-2344/raw/prediction.json	12124
FILE	/mnt/data/shashwat/openhands-adp-memory/data/contextbench_phase2/execution_full_qwen36_65k_fix1/runs/psf__requests-2344/raw/patch.diff	11460
FILE	/mnt/data/shashwat/openhands-adp-memory/data/contextbench_phase2/execution_full_qwen36_65k_fix1/runs/psf__requests-2344/raw/stderr.log	694
FILE	/mnt/data/shashwat/openhands-adp-memory/data/contextbench_phase2/execution_full_qwen36_65k_fix1/runs/psf__requests-2344/raw/stdout.jsonl	499508
FILE	/mnt/data/shashwat/openhands-adp-memory/data/contextbench_phase2/execution_full_qwen36_65k_fix1/runs/psf__requests-2344/raw/.openhands_home/.openhands/conversations/b90c04c414764fec9d5848cbeaf52021/base_state.json	27068
FILE	/mnt/data/shashwat/openhands-adp-memory/data/contextbench_phase2/execution_full_qwen36_65k_fix1/runs/psf__requests-2344/raw/run_meta.json	6432
FILE	/mnt/data/shashwat/openhands-adp-memory/data/contextbench_phase2/execution_full_qwen36_65k_fix1/runs/sympy__sympy-27868/adp/prediction.json	1133
FILE	/mnt/data/shashwat/openhands-adp-memory/data/contextbench_phase2/execution_full_qwen36_65k_fix1/runs/sympy__sympy-27868/adp/patch.diff	934
FILE	/mnt/data/shashwat/openhands-adp-memory/data/contextbench_phase2/execution_full_qwen36_65k_fix1/runs/sympy__sympy-27868/adp/stderr.log	263
FILE	/mnt/data/shashwat/openhands-adp-memory/data/contextbench_phase2/execution_full_qwen36_65k_fix1/runs/sympy__sympy-27868/adp/stdout.jsonl	578882
FILE	/mnt/data/shashwat/openhands-adp-memory/data/contextbench_phase2/execution_full_qwen36_65k_fix1/runs/sympy__sympy-27868/adp/.openhands_home/.openhands/conversations/1b772b851c5f41a3ae0b58f5bc37f050/base_state.json	11526
FILE	/mnt/data/shashwat/openhands-adp-memory/data/contextbench_phase2/execution_full_qwen36_65k_fix1/runs/sympy__sympy-27868/adp/run_meta.json	6344
FILE	/mnt/data/shashwat/openhands-adp-memory/data/contextbench_phase2/execution_full_qwen36_65k_fix1/runs/sympy__sympy-27868/memory/prediction.json	1134
FILE	/mnt/data/shashwat/openhands-adp-memory/data/contextbench_phase2/execution_full_qwen36_65k_fix1/runs/sympy__sympy-27868/memory/patch.diff	935
FILE	/mnt/data/shashwat/openhands-adp-memory/data/contextbench_phase2/execution_full_qwen36_65k_fix1/runs/sympy__sympy-27868/memory/stderr.log	263
FILE	/mnt/data/shashwat/openhands-adp-memory/data/contextbench_phase2/execution_full_qwen36_65k_fix1/runs/sympy__sympy-27868/memory/stdout.jsonl	755395
FILE	/mnt/data/shashwat/openhands-adp-memory/data/contextbench_phase2/execution_full_qwen36_65k_fix1/runs/sympy__sympy-27868/memory/.openhands_home/.openhands/conversations/44620abd19b24f489d2fa50ed065c528/base_state.json	20752
FILE	/mnt/data/shashwat/openhands-adp-memory/data/contextbench_phase2/execution_full_qwen36_65k_fix1/runs/sympy__sympy-27868/memory/run_meta.json	6481
FILE	/mnt/data/shashwat/openhands-adp-memory/data/contextbench_phase2/execution_full_qwen36_65k_fix1/runs/sympy__sympy-27868/no_memory/prediction.json	152
FILE	/mnt/data/shashwat/openhands-adp-memory/data/contextbench_phase2/execution_full_qwen36_65k_fix1/runs/sympy__sympy-27868/no_memory/patch.diff	0
FILE	/mnt/data/shashwat/openhands-adp-memory/data/contextbench_phase2/execution_full_qwen36_65k_fix1/runs/sympy__sympy-27868/no_memory/stderr.log	2855
FILE	/mnt/data/shashwat/openhands-adp-memory/data/contextbench_phase2/execution_full_qwen36_65k_fix1/runs/sympy__sympy-27868/no_memory/stdout.jsonl	345863
FILE	/mnt/data/shashwat/openhands-adp-memory/data/contextbench_phase2/execution_full_qwen36_65k_fix1/runs/sympy__sympy-27868/no_memory/.openhands_home/.openhands/conversations/151839e81cbb422f873fe322b656f027/base_state.json	10583
FILE	/mnt/data/shashwat/openhands-adp-memory/data/contextbench_phase2/execution_full_qwen36_65k_fix1/runs/sympy__sympy-27868/no_memory/run_meta.json	6584
FILE	/mnt/data/shashwat/openhands-adp-memory/data/contextbench_phase2/execution_full_qwen36_65k_fix1/runs/sympy__sympy-27868/raw/prediction.json	1134
FILE	/mnt/data/shashwat/openhands-adp-memory/data/contextbench_phase2/execution_full_qwen36_65k_fix1/runs/sympy__sympy-27868/raw/patch.diff	935
FILE	/mnt/data/shashwat/openhands-adp-memory/data/contextbench_phase2/execution_full_qwen36_65k_fix1/runs/sympy__sympy-27868/raw/stderr.log	263
FILE	/mnt/data/shashwat/openhands-adp-memory/data/contextbench_phase2/execution_full_qwen36_65k_fix1/runs/sympy__sympy-27868/raw/stdout.jsonl	379396
FILE	/mnt/data/shashwat/openhands-adp-memory/data/contextbench_phase2/execution_full_qwen36_65k_fix1/runs/sympy__sympy-27868/raw/.openhands_home/.openhands/conversations/3c64e37338e44e32a80d30492c86552f/base_state.json	13437
FILE	/mnt/data/shashwat/openhands-adp-memory/data/contextbench_phase2/execution_full_qwen36_65k_fix1/runs/sympy__sympy-27868/raw/run_meta.json	6400
FILE	/mnt/data/shashwat/openhands-adp-memory/data/contextbench_phase2/execution_full_qwen36_65k_fix1/runs/sympy__sympy-12427/adp/prediction.json	1325
FILE	/mnt/data/shashwat/openhands-adp-memory/data/contextbench_phase2/execution_full_qwen36_65k_fix1/runs/sympy__sympy-12427/adp/patch.diff	1147
FILE	/mnt/data/shashwat/openhands-adp-memory/data/contextbench_phase2/execution_full_qwen36_65k_fix1/runs/sympy__sympy-12427/adp/stderr.log	694
FILE	/mnt/data/shashwat/openhands-adp-memory/data/contextbench_phase2/execution_full_qwen36_65k_fix1/runs/sympy__sympy-12427/adp/stdout.jsonl	200240
FILE	/mnt/data/shashwat/openhands-adp-memory/data/contextbench_phase2/execution_full_qwen36_65k_fix1/runs/sympy__sympy-12427/adp/.openhands_home/.openhands/conversations/211abf23f82548ac91b258584fe0be85/base_state.json	12480
FILE	/mnt/data/shashwat/openhands-adp-memory/data/contextbench_phase2/execution_full_qwen36_65k_fix1/runs/sympy__sympy-12427/adp/run_meta.json	6443
FILE	/mnt/data/shashwat/openhands-adp-memory/data/contextbench_phase2/execution_full_qwen36_65k_fix1/runs/sympy__sympy-12427/memory/prediction.json	1243
FILE	/mnt/data/shashwat/openhands-adp-memory/data/contextbench_phase2/execution_full_qwen36_65k_fix1/runs/sympy__sympy-12427/memory/patch.diff	1065
FILE	/mnt/data/shashwat/openhands-adp-memory/data/contextbench_phase2/execution_full_qwen36_65k_fix1/runs/sympy__sympy-12427/memory/stderr.log	694
FILE	/mnt/data/shashwat/openhands-adp-memory/data/contextbench_phase2/execution_full_qwen36_65k_fix1/runs/sympy__sympy-12427/memory/stdout.jsonl	149320
FILE	/mnt/data/shashwat/openhands-adp-memory/data/contextbench_phase2/execution_full_qwen36_65k_fix1/runs/sympy__sympy-12427/memory/.openhands_home/.openhands/conversations/02e01c0c48e14220bb9a3c4384fc5651/base_state.json	12802
FILE	/mnt/data/shashwat/openhands-adp-memory/data/contextbench_phase2/execution_full_qwen36_65k_fix1/runs/sympy__sympy-12427/memory/run_meta.json	7495
FILE	/mnt/data/shashwat/openhands-adp-memory/data/contextbench_phase2/execution_full_qwen36_65k_fix1/runs/sympy__sympy-12427/no_memory/prediction.json	1291
FILE	/mnt/data/shashwat/openhands-adp-memory/data/contextbench_phase2/execution_full_qwen36_65k_fix1/runs/sympy__sympy-12427/no_memory/patch.diff	1113
FILE	/mnt/data/shashwat/openhands-adp-memory/data/contextbench_phase2/execution_full_qwen36_65k_fix1/runs/sympy__sympy-12427/no_memory/stderr.log	694
FILE	/mnt/data/shashwat/openhands-adp-memory/data/contextbench_phase2/execution_full_qwen36_65k_fix1/runs/sympy__sympy-12427/no_memory/stdout.jsonl	120463
FILE	/mnt/data/shashwat/openhands-adp-memory/data/contextbench_phase2/execution_full_qwen36_65k_fix1/runs/sympy__sympy-12427/no_memory/.openhands_home/.openhands/conversations/17c078ee80d84f249d78808453efb4ff/base_state.json	12147
FILE	/mnt/data/shashwat/openhands-adp-memory/data/contextbench_phase2/execution_full_qwen36_65k_fix1/runs/sympy__sympy-12427/no_memory/run_meta.json	6592
FILE	/mnt/data/shashwat/openhands-adp-memory/data/contextbench_phase2/execution_full_qwen36_65k_fix1/runs/sympy__sympy-12427/raw/prediction.json	1329
FILE	/mnt/data/shashwat/openhands-adp-memory/data/contextbench_phase2/execution_full_qwen36_65k_fix1/runs/sympy__sympy-12427/raw/patch.diff	1150
FILE	/mnt/data/shashwat/openhands-adp-memory/data/contextbench_phase2/execution_full_qwen36_65k_fix1/runs/sympy__sympy-12427/raw/stderr.log	694
FILE	/mnt/data/shashwat/openhands-adp-memory/data/contextbench_phase2/execution_full_qwen36_65k_fix1/runs/sympy__sympy-12427/raw/stdout.jsonl	177233
FILE	/mnt/data/shashwat/openhands-adp-memory/data/contextbench_phase2/execution_full_qwen36_65k_fix1/runs/sympy__sympy-12427/raw/.openhands_home/.openhands/conversations/261a1437151543998555b58b96524e1d/base_state.json	12170
FILE	/mnt/data/shashwat/openhands-adp-memory/data/contextbench_phase2/execution_full_qwen36_65k_fix1/runs/sympy__sympy-12427/raw/run_meta.json	7482
FILE	/mnt/data/shashwat/openhands-adp-memory/data/contextbench_phase2/execution_full_qwen36_65k_fix1/runs/django__django-32450/adp/prediction.json	3866
FILE	/mnt/data/shashwat/openhands-adp-memory/data/contextbench_phase2/execution_full_qwen36_65k_fix1/runs/django__django-32450/adp/patch.diff	3614
FILE	/mnt/data/shashwat/openhands-adp-memory/data/contextbench_phase2/execution_full_qwen36_65k_fix1/runs/django__django-32450/adp/stderr.log	694
FILE	/mnt/data/shashwat/openhands-adp-memory/data/contextbench_phase2/execution_full_qwen36_65k_fix1/runs/django__django-32450/adp/stdout.jsonl	532911
FILE	/mnt/data/shashwat/openhands-adp-memory/data/contextbench_phase2/execution_full_qwen36_65k_fix1/runs/django__django-32450/adp/.openhands_home/.openhands/conversations/29a0d0b57e2542c0b29dd5fd9b2eab06/base_state.json	14077
FILE	/mnt/data/shashwat/openhands-adp-memory/data/contextbench_phase2/execution_full_qwen36_65k_fix1/runs/django__django-32450/adp/run_meta.json	6479
FILE	/mnt/data/shashwat/openhands-adp-memory/data/contextbench_phase2/execution_full_qwen36_65k_fix1/runs/django__django-32450/memory/prediction.json	1228
FILE	/mnt/data/shashwat/openhands-adp-memory/data/contextbench_phase2/execution_full_qwen36_65k_fix1/runs/django__django-32450/memory/patch.diff	1044
FILE	/mnt/data/shashwat/openhands-adp-memory/data/contextbench_phase2/execution_full_qwen36_65k_fix1/runs/django__django-32450/memory/stderr.log	694
FILE	/mnt/data/shashwat/openhands-adp-memory/data/contextbench_phase2/execution_full_qwen36_65k_fix1/runs/django__django-32450/memory/stdout.jsonl	367906
FILE	/mnt/data/shashwat/openhands-adp-memory/data/contextbench_phase2/execution_full_qwen36_65k_fix1/runs/django__django-32450/memory/.openhands_home/.openhands/conversations/eba8dda588b14ab2a3d99aa3fcde8b71/base_state.json	9944
FILE	/mnt/data/shashwat/openhands-adp-memory/data/contextbench_phase2/execution_full_qwen36_65k_fix1/runs/django__django-32450/memory/run_meta.json	6555
FILE	/mnt/data/shashwat/openhands-adp-memory/data/contextbench_phase2/execution_full_qwen36_65k_fix1/runs/django__django-32450/no_memory/prediction.json	1906
FILE	/mnt/data/shashwat/openhands-adp-memory/data/contextbench_phase2/execution_full_qwen36_65k_fix1/runs/django__django-32450/no_memory/patch.diff	1707
FILE	/mnt/data/shashwat/openhands-adp-memory/data/contextbench_phase2/execution_full_qwen36_65k_fix1/runs/django__django-32450/no_memory/stderr.log	694
FILE	/mnt/data/shashwat/openhands-adp-memory/data/contextbench_phase2/execution_full_qwen36_65k_fix1/runs/django__django-32450/no_memory/stdout.jsonl	235493
FILE	/mnt/data/shashwat/openhands-adp-memory/data/contextbench_phase2/execution_full_qwen36_65k_fix1/runs/django__django-32450/no_memory/.openhands_home/.openhands/conversations/5e6bafe9fec74558b2515205b68a6d2e/base_state.json	14381
FILE	/mnt/data/shashwat/openhands-adp-memory/data/contextbench_phase2/execution_full_qwen36_65k_fix1/runs/django__django-32450/no_memory/run_meta.json	6629
FILE	/mnt/data/shashwat/openhands-adp-memory/data/contextbench_phase2/execution_full_qwen36_65k_fix1/runs/django__django-32450/raw/prediction.json	1770
FILE	/mnt/data/shashwat/openhands-adp-memory/data/contextbench_phase2/execution_full_qwen36_65k_fix1/runs/django__django-32450/raw/patch.diff	1571
FILE	/mnt/data/shashwat/openhands-adp-memory/data/contextbench_phase2/execution_full_qwen36_65k_fix1/runs/django__django-32450/raw/stderr.log	694
FILE	/mnt/data/shashwat/openhands-adp-memory/data/contextbench_phase2/execution_full_qwen36_65k_fix1/runs/django__django-32450/raw/stdout.jsonl	402654
FILE	/mnt/data/shashwat/openhands-adp-memory/data/contextbench_phase2/execution_full_qwen36_65k_fix1/runs/django__django-32450/raw/.openhands_home/.openhands/conversations/60a9cd1e182245a794e6fb8e493b8f70/base_state.json	11536
FILE	/mnt/data/shashwat/openhands-adp-memory/data/contextbench_phase2/execution_full_qwen36_65k_fix1/runs/django__django-32450/raw/run_meta.json	6482
FILE	/mnt/data/shashwat/openhands-adp-memory/data/contextbench_phase2/execution_full_qwen36_65k_fix1/runs/sympy__sympy-18715/adp/prediction.json	825
FILE	/mnt/data/shashwat/openhands-adp-memory/data/contextbench_phase2/execution_full_qwen36_65k_fix1/runs/sympy__sympy-18715/adp/patch.diff	660
FILE	/mnt/data/shashwat/openhands-adp-memory/data/contextbench_phase2/execution_full_qwen36_65k_fix1/runs/sympy__sympy-18715/adp/stderr.log	263
FILE	/mnt/data/shashwat/openhands-adp-memory/data/contextbench_phase2/execution_full_qwen36_65k_fix1/runs/sympy__sympy-18715/adp/stdout.jsonl	154794
FILE	/mnt/data/shashwat/openhands-adp-memory/data/contextbench_phase2/execution_full_qwen36_65k_fix1/runs/sympy__sympy-18715/adp/.openhands_home/.openhands/conversations/1d0771e05e244eeb9ef2cdcb65059c14/base_state.json	8669
FILE	/mnt/data/shashwat/openhands-adp-memory/data/contextbench_phase2/execution_full_qwen36_65k_fix1/runs/sympy__sympy-18715/adp/run_meta.json	6441
FILE	/mnt/data/shashwat/openhands-adp-memory/data/contextbench_phase2/execution_full_qwen36_65k_fix1/runs/sympy__sympy-18715/memory/prediction.json	1222
FILE	/mnt/data/shashwat/openhands-adp-memory/data/contextbench_phase2/execution_full_qwen36_65k_fix1/runs/sympy__sympy-18715/memory/patch.diff	1044
FILE	/mnt/data/shashwat/openhands-adp-memory/data/contextbench_phase2/execution_full_qwen36_65k_fix1/runs/sympy__sympy-18715/memory/stderr.log	263
FILE	/mnt/data/shashwat/openhands-adp-memory/data/contextbench_phase2/execution_full_qwen36_65k_fix1/runs/sympy__sympy-18715/memory/stdout.jsonl	191923
FILE	/mnt/data/shashwat/openhands-adp-memory/data/contextbench_phase2/execution_full_qwen36_65k_fix1/runs/sympy__sympy-18715/memory/.openhands_home/.openhands/conversations/ace6a6c16a34416da4a292d5b4717f17/base_state.json	11221
FILE	/mnt/data/shashwat/openhands-adp-memory/data/contextbench_phase2/execution_full_qwen36_65k_fix1/runs/sympy__sympy-18715/memory/run_meta.json	6518
FILE	/mnt/data/shashwat/openhands-adp-memory/data/contextbench_phase2/execution_full_qwen36_65k_fix1/runs/sympy__sympy-18715/no_memory/prediction.json	1430
FILE	/mnt/data/shashwat/openhands-adp-memory/data/contextbench_phase2/execution_full_qwen36_65k_fix1/runs/sympy__sympy-18715/no_memory/patch.diff	1254
FILE	/mnt/data/shashwat/openhands-adp-memory/data/contextbench_phase2/execution_full_qwen36_65k_fix1/runs/sympy__sympy-18715/no_memory/stderr.log	263
FILE	/mnt/data/shashwat/openhands-adp-memory/data/contextbench_phase2/execution_full_qwen36_65k_fix1/runs/sympy__sympy-18715/no_memory/stdout.jsonl	274679
FILE	/mnt/data/shashwat/openhands-adp-memory/data/contextbench_phase2/execution_full_qwen36_65k_fix1/runs/sympy__sympy-18715/no_memory/.openhands_home/.openhands/conversations/3ce8fd0f9fea40c6a024de4ca001179a/base_state.json	19769
FILE	/mnt/data/shashwat/openhands-adp-memory/data/contextbench_phase2/execution_full_qwen36_65k_fix1/runs/sympy__sympy-18715/no_memory/run_meta.json	6553
FILE	/mnt/data/shashwat/openhands-adp-memory/data/contextbench_phase2/execution_full_qwen36_65k_fix1/runs/sympy__sympy-18715/raw/prediction.json	1304
FILE	/mnt/data/shashwat/openhands-adp-memory/data/contextbench_phase2/execution_full_qwen36_65k_fix1/runs/sympy__sympy-18715/raw/patch.diff	1128
FILE	/mnt/data/shashwat/openhands-adp-memory/data/contextbench_phase2/execution_full_qwen36_65k_fix1/runs/sympy__sympy-18715/raw/stderr.log	263
FILE	/mnt/data/shashwat/openhands-adp-memory/data/contextbench_phase2/execution_full_qwen36_65k_fix1/runs/sympy__sympy-18715/raw/stdout.jsonl	214033
FILE	/mnt/data/shashwat/openhands-adp-memory/data/contextbench_phase2/execution_full_qwen36_65k_fix1/runs/sympy__sympy-18715/raw/.openhands_home/.openhands/conversations/1214591a4b1f4927ab852484ba34ec63/base_state.json	10895
FILE	/mnt/data/shashwat/openhands-adp-memory/data/contextbench_phase2/execution_full_qwen36_65k_fix1/runs/sympy__sympy-18715/raw/run_meta.json	6443
FILE	/mnt/data/shashwat/openhands-adp-memory/data/contextbench_phase2/execution_full_qwen36_65k_fix1/runs/django__django-26486/adp/prediction.json	6555
FILE	/mnt/data/shashwat/openhands-adp-memory/data/contextbench_phase2/execution_full_qwen36_65k_fix1/runs/django__django-26486/adp/patch.diff	6216
FILE	/mnt/data/shashwat/openhands-adp-memory/data/contextbench_phase2/execution_full_qwen36_65k_fix1/runs/django__django-26486/adp/stderr.log	694
FILE	/mnt/data/shashwat/openhands-adp-memory/data/contextbench_phase2/execution_full_qwen36_65k_fix1/runs/django__django-26486/adp/stdout.jsonl	1911634
FILE	/mnt/data/shashwat/openhands-adp-memory/data/contextbench_phase2/execution_full_qwen36_65k_fix1/runs/django__django-26486/adp/.openhands_home/.openhands/conversations/adf67e050c724e76baeca58a06b16166/base_state.json	40161
FILE	/mnt/data/shashwat/openhands-adp-memory/data/contextbench_phase2/execution_full_qwen36_65k_fix1/runs/django__django-26486/adp/run_meta.json	10793
FILE	/mnt/data/shashwat/openhands-adp-memory/data/contextbench_phase2/execution_full_qwen36_65k_fix1/runs/django__django-26486/memory/prediction.json	4108
FILE	/mnt/data/shashwat/openhands-adp-memory/data/contextbench_phase2/execution_full_qwen36_65k_fix1/runs/django__django-26486/memory/patch.diff	3864
FILE	/mnt/data/shashwat/openhands-adp-memory/data/contextbench_phase2/execution_full_qwen36_65k_fix1/runs/django__django-26486/memory/stderr.log	3286
FILE	/mnt/data/shashwat/openhands-adp-memory/data/contextbench_phase2/execution_full_qwen36_65k_fix1/runs/django__django-26486/memory/stdout.jsonl	654829
FILE	/mnt/data/shashwat/openhands-adp-memory/data/contextbench_phase2/execution_full_qwen36_65k_fix1/runs/django__django-26486/memory/.openhands_home/.openhands/conversations/96a3cbed0d7046f8ae691f8409f21bf3/base_state.json	24885
FILE	/mnt/data/shashwat/openhands-adp-memory/data/contextbench_phase2/execution_full_qwen36_65k_fix1/runs/django__django-26486/memory/run_meta.json	6536
FILE	/mnt/data/shashwat/openhands-adp-memory/data/contextbench_phase2/execution_full_qwen36_65k_fix1/runs/django__django-26486/no_memory/prediction.json	6120
FILE	/mnt/data/shashwat/openhands-adp-memory/data/contextbench_phase2/execution_full_qwen36_65k_fix1/runs/django__django-26486/no_memory/patch.diff	5767
FILE	/mnt/data/shashwat/openhands-adp-memory/data/contextbench_phase2/execution_full_qwen36_65k_fix1/runs/django__django-26486/no_memory/stderr.log	694
FILE	/mnt/data/shashwat/openhands-adp-memory/data/contextbench_phase2/execution_full_qwen36_65k_fix1/runs/django__django-26486/no_memory/stdout.jsonl	591732
FILE	/mnt/data/shashwat/openhands-adp-memory/data/contextbench_phase2/execution_full_qwen36_65k_fix1/runs/django__django-26486/no_memory/.openhands_home/.openhands/conversations/0612eaecf4734e648d95539bccf457be/base_state.json	24551
FILE	/mnt/data/shashwat/openhands-adp-memory/data/contextbench_phase2/execution_full_qwen36_65k_fix1/runs/django__django-26486/no_memory/run_meta.json	6616
FILE	/mnt/data/shashwat/openhands-adp-memory/data/contextbench_phase2/execution_full_qwen36_65k_fix1/runs/django__django-26486/raw/prediction.json	1811
FILE	/mnt/data/shashwat/openhands-adp-memory/data/contextbench_phase2/execution_full_qwen36_65k_fix1/runs/django__django-26486/raw/patch.diff	1599
FILE	/mnt/data/shashwat/openhands-adp-memory/data/contextbench_phase2/execution_full_qwen36_65k_fix1/runs/django__django-26486/raw/stderr.log	3286
FILE	/mnt/data/shashwat/openhands-adp-memory/data/contextbench_phase2/execution_full_qwen36_65k_fix1/runs/django__django-26486/raw/stdout.jsonl	124039
FILE	/mnt/data/shashwat/openhands-adp-memory/data/contextbench_phase2/execution_full_qwen36_65k_fix1/runs/django__django-26486/raw/.openhands_home/.openhands/conversations/5e8dc9e4d14e4b5ab98f65675908b978/base_state.json	8664
FILE	/mnt/data/shashwat/openhands-adp-memory/data/contextbench_phase2/execution_full_qwen36_65k_fix1/runs/django__django-26486/raw/run_meta.json	6480
FILE	/mnt/data/shashwat/openhands-adp-memory/data/contextbench_phase2/execution_full_qwen36_65k_fix1/runs/django__django-27910/adp/prediction.json	9046
FILE	/mnt/data/shashwat/openhands-adp-memory/data/contextbench_phase2/execution_full_qwen36_65k_fix1/runs/django__django-27910/adp/patch.diff	8513
FILE	/mnt/data/shashwat/openhands-adp-memory/data/contextbench_phase2/execution_full_qwen36_65k_fix1/runs/django__django-27910/adp/stderr.log	3286
FILE	/mnt/data/shashwat/openhands-adp-memory/data/contextbench_phase2/execution_full_qwen36_65k_fix1/runs/django__django-27910/adp/stdout.jsonl	1050515
FILE	/mnt/data/shashwat/openhands-adp-memory/data/contextbench_phase2/execution_full_qwen36_65k_fix1/runs/django__django-27910/adp/.openhands_home/.openhands/conversations/d125122aa2a64799a155a6bfb4f06fa4/base_state.json	17561
FILE	/mnt/data/shashwat/openhands-adp-memory/data/contextbench_phase2/execution_full_qwen36_65k_fix1/runs/django__django-27910/adp/run_meta.json	6466
FILE	/mnt/data/shashwat/openhands-adp-memory/data/contextbench_phase2/execution_full_qwen36_65k_fix1/runs/django__django-27910/memory/prediction.json	8384
FILE	/mnt/data/shashwat/openhands-adp-memory/data/contextbench_phase2/execution_full_qwen36_65k_fix1/runs/django__django-27910/memory/patch.diff	7938
FILE	/mnt/data/shashwat/openhands-adp-memory/data/contextbench_phase2/execution_full_qwen36_65k_fix1/runs/django__django-27910/memory/stderr.log	694
FILE	/mnt/data/shashwat/openhands-adp-memory/data/contextbench_phase2/execution_full_qwen36_65k_fix1/runs/django__django-27910/memory/stdout.jsonl	2076580
FILE	/mnt/data/shashwat/openhands-adp-memory/data/contextbench_phase2/execution_full_qwen36_65k_fix1/runs/django__django-27910/memory/.openhands_home/.openhands/conversations/f90f44b7224d416ca927e78ce010bcb2/base_state.json	47706
FILE	/mnt/data/shashwat/openhands-adp-memory/data/contextbench_phase2/execution_full_qwen36_65k_fix1/runs/django__django-27910/memory/run_meta.json	6479
FILE	/mnt/data/shashwat/openhands-adp-memory/data/contextbench_phase2/execution_full_qwen36_65k_fix1/runs/django__django-27910/no_memory/prediction.json	3556
FILE	/mnt/data/shashwat/openhands-adp-memory/data/contextbench_phase2/execution_full_qwen36_65k_fix1/runs/django__django-27910/no_memory/patch.diff	3292
FILE	/mnt/data/shashwat/openhands-adp-memory/data/contextbench_phase2/execution_full_qwen36_65k_fix1/runs/django__django-27910/no_memory/stderr.log	694
FILE	/mnt/data/shashwat/openhands-adp-memory/data/contextbench_phase2/execution_full_qwen36_65k_fix1/runs/django__django-27910/no_memory/stdout.jsonl	1415665
FILE	/mnt/data/shashwat/openhands-adp-memory/data/contextbench_phase2/execution_full_qwen36_65k_fix1/runs/django__django-27910/no_memory/.openhands_home/.openhands/conversations/ba91029d1e6d49db9c70681fd1f39d5b/base_state.json	34679
FILE	/mnt/data/shashwat/openhands-adp-memory/data/contextbench_phase2/execution_full_qwen36_65k_fix1/runs/django__django-27910/no_memory/run_meta.json	8194
FILE	/mnt/data/shashwat/openhands-adp-memory/data/contextbench_phase2/execution_full_qwen36_65k_fix1/runs/django__django-27910/raw/prediction.json	10162
FILE	/mnt/data/shashwat/openhands-adp-memory/data/contextbench_phase2/execution_full_qwen36_65k_fix1/runs/django__django-27910/raw/patch.diff	9666
FILE	/mnt/data/shashwat/openhands-adp-memory/data/contextbench_phase2/execution_full_qwen36_65k_fix1/runs/django__django-27910/raw/stderr.log	694
FILE	/mnt/data/shashwat/openhands-adp-memory/data/contextbench_phase2/execution_full_qwen36_65k_fix1/runs/django__django-27910/raw/stdout.jsonl	1360673
FILE	/mnt/data/shashwat/openhands-adp-memory/data/contextbench_phase2/execution_full_qwen36_65k_fix1/runs/django__django-27910/raw/.openhands_home/.openhands/conversations/67ac487d634242e7b1610fe309c325af/base_state.json	31853
FILE	/mnt/data/shashwat/openhands-adp-memory/data/contextbench_phase2/execution_full_qwen36_65k_fix1/runs/django__django-27910/raw/run_meta.json	6488
FILE	/mnt/data/shashwat/openhands-adp-memory/data/contextbench_phase2/execution_full_qwen36_65k_fix1/runs/scikit-learn__scikit-learn-13771/adp/prediction.json	7954
FILE	/mnt/data/shashwat/openhands-adp-memory/data/contextbench_phase2/execution_full_qwen36_65k_fix1/runs/scikit-learn__scikit-learn-13771/adp/patch.diff	7598
FILE	/mnt/data/shashwat/openhands-adp-memory/data/contextbench_phase2/execution_full_qwen36_65k_fix1/runs/scikit-learn__scikit-learn-13771/adp/stderr.log	694
FILE	/mnt/data/shashwat/openhands-adp-memory/data/contextbench_phase2/execution_full_qwen36_65k_fix1/runs/scikit-learn__scikit-learn-13771/adp/stdout.jsonl	638546
FILE	/mnt/data/shashwat/openhands-adp-memory/data/contextbench_phase2/execution_full_qwen36_65k_fix1/runs/scikit-learn__scikit-learn-13771/adp/.openhands_home/.openhands/conversations/f28248bc42c14677b205977bb771899f/base_state.json	15335
FILE	/mnt/data/shashwat/openhands-adp-memory/data/contextbench_phase2/execution_full_qwen36_65k_fix1/runs/scikit-learn__scikit-learn-13771/adp/run_meta.json	6831
FILE	/mnt/data/shashwat/openhands-adp-memory/data/contextbench_phase2/execution_full_qwen36_65k_fix1/runs/scikit-learn__scikit-learn-13771/memory/prediction.json	6262
FILE	/mnt/data/shashwat/openhands-adp-memory/data/contextbench_phase2/execution_full_qwen36_65k_fix1/runs/scikit-learn__scikit-learn-13771/memory/patch.diff	5907
FILE	/mnt/data/shashwat/openhands-adp-memory/data/contextbench_phase2/execution_full_qwen36_65k_fix1/runs/scikit-learn__scikit-learn-13771/memory/stderr.log	694
FILE	/mnt/data/shashwat/openhands-adp-memory/data/contextbench_phase2/execution_full_qwen36_65k_fix1/runs/scikit-learn__scikit-learn-13771/memory/stdout.jsonl	747449
FILE	/mnt/data/shashwat/openhands-adp-memory/data/contextbench_phase2/execution_full_qwen36_65k_fix1/runs/scikit-learn__scikit-learn-13771/memory/.openhands_home/.openhands/conversations/8a840f8fbb39418ba9e0a75a57a0cec0/base_state.json	28997
FILE	/mnt/data/shashwat/openhands-adp-memory/data/contextbench_phase2/execution_full_qwen36_65k_fix1/runs/scikit-learn__scikit-learn-13771/memory/run_meta.json	6892
FILE	/mnt/data/shashwat/openhands-adp-memory/data/contextbench_phase2/execution_full_qwen36_65k_fix1/runs/scikit-learn__scikit-learn-13771/no_memory/prediction.json	10056
FILE	/mnt/data/shashwat/openhands-adp-memory/data/contextbench_phase2/execution_full_qwen36_65k_fix1/runs/scikit-learn__scikit-learn-13771/no_memory/patch.diff	9644
FILE	/mnt/data/shashwat/openhands-adp-memory/data/contextbench_phase2/execution_full_qwen36_65k_fix1/runs/scikit-learn__scikit-learn-13771/no_memory/stderr.log	856
FILE	/mnt/data/shashwat/openhands-adp-memory/data/contextbench_phase2/execution_full_qwen36_65k_fix1/runs/scikit-learn__scikit-learn-13771/no_memory/stdout.jsonl	1381387
FILE	/mnt/data/shashwat/openhands-adp-memory/data/contextbench_phase2/execution_full_qwen36_65k_fix1/runs/scikit-learn__scikit-learn-13771/no_memory/.openhands_home/.openhands/conversations/455b74963bc041d98bc2cd2315cac7ba/base_state.json	37258
FILE	/mnt/data/shashwat/openhands-adp-memory/data/contextbench_phase2/execution_full_qwen36_65k_fix1/runs/scikit-learn__scikit-learn-13771/no_memory/run_meta.json	7096
FILE	/mnt/data/shashwat/openhands-adp-memory/data/contextbench_phase2/execution_full_qwen36_65k_fix1/runs/scikit-learn__scikit-learn-13771/raw/prediction.json	13162
FILE	/mnt/data/shashwat/openhands-adp-memory/data/contextbench_phase2/execution_full_qwen36_65k_fix1/runs/scikit-learn__scikit-learn-13771/raw/patch.diff	12579
FILE	/mnt/data/shashwat/openhands-adp-memory/data/contextbench_phase2/execution_full_qwen36_65k_fix1/runs/scikit-learn__scikit-learn-13771/raw/stderr.log	694
FILE	/mnt/data/shashwat/openhands-adp-memory/data/contextbench_phase2/execution_full_qwen36_65k_fix1/runs/scikit-learn__scikit-learn-13771/raw/stdout.jsonl	654258
FILE	/mnt/data/shashwat/openhands-adp-memory/data/contextbench_phase2/execution_full_qwen36_65k_fix1/runs/scikit-learn__scikit-learn-13771/raw/.openhands_home/.openhands/conversations/dca4e5204fe84430a4e79875f26623f4/base_state.json	19149
FILE	/mnt/data/shashwat/openhands-adp-memory/data/contextbench_phase2/execution_full_qwen36_65k_fix1/runs/scikit-learn__scikit-learn-13771/raw/run_meta.json	6840
FILE	/mnt/data/shashwat/openhands-adp-memory/data/contextbench_phase2/execution_full_qwen36_65k_fix1/runs/pytest-dev__pytest-10341/adp/prediction.json	2092
FILE	/mnt/data/shashwat/openhands-adp-memory/data/contextbench_phase2/execution_full_qwen36_65k_fix1/runs/pytest-dev__pytest-10341/adp/patch.diff	1871
FILE	/mnt/data/shashwat/openhands-adp-memory/data/contextbench_phase2/execution_full_qwen36_65k_fix1/runs/pytest-dev__pytest-10341/adp/stderr.log	3286
FILE	/mnt/data/shashwat/openhands-adp-memory/data/contextbench_phase2/execution_full_qwen36_65k_fix1/runs/pytest-dev__pytest-10341/adp/stdout.jsonl	386706
FILE	/mnt/data/shashwat/openhands-adp-memory/data/contextbench_phase2/execution_full_qwen36_65k_fix1/runs/pytest-dev__pytest-10341/adp/.openhands_home/.openhands/conversations/26a1e998c755431ba234489fa081adb8/base_state.json	19478
FILE	/mnt/data/shashwat/openhands-adp-memory/data/contextbench_phase2/execution_full_qwen36_65k_fix1/runs/pytest-dev__pytest-10341/adp/run_meta.json	6580
FILE	/mnt/data/shashwat/openhands-adp-memory/data/contextbench_phase2/execution_full_qwen36_65k_fix1/runs/pytest-dev__pytest-10341/memory/prediction.json	2559
FILE	/mnt/data/shashwat/openhands-adp-memory/data/contextbench_phase2/execution_full_qwen36_65k_fix1/runs/pytest-dev__pytest-10341/memory/patch.diff	2325
FILE	/mnt/data/shashwat/openhands-adp-memory/data/contextbench_phase2/execution_full_qwen36_65k_fix1/runs/pytest-dev__pytest-10341/memory/stderr.log	694
FILE	/mnt/data/shashwat/openhands-adp-memory/data/contextbench_phase2/execution_full_qwen36_65k_fix1/runs/pytest-dev__pytest-10341/memory/stdout.jsonl	406686
FILE	/mnt/data/shashwat/openhands-adp-memory/data/contextbench_phase2/execution_full_qwen36_65k_fix1/runs/pytest-dev__pytest-10341/memory/.openhands_home/.openhands/conversations/cd805ebb26af48e2b00ed8b4d9465fe0/base_state.json	15985
FILE	/mnt/data/shashwat/openhands-adp-memory/data/contextbench_phase2/execution_full_qwen36_65k_fix1/runs/pytest-dev__pytest-10341/memory/run_meta.json	6654
FILE	/mnt/data/shashwat/openhands-adp-memory/data/contextbench_phase2/execution_full_qwen36_65k_fix1/runs/pytest-dev__pytest-10341/no_memory/prediction.json	158
FILE	/mnt/data/shashwat/openhands-adp-memory/data/contextbench_phase2/execution_full_qwen36_65k_fix1/runs/pytest-dev__pytest-10341/no_memory/patch.diff	0
FILE	/mnt/data/shashwat/openhands-adp-memory/data/contextbench_phase2/execution_full_qwen36_65k_fix1/runs/pytest-dev__pytest-10341/no_memory/stderr.log	694
FILE	/mnt/data/shashwat/openhands-adp-memory/data/contextbench_phase2/execution_full_qwen36_65k_fix1/runs/pytest-dev__pytest-10341/no_memory/stdout.jsonl	763748
FILE	/mnt/data/shashwat/openhands-adp-memory/data/contextbench_phase2/execution_full_qwen36_65k_fix1/runs/pytest-dev__pytest-10341/no_memory/.openhands_home/.openhands/conversations/2acd922d716c433fa2cfd462e44b0fad/base_state.json	21372
FILE	/mnt/data/shashwat/openhands-adp-memory/data/contextbench_phase2/execution_full_qwen36_65k_fix1/runs/pytest-dev__pytest-10341/no_memory/run_meta.json	6739
FILE	/mnt/data/shashwat/openhands-adp-memory/data/contextbench_phase2/execution_full_qwen36_65k_fix1/runs/pytest-dev__pytest-10341/raw/prediction.json	4806
FILE	/mnt/data/shashwat/openhands-adp-memory/data/contextbench_phase2/execution_full_qwen36_65k_fix1/runs/pytest-dev__pytest-10341/raw/patch.diff	4438
FILE	/mnt/data/shashwat/openhands-adp-memory/data/contextbench_phase2/execution_full_qwen36_65k_fix1/runs/pytest-dev__pytest-10341/raw/stderr.log	856
FILE	/mnt/data/shashwat/openhands-adp-memory/data/contextbench_phase2/execution_full_qwen36_65k_fix1/runs/pytest-dev__pytest-10341/raw/stdout.jsonl	1340222
FILE	/mnt/data/shashwat/openhands-adp-memory/data/contextbench_phase2/execution_full_qwen36_65k_fix1/runs/pytest-dev__pytest-10341/raw/.openhands_home/.openhands/conversations/b92b472ae5cf480ebca0e51f15ef1697/base_state.json	21065
FILE	/mnt/data/shashwat/openhands-adp-memory/data/contextbench_phase2/execution_full_qwen36_65k_fix1/runs/pytest-dev__pytest-10341/raw/run_meta.json	6689
FILE	/mnt/data/shashwat/openhands-adp-memory/data/contextbench_phase2/execution_full_qwen36_65k_fix1/runs/sympy__sympy-11286/adp/prediction.json	2223
FILE	/mnt/data/shashwat/openhands-adp-memory/data/contextbench_phase2/execution_full_qwen36_65k_fix1/runs/sympy__sympy-11286/adp/patch.diff	2022
FILE	/mnt/data/shashwat/openhands-adp-memory/data/contextbench_phase2/execution_full_qwen36_65k_fix1/runs/sympy__sympy-11286/adp/stderr.log	694
FILE	/mnt/data/shashwat/openhands-adp-memory/data/contextbench_phase2/execution_full_qwen36_65k_fix1/runs/sympy__sympy-11286/adp/stdout.jsonl	306413
FILE	/mnt/data/shashwat/openhands-adp-memory/data/contextbench_phase2/execution_full_qwen36_65k_fix1/runs/sympy__sympy-11286/adp/.openhands_home/.openhands/conversations/7c70d6e484544a0581aaa4df2691b8de/base_state.json	14701
FILE	/mnt/data/shashwat/openhands-adp-memory/data/contextbench_phase2/execution_full_qwen36_65k_fix1/runs/sympy__sympy-11286/adp/run_meta.json	6424
FILE	/mnt/data/shashwat/openhands-adp-memory/data/contextbench_phase2/execution_full_qwen36_65k_fix1/runs/sympy__sympy-11286/memory/prediction.json	2269
FILE	/mnt/data/shashwat/openhands-adp-memory/data/contextbench_phase2/execution_full_qwen36_65k_fix1/runs/sympy__sympy-11286/memory/patch.diff	2068
FILE	/mnt/data/shashwat/openhands-adp-memory/data/contextbench_phase2/execution_full_qwen36_65k_fix1/runs/sympy__sympy-11286/memory/stderr.log	694
FILE	/mnt/data/shashwat/openhands-adp-memory/data/contextbench_phase2/execution_full_qwen36_65k_fix1/runs/sympy__sympy-11286/memory/stdout.jsonl	287206
FILE	/mnt/data/shashwat/openhands-adp-memory/data/contextbench_phase2/execution_full_qwen36_65k_fix1/runs/sympy__sympy-11286/memory/.openhands_home/.openhands/conversations/de03ff13e77548209bfd44d4750ad9f1/base_state.json	17266
FILE	/mnt/data/shashwat/openhands-adp-memory/data/contextbench_phase2/execution_full_qwen36_65k_fix1/runs/sympy__sympy-11286/memory/run_meta.json	6419
FILE	/mnt/data/shashwat/openhands-adp-memory/data/contextbench_phase2/execution_full_qwen36_65k_fix1/runs/sympy__sympy-11286/no_memory/prediction.json	152
FILE	/mnt/data/shashwat/openhands-adp-memory/data/contextbench_phase2/execution_full_qwen36_65k_fix1/runs/sympy__sympy-11286/no_memory/patch.diff	0
FILE	/mnt/data/shashwat/openhands-adp-memory/data/contextbench_phase2/execution_full_qwen36_65k_fix1/runs/sympy__sympy-11286/no_memory/stderr.log	694
FILE	/mnt/data/shashwat/openhands-adp-memory/data/contextbench_phase2/execution_full_qwen36_65k_fix1/runs/sympy__sympy-11286/no_memory/stdout.jsonl	69421
FILE	/mnt/data/shashwat/openhands-adp-memory/data/contextbench_phase2/execution_full_qwen36_65k_fix1/runs/sympy__sympy-11286/no_memory/.openhands_home/.openhands/conversations/5dd37aefe9334ee9a53db954947106ac/base_state.json	7395
FILE	/mnt/data/shashwat/openhands-adp-memory/data/contextbench_phase2/execution_full_qwen36_65k_fix1/runs/sympy__sympy-11286/no_memory/run_meta.json	6542
FILE	/mnt/data/shashwat/openhands-adp-memory/data/contextbench_phase2/execution_full_qwen36_65k_fix1/runs/sympy__sympy-11286/raw/prediction.json	1779
FILE	/mnt/data/shashwat/openhands-adp-memory/data/contextbench_phase2/execution_full_qwen36_65k_fix1/runs/sympy__sympy-11286/raw/patch.diff	1585
FILE	/mnt/data/shashwat/openhands-adp-memory/data/contextbench_phase2/execution_full_qwen36_65k_fix1/runs/sympy__sympy-11286/raw/stderr.log	694
FILE	/mnt/data/shashwat/openhands-adp-memory/data/contextbench_phase2/execution_full_qwen36_65k_fix1/runs/sympy__sympy-11286/raw/stdout.jsonl	249256
FILE	/mnt/data/shashwat/openhands-adp-memory/data/contextbench_phase2/execution_full_qwen36_65k_fix1/runs/sympy__sympy-11286/raw/.openhands_home/.openhands/conversations/f09e74ce9f4449bbaa03877d5c253caa/base_state.json	9314
FILE	/mnt/data/shashwat/openhands-adp-memory/data/contextbench_phase2/execution_full_qwen36_65k_fix1/runs/sympy__sympy-11286/raw/run_meta.json	6422
FILE	/mnt/data/shashwat/openhands-adp-memory/data/contextbench_phase2/execution_full_qwen36_65k_fix1/runs/sympy__sympy-15059/adp/prediction.json	3772
FILE	/mnt/data/shashwat/openhands-adp-memory/data/contextbench_phase2/execution_full_qwen36_65k_fix1/runs/sympy__sympy-15059/adp/patch.diff	3511
FILE	/mnt/data/shashwat/openhands-adp-memory/data/contextbench_phase2/execution_full_qwen36_65k_fix1/runs/sympy__sympy-15059/adp/stderr.log	694
FILE	/mnt/data/shashwat/openhands-adp-memory/data/contextbench_phase2/execution_full_qwen36_65k_fix1/runs/sympy__sympy-15059/adp/stdout.jsonl	2490952
FILE	/mnt/data/shashwat/openhands-adp-memory/data/contextbench_phase2/execution_full_qwen36_65k_fix1/runs/sympy__sympy-15059/adp/.openhands_home/.openhands/conversations/48497c57cfc54dc5984209923b312abf/base_state.json	36323
FILE	/mnt/data/shashwat/openhands-adp-memory/data/contextbench_phase2/execution_full_qwen36_65k_fix1/runs/sympy__sympy-15059/adp/run_meta.json	6346
FILE	/mnt/data/shashwat/openhands-adp-memory/data/contextbench_phase2/execution_full_qwen36_65k_fix1/runs/sympy__sympy-15059/memory/prediction.json	2511
FILE	/mnt/data/shashwat/openhands-adp-memory/data/contextbench_phase2/execution_full_qwen36_65k_fix1/runs/sympy__sympy-15059/memory/patch.diff	2290
FILE	/mnt/data/shashwat/openhands-adp-memory/data/contextbench_phase2/execution_full_qwen36_65k_fix1/runs/sympy__sympy-15059/memory/stderr.log	694
FILE	/mnt/data/shashwat/openhands-adp-memory/data/contextbench_phase2/execution_full_qwen36_65k_fix1/runs/sympy__sympy-15059/memory/stdout.jsonl	3235227
FILE	/mnt/data/shashwat/openhands-adp-memory/data/contextbench_phase2/execution_full_qwen36_65k_fix1/runs/sympy__sympy-15059/memory/.openhands_home/.openhands/conversations/ab1879be79c548ccb7519cd6e23678e6/base_state.json	68361
FILE	/mnt/data/shashwat/openhands-adp-memory/data/contextbench_phase2/execution_full_qwen36_65k_fix1/runs/sympy__sympy-15059/memory/run_meta.json	6421
FILE	/mnt/data/shashwat/openhands-adp-memory/data/contextbench_phase2/execution_full_qwen36_65k_fix1/runs/sympy__sympy-15059/no_memory/prediction.json	152
FILE	/mnt/data/shashwat/openhands-adp-memory/data/contextbench_phase2/execution_full_qwen36_65k_fix1/runs/sympy__sympy-15059/no_memory/patch.diff	0
FILE	/mnt/data/shashwat/openhands-adp-memory/data/contextbench_phase2/execution_full_qwen36_65k_fix1/runs/sympy__sympy-15059/no_memory/stderr.log	2962
FILE	/mnt/data/shashwat/openhands-adp-memory/data/contextbench_phase2/execution_full_qwen36_65k_fix1/runs/sympy__sympy-15059/no_memory/stdout.jsonl	565153
FILE	/mnt/data/shashwat/openhands-adp-memory/data/contextbench_phase2/execution_full_qwen36_65k_fix1/runs/sympy__sympy-15059/no_memory/.openhands_home/.openhands/conversations/bf9eb75b7a984013a11dfebce0c250ed/base_state.json	22626
FILE	/mnt/data/shashwat/openhands-adp-memory/data/contextbench_phase2/execution_full_qwen36_65k_fix1/runs/sympy__sympy-15059/no_memory/run_meta.json	7063
FILE	/mnt/data/shashwat/openhands-adp-memory/data/contextbench_phase2/execution_full_qwen36_65k_fix1/runs/sympy__sympy-15059/raw/prediction.json	1849
FILE	/mnt/data/shashwat/openhands-adp-memory/data/contextbench_phase2/execution_full_qwen36_65k_fix1/runs/sympy__sympy-15059/raw/patch.diff	1639
FILE	/mnt/data/shashwat/openhands-adp-memory/data/contextbench_phase2/execution_full_qwen36_65k_fix1/runs/sympy__sympy-15059/raw/stderr.log	694
FILE	/mnt/data/shashwat/openhands-adp-memory/data/contextbench_phase2/execution_full_qwen36_65k_fix1/runs/sympy__sympy-15059/raw/stdout.jsonl	1820017
FILE	/mnt/data/shashwat/openhands-adp-memory/data/contextbench_phase2/execution_full_qwen36_65k_fix1/runs/sympy__sympy-15059/raw/.openhands_home/.openhands/conversations/64e4aba2ecac433b8ae32c1f46f06de8/base_state.json	35024
FILE	/mnt/data/shashwat/openhands-adp-memory/data/contextbench_phase2/execution_full_qwen36_65k_fix1/runs/sympy__sympy-15059/raw/run_meta.json	6346
FILE	/mnt/data/shashwat/openhands-adp-memory/data/contextbench_phase2/execution_full_qwen36_65k_fix1/runs/django__django-28916/adp/prediction.json	5585
FILE	/mnt/data/shashwat/openhands-adp-memory/data/contextbench_phase2/execution_full_qwen36_65k_fix1/runs/django__django-28916/adp/patch.diff	5228
FILE	/mnt/data/shashwat/openhands-adp-memory/data/contextbench_phase2/execution_full_qwen36_65k_fix1/runs/django__django-28916/adp/stderr.log	694
FILE	/mnt/data/shashwat/openhands-adp-memory/data/contextbench_phase2/execution_full_qwen36_65k_fix1/runs/django__django-28916/adp/stdout.jsonl	2436554
FILE	/mnt/data/shashwat/openhands-adp-memory/data/contextbench_phase2/execution_full_qwen36_65k_fix1/runs/django__django-28916/adp/.openhands_home/.openhands/conversations/1d33eed95be742fd942be1e66db0aed2/base_state.json	43669
FILE	/mnt/data/shashwat/openhands-adp-memory/data/contextbench_phase2/execution_full_qwen36_65k_fix1/runs/django__django-28916/adp/run_meta.json	6467
FILE	/mnt/data/shashwat/openhands-adp-memory/data/contextbench_phase2/execution_full_qwen36_65k_fix1/runs/django__django-28916/memory/prediction.json	1384
FILE	/mnt/data/shashwat/openhands-adp-memory/data/contextbench_phase2/execution_full_qwen36_65k_fix1/runs/django__django-28916/memory/patch.diff	1209
FILE	/mnt/data/shashwat/openhands-adp-memory/data/contextbench_phase2/execution_full_qwen36_65k_fix1/runs/django__django-28916/memory/stderr.log	694
FILE	/mnt/data/shashwat/openhands-adp-memory/data/contextbench_phase2/execution_full_qwen36_65k_fix1/runs/django__django-28916/memory/stdout.jsonl	453406
FILE	/mnt/data/shashwat/openhands-adp-memory/data/contextbench_phase2/execution_full_qwen36_65k_fix1/runs/django__django-28916/memory/.openhands_home/.openhands/conversations/ce910c2745d1407baa1613119ef33555/base_state.json	19460
FILE	/mnt/data/shashwat/openhands-adp-memory/data/contextbench_phase2/execution_full_qwen36_65k_fix1/runs/django__django-28916/memory/run_meta.json	6560
FILE	/mnt/data/shashwat/openhands-adp-memory/data/contextbench_phase2/execution_full_qwen36_65k_fix1/runs/django__django-28916/no_memory/prediction.json	154
FILE	/mnt/data/shashwat/openhands-adp-memory/data/contextbench_phase2/execution_full_qwen36_65k_fix1/runs/django__django-28916/no_memory/patch.diff	0
FILE	/mnt/data/shashwat/openhands-adp-memory/data/contextbench_phase2/execution_full_qwen36_65k_fix1/runs/django__django-28916/no_memory/stderr.log	694
FILE	/mnt/data/shashwat/openhands-adp-memory/data/contextbench_phase2/execution_full_qwen36_65k_fix1/runs/django__django-28916/no_memory/stdout.jsonl	195300
FILE	/mnt/data/shashwat/openhands-adp-memory/data/contextbench_phase2/execution_full_qwen36_65k_fix1/runs/django__django-28916/no_memory/.openhands_home/.openhands/conversations/4355429d0e594a1897f1f3cbf012ab23/base_state.json	16266
FILE	/mnt/data/shashwat/openhands-adp-memory/data/contextbench_phase2/execution_full_qwen36_65k_fix1/runs/django__django-28916/no_memory/run_meta.json	6642
FILE	/mnt/data/shashwat/openhands-adp-memory/data/contextbench_phase2/execution_full_qwen36_65k_fix1/runs/django__django-28916/raw/prediction.json	2967
FILE	/mnt/data/shashwat/openhands-adp-memory/data/contextbench_phase2/execution_full_qwen36_65k_fix1/runs/django__django-28916/raw/patch.diff	2708
FILE	/mnt/data/shashwat/openhands-adp-memory/data/contextbench_phase2/execution_full_qwen36_65k_fix1/runs/django__django-28916/raw/stderr.log	694
FILE	/mnt/data/shashwat/openhands-adp-memory/data/contextbench_phase2/execution_full_qwen36_65k_fix1/runs/django__django-28916/raw/stdout.jsonl	2028632
FILE	/mnt/data/shashwat/openhands-adp-memory/data/contextbench_phase2/execution_full_qwen36_65k_fix1/runs/django__django-28916/raw/.openhands_home/.openhands/conversations/2812ebfc511742c7aec6c0fae8ceb3fd/base_state.json	48083
FILE	/mnt/data/shashwat/openhands-adp-memory/data/contextbench_phase2/execution_full_qwen36_65k_fix1/runs/django__django-28916/raw/run_meta.json	6467
FILE	/mnt/data/shashwat/openhands-adp-memory/data/contextbench_phase2/execution_full_qwen36_65k_fix1/runs/sympy__sympy-13039/adp/prediction.json	1537
FILE	/mnt/data/shashwat/openhands-adp-memory/data/contextbench_phase2/execution_full_qwen36_65k_fix1/runs/sympy__sympy-13039/adp/patch.diff	1352
FILE	/mnt/data/shashwat/openhands-adp-memory/data/contextbench_phase2/execution_full_qwen36_65k_fix1/runs/sympy__sympy-13039/adp/stderr.log	694
FILE	/mnt/data/shashwat/openhands-adp-memory/data/contextbench_phase2/execution_full_qwen36_65k_fix1/runs/sympy__sympy-13039/adp/stdout.jsonl	887393
FILE	/mnt/data/shashwat/openhands-adp-memory/data/contextbench_phase2/execution_full_qwen36_65k_fix1/runs/sympy__sympy-13039/adp/.openhands_home/.openhands/conversations/8ed3230189c14826977f5fcf7107a5b9/base_state.json	15038
FILE	/mnt/data/shashwat/openhands-adp-memory/data/contextbench_phase2/execution_full_qwen36_65k_fix1/runs/sympy__sympy-13039/adp/run_meta.json	6404
FILE	/mnt/data/shashwat/openhands-adp-memory/data/contextbench_phase2/execution_full_qwen36_65k_fix1/runs/sympy__sympy-13039/memory/prediction.json	889
FILE	/mnt/data/shashwat/openhands-adp-memory/data/contextbench_phase2/execution_full_qwen36_65k_fix1/runs/sympy__sympy-13039/memory/patch.diff	721
FILE	/mnt/data/shashwat/openhands-adp-memory/data/contextbench_phase2/execution_full_qwen36_65k_fix1/runs/sympy__sympy-13039/memory/stderr.log	694
FILE	/mnt/data/shashwat/openhands-adp-memory/data/contextbench_phase2/execution_full_qwen36_65k_fix1/runs/sympy__sympy-13039/memory/stdout.jsonl	453116
FILE	/mnt/data/shashwat/openhands-adp-memory/data/contextbench_phase2/execution_full_qwen36_65k_fix1/runs/sympy__sympy-13039/memory/.openhands_home/.openhands/conversations/5eac8c2608bd419da149e6063a103fff/base_state.json	15350
FILE	/mnt/data/shashwat/openhands-adp-memory/data/contextbench_phase2/execution_full_qwen36_65k_fix1/runs/sympy__sympy-13039/memory/run_meta.json	6478
FILE	/mnt/data/shashwat/openhands-adp-memory/data/contextbench_phase2/execution_full_qwen36_65k_fix1/runs/sympy__sympy-13039/no_memory/prediction.json	3938
FILE	/mnt/data/shashwat/openhands-adp-memory/data/contextbench_phase2/execution_full_qwen36_65k_fix1/runs/sympy__sympy-13039/no_memory/patch.diff	3690
FILE	/mnt/data/shashwat/openhands-adp-memory/data/contextbench_phase2/execution_full_qwen36_65k_fix1/runs/sympy__sympy-13039/no_memory/stderr.log	694
FILE	/mnt/data/shashwat/openhands-adp-memory/data/contextbench_phase2/execution_full_qwen36_65k_fix1/runs/sympy__sympy-13039/no_memory/stdout.jsonl	5159590
FILE	/mnt/data/shashwat/openhands-adp-memory/data/contextbench_phase2/execution_full_qwen36_65k_fix1/runs/sympy__sympy-13039/no_memory/.openhands_home/.openhands/conversations/b090e89e764b40c1a12e436df1c45cd2/base_state.json	66556
FILE	/mnt/data/shashwat/openhands-adp-memory/data/contextbench_phase2/execution_full_qwen36_65k_fix1/runs/sympy__sympy-13039/no_memory/run_meta.json	6559
FILE	/mnt/data/shashwat/openhands-adp-memory/data/contextbench_phase2/execution_full_qwen36_65k_fix1/runs/sympy__sympy-13039/raw/prediction.json	1408
FILE	/mnt/data/shashwat/openhands-adp-memory/data/contextbench_phase2/execution_full_qwen36_65k_fix1/runs/sympy__sympy-13039/raw/patch.diff	1229
FILE	/mnt/data/shashwat/openhands-adp-memory/data/contextbench_phase2/execution_full_qwen36_65k_fix1/runs/sympy__sympy-13039/raw/stderr.log	694
FILE	/mnt/data/shashwat/openhands-adp-memory/data/contextbench_phase2/execution_full_qwen36_65k_fix1/runs/sympy__sympy-13039/raw/stdout.jsonl	305758
FILE	/mnt/data/shashwat/openhands-adp-memory/data/contextbench_phase2/execution_full_qwen36_65k_fix1/runs/sympy__sympy-13039/raw/.openhands_home/.openhands/conversations/8ef6f67d98ee4342bace8b16ad366dbc/base_state.json	8362
FILE	/mnt/data/shashwat/openhands-adp-memory/data/contextbench_phase2/execution_full_qwen36_65k_fix1/runs/sympy__sympy-13039/raw/run_meta.json	6403
FILE	/mnt/data/shashwat/openhands-adp-memory/data/contextbench_phase2/execution_full_qwen36_65k_fix1/runs/pallets__flask-4039/adp/prediction.json	843
FILE	/mnt/data/shashwat/openhands-adp-memory/data/contextbench_phase2/execution_full_qwen36_65k_fix1/runs/pallets__flask-4039/adp/patch.diff	673
FILE	/mnt/data/shashwat/openhands-adp-memory/data/contextbench_phase2/execution_full_qwen36_65k_fix1/runs/pallets__flask-4039/adp/stderr.log	1018
FILE	/mnt/data/shashwat/openhands-adp-memory/data/contextbench_phase2/execution_full_qwen36_65k_fix1/runs/pallets__flask-4039/adp/stdout.jsonl	1386416
FILE	/mnt/data/shashwat/openhands-adp-memory/data/contextbench_phase2/execution_full_qwen36_65k_fix1/runs/pallets__flask-4039/adp/.openhands_home/.openhands/conversations/3e813cad0f3945b9b7587025ccd6f7e2/base_state.json	27084
FILE	/mnt/data/shashwat/openhands-adp-memory/data/contextbench_phase2/execution_full_qwen36_65k_fix1/runs/pallets__flask-4039/adp/run_meta.json	8520
FILE	/mnt/data/shashwat/openhands-adp-memory/data/contextbench_phase2/execution_full_qwen36_65k_fix1/runs/pallets__flask-4039/memory/prediction.json	1887
FILE	/mnt/data/shashwat/openhands-adp-memory/data/contextbench_phase2/execution_full_qwen36_65k_fix1/runs/pallets__flask-4039/memory/patch.diff	1651
FILE	/mnt/data/shashwat/openhands-adp-memory/data/contextbench_phase2/execution_full_qwen36_65k_fix1/runs/pallets__flask-4039/memory/stderr.log	694
FILE	/mnt/data/shashwat/openhands-adp-memory/data/contextbench_phase2/execution_full_qwen36_65k_fix1/runs/pallets__flask-4039/memory/stdout.jsonl	711508
FILE	/mnt/data/shashwat/openhands-adp-memory/data/contextbench_phase2/execution_full_qwen36_65k_fix1/runs/pallets__flask-4039/memory/.openhands_home/.openhands/conversations/5e2f04dc65b245599f5790df42039423/base_state.json	24525
FILE	/mnt/data/shashwat/openhands-adp-memory/data/contextbench_phase2/execution_full_qwen36_65k_fix1/runs/pallets__flask-4039/memory/run_meta.json	6529
FILE	/mnt/data/shashwat/openhands-adp-memory/data/contextbench_phase2/execution_full_qwen36_65k_fix1/runs/pallets__flask-4039/no_memory/prediction.json	10035
FILE	/mnt/data/shashwat/openhands-adp-memory/data/contextbench_phase2/execution_full_qwen36_65k_fix1/runs/pallets__flask-4039/no_memory/patch.diff	9259
FILE	/mnt/data/shashwat/openhands-adp-memory/data/contextbench_phase2/execution_full_qwen36_65k_fix1/runs/pallets__flask-4039/no_memory/stderr.log	694
FILE	/mnt/data/shashwat/openhands-adp-memory/data/contextbench_phase2/execution_full_qwen36_65k_fix1/runs/pallets__flask-4039/no_memory/stdout.jsonl	2772708
FILE	/mnt/data/shashwat/openhands-adp-memory/data/contextbench_phase2/execution_full_qwen36_65k_fix1/runs/pallets__flask-4039/no_memory/.openhands_home/.openhands/conversations/9af61accdfe64861b06e5e656610a526/base_state.json	40452
FILE	/mnt/data/shashwat/openhands-adp-memory/data/contextbench_phase2/execution_full_qwen36_65k_fix1/runs/pallets__flask-4039/no_memory/run_meta.json	6609
FILE	/mnt/data/shashwat/openhands-adp-memory/data/contextbench_phase2/execution_full_qwen36_65k_fix1/runs/pallets__flask-4039/raw/prediction.json	8542
FILE	/mnt/data/shashwat/openhands-adp-memory/data/contextbench_phase2/execution_full_qwen36_65k_fix1/runs/pallets__flask-4039/raw/patch.diff	7939
FILE	/mnt/data/shashwat/openhands-adp-memory/data/contextbench_phase2/execution_full_qwen36_65k_fix1/runs/pallets__flask-4039/raw/stderr.log	3286
FILE	/mnt/data/shashwat/openhands-adp-memory/data/contextbench_phase2/execution_full_qwen36_65k_fix1/runs/pallets__flask-4039/raw/stdout.jsonl	651964
FILE	/mnt/data/shashwat/openhands-adp-memory/data/contextbench_phase2/execution_full_qwen36_65k_fix1/runs/pallets__flask-4039/raw/.openhands_home/.openhands/conversations/cd396557a67e4152b86f6cac46fc6f27/base_state.json	20100
FILE	/mnt/data/shashwat/openhands-adp-memory/data/contextbench_phase2/execution_full_qwen36_65k_fix1/runs/pallets__flask-4039/raw/run_meta.json	8052
FILE	/mnt/data/shashwat/openhands-adp-memory/data/contextbench_phase2/execution_full_qwen36_65k_fix1/runs/django__django-28211/adp/prediction.json	2218
FILE	/mnt/data/shashwat/openhands-adp-memory/data/contextbench_phase2/execution_full_qwen36_65k_fix1/runs/django__django-28211/adp/patch.diff	2004
FILE	/mnt/data/shashwat/openhands-adp-memory/data/contextbench_phase2/execution_full_qwen36_65k_fix1/runs/django__django-28211/adp/stderr.log	694
FILE	/mnt/data/shashwat/openhands-adp-memory/data/contextbench_phase2/execution_full_qwen36_65k_fix1/runs/django__django-28211/adp/stdout.jsonl	430346
FILE	/mnt/data/shashwat/openhands-adp-memory/data/contextbench_phase2/execution_full_qwen36_65k_fix1/runs/django__django-28211/adp/.openhands_home/.openhands/conversations/5d60001e21bb475e9a89734710d8137b/base_state.json	16309
FILE	/mnt/data/shashwat/openhands-adp-memory/data/contextbench_phase2/execution_full_qwen36_65k_fix1/runs/django__django-28211/adp/run_meta.json	6481
FILE	/mnt/data/shashwat/openhands-adp-memory/data/contextbench_phase2/execution_full_qwen36_65k_fix1/runs/django__django-28211/memory/prediction.json	3145
FILE	/mnt/data/shashwat/openhands-adp-memory/data/contextbench_phase2/execution_full_qwen36_65k_fix1/runs/django__django-28211/memory/patch.diff	2911
FILE	/mnt/data/shashwat/openhands-adp-memory/data/contextbench_phase2/execution_full_qwen36_65k_fix1/runs/django__django-28211/memory/stderr.log	694
FILE	/mnt/data/shashwat/openhands-adp-memory/data/contextbench_phase2/execution_full_qwen36_65k_fix1/runs/django__django-28211/memory/stdout.jsonl	352950
FILE	/mnt/data/shashwat/openhands-adp-memory/data/contextbench_phase2/execution_full_qwen36_65k_fix1/runs/django__django-28211/memory/.openhands_home/.openhands/conversations/2beb0721695940cfb4360a7b26c03ff3/base_state.json	17249
FILE	/mnt/data/shashwat/openhands-adp-memory/data/contextbench_phase2/execution_full_qwen36_65k_fix1/runs/django__django-28211/memory/run_meta.json	6578
FILE	/mnt/data/shashwat/openhands-adp-memory/data/contextbench_phase2/execution_full_qwen36_65k_fix1/runs/django__django-28211/no_memory/prediction.json	5986
FILE	/mnt/data/shashwat/openhands-adp-memory/data/contextbench_phase2/execution_full_qwen36_65k_fix1/runs/django__django-28211/no_memory/patch.diff	5647
FILE	/mnt/data/shashwat/openhands-adp-memory/data/contextbench_phase2/execution_full_qwen36_65k_fix1/runs/django__django-28211/no_memory/stderr.log	694
FILE	/mnt/data/shashwat/openhands-adp-memory/data/contextbench_phase2/execution_full_qwen36_65k_fix1/runs/django__django-28211/no_memory/stdout.jsonl	501536
FILE	/mnt/data/shashwat/openhands-adp-memory/data/contextbench_phase2/execution_full_qwen36_65k_fix1/runs/django__django-28211/no_memory/.openhands_home/.openhands/conversations/0019f90729084199b415f8b94d10ee0b/base_state.json	25487
FILE	/mnt/data/shashwat/openhands-adp-memory/data/contextbench_phase2/execution_full_qwen36_65k_fix1/runs/django__django-28211/no_memory/run_meta.json	5380
FILE	/mnt/data/shashwat/openhands-adp-memory/data/contextbench_phase2/execution_full_qwen36_65k_fix1/runs/django__django-28211/raw/prediction.json	5099
FILE	/mnt/data/shashwat/openhands-adp-memory/data/contextbench_phase2/execution_full_qwen36_65k_fix1/runs/django__django-28211/raw/patch.diff	4703
FILE	/mnt/data/shashwat/openhands-adp-memory/data/contextbench_phase2/execution_full_qwen36_65k_fix1/runs/django__django-28211/raw/stderr.log	3286
FILE	/mnt/data/shashwat/openhands-adp-memory/data/contextbench_phase2/execution_full_qwen36_65k_fix1/runs/django__django-28211/raw/stdout.jsonl	417912
FILE	/mnt/data/shashwat/openhands-adp-memory/data/contextbench_phase2/execution_full_qwen36_65k_fix1/runs/django__django-28211/raw/.openhands_home/.openhands/conversations/71d8c926d9f64d5fb43acee0c459c352/base_state.json	16936
FILE	/mnt/data/shashwat/openhands-adp-memory/data/contextbench_phase2/execution_full_qwen36_65k_fix1/runs/django__django-28211/raw/run_meta.json	12576
FILE	/mnt/data/shashwat/openhands-adp-memory/data/contextbench_phase2/execution_full_qwen36_65k_fix1/runs/psf__requests-3359/adp/prediction.json	840
FILE	/mnt/data/shashwat/openhands-adp-memory/data/contextbench_phase2/execution_full_qwen36_65k_fix1/runs/psf__requests-3359/adp/patch.diff	663
FILE	/mnt/data/shashwat/openhands-adp-memory/data/contextbench_phase2/execution_full_qwen36_65k_fix1/runs/psf__requests-3359/adp/stderr.log	1018
FILE	/mnt/data/shashwat/openhands-adp-memory/data/contextbench_phase2/execution_full_qwen36_65k_fix1/runs/psf__requests-3359/adp/stdout.jsonl	230305
FILE	/mnt/data/shashwat/openhands-adp-memory/data/contextbench_phase2/execution_full_qwen36_65k_fix1/runs/psf__requests-3359/adp/.openhands_home/.openhands/conversations/180b90d741b54545a585b3628694b969/base_state.json	10579
FILE	/mnt/data/shashwat/openhands-adp-memory/data/contextbench_phase2/execution_full_qwen36_65k_fix1/runs/psf__requests-3359/adp/run_meta.json	6561
FILE	/mnt/data/shashwat/openhands-adp-memory/data/contextbench_phase2/execution_full_qwen36_65k_fix1/runs/psf__requests-3359/memory/prediction.json	2273
FILE	/mnt/data/shashwat/openhands-adp-memory/data/contextbench_phase2/execution_full_qwen36_65k_fix1/runs/psf__requests-3359/memory/patch.diff	2026
FILE	/mnt/data/shashwat/openhands-adp-memory/data/contextbench_phase2/execution_full_qwen36_65k_fix1/runs/psf__requests-3359/memory/stderr.log	3286
FILE	/mnt/data/shashwat/openhands-adp-memory/data/contextbench_phase2/execution_full_qwen36_65k_fix1/runs/psf__requests-3359/memory/stdout.jsonl	115628
FILE	/mnt/data/shashwat/openhands-adp-memory/data/contextbench_phase2/execution_full_qwen36_65k_fix1/runs/psf__requests-3359/memory/.openhands_home/.openhands/conversations/326f2c76683849d086c1068670fb43fc/base_state.json	9298
FILE	/mnt/data/shashwat/openhands-adp-memory/data/contextbench_phase2/execution_full_qwen36_65k_fix1/runs/psf__requests-3359/memory/run_meta.json	6482
FILE	/mnt/data/shashwat/openhands-adp-memory/data/contextbench_phase2/execution_full_qwen36_65k_fix1/runs/psf__requests-3359/no_memory/prediction.json	946
FILE	/mnt/data/shashwat/openhands-adp-memory/data/contextbench_phase2/execution_full_qwen36_65k_fix1/runs/psf__requests-3359/no_memory/patch.diff	764
FILE	/mnt/data/shashwat/openhands-adp-memory/data/contextbench_phase2/execution_full_qwen36_65k_fix1/runs/psf__requests-3359/no_memory/stderr.log	694
FILE	/mnt/data/shashwat/openhands-adp-memory/data/contextbench_phase2/execution_full_qwen36_65k_fix1/runs/psf__requests-3359/no_memory/stdout.jsonl	165498
FILE	/mnt/data/shashwat/openhands-adp-memory/data/contextbench_phase2/execution_full_qwen36_65k_fix1/runs/psf__requests-3359/no_memory/.openhands_home/.openhands/conversations/57e86176fd7545afbba5c74151367656/base_state.json	9615
FILE	/mnt/data/shashwat/openhands-adp-memory/data/contextbench_phase2/execution_full_qwen36_65k_fix1/runs/psf__requests-3359/no_memory/run_meta.json	6554
FILE	/mnt/data/shashwat/openhands-adp-memory/data/contextbench_phase2/execution_full_qwen36_65k_fix1/runs/psf__requests-3359/raw/prediction.json	1603
FILE	/mnt/data/shashwat/openhands-adp-memory/data/contextbench_phase2/execution_full_qwen36_65k_fix1/runs/psf__requests-3359/raw/patch.diff	1406
FILE	/mnt/data/shashwat/openhands-adp-memory/data/contextbench_phase2/execution_full_qwen36_65k_fix1/runs/psf__requests-3359/raw/stderr.log	694
FILE	/mnt/data/shashwat/openhands-adp-memory/data/contextbench_phase2/execution_full_qwen36_65k_fix1/runs/psf__requests-3359/raw/stdout.jsonl	380611
FILE	/mnt/data/shashwat/openhands-adp-memory/data/contextbench_phase2/execution_full_qwen36_65k_fix1/runs/psf__requests-3359/raw/.openhands_home/.openhands/conversations/7ea63d3255fc4adcbdef54852a46cc69/base_state.json	14070
FILE	/mnt/data/shashwat/openhands-adp-memory/data/contextbench_phase2/execution_full_qwen36_65k_fix1/runs/psf__requests-3359/raw/run_meta.json	6424
FILE	/mnt/data/shashwat/openhands-adp-memory/data/contextbench_phase2/execution_full_qwen36_65k_fix1/runs/django__django-28147/no_memory/run_meta.json	2413
FILE	/mnt/data/shashwat/openhands-adp-memory/data/contextbench_phase2/execution_full_qwen36_65k_fix1/runs/matplotlib__matplotlib-22686/adp/prediction.json	919
FILE	/mnt/data/shashwat/openhands-adp-memory/data/contextbench_phase2/execution_full_qwen36_65k_fix1/runs/matplotlib__matplotlib-22686/adp/patch.diff	737
FILE	/mnt/data/shashwat/openhands-adp-memory/data/contextbench_phase2/execution_full_qwen36_65k_fix1/runs/matplotlib__matplotlib-22686/adp/stderr.log	694
FILE	/mnt/data/shashwat/openhands-adp-memory/data/contextbench_phase2/execution_full_qwen36_65k_fix1/runs/matplotlib__matplotlib-22686/adp/stdout.jsonl	499597
FILE	/mnt/data/shashwat/openhands-adp-memory/data/contextbench_phase2/execution_full_qwen36_65k_fix1/runs/matplotlib__matplotlib-22686/adp/.openhands_home/.openhands/conversations/4dd7d93d810f44cf94dee2e116a2433a/base_state.json	15662
FILE	/mnt/data/shashwat/openhands-adp-memory/data/contextbench_phase2/execution_full_qwen36_65k_fix1/runs/matplotlib__matplotlib-22686/adp/run_meta.json	7622
FILE	/mnt/data/shashwat/openhands-adp-memory/data/contextbench_phase2/execution_full_qwen36_65k_fix1/runs/matplotlib__matplotlib-22686/memory/prediction.json	754
FILE	/mnt/data/shashwat/openhands-adp-memory/data/contextbench_phase2/execution_full_qwen36_65k_fix1/runs/matplotlib__matplotlib-22686/memory/patch.diff	576
FILE	/mnt/data/shashwat/openhands-adp-memory/data/contextbench_phase2/execution_full_qwen36_65k_fix1/runs/matplotlib__matplotlib-22686/memory/stderr.log	694
FILE	/mnt/data/shashwat/openhands-adp-memory/data/contextbench_phase2/execution_full_qwen36_65k_fix1/runs/matplotlib__matplotlib-22686/memory/stdout.jsonl	487058
FILE	/mnt/data/shashwat/openhands-adp-memory/data/contextbench_phase2/execution_full_qwen36_65k_fix1/runs/matplotlib__matplotlib-22686/memory/.openhands_home/.openhands/conversations/39fa6fbf56f24a1b8a5cfbe7ab82d1c8/base_state.json	16283
FILE	/mnt/data/shashwat/openhands-adp-memory/data/contextbench_phase2/execution_full_qwen36_65k_fix1/runs/matplotlib__matplotlib-22686/memory/run_meta.json	6786
FILE	/mnt/data/shashwat/openhands-adp-memory/data/contextbench_phase2/execution_full_qwen36_65k_fix1/runs/matplotlib__matplotlib-22686/no_memory/prediction.json	919
FILE	/mnt/data/shashwat/openhands-adp-memory/data/contextbench_phase2/execution_full_qwen36_65k_fix1/runs/matplotlib__matplotlib-22686/no_memory/patch.diff	737
FILE	/mnt/data/shashwat/openhands-adp-memory/data/contextbench_phase2/execution_full_qwen36_65k_fix1/runs/matplotlib__matplotlib-22686/no_memory/stderr.log	694
FILE	/mnt/data/shashwat/openhands-adp-memory/data/contextbench_phase2/execution_full_qwen36_65k_fix1/runs/matplotlib__matplotlib-22686/no_memory/stdout.jsonl	618200
FILE	/mnt/data/shashwat/openhands-adp-memory/data/contextbench_phase2/execution_full_qwen36_65k_fix1/runs/matplotlib__matplotlib-22686/no_memory/.openhands_home/.openhands/conversations/abb03b7c480742c18a14c96045478d89/base_state.json	32815
FILE	/mnt/data/shashwat/openhands-adp-memory/data/contextbench_phase2/execution_full_qwen36_65k_fix1/runs/matplotlib__matplotlib-22686/no_memory/run_meta.json	6842
FILE	/mnt/data/shashwat/openhands-adp-memory/data/contextbench_phase2/execution_full_qwen36_65k_fix1/runs/matplotlib__matplotlib-22686/raw/prediction.json	919
FILE	/mnt/data/shashwat/openhands-adp-memory/data/contextbench_phase2/execution_full_qwen36_65k_fix1/runs/matplotlib__matplotlib-22686/raw/patch.diff	737
FILE	/mnt/data/shashwat/openhands-adp-memory/data/contextbench_phase2/execution_full_qwen36_65k_fix1/runs/matplotlib__matplotlib-22686/raw/stderr.log	694
FILE	/mnt/data/shashwat/openhands-adp-memory/data/contextbench_phase2/execution_full_qwen36_65k_fix1/runs/matplotlib__matplotlib-22686/raw/stdout.jsonl	430183
FILE	/mnt/data/shashwat/openhands-adp-memory/data/contextbench_phase2/execution_full_qwen36_65k_fix1/runs/matplotlib__matplotlib-22686/raw/.openhands_home/.openhands/conversations/de9a0ecdd9e5468885afacbb405762b6/base_state.json	13111
FILE	/mnt/data/shashwat/openhands-adp-memory/data/contextbench_phase2/execution_full_qwen36_65k_fix1/runs/matplotlib__matplotlib-22686/raw/run_meta.json	6710
FILE	/mnt/data/shashwat/openhands-adp-memory/data/contextbench_phase2/execution_full_qwen36_65k_fix1/runs/django__django-20098/adp/prediction.json	154
FILE	/mnt/data/shashwat/openhands-adp-memory/data/contextbench_phase2/execution_full_qwen36_65k_fix1/runs/django__django-20098/adp/patch.diff	0
FILE	/mnt/data/shashwat/openhands-adp-memory/data/contextbench_phase2/execution_full_qwen36_65k_fix1/runs/django__django-20098/adp/stderr.log	2962
FILE	/mnt/data/shashwat/openhands-adp-memory/data/contextbench_phase2/execution_full_qwen36_65k_fix1/runs/django__django-20098/adp/stdout.jsonl	58477
FILE	/mnt/data/shashwat/openhands-adp-memory/data/contextbench_phase2/execution_full_qwen36_65k_fix1/runs/django__django-20098/adp/.openhands_home/.openhands/conversations/6b39c63025ec497086e600c0e797806f/base_state.json	4222
FILE	/mnt/data/shashwat/openhands-adp-memory/data/contextbench_phase2/execution_full_qwen36_65k_fix1/runs/django__django-20098/adp/run_meta.json	5245
FILE	/mnt/data/shashwat/openhands-adp-memory/data/contextbench_phase2/execution_full_qwen36_65k_fix1/runs/django__django-20098/memory/prediction.json	4133
FILE	/mnt/data/shashwat/openhands-adp-memory/data/contextbench_phase2/execution_full_qwen36_65k_fix1/runs/django__django-20098/memory/patch.diff	3865
FILE	/mnt/data/shashwat/openhands-adp-memory/data/contextbench_phase2/execution_full_qwen36_65k_fix1/runs/django__django-20098/memory/stderr.log	694
FILE	/mnt/data/shashwat/openhands-adp-memory/data/contextbench_phase2/execution_full_qwen36_65k_fix1/runs/django__django-20098/memory/stdout.jsonl	271625
FILE	/mnt/data/shashwat/openhands-adp-memory/data/contextbench_phase2/execution_full_qwen36_65k_fix1/runs/django__django-20098/memory/.openhands_home/.openhands/conversations/bbb3a550d7fb4790979699bc015b9ceb/base_state.json	14373
FILE	/mnt/data/shashwat/openhands-adp-memory/data/contextbench_phase2/execution_full_qwen36_65k_fix1/runs/django__django-20098/memory/run_meta.json	5326
FILE	/mnt/data/shashwat/openhands-adp-memory/data/contextbench_phase2/execution_full_qwen36_65k_fix1/runs/django__django-20098/no_memory/prediction.json	8318
FILE	/mnt/data/shashwat/openhands-adp-memory/data/contextbench_phase2/execution_full_qwen36_65k_fix1/runs/django__django-20098/no_memory/patch.diff	7909
FILE	/mnt/data/shashwat/openhands-adp-memory/data/contextbench_phase2/execution_full_qwen36_65k_fix1/runs/django__django-20098/no_memory/stderr.log	694
FILE	/mnt/data/shashwat/openhands-adp-memory/data/contextbench_phase2/execution_full_qwen36_65k_fix1/runs/django__django-20098/no_memory/stdout.jsonl	1547513
FILE	/mnt/data/shashwat/openhands-adp-memory/data/contextbench_phase2/execution_full_qwen36_65k_fix1/runs/django__django-20098/no_memory/.openhands_home/.openhands/conversations/f8670cef2aef420a9d36a8194642d690/base_state.json	35678
FILE	/mnt/data/shashwat/openhands-adp-memory/data/contextbench_phase2/execution_full_qwen36_65k_fix1/runs/django__django-20098/no_memory/run_meta.json	5402
FILE	/mnt/data/shashwat/openhands-adp-memory/data/contextbench_phase2/execution_full_qwen36_65k_fix1/runs/django__django-20098/raw/prediction.json	5425
FILE	/mnt/data/shashwat/openhands-adp-memory/data/contextbench_phase2/execution_full_qwen36_65k_fix1/runs/django__django-20098/raw/patch.diff	5089
FILE	/mnt/data/shashwat/openhands-adp-memory/data/contextbench_phase2/execution_full_qwen36_65k_fix1/runs/django__django-20098/raw/stderr.log	694
FILE	/mnt/data/shashwat/openhands-adp-memory/data/contextbench_phase2/execution_full_qwen36_65k_fix1/runs/django__django-20098/raw/stdout.jsonl	427630
FILE	/mnt/data/shashwat/openhands-adp-memory/data/contextbench_phase2/execution_full_qwen36_65k_fix1/runs/django__django-20098/raw/.openhands_home/.openhands/conversations/fa565e8dcc7c4bdc9c43cd2d3f46cb59/base_state.json	22010
FILE	/mnt/data/shashwat/openhands-adp-memory/data/contextbench_phase2/execution_full_qwen36_65k_fix1/runs/django__django-20098/raw/run_meta.json	5259
FILE	/mnt/data/shashwat/openhands-adp-memory/data/contextbench_phase2/execution_full_qwen36_65k_fix1/runs/pytest-dev__pytest-9358/adp/prediction.json	3270
FILE	/mnt/data/shashwat/openhands-adp-memory/data/contextbench_phase2/execution_full_qwen36_65k_fix1/runs/pytest-dev__pytest-9358/adp/patch.diff	2972
FILE	/mnt/data/shashwat/openhands-adp-memory/data/contextbench_phase2/execution_full_qwen36_65k_fix1/runs/pytest-dev__pytest-9358/adp/stderr.log	694
FILE	/mnt/data/shashwat/openhands-adp-memory/data/contextbench_phase2/execution_full_qwen36_65k_fix1/runs/pytest-dev__pytest-9358/adp/stdout.jsonl	241192
FILE	/mnt/data/shashwat/openhands-adp-memory/data/contextbench_phase2/execution_full_qwen36_65k_fix1/runs/pytest-dev__pytest-9358/adp/.openhands_home/.openhands/conversations/2dd9ee1a53e74a2fb91b51e7933ea2ea/base_state.json	12479
FILE	/mnt/data/shashwat/openhands-adp-memory/data/contextbench_phase2/execution_full_qwen36_65k_fix1/runs/pytest-dev__pytest-9358/adp/run_meta.json	6568
FILE	/mnt/data/shashwat/openhands-adp-memory/data/contextbench_phase2/execution_full_qwen36_65k_fix1/runs/pytest-dev__pytest-9358/memory/prediction.json	1531
FILE	/mnt/data/shashwat/openhands-adp-memory/data/contextbench_phase2/execution_full_qwen36_65k_fix1/runs/pytest-dev__pytest-9358/memory/patch.diff	1310
FILE	/mnt/data/shashwat/openhands-adp-memory/data/contextbench_phase2/execution_full_qwen36_65k_fix1/runs/pytest-dev__pytest-9358/memory/stderr.log	694
FILE	/mnt/data/shashwat/openhands-adp-memory/data/contextbench_phase2/execution_full_qwen36_65k_fix1/runs/pytest-dev__pytest-9358/memory/stdout.jsonl	241087
FILE	/mnt/data/shashwat/openhands-adp-memory/data/contextbench_phase2/execution_full_qwen36_65k_fix1/runs/pytest-dev__pytest-9358/memory/.openhands_home/.openhands/conversations/f8acad2b630e4eb78faadeac4c26e585/base_state.json	13115
FILE	/mnt/data/shashwat/openhands-adp-memory/data/contextbench_phase2/execution_full_qwen36_65k_fix1/runs/pytest-dev__pytest-9358/memory/run_meta.json	6643
FILE	/mnt/data/shashwat/openhands-adp-memory/data/contextbench_phase2/execution_full_qwen36_65k_fix1/runs/pytest-dev__pytest-9358/no_memory/prediction.json	157
FILE	/mnt/data/shashwat/openhands-adp-memory/data/contextbench_phase2/execution_full_qwen36_65k_fix1/runs/pytest-dev__pytest-9358/no_memory/patch.diff	0
FILE	/mnt/data/shashwat/openhands-adp-memory/data/contextbench_phase2/execution_full_qwen36_65k_fix1/runs/pytest-dev__pytest-9358/no_memory/stderr.log	694
FILE	/mnt/data/shashwat/openhands-adp-memory/data/contextbench_phase2/execution_full_qwen36_65k_fix1/runs/pytest-dev__pytest-9358/no_memory/stdout.jsonl	89926
FILE	/mnt/data/shashwat/openhands-adp-memory/data/contextbench_phase2/execution_full_qwen36_65k_fix1/runs/pytest-dev__pytest-9358/no_memory/.openhands_home/.openhands/conversations/872cc568d30d48cd93cdc294eb72bb27/base_state.json	8032
FILE	/mnt/data/shashwat/openhands-adp-memory/data/contextbench_phase2/execution_full_qwen36_65k_fix1/runs/pytest-dev__pytest-9358/no_memory/run_meta.json	6706
FILE	/mnt/data/shashwat/openhands-adp-memory/data/contextbench_phase2/execution_full_qwen36_65k_fix1/runs/pytest-dev__pytest-9358/raw/prediction.json	2730
FILE	/mnt/data/shashwat/openhands-adp-memory/data/contextbench_phase2/execution_full_qwen36_65k_fix1/runs/pytest-dev__pytest-9358/raw/patch.diff	2446
FILE	/mnt/data/shashwat/openhands-adp-memory/data/contextbench_phase2/execution_full_qwen36_65k_fix1/runs/pytest-dev__pytest-9358/raw/stderr.log	694
FILE	/mnt/data/shashwat/openhands-adp-memory/data/contextbench_phase2/execution_full_qwen36_65k_fix1/runs/pytest-dev__pytest-9358/raw/stdout.jsonl	232467
FILE	/mnt/data/shashwat/openhands-adp-memory/data/contextbench_phase2/execution_full_qwen36_65k_fix1/runs/pytest-dev__pytest-9358/raw/.openhands_home/.openhands/conversations/d86b81629796452e9c11512a5a569f23/base_state.json	11854
FILE	/mnt/data/shashwat/openhands-adp-memory/data/contextbench_phase2/execution_full_qwen36_65k_fix1/runs/pytest-dev__pytest-9358/raw/run_meta.json	7799
FILE	/mnt/data/shashwat/openhands-adp-memory/data/contextbench_phase2/execution_full_qwen36_65k_fix1/runs/sympy__sympy-19235/adp/prediction.json	870
FILE	/mnt/data/shashwat/openhands-adp-memory/data/contextbench_phase2/execution_full_qwen36_65k_fix1/runs/sympy__sympy-19235/adp/patch.diff	671
FILE	/mnt/data/shashwat/openhands-adp-memory/data/contextbench_phase2/execution_full_qwen36_65k_fix1/runs/sympy__sympy-19235/adp/stderr.log	2855
FILE	/mnt/data/shashwat/openhands-adp-memory/data/contextbench_phase2/execution_full_qwen36_65k_fix1/runs/sympy__sympy-19235/adp/stdout.jsonl	340373
FILE	/mnt/data/shashwat/openhands-adp-memory/data/contextbench_phase2/execution_full_qwen36_65k_fix1/runs/sympy__sympy-19235/adp/.openhands_home/.openhands/conversations/75ef6d6c3a6c42d087100ef278fa6099/base_state.json	9297
FILE	/mnt/data/shashwat/openhands-adp-memory/data/contextbench_phase2/execution_full_qwen36_65k_fix1/runs/sympy__sympy-19235/adp/run_meta.json	6423
FILE	/mnt/data/shashwat/openhands-adp-memory/data/contextbench_phase2/execution_full_qwen36_65k_fix1/runs/sympy__sympy-19235/memory/prediction.json	3058
FILE	/mnt/data/shashwat/openhands-adp-memory/data/contextbench_phase2/execution_full_qwen36_65k_fix1/runs/sympy__sympy-19235/memory/patch.diff	2695
FILE	/mnt/data/shashwat/openhands-adp-memory/data/contextbench_phase2/execution_full_qwen36_65k_fix1/runs/sympy__sympy-19235/memory/stderr.log	263
FILE	/mnt/data/shashwat/openhands-adp-memory/data/contextbench_phase2/execution_full_qwen36_65k_fix1/runs/sympy__sympy-19235/memory/stdout.jsonl	583748
FILE	/mnt/data/shashwat/openhands-adp-memory/data/contextbench_phase2/execution_full_qwen36_65k_fix1/runs/sympy__sympy-19235/memory/.openhands_home/.openhands/conversations/7e0aead20b3c4e68b8fa08813fe270ae/base_state.json	11205
FILE	/mnt/data/shashwat/openhands-adp-memory/data/contextbench_phase2/execution_full_qwen36_65k_fix1/runs/sympy__sympy-19235/memory/run_meta.json	6479
FILE	/mnt/data/shashwat/openhands-adp-memory/data/contextbench_phase2/execution_full_qwen36_65k_fix1/runs/sympy__sympy-19235/no_memory/prediction.json	892
FILE	/mnt/data/shashwat/openhands-adp-memory/data/contextbench_phase2/execution_full_qwen36_65k_fix1/runs/sympy__sympy-19235/no_memory/patch.diff	689
FILE	/mnt/data/shashwat/openhands-adp-memory/data/contextbench_phase2/execution_full_qwen36_65k_fix1/runs/sympy__sympy-19235/no_memory/stderr.log	263
FILE	/mnt/data/shashwat/openhands-adp-memory/data/contextbench_phase2/execution_full_qwen36_65k_fix1/runs/sympy__sympy-19235/no_memory/stdout.jsonl	320886
FILE	/mnt/data/shashwat/openhands-adp-memory/data/contextbench_phase2/execution_full_qwen36_65k_fix1/runs/sympy__sympy-19235/no_memory/.openhands_home/.openhands/conversations/51188134618b48ab83a8d2e194a8ee35/base_state.json	12148
FILE	/mnt/data/shashwat/openhands-adp-memory/data/contextbench_phase2/execution_full_qwen36_65k_fix1/runs/sympy__sympy-19235/no_memory/run_meta.json	6569
FILE	/mnt/data/shashwat/openhands-adp-memory/data/contextbench_phase2/execution_full_qwen36_65k_fix1/runs/sympy__sympy-19235/raw/prediction.json	4360
FILE	/mnt/data/shashwat/openhands-adp-memory/data/contextbench_phase2/execution_full_qwen36_65k_fix1/runs/sympy__sympy-19235/raw/patch.diff	4036
FILE	/mnt/data/shashwat/openhands-adp-memory/data/contextbench_phase2/execution_full_qwen36_65k_fix1/runs/sympy__sympy-19235/raw/stderr.log	263
FILE	/mnt/data/shashwat/openhands-adp-memory/data/contextbench_phase2/execution_full_qwen36_65k_fix1/runs/sympy__sympy-19235/raw/stdout.jsonl	856352
FILE	/mnt/data/shashwat/openhands-adp-memory/data/contextbench_phase2/execution_full_qwen36_65k_fix1/runs/sympy__sympy-19235/raw/.openhands_home/.openhands/conversations/6748af60b8c94d2993709c1f0b4554a7/base_state.json	13435
FILE	/mnt/data/shashwat/openhands-adp-memory/data/contextbench_phase2/execution_full_qwen36_65k_fix1/runs/sympy__sympy-19235/raw/run_meta.json	6424
FILE	/mnt/data/shashwat/openhands-adp-memory/data/contextbench_phase2/execution_full_qwen36_65k_fix1/runs/django__django-30153/adp/prediction.json	7720
FILE	/mnt/data/shashwat/openhands-adp-memory/data/contextbench_phase2/execution_full_qwen36_65k_fix1/runs/django__django-30153/adp/patch.diff	7199
FILE	/mnt/data/shashwat/openhands-adp-memory/data/contextbench_phase2/execution_full_qwen36_65k_fix1/runs/django__django-30153/adp/stderr.log	694
FILE	/mnt/data/shashwat/openhands-adp-memory/data/contextbench_phase2/execution_full_qwen36_65k_fix1/runs/django__django-30153/adp/stdout.jsonl	1450803
FILE	/mnt/data/shashwat/openhands-adp-memory/data/contextbench_phase2/execution_full_qwen36_65k_fix1/runs/django__django-30153/adp/.openhands_home/.openhands/conversations/2940a41d1c124620bb4840612429f8e5/base_state.json	31250
FILE	/mnt/data/shashwat/openhands-adp-memory/data/contextbench_phase2/execution_full_qwen36_65k_fix1/runs/django__django-30153/adp/run_meta.json	6484
FILE	/mnt/data/shashwat/openhands-adp-memory/data/contextbench_phase2/execution_full_qwen36_65k_fix1/runs/django__django-30153/memory/prediction.json	17022
FILE	/mnt/data/shashwat/openhands-adp-memory/data/contextbench_phase2/execution_full_qwen36_65k_fix1/runs/django__django-30153/memory/patch.diff	16166
FILE	/mnt/data/shashwat/openhands-adp-memory/data/contextbench_phase2/execution_full_qwen36_65k_fix1/runs/django__django-30153/memory/stderr.log	694
FILE	/mnt/data/shashwat/openhands-adp-memory/data/contextbench_phase2/execution_full_qwen36_65k_fix1/runs/django__django-30153/memory/stdout.jsonl	1370007
FILE	/mnt/data/shashwat/openhands-adp-memory/data/contextbench_phase2/execution_full_qwen36_65k_fix1/runs/django__django-30153/memory/.openhands_home/.openhands/conversations/aaccc147190d4005a700e94400322cf4/base_state.json	37908
FILE	/mnt/data/shashwat/openhands-adp-memory/data/contextbench_phase2/execution_full_qwen36_65k_fix1/runs/django__django-30153/memory/run_meta.json	6543
FILE	/mnt/data/shashwat/openhands-adp-memory/data/contextbench_phase2/execution_full_qwen36_65k_fix1/runs/django__django-30153/no_memory/prediction.json	154
FILE	/mnt/data/shashwat/openhands-adp-memory/data/contextbench_phase2/execution_full_qwen36_65k_fix1/runs/django__django-30153/no_memory/patch.diff	0
FILE	/mnt/data/shashwat/openhands-adp-memory/data/contextbench_phase2/execution_full_qwen36_65k_fix1/runs/django__django-30153/no_memory/stderr.log	694
FILE	/mnt/data/shashwat/openhands-adp-memory/data/contextbench_phase2/execution_full_qwen36_65k_fix1/runs/django__django-30153/no_memory/stdout.jsonl	363456
FILE	/mnt/data/shashwat/openhands-adp-memory/data/contextbench_phase2/execution_full_qwen36_65k_fix1/runs/django__django-30153/no_memory/.openhands_home/.openhands/conversations/c0d5c8cd30494ad299e585224dbd2cf4/base_state.json	21662
FILE	/mnt/data/shashwat/openhands-adp-memory/data/contextbench_phase2/execution_full_qwen36_65k_fix1/runs/django__django-30153/no_memory/run_meta.json	6621
FILE	/mnt/data/shashwat/openhands-adp-memory/data/contextbench_phase2/execution_full_qwen36_65k_fix1/runs/django__django-30153/raw/prediction.json	3987
FILE	/mnt/data/shashwat/openhands-adp-memory/data/contextbench_phase2/execution_full_qwen36_65k_fix1/runs/django__django-30153/raw/patch.diff	3672
FILE	/mnt/data/shashwat/openhands-adp-memory/data/contextbench_phase2/execution_full_qwen36_65k_fix1/runs/django__django-30153/raw/stderr.log	3286
FILE	/mnt/data/shashwat/openhands-adp-memory/data/contextbench_phase2/execution_full_qwen36_65k_fix1/runs/django__django-30153/raw/stdout.jsonl	180042
FILE	/mnt/data/shashwat/openhands-adp-memory/data/contextbench_phase2/execution_full_qwen36_65k_fix1/runs/django__django-30153/raw/.openhands_home/.openhands/conversations/951ade9a09e345a28a1e98bfe3c3eab6/base_state.json	11192
FILE	/mnt/data/shashwat/openhands-adp-memory/data/contextbench_phase2/execution_full_qwen36_65k_fix1/runs/django__django-30153/raw/run_meta.json	6464
FILE	/mnt/data/shashwat/openhands-adp-memory/data/contextbench_phase2/execution_full_qwen36_65k_fix1/runs/django__django-33461/adp/prediction.json	2165
FILE	/mnt/data/shashwat/openhands-adp-memory/data/contextbench_phase2/execution_full_qwen36_65k_fix1/runs/django__django-33461/adp/patch.diff	1954
FILE	/mnt/data/shashwat/openhands-adp-memory/data/contextbench_phase2/execution_full_qwen36_65k_fix1/runs/django__django-33461/adp/stderr.log	694
FILE	/mnt/data/shashwat/openhands-adp-memory/data/contextbench_phase2/execution_full_qwen36_65k_fix1/runs/django__django-33461/adp/stdout.jsonl	536895
FILE	/mnt/data/shashwat/openhands-adp-memory/data/contextbench_phase2/execution_full_qwen36_65k_fix1/runs/django__django-33461/adp/.openhands_home/.openhands/conversations/23f7302ce0d64f8b9b9e1031023010e3/base_state.json	20747
FILE	/mnt/data/shashwat/openhands-adp-memory/data/contextbench_phase2/execution_full_qwen36_65k_fix1/runs/django__django-33461/adp/run_meta.json	6446
FILE	/mnt/data/shashwat/openhands-adp-memory/data/contextbench_phase2/execution_full_qwen36_65k_fix1/runs/django__django-33461/memory/prediction.json	2160
FILE	/mnt/data/shashwat/openhands-adp-memory/data/contextbench_phase2/execution_full_qwen36_65k_fix1/runs/django__django-33461/memory/patch.diff	1957
FILE	/mnt/data/shashwat/openhands-adp-memory/data/contextbench_phase2/execution_full_qwen36_65k_fix1/runs/django__django-33461/memory/stderr.log	694
FILE	/mnt/data/shashwat/openhands-adp-memory/data/contextbench_phase2/execution_full_qwen36_65k_fix1/runs/django__django-33461/memory/stdout.jsonl	668878
FILE	/mnt/data/shashwat/openhands-adp-memory/data/contextbench_phase2/execution_full_qwen36_65k_fix1/runs/django__django-33461/memory/.openhands_home/.openhands/conversations/c6671d6e2b7c4314843d9510a95a46cc/base_state.json	25505
FILE	/mnt/data/shashwat/openhands-adp-memory/data/contextbench_phase2/execution_full_qwen36_65k_fix1/runs/django__django-33461/memory/run_meta.json	6540
FILE	/mnt/data/shashwat/openhands-adp-memory/data/contextbench_phase2/execution_full_qwen36_65k_fix1/runs/django__django-33461/no_memory/prediction.json	2746
FILE	/mnt/data/shashwat/openhands-adp-memory/data/contextbench_phase2/execution_full_qwen36_65k_fix1/runs/django__django-33461/no_memory/patch.diff	2514
FILE	/mnt/data/shashwat/openhands-adp-memory/data/contextbench_phase2/execution_full_qwen36_65k_fix1/runs/django__django-33461/no_memory/stderr.log	694
FILE	/mnt/data/shashwat/openhands-adp-memory/data/contextbench_phase2/execution_full_qwen36_65k_fix1/runs/django__django-33461/no_memory/stdout.jsonl	481814
FILE	/mnt/data/shashwat/openhands-adp-memory/data/contextbench_phase2/execution_full_qwen36_65k_fix1/runs/django__django-33461/no_memory/.openhands_home/.openhands/conversations/1608b546fc214be8bd229e5fe3f11d05/base_state.json	21072
FILE	/mnt/data/shashwat/openhands-adp-memory/data/contextbench_phase2/execution_full_qwen36_65k_fix1/runs/django__django-33461/no_memory/run_meta.json	6635
FILE	/mnt/data/shashwat/openhands-adp-memory/data/contextbench_phase2/execution_full_qwen36_65k_fix1/runs/django__django-33461/raw/prediction.json	3314
FILE	/mnt/data/shashwat/openhands-adp-memory/data/contextbench_phase2/execution_full_qwen36_65k_fix1/runs/django__django-33461/raw/patch.diff	3080
FILE	/mnt/data/shashwat/openhands-adp-memory/data/contextbench_phase2/execution_full_qwen36_65k_fix1/runs/django__django-33461/raw/stderr.log	694
FILE	/mnt/data/shashwat/openhands-adp-memory/data/contextbench_phase2/execution_full_qwen36_65k_fix1/runs/django__django-33461/raw/stdout.jsonl	545017
FILE	/mnt/data/shashwat/openhands-adp-memory/data/contextbench_phase2/execution_full_qwen36_65k_fix1/runs/django__django-33461/raw/.openhands_home/.openhands/conversations/7c2469eaf139463ab0ebd790cf944d16/base_state.json	20109
FILE	/mnt/data/shashwat/openhands-adp-memory/data/contextbench_phase2/execution_full_qwen36_65k_fix1/runs/django__django-33461/raw/run_meta.json	6465
FILE	/mnt/data/shashwat/openhands-adp-memory/data/contextbench_phase2/execution_full_qwen36_65k_fix1/runs/scikit-learn__scikit-learn-25578/adp/prediction.json	166
FILE	/mnt/data/shashwat/openhands-adp-memory/data/contextbench_phase2/execution_full_qwen36_65k_fix1/runs/scikit-learn__scikit-learn-25578/adp/patch.diff	0
FILE	/mnt/data/shashwat/openhands-adp-memory/data/contextbench_phase2/execution_full_qwen36_65k_fix1/runs/scikit-learn__scikit-learn-25578/adp/stderr.log	3286
FILE	/mnt/data/shashwat/openhands-adp-memory/data/contextbench_phase2/execution_full_qwen36_65k_fix1/runs/scikit-learn__scikit-learn-25578/adp/stdout.jsonl	155244
FILE	/mnt/data/shashwat/openhands-adp-memory/data/contextbench_phase2/execution_full_qwen36_65k_fix1/runs/scikit-learn__scikit-learn-25578/adp/.openhands_home/.openhands/conversations/6c2d817807f745ca8e248a025e498972/base_state.json	8984
FILE	/mnt/data/shashwat/openhands-adp-memory/data/contextbench_phase2/execution_full_qwen36_65k_fix1/runs/scikit-learn__scikit-learn-25578/adp/run_meta.json	6757
FILE	/mnt/data/shashwat/openhands-adp-memory/data/contextbench_phase2/execution_full_qwen36_65k_fix1/runs/scikit-learn__scikit-learn-25578/memory/prediction.json	7947
FILE	/mnt/data/shashwat/openhands-adp-memory/data/contextbench_phase2/execution_full_qwen36_65k_fix1/runs/scikit-learn__scikit-learn-25578/memory/patch.diff	7495
FILE	/mnt/data/shashwat/openhands-adp-memory/data/contextbench_phase2/execution_full_qwen36_65k_fix1/runs/scikit-learn__scikit-learn-25578/memory/stderr.log	3286
FILE	/mnt/data/shashwat/openhands-adp-memory/data/contextbench_phase2/execution_full_qwen36_65k_fix1/runs/scikit-learn__scikit-learn-25578/memory/stdout.jsonl	242164
FILE	/mnt/data/shashwat/openhands-adp-memory/data/contextbench_phase2/execution_full_qwen36_65k_fix1/runs/scikit-learn__scikit-learn-25578/memory/.openhands_home/.openhands/conversations/d71fe42568dd4776adf042aa82292da8/base_state.json	12784
FILE	/mnt/data/shashwat/openhands-adp-memory/data/contextbench_phase2/execution_full_qwen36_65k_fix1/runs/scikit-learn__scikit-learn-25578/memory/run_meta.json	6826
FILE	/mnt/data/shashwat/openhands-adp-memory/data/contextbench_phase2/execution_full_qwen36_65k_fix1/runs/scikit-learn__scikit-learn-25578/no_memory/prediction.json	2805
FILE	/mnt/data/shashwat/openhands-adp-memory/data/contextbench_phase2/execution_full_qwen36_65k_fix1/runs/scikit-learn__scikit-learn-25578/no_memory/patch.diff	2535
FILE	/mnt/data/shashwat/openhands-adp-memory/data/contextbench_phase2/execution_full_qwen36_65k_fix1/runs/scikit-learn__scikit-learn-25578/no_memory/stderr.log	694
FILE	/mnt/data/shashwat/openhands-adp-memory/data/contextbench_phase2/execution_full_qwen36_65k_fix1/runs/scikit-learn__scikit-learn-25578/no_memory/stdout.jsonl	396684
FILE	/mnt/data/shashwat/openhands-adp-memory/data/contextbench_phase2/execution_full_qwen36_65k_fix1/runs/scikit-learn__scikit-learn-25578/no_memory/.openhands_home/.openhands/conversations/1ef9ce24acc241cd98de2c57d8a97824/base_state.json	25183
FILE	/mnt/data/shashwat/openhands-adp-memory/data/contextbench_phase2/execution_full_qwen36_65k_fix1/runs/scikit-learn__scikit-learn-25578/no_memory/run_meta.json	8377
FILE	/mnt/data/shashwat/openhands-adp-memory/data/contextbench_phase2/execution_full_qwen36_65k_fix1/runs/scikit-learn__scikit-learn-25578/raw/prediction.json	4715
FILE	/mnt/data/shashwat/openhands-adp-memory/data/contextbench_phase2/execution_full_qwen36_65k_fix1/runs/scikit-learn__scikit-learn-25578/raw/patch.diff	4371
FILE	/mnt/data/shashwat/openhands-adp-memory/data/contextbench_phase2/execution_full_qwen36_65k_fix1/runs/scikit-learn__scikit-learn-25578/raw/stderr.log	694
FILE	/mnt/data/shashwat/openhands-adp-memory/data/contextbench_phase2/execution_full_qwen36_65k_fix1/runs/scikit-learn__scikit-learn-25578/raw/stdout.jsonl	599736
FILE	/mnt/data/shashwat/openhands-adp-memory/data/contextbench_phase2/execution_full_qwen36_65k_fix1/runs/scikit-learn__scikit-learn-25578/raw/.openhands_home/.openhands/conversations/dd4e1693fbbd4c8db97b58ee8cf4407a/base_state.json	15346
FILE	/mnt/data/shashwat/openhands-adp-memory/data/contextbench_phase2/execution_full_qwen36_65k_fix1/runs/scikit-learn__scikit-learn-25578/raw/run_meta.json	6750
FILE	/mnt/data/shashwat/openhands-adp-memory/data/contextbench_phase2/execution_full_qwen36_65k_fix1/runs/django__django-31864/adp/prediction.json	154
FILE	/mnt/data/shashwat/openhands-adp-memory/data/contextbench_phase2/execution_full_qwen36_65k_fix1/runs/django__django-31864/adp/patch.diff	0
FILE	/mnt/data/shashwat/openhands-adp-memory/data/contextbench_phase2/execution_full_qwen36_65k_fix1/runs/django__django-31864/adp/stderr.log	2962
FILE	/mnt/data/shashwat/openhands-adp-memory/data/contextbench_phase2/execution_full_qwen36_65k_fix1/runs/django__django-31864/adp/stdout.jsonl	55541
FILE	/mnt/data/shashwat/openhands-adp-memory/data/contextbench_phase2/execution_full_qwen36_65k_fix1/runs/django__django-31864/adp/.openhands_home/.openhands/conversations/3fda21d4de114fbaa40acfe5f72f8047/base_state.json	4223
FILE	/mnt/data/shashwat/openhands-adp-memory/data/contextbench_phase2/execution_full_qwen36_65k_fix1/runs/django__django-31864/adp/run_meta.json	6449
FILE	/mnt/data/shashwat/openhands-adp-memory/data/contextbench_phase2/execution_full_qwen36_65k_fix1/runs/django__django-31864/memory/prediction.json	154
FILE	/mnt/data/shashwat/openhands-adp-memory/data/contextbench_phase2/execution_full_qwen36_65k_fix1/runs/django__django-31864/memory/patch.diff	0
FILE	/mnt/data/shashwat/openhands-adp-memory/data/contextbench_phase2/execution_full_qwen36_65k_fix1/runs/django__django-31864/memory/stderr.log	1180
FILE	/mnt/data/shashwat/openhands-adp-memory/data/contextbench_phase2/execution_full_qwen36_65k_fix1/runs/django__django-31864/memory/stdout.jsonl	124692
FILE	/mnt/data/shashwat/openhands-adp-memory/data/contextbench_phase2/execution_full_qwen36_65k_fix1/runs/django__django-31864/memory/.openhands_home/.openhands/conversations/565c49d422514bc89a8ec35385046beb/base_state.json	9292
FILE	/mnt/data/shashwat/openhands-adp-memory/data/contextbench_phase2/execution_full_qwen36_65k_fix1/runs/django__django-31864/memory/run_meta.json	6750
FILE	/mnt/data/shashwat/openhands-adp-memory/data/contextbench_phase2/execution_full_qwen36_65k_fix1/runs/django__django-31864/no_memory/prediction.json	154
FILE	/mnt/data/shashwat/openhands-adp-memory/data/contextbench_phase2/execution_full_qwen36_65k_fix1/runs/django__django-31864/no_memory/patch.diff	0
FILE	/mnt/data/shashwat/openhands-adp-memory/data/contextbench_phase2/execution_full_qwen36_65k_fix1/runs/django__django-31864/no_memory/stderr.log	694
FILE	/mnt/data/shashwat/openhands-adp-memory/data/contextbench_phase2/execution_full_qwen36_65k_fix1/runs/django__django-31864/no_memory/stdout.jsonl	102150
FILE	/mnt/data/shashwat/openhands-adp-memory/data/contextbench_phase2/execution_full_qwen36_65k_fix1/runs/django__django-31864/no_memory/.openhands_home/.openhands/conversations/a21d6a36fa4f41e7b3d0c0bc0279ded1/base_state.json	8976
FILE	/mnt/data/shashwat/openhands-adp-memory/data/contextbench_phase2/execution_full_qwen36_65k_fix1/runs/django__django-31864/no_memory/run_meta.json	6640
FILE	/mnt/data/shashwat/openhands-adp-memory/data/contextbench_phase2/execution_full_qwen36_65k_fix1/runs/django__django-31864/raw/prediction.json	154
FILE	/mnt/data/shashwat/openhands-adp-memory/data/contextbench_phase2/execution_full_qwen36_65k_fix1/runs/django__django-31864/raw/patch.diff	0
FILE	/mnt/data/shashwat/openhands-adp-memory/data/contextbench_phase2/execution_full_qwen36_65k_fix1/runs/django__django-31864/raw/stderr.log	694
FILE	/mnt/data/shashwat/openhands-adp-memory/data/contextbench_phase2/execution_full_qwen36_65k_fix1/runs/django__django-31864/raw/stdout.jsonl	94584
FILE	/mnt/data/shashwat/openhands-adp-memory/data/contextbench_phase2/execution_full_qwen36_65k_fix1/runs/django__django-31864/raw/.openhands_home/.openhands/conversations/0abb6f2ba64a43f98776e24c05a11dd4/base_state.json	8033
FILE	/mnt/data/shashwat/openhands-adp-memory/data/contextbench_phase2/execution_full_qwen36_65k_fix1/runs/django__django-31864/raw/run_meta.json	6469
FILE	/mnt/data/shashwat/openhands-adp-memory/data/contextbench_phase2/execution_full_qwen36_65k_fix1/runs/pydata__xarray-508/adp/prediction.json	10663
FILE	/mnt/data/shashwat/openhands-adp-memory/data/contextbench_phase2/execution_full_qwen36_65k_fix1/runs/pydata__xarray-508/adp/patch.diff	10213
FILE	/mnt/data/shashwat/openhands-adp-memory/data/contextbench_phase2/execution_full_qwen36_65k_fix1/runs/pydata__xarray-508/adp/stderr.log	3286
FILE	/mnt/data/shashwat/openhands-adp-memory/data/contextbench_phase2/execution_full_qwen36_65k_fix1/runs/pydata__xarray-508/adp/stdout.jsonl	1466781
FILE	/mnt/data/shashwat/openhands-adp-memory/data/contextbench_phase2/execution_full_qwen36_65k_fix1/runs/pydata__xarray-508/adp/.openhands_home/.openhands/conversations/21fdb7cfa9e04c7c845a37c42b9b8325/base_state.json	16632
FILE	/mnt/data/shashwat/openhands-adp-memory/data/contextbench_phase2/execution_full_qwen36_65k_fix1/runs/pydata__xarray-508/adp/run_meta.json	6350
FILE	/mnt/data/shashwat/openhands-adp-memory/data/contextbench_phase2/execution_full_qwen36_65k_fix1/runs/pydata__xarray-508/memory/prediction.json	10057
FILE	/mnt/data/shashwat/openhands-adp-memory/data/contextbench_phase2/execution_full_qwen36_65k_fix1/runs/pydata__xarray-508/memory/patch.diff	9583
FILE	/mnt/data/shashwat/openhands-adp-memory/data/contextbench_phase2/execution_full_qwen36_65k_fix1/runs/pydata__xarray-508/memory/stderr.log	3286
FILE	/mnt/data/shashwat/openhands-adp-memory/data/contextbench_phase2/execution_full_qwen36_65k_fix1/runs/pydata__xarray-508/memory/stdout.jsonl	556367
FILE	/mnt/data/shashwat/openhands-adp-memory/data/contextbench_phase2/execution_full_qwen36_65k_fix1/runs/pydata__xarray-508/memory/.openhands_home/.openhands/conversations/e497f93d915a4223b8519407a12b7f02/base_state.json	15983
FILE	/mnt/data/shashwat/openhands-adp-memory/data/contextbench_phase2/execution_full_qwen36_65k_fix1/runs/pydata__xarray-508/memory/run_meta.json	6424
FILE	/mnt/data/shashwat/openhands-adp-memory/data/contextbench_phase2/execution_full_qwen36_65k_fix1/runs/pydata__xarray-508/no_memory/prediction.json	12159
FILE	/mnt/data/shashwat/openhands-adp-memory/data/contextbench_phase2/execution_full_qwen36_65k_fix1/runs/pydata__xarray-508/no_memory/patch.diff	11510
FILE	/mnt/data/shashwat/openhands-adp-memory/data/contextbench_phase2/execution_full_qwen36_65k_fix1/runs/pydata__xarray-508/no_memory/stderr.log	694
FILE	/mnt/data/shashwat/openhands-adp-memory/data/contextbench_phase2/execution_full_qwen36_65k_fix1/runs/pydata__xarray-508/no_memory/stdout.jsonl	2278150
FILE	/mnt/data/shashwat/openhands-adp-memory/data/contextbench_phase2/execution_full_qwen36_65k_fix1/runs/pydata__xarray-508/no_memory/.openhands_home/.openhands/conversations/64f2d40305a8461b83956152cdc12d96/base_state.json	43919
FILE	/mnt/data/shashwat/openhands-adp-memory/data/contextbench_phase2/execution_full_qwen36_65k_fix1/runs/pydata__xarray-508/no_memory/run_meta.json	7647
FILE	/mnt/data/shashwat/openhands-adp-memory/data/contextbench_phase2/execution_full_qwen36_65k_fix1/runs/pydata__xarray-508/raw/prediction.json	9535
FILE	/mnt/data/shashwat/openhands-adp-memory/data/contextbench_phase2/execution_full_qwen36_65k_fix1/runs/pydata__xarray-508/raw/patch.diff	9159
FILE	/mnt/data/shashwat/openhands-adp-memory/data/contextbench_phase2/execution_full_qwen36_65k_fix1/runs/pydata__xarray-508/raw/stderr.log	694
FILE	/mnt/data/shashwat/openhands-adp-memory/data/contextbench_phase2/execution_full_qwen36_65k_fix1/runs/pydata__xarray-508/raw/stdout.jsonl	3382926
FILE	/mnt/data/shashwat/openhands-adp-memory/data/contextbench_phase2/execution_full_qwen36_65k_fix1/runs/pydata__xarray-508/raw/.openhands_home/.openhands/conversations/45b55279665d4a2da18f1c128d597da9/base_state.json	45290
FILE	/mnt/data/shashwat/openhands-adp-memory/data/contextbench_phase2/execution_full_qwen36_65k_fix1/runs/pydata__xarray-508/raw/run_meta.json	6349
FILE	/mnt/data/shashwat/openhands-adp-memory/data/contextbench_phase2/execution_full_qwen36_65k_fix1/runs/sphinx-doc__sphinx-8588/adp/prediction.json	2626
FILE	/mnt/data/shashwat/openhands-adp-memory/data/contextbench_phase2/execution_full_qwen36_65k_fix1/runs/sphinx-doc__sphinx-8588/adp/patch.diff	2408
FILE	/mnt/data/shashwat/openhands-adp-memory/data/contextbench_phase2/execution_full_qwen36_65k_fix1/runs/sphinx-doc__sphinx-8588/adp/stderr.log	694
FILE	/mnt/data/shashwat/openhands-adp-memory/data/contextbench_phase2/execution_full_qwen36_65k_fix1/runs/sphinx-doc__sphinx-8588/adp/stdout.jsonl	662043
FILE	/mnt/data/shashwat/openhands-adp-memory/data/contextbench_phase2/execution_full_qwen36_65k_fix1/runs/sphinx-doc__sphinx-8588/adp/.openhands_home/.openhands/conversations/b628ee5278334a1f82b0cf77b195b156/base_state.json	21696
FILE	/mnt/data/shashwat/openhands-adp-memory/data/contextbench_phase2/execution_full_qwen36_65k_fix1/runs/sphinx-doc__sphinx-8588/adp/run_meta.json	6552
FILE	/mnt/data/shashwat/openhands-adp-memory/data/contextbench_phase2/execution_full_qwen36_65k_fix1/runs/sphinx-doc__sphinx-8588/memory/prediction.json	2478
FILE	/mnt/data/shashwat/openhands-adp-memory/data/contextbench_phase2/execution_full_qwen36_65k_fix1/runs/sphinx-doc__sphinx-8588/memory/patch.diff	2256
FILE	/mnt/data/shashwat/openhands-adp-memory/data/contextbench_phase2/execution_full_qwen36_65k_fix1/runs/sphinx-doc__sphinx-8588/memory/stderr.log	694
FILE	/mnt/data/shashwat/openhands-adp-memory/data/contextbench_phase2/execution_full_qwen36_65k_fix1/runs/sphinx-doc__sphinx-8588/memory/stdout.jsonl	485168
FILE	/mnt/data/shashwat/openhands-adp-memory/data/contextbench_phase2/execution_full_qwen36_65k_fix1/runs/sphinx-doc__sphinx-8588/memory/.openhands_home/.openhands/conversations/2154817a597849249840d296f6ebef3b/base_state.json	24876
FILE	/mnt/data/shashwat/openhands-adp-memory/data/contextbench_phase2/execution_full_qwen36_65k_fix1/runs/sphinx-doc__sphinx-8588/memory/run_meta.json	6623
FILE	/mnt/data/shashwat/openhands-adp-memory/data/contextbench_phase2/execution_full_qwen36_65k_fix1/runs/sphinx-doc__sphinx-8588/no_memory/prediction.json	2278
FILE	/mnt/data/shashwat/openhands-adp-memory/data/contextbench_phase2/execution_full_qwen36_65k_fix1/runs/sphinx-doc__sphinx-8588/no_memory/patch.diff	2063
FILE	/mnt/data/shashwat/openhands-adp-memory/data/contextbench_phase2/execution_full_qwen36_65k_fix1/runs/sphinx-doc__sphinx-8588/no_memory/stderr.log	694
FILE	/mnt/data/shashwat/openhands-adp-memory/data/contextbench_phase2/execution_full_qwen36_65k_fix1/runs/sphinx-doc__sphinx-8588/no_memory/stdout.jsonl	325260
FILE	/mnt/data/shashwat/openhands-adp-memory/data/contextbench_phase2/execution_full_qwen36_65k_fix1/runs/sphinx-doc__sphinx-8588/no_memory/.openhands_home/.openhands/conversations/fff7ae8482a74fcca43d7f744b0aa870/base_state.json	19780
FILE	/mnt/data/shashwat/openhands-adp-memory/data/contextbench_phase2/execution_full_qwen36_65k_fix1/runs/sphinx-doc__sphinx-8588/no_memory/run_meta.json	6697
FILE	/mnt/data/shashwat/openhands-adp-memory/data/contextbench_phase2/execution_full_qwen36_65k_fix1/runs/sphinx-doc__sphinx-8588/raw/prediction.json	157
FILE	/mnt/data/shashwat/openhands-adp-memory/data/contextbench_phase2/execution_full_qwen36_65k_fix1/runs/sphinx-doc__sphinx-8588/raw/patch.diff	0
FILE	/mnt/data/shashwat/openhands-adp-memory/data/contextbench_phase2/execution_full_qwen36_65k_fix1/runs/sphinx-doc__sphinx-8588/raw/stderr.log	3286
FILE	/mnt/data/shashwat/openhands-adp-memory/data/contextbench_phase2/execution_full_qwen36_65k_fix1/runs/sphinx-doc__sphinx-8588/raw/stdout.jsonl	232399
FILE	/mnt/data/shashwat/openhands-adp-memory/data/contextbench_phase2/execution_full_qwen36_65k_fix1/runs/sphinx-doc__sphinx-8588/raw/.openhands_home/.openhands/conversations/eea5dc3aa8a14d929238784b0bb3a8be/base_state.json	14386
FILE	/mnt/data/shashwat/openhands-adp-memory/data/contextbench_phase2/execution_full_qwen36_65k_fix1/runs/sphinx-doc__sphinx-8588/raw/run_meta.json	6576
FILE	/mnt/data/shashwat/openhands-adp-memory/data/contextbench_phase2/execution_full_qwen36_65k_fix1/runs/sphinx-doc__sphinx-8127/adp/prediction.json	157
FILE	/mnt/data/shashwat/openhands-adp-memory/data/contextbench_phase2/execution_full_qwen36_65k_fix1/runs/sphinx-doc__sphinx-8127/adp/patch.diff	0
FILE	/mnt/data/shashwat/openhands-adp-memory/data/contextbench_phase2/execution_full_qwen36_65k_fix1/runs/sphinx-doc__sphinx-8127/adp/stderr.log	694
FILE	/mnt/data/shashwat/openhands-adp-memory/data/contextbench_phase2/execution_full_qwen36_65k_fix1/runs/sphinx-doc__sphinx-8127/adp/stdout.jsonl	1688077
FILE	/mnt/data/shashwat/openhands-adp-memory/data/contextbench_phase2/execution_full_qwen36_65k_fix1/runs/sphinx-doc__sphinx-8127/adp/.openhands_home/.openhands/conversations/39cf199c6aee4671b898404e3f5ec26f/base_state.json	38839
FILE	/mnt/data/shashwat/openhands-adp-memory/data/contextbench_phase2/execution_full_qwen36_65k_fix1/runs/sphinx-doc__sphinx-8127/adp/run_meta.json	6559
FILE	/mnt/data/shashwat/openhands-adp-memory/data/contextbench_phase2/execution_full_qwen36_65k_fix1/runs/sphinx-doc__sphinx-8127/memory/prediction.json	157
FILE	/mnt/data/shashwat/openhands-adp-memory/data/contextbench_phase2/execution_full_qwen36_65k_fix1/runs/sphinx-doc__sphinx-8127/memory/patch.diff	0
FILE	/mnt/data/shashwat/openhands-adp-memory/data/contextbench_phase2/execution_full_qwen36_65k_fix1/runs/sphinx-doc__sphinx-8127/memory/stderr.log	694
FILE	/mnt/data/shashwat/openhands-adp-memory/data/contextbench_phase2/execution_full_qwen36_65k_fix1/runs/sphinx-doc__sphinx-8127/memory/stdout.jsonl	528371
FILE	/mnt/data/shashwat/openhands-adp-memory/data/contextbench_phase2/execution_full_qwen36_65k_fix1/runs/sphinx-doc__sphinx-8127/memory/.openhands_home/.openhands/conversations/cf0cbff842894f1389847e1849867dab/base_state.json	20752
FILE	/mnt/data/shashwat/openhands-adp-memory/data/contextbench_phase2/execution_full_qwen36_65k_fix1/runs/sphinx-doc__sphinx-8127/memory/run_meta.json	6638
FILE	/mnt/data/shashwat/openhands-adp-memory/data/contextbench_phase2/execution_full_qwen36_65k_fix1/runs/sphinx-doc__sphinx-8127/no_memory/prediction.json	157
FILE	/mnt/data/shashwat/openhands-adp-memory/data/contextbench_phase2/execution_full_qwen36_65k_fix1/runs/sphinx-doc__sphinx-8127/no_memory/patch.diff	0
FILE	/mnt/data/shashwat/openhands-adp-memory/data/contextbench_phase2/execution_full_qwen36_65k_fix1/runs/sphinx-doc__sphinx-8127/no_memory/stderr.log	694
FILE	/mnt/data/shashwat/openhands-adp-memory/data/contextbench_phase2/execution_full_qwen36_65k_fix1/runs/sphinx-doc__sphinx-8127/no_memory/stdout.jsonl	1414776
FILE	/mnt/data/shashwat/openhands-adp-memory/data/contextbench_phase2/execution_full_qwen36_65k_fix1/runs/sphinx-doc__sphinx-8127/no_memory/.openhands_home/.openhands/conversations/941256b734294779bb036d9307ae3b52/base_state.json	48392
FILE	/mnt/data/shashwat/openhands-adp-memory/data/contextbench_phase2/execution_full_qwen36_65k_fix1/runs/sphinx-doc__sphinx-8127/no_memory/run_meta.json	6714
FILE	/mnt/data/shashwat/openhands-adp-memory/data/contextbench_phase2/execution_full_qwen36_65k_fix1/runs/sphinx-doc__sphinx-8127/raw/prediction.json	157
FILE	/mnt/data/shashwat/openhands-adp-memory/data/contextbench_phase2/execution_full_qwen36_65k_fix1/runs/sphinx-doc__sphinx-8127/raw/patch.diff	0
FILE	/mnt/data/shashwat/openhands-adp-memory/data/contextbench_phase2/execution_full_qwen36_65k_fix1/runs/sphinx-doc__sphinx-8127/raw/stderr.log	856
FILE	/mnt/data/shashwat/openhands-adp-memory/data/contextbench_phase2/execution_full_qwen36_65k_fix1/runs/sphinx-doc__sphinx-8127/raw/stdout.jsonl	889250
FILE	/mnt/data/shashwat/openhands-adp-memory/data/contextbench_phase2/execution_full_qwen36_65k_fix1/runs/sphinx-doc__sphinx-8127/raw/.openhands_home/.openhands/conversations/b2b86a07727f4b55a33061a8944531be/base_state.json	21378
FILE	/mnt/data/shashwat/openhands-adp-memory/data/contextbench_phase2/execution_full_qwen36_65k_fix1/runs/sphinx-doc__sphinx-8127/raw/run_meta.json	6582
FILE	/mnt/data/shashwat/openhands-adp-memory/data/contextbench_phase2/execution_full_qwen36_65k_fix1/runs/sympy__sympy-9123/adp/prediction.json	1511
FILE	/mnt/data/shashwat/openhands-adp-memory/data/contextbench_phase2/execution_full_qwen36_65k_fix1/runs/sympy__sympy-9123/adp/patch.diff	1324
FILE	/mnt/data/shashwat/openhands-adp-memory/data/contextbench_phase2/execution_full_qwen36_65k_fix1/runs/sympy__sympy-9123/adp/stderr.log	263
FILE	/mnt/data/shashwat/openhands-adp-memory/data/contextbench_phase2/execution_full_qwen36_65k_fix1/runs/sympy__sympy-9123/adp/stdout.jsonl	298707
FILE	/mnt/data/shashwat/openhands-adp-memory/data/contextbench_phase2/execution_full_qwen36_65k_fix1/runs/sympy__sympy-9123/adp/.openhands_home/.openhands/conversations/36e1dc1bf6034155af47ffb5094df240/base_state.json	10911
FILE	/mnt/data/shashwat/openhands-adp-memory/data/contextbench_phase2/execution_full_qwen36_65k_fix1/runs/sympy__sympy-9123/adp/run_meta.json	6394
FILE	/mnt/data/shashwat/openhands-adp-memory/data/contextbench_phase2/execution_full_qwen36_65k_fix1/runs/sympy__sympy-9123/memory/prediction.json	647
FILE	/mnt/data/shashwat/openhands-adp-memory/data/contextbench_phase2/execution_full_qwen36_65k_fix1/runs/sympy__sympy-9123/memory/patch.diff	481
FILE	/mnt/data/shashwat/openhands-adp-memory/data/contextbench_phase2/execution_full_qwen36_65k_fix1/runs/sympy__sympy-9123/memory/stderr.log	263
FILE	/mnt/data/shashwat/openhands-adp-memory/data/contextbench_phase2/execution_full_qwen36_65k_fix1/runs/sympy__sympy-9123/memory/stdout.jsonl	403442
FILE	/mnt/data/shashwat/openhands-adp-memory/data/contextbench_phase2/execution_full_qwen36_65k_fix1/runs/sympy__sympy-9123/memory/.openhands_home/.openhands/conversations/6307a63dc6b24381a9f2908a8a20f615/base_state.json	11867
FILE	/mnt/data/shashwat/openhands-adp-memory/data/contextbench_phase2/execution_full_qwen36_65k_fix1/runs/sympy__sympy-9123/memory/run_meta.json	6469
FILE	/mnt/data/shashwat/openhands-adp-memory/data/contextbench_phase2/execution_full_qwen36_65k_fix1/runs/sympy__sympy-9123/no_memory/prediction.json	1437
FILE	/mnt/data/shashwat/openhands-adp-memory/data/contextbench_phase2/execution_full_qwen36_65k_fix1/runs/sympy__sympy-9123/no_memory/patch.diff	1249
FILE	/mnt/data/shashwat/openhands-adp-memory/data/contextbench_phase2/execution_full_qwen36_65k_fix1/runs/sympy__sympy-9123/no_memory/stderr.log	263
FILE	/mnt/data/shashwat/openhands-adp-memory/data/contextbench_phase2/execution_full_qwen36_65k_fix1/runs/sympy__sympy-9123/no_memory/stdout.jsonl	437938
FILE	/mnt/data/shashwat/openhands-adp-memory/data/contextbench_phase2/execution_full_qwen36_65k_fix1/runs/sympy__sympy-9123/no_memory/.openhands_home/.openhands/conversations/1356026efb2a4164a6cc34afae131f44/base_state.json	18526
FILE	/mnt/data/shashwat/openhands-adp-memory/data/contextbench_phase2/execution_full_qwen36_65k_fix1/runs/sympy__sympy-9123/no_memory/run_meta.json	6528
FILE	/mnt/data/shashwat/openhands-adp-memory/data/contextbench_phase2/execution_full_qwen36_65k_fix1/runs/sympy__sympy-9123/raw/prediction.json	695
FILE	/mnt/data/shashwat/openhands-adp-memory/data/contextbench_phase2/execution_full_qwen36_65k_fix1/runs/sympy__sympy-9123/raw/patch.diff	528
FILE	/mnt/data/shashwat/openhands-adp-memory/data/contextbench_phase2/execution_full_qwen36_65k_fix1/runs/sympy__sympy-9123/raw/stderr.log	263
FILE	/mnt/data/shashwat/openhands-adp-memory/data/contextbench_phase2/execution_full_qwen36_65k_fix1/runs/sympy__sympy-9123/raw/stdout.jsonl	484784
FILE	/mnt/data/shashwat/openhands-adp-memory/data/contextbench_phase2/execution_full_qwen36_65k_fix1/runs/sympy__sympy-9123/raw/.openhands_home/.openhands/conversations/bddb37ddd0db4ad3a7dca92294332afd/base_state.json	10597
FILE	/mnt/data/shashwat/openhands-adp-memory/data/contextbench_phase2/execution_full_qwen36_65k_fix1/runs/sympy__sympy-9123/raw/run_meta.json	6394
FILE	/mnt/data/shashwat/openhands-adp-memory/data/contextbench_phase2/execution_full_qwen36_65k_fix1/runs/django__django-18166/adp/prediction.json	7609
FILE	/mnt/data/shashwat/openhands-adp-memory/data/contextbench_phase2/execution_full_qwen36_65k_fix1/runs/django__django-18166/adp/patch.diff	7169
FILE	/mnt/data/shashwat/openhands-adp-memory/data/contextbench_phase2/execution_full_qwen36_65k_fix1/runs/django__django-18166/adp/stderr.log	2962
FILE	/mnt/data/shashwat/openhands-adp-memory/data/contextbench_phase2/execution_full_qwen36_65k_fix1/runs/django__django-18166/adp/stdout.jsonl	320583
FILE	/mnt/data/shashwat/openhands-adp-memory/data/contextbench_phase2/execution_full_qwen36_65k_fix1/runs/django__django-18166/adp/.openhands_home/.openhands/conversations/b0f8dd8785fd48dea738fdf3ac44ea12/base_state.json	12474
FILE	/mnt/data/shashwat/openhands-adp-memory/data/contextbench_phase2/execution_full_qwen36_65k_fix1/runs/django__django-18166/adp/run_meta.json	5298
FILE	/mnt/data/shashwat/openhands-adp-memory/data/contextbench_phase2/execution_full_qwen36_65k_fix1/runs/django__django-18166/memory/prediction.json	2092
FILE	/mnt/data/shashwat/openhands-adp-memory/data/contextbench_phase2/execution_full_qwen36_65k_fix1/runs/django__django-18166/memory/patch.diff	1881
FILE	/mnt/data/shashwat/openhands-adp-memory/data/contextbench_phase2/execution_full_qwen36_65k_fix1/runs/django__django-18166/memory/stderr.log	694
FILE	/mnt/data/shashwat/openhands-adp-memory/data/contextbench_phase2/execution_full_qwen36_65k_fix1/runs/django__django-18166/memory/stdout.jsonl	587268
FILE	/mnt/data/shashwat/openhands-adp-memory/data/contextbench_phase2/execution_full_qwen36_65k_fix1/runs/django__django-18166/memory/.openhands_home/.openhands/conversations/4cef7788763244faae3839934c80ecd6/base_state.json	15979
FILE	/mnt/data/shashwat/openhands-adp-memory/data/contextbench_phase2/execution_full_qwen36_65k_fix1/runs/django__django-18166/memory/run_meta.json	5348
FILE	/mnt/data/shashwat/openhands-adp-memory/data/contextbench_phase2/execution_full_qwen36_65k_fix1/runs/django__django-18166/no_memory/prediction.json	6116
FILE	/mnt/data/shashwat/openhands-adp-memory/data/contextbench_phase2/execution_full_qwen36_65k_fix1/runs/django__django-18166/no_memory/patch.diff	5773
FILE	/mnt/data/shashwat/openhands-adp-memory/data/contextbench_phase2/execution_full_qwen36_65k_fix1/runs/django__django-18166/no_memory/stderr.log	694
FILE	/mnt/data/shashwat/openhands-adp-memory/data/contextbench_phase2/execution_full_qwen36_65k_fix1/runs/django__django-18166/no_memory/stdout.jsonl	578552
FILE	/mnt/data/shashwat/openhands-adp-memory/data/contextbench_phase2/execution_full_qwen36_65k_fix1/runs/django__django-18166/no_memory/.openhands_home/.openhands/conversations/5bad5bf9208244f490e750963d9ad21e/base_state.json	13437
FILE	/mnt/data/shashwat/openhands-adp-memory/data/contextbench_phase2/execution_full_qwen36_65k_fix1/runs/django__django-18166/no_memory/run_meta.json	5416
FILE	/mnt/data/shashwat/openhands-adp-memory/data/contextbench_phase2/execution_full_qwen36_65k_fix1/runs/django__django-18166/raw/prediction.json	2079
FILE	/mnt/data/shashwat/openhands-adp-memory/data/contextbench_phase2/execution_full_qwen36_65k_fix1/runs/django__django-18166/raw/patch.diff	1867
FILE	/mnt/data/shashwat/openhands-adp-memory/data/contextbench_phase2/execution_full_qwen36_65k_fix1/runs/django__django-18166/raw/stderr.log	694
FILE	/mnt/data/shashwat/openhands-adp-memory/data/contextbench_phase2/execution_full_qwen36_65k_fix1/runs/django__django-18166/raw/stdout.jsonl	375348
FILE	/mnt/data/shashwat/openhands-adp-memory/data/contextbench_phase2/execution_full_qwen36_65k_fix1/runs/django__django-18166/raw/.openhands_home/.openhands/conversations/28a341575417402cb42414878213ef27/base_state.json	15328
FILE	/mnt/data/shashwat/openhands-adp-memory/data/contextbench_phase2/execution_full_qwen36_65k_fix1/runs/django__django-18166/raw/run_meta.json	5275
FILE	/mnt/data/shashwat/openhands-adp-memory/data/contextbench_phase2/execution_full_qwen36_65k_fix1/runs/sympy__sympy-16342/adp/prediction.json	2178
FILE	/mnt/data/shashwat/openhands-adp-memory/data/contextbench_phase2/execution_full_qwen36_65k_fix1/runs/sympy__sympy-16342/adp/patch.diff	1985
FILE	/mnt/data/shashwat/openhands-adp-memory/data/contextbench_phase2/execution_full_qwen36_65k_fix1/runs/sympy__sympy-16342/adp/stderr.log	2962
FILE	/mnt/data/shashwat/openhands-adp-memory/data/contextbench_phase2/execution_full_qwen36_65k_fix1/runs/sympy__sympy-16342/adp/stdout.jsonl	1919236
FILE	/mnt/data/shashwat/openhands-adp-memory/data/contextbench_phase2/execution_full_qwen36_65k_fix1/runs/sympy__sympy-16342/adp/.openhands_home/.openhands/conversations/98075b8e39714c0fbde874a2a4b3285a/base_state.json	21751
FILE	/mnt/data/shashwat/openhands-adp-memory/data/contextbench_phase2/execution_full_qwen36_65k_fix1/runs/sympy__sympy-16342/adp/run_meta.json	6430
FILE	/mnt/data/shashwat/openhands-adp-memory/data/contextbench_phase2/execution_full_qwen36_65k_fix1/runs/sympy__sympy-16342/memory/prediction.json	6180
FILE	/mnt/data/shashwat/openhands-adp-memory/data/contextbench_phase2/execution_full_qwen36_65k_fix1/runs/sympy__sympy-16342/memory/patch.diff	5907
FILE	/mnt/data/shashwat/openhands-adp-memory/data/contextbench_phase2/execution_full_qwen36_65k_fix1/runs/sympy__sympy-16342/memory/stderr.log	738
FILE	/mnt/data/shashwat/openhands-adp-memory/data/contextbench_phase2/execution_full_qwen36_65k_fix1/runs/sympy__sympy-16342/memory/stdout.jsonl	2623577
FILE	/mnt/data/shashwat/openhands-adp-memory/data/contextbench_phase2/execution_full_qwen36_65k_fix1/runs/sympy__sympy-16342/memory/.openhands_home/.openhands/conversations/a7169c5fa19545b79d0dc49a2706a301/base_state.json	3580
FILE	/mnt/data/shashwat/openhands-adp-memory/data/contextbench_phase2/execution_full_qwen36_65k_fix1/runs/sympy__sympy-16342/memory/run_meta.json	6523
FILE	/mnt/data/shashwat/openhands-adp-memory/data/contextbench_phase2/execution_full_qwen36_65k_fix1/runs/sympy__sympy-16342/no_memory/prediction.json	152
FILE	/mnt/data/shashwat/openhands-adp-memory/data/contextbench_phase2/execution_full_qwen36_65k_fix1/runs/sympy__sympy-16342/no_memory/patch.diff	0
FILE	/mnt/data/shashwat/openhands-adp-memory/data/contextbench_phase2/execution_full_qwen36_65k_fix1/runs/sympy__sympy-16342/no_memory/stderr.log	2962
FILE	/mnt/data/shashwat/openhands-adp-memory/data/contextbench_phase2/execution_full_qwen36_65k_fix1/runs/sympy__sympy-16342/no_memory/stdout.jsonl	284955
FILE	/mnt/data/shashwat/openhands-adp-memory/data/contextbench_phase2/execution_full_qwen36_65k_fix1/runs/sympy__sympy-16342/no_memory/.openhands_home/.openhands/conversations/93c833419bb744fea18cc9798d03102f/base_state.json	7401
FILE	/mnt/data/shashwat/openhands-adp-memory/data/contextbench_phase2/execution_full_qwen36_65k_fix1/runs/sympy__sympy-16342/no_memory/run_meta.json	6601
FILE	/mnt/data/shashwat/openhands-adp-memory/data/contextbench_phase2/execution_full_qwen36_65k_fix1/runs/sympy__sympy-16342/raw/prediction.json	5204
FILE	/mnt/data/shashwat/openhands-adp-memory/data/contextbench_phase2/execution_full_qwen36_65k_fix1/runs/sympy__sympy-16342/raw/patch.diff	4948
FILE	/mnt/data/shashwat/openhands-adp-memory/data/contextbench_phase2/execution_full_qwen36_65k_fix1/runs/sympy__sympy-16342/raw/stderr.log	694
FILE	/mnt/data/shashwat/openhands-adp-memory/data/contextbench_phase2/execution_full_qwen36_65k_fix1/runs/sympy__sympy-16342/raw/stdout.jsonl	2697698
FILE	/mnt/data/shashwat/openhands-adp-memory/data/contextbench_phase2/execution_full_qwen36_65k_fix1/runs/sympy__sympy-16342/raw/.openhands_home/.openhands/conversations/45b8e6c6f3e64056a9b9467cbb9379ea/base_state.json	33848
FILE	/mnt/data/shashwat/openhands-adp-memory/data/contextbench_phase2/execution_full_qwen36_65k_fix1/runs/sympy__sympy-16342/raw/run_meta.json	12799
FILE	/mnt/data/shashwat/openhands-adp-memory/data/contextbench_phase2/execution_full_qwen36_65k_fix1/runs/sympy__sympy-17377/adp/prediction.json	11613
FILE	/mnt/data/shashwat/openhands-adp-memory/data/contextbench_phase2/execution_full_qwen36_65k_fix1/runs/sympy__sympy-17377/adp/patch.diff	11122
FILE	/mnt/data/shashwat/openhands-adp-memory/data/contextbench_phase2/execution_full_qwen36_65k_fix1/runs/sympy__sympy-17377/adp/stderr.log	263
FILE	/mnt/data/shashwat/openhands-adp-memory/data/contextbench_phase2/execution_full_qwen36_65k_fix1/runs/sympy__sympy-17377/adp/stdout.jsonl	558247
FILE	/mnt/data/shashwat/openhands-adp-memory/data/contextbench_phase2/execution_full_qwen36_65k_fix1/runs/sympy__sympy-17377/adp/.openhands_home/.openhands/conversations/7d234bea67084f95a8f507321b840134/base_state.json	18849
FILE	/mnt/data/shashwat/openhands-adp-memory/data/contextbench_phase2/execution_full_qwen36_65k_fix1/runs/sympy__sympy-17377/adp/run_meta.json	6412
FILE	/mnt/data/shashwat/openhands-adp-memory/data/contextbench_phase2/execution_full_qwen36_65k_fix1/runs/sympy__sympy-17377/memory/prediction.json	152
FILE	/mnt/data/shashwat/openhands-adp-memory/data/contextbench_phase2/execution_full_qwen36_65k_fix1/runs/sympy__sympy-17377/memory/patch.diff	0
FILE	/mnt/data/shashwat/openhands-adp-memory/data/contextbench_phase2/execution_full_qwen36_65k_fix1/runs/sympy__sympy-17377/memory/stderr.log	263
FILE	/mnt/data/shashwat/openhands-adp-memory/data/contextbench_phase2/execution_full_qwen36_65k_fix1/runs/sympy__sympy-17377/memory/stdout.jsonl	1192333
FILE	/mnt/data/shashwat/openhands-adp-memory/data/contextbench_phase2/execution_full_qwen36_65k_fix1/runs/sympy__sympy-17377/memory/.openhands_home/.openhands/conversations/d524ac3429af44ee8c553955d25701f6/base_state.json	15677
FILE	/mnt/data/shashwat/openhands-adp-memory/data/contextbench_phase2/execution_full_qwen36_65k_fix1/runs/sympy__sympy-17377/memory/run_meta.json	6428
FILE	/mnt/data/shashwat/openhands-adp-memory/data/contextbench_phase2/execution_full_qwen36_65k_fix1/runs/sympy__sympy-17377/no_memory/prediction.json	152
FILE	/mnt/data/shashwat/openhands-adp-memory/data/contextbench_phase2/execution_full_qwen36_65k_fix1/runs/sympy__sympy-17377/no_memory/patch.diff	0
FILE	/mnt/data/shashwat/openhands-adp-memory/data/contextbench_phase2/execution_full_qwen36_65k_fix1/runs/sympy__sympy-17377/no_memory/stderr.log	263
FILE	/mnt/data/shashwat/openhands-adp-memory/data/contextbench_phase2/execution_full_qwen36_65k_fix1/runs/sympy__sympy-17377/no_memory/stdout.jsonl	733355
FILE	/mnt/data/shashwat/openhands-adp-memory/data/contextbench_phase2/execution_full_qwen36_65k_fix1/runs/sympy__sympy-17377/no_memory/.openhands_home/.openhands/conversations/5012b3c41db74d6183f8b1172ee9133f/base_state.json	10256
FILE	/mnt/data/shashwat/openhands-adp-memory/data/contextbench_phase2/execution_full_qwen36_65k_fix1/runs/sympy__sympy-17377/no_memory/run_meta.json	6561
FILE	/mnt/data/shashwat/openhands-adp-memory/data/contextbench_phase2/execution_full_qwen36_65k_fix1/runs/sympy__sympy-17377/raw/prediction.json	152
FILE	/mnt/data/shashwat/openhands-adp-memory/data/contextbench_phase2/execution_full_qwen36_65k_fix1/runs/sympy__sympy-17377/raw/patch.diff	0
FILE	/mnt/data/shashwat/openhands-adp-memory/data/contextbench_phase2/execution_full_qwen36_65k_fix1/runs/sympy__sympy-17377/raw/stderr.log	263
FILE	/mnt/data/shashwat/openhands-adp-memory/data/contextbench_phase2/execution_full_qwen36_65k_fix1/runs/sympy__sympy-17377/raw/stdout.jsonl	131040
FILE	/mnt/data/shashwat/openhands-adp-memory/data/contextbench_phase2/execution_full_qwen36_65k_fix1/runs/sympy__sympy-17377/raw/.openhands_home/.openhands/conversations/867837bbaf3740409438413b4071e23e/base_state.json	9627
FILE	/mnt/data/shashwat/openhands-adp-memory/data/contextbench_phase2/execution_full_qwen36_65k_fix1/runs/sympy__sympy-17377/raw/run_meta.json	6412
FILE	/mnt/data/shashwat/openhands-adp-memory/data/contextbench_phase2/execution_full_qwen36_65k_fix1/runs/django__django-33871/adp/prediction.json	154
FILE	/mnt/data/shashwat/openhands-adp-memory/data/contextbench_phase2/execution_full_qwen36_65k_fix1/runs/django__django-33871/adp/patch.diff	0
FILE	/mnt/data/shashwat/openhands-adp-memory/data/contextbench_phase2/execution_full_qwen36_65k_fix1/runs/django__django-33871/adp/stderr.log	694
FILE	/mnt/data/shashwat/openhands-adp-memory/data/contextbench_phase2/execution_full_qwen36_65k_fix1/runs/django__django-33871/adp/stdout.jsonl	885521
FILE	/mnt/data/shashwat/openhands-adp-memory/data/contextbench_phase2/execution_full_qwen36_65k_fix1/runs/django__django-33871/adp/.openhands_home/.openhands/conversations/de3a9ecb392c4cef9730913ee4b70a47/base_state.json	13456
FILE	/mnt/data/shashwat/openhands-adp-memory/data/contextbench_phase2/execution_full_qwen36_65k_fix1/runs/django__django-33871/adp/run_meta.json	6411
FILE	/mnt/data/shashwat/openhands-adp-memory/data/contextbench_phase2/execution_full_qwen36_65k_fix1/runs/django__django-33871/memory/prediction.json	9031
FILE	/mnt/data/shashwat/openhands-adp-memory/data/contextbench_phase2/execution_full_qwen36_65k_fix1/runs/django__django-33871/memory/patch.diff	8490
FILE	/mnt/data/shashwat/openhands-adp-memory/data/contextbench_phase2/execution_full_qwen36_65k_fix1/runs/django__django-33871/memory/stderr.log	694
FILE	/mnt/data/shashwat/openhands-adp-memory/data/contextbench_phase2/execution_full_qwen36_65k_fix1/runs/django__django-33871/memory/stdout.jsonl	2427481
FILE	/mnt/data/shashwat/openhands-adp-memory/data/contextbench_phase2/execution_full_qwen36_65k_fix1/runs/django__django-33871/memory/.openhands_home/.openhands/conversations/ea8577865c184db189759cec9eadf823/base_state.json	52808
FILE	/mnt/data/shashwat/openhands-adp-memory/data/contextbench_phase2/execution_full_qwen36_65k_fix1/runs/django__django-33871/memory/run_meta.json	7843
FILE	/mnt/data/shashwat/openhands-adp-memory/data/contextbench_phase2/execution_full_qwen36_65k_fix1/runs/django__django-33871/no_memory/prediction.json	154
FILE	/mnt/data/shashwat/openhands-adp-memory/data/contextbench_phase2/execution_full_qwen36_65k_fix1/runs/django__django-33871/no_memory/patch.diff	0
FILE	/mnt/data/shashwat/openhands-adp-memory/data/contextbench_phase2/execution_full_qwen36_65k_fix1/runs/django__django-33871/no_memory/stderr.log	694
FILE	/mnt/data/shashwat/openhands-adp-memory/data/contextbench_phase2/execution_full_qwen36_65k_fix1/runs/django__django-33871/no_memory/stdout.jsonl	669414
FILE	/mnt/data/shashwat/openhands-adp-memory/data/contextbench_phase2/execution_full_qwen36_65k_fix1/runs/django__django-33871/no_memory/.openhands_home/.openhands/conversations/2a11796ab2c1426087e3457a3146b49c/base_state.json	42300
FILE	/mnt/data/shashwat/openhands-adp-memory/data/contextbench_phase2/execution_full_qwen36_65k_fix1/runs/django__django-33871/no_memory/run_meta.json	6626
FILE	/mnt/data/shashwat/openhands-adp-memory/data/contextbench_phase2/execution_full_qwen36_65k_fix1/runs/django__django-33871/raw/prediction.json	8594
FILE	/mnt/data/shashwat/openhands-adp-memory/data/contextbench_phase2/execution_full_qwen36_65k_fix1/runs/django__django-33871/raw/patch.diff	8086
FILE	/mnt/data/shashwat/openhands-adp-memory/data/contextbench_phase2/execution_full_qwen36_65k_fix1/runs/django__django-33871/raw/stderr.log	694
FILE	/mnt/data/shashwat/openhands-adp-memory/data/contextbench_phase2/execution_full_qwen36_65k_fix1/runs/django__django-33871/raw/stdout.jsonl	893791
FILE	/mnt/data/shashwat/openhands-adp-memory/data/contextbench_phase2/execution_full_qwen36_65k_fix1/runs/django__django-33871/raw/.openhands_home/.openhands/conversations/f979b08f6a3d4fc7aee8dec9ec7e3747/base_state.json	20755
FILE	/mnt/data/shashwat/openhands-adp-memory/data/contextbench_phase2/execution_full_qwen36_65k_fix1/runs/django__django-33871/raw/run_meta.json	6426
FILE	/mnt/data/shashwat/openhands-adp-memory/data/contextbench_phase2/execution_full_qwen36_65k_fix1/runs/django__django-30931/adp/prediction.json	1954
FILE	/mnt/data/shashwat/openhands-adp-memory/data/contextbench_phase2/execution_full_qwen36_65k_fix1/runs/django__django-30931/adp/patch.diff	1748
FILE	/mnt/data/shashwat/openhands-adp-memory/data/contextbench_phase2/execution_full_qwen36_65k_fix1/runs/django__django-30931/adp/stderr.log	694
FILE	/mnt/data/shashwat/openhands-adp-memory/data/contextbench_phase2/execution_full_qwen36_65k_fix1/runs/django__django-30931/adp/stdout.jsonl	352977
FILE	/mnt/data/shashwat/openhands-adp-memory/data/contextbench_phase2/execution_full_qwen36_65k_fix1/runs/django__django-30931/adp/.openhands_home/.openhands/conversations/3616cd29af564d3ca923989819fb0b98/base_state.json	10253
FILE	/mnt/data/shashwat/openhands-adp-memory/data/contextbench_phase2/execution_full_qwen36_65k_fix1/runs/django__django-30931/adp/run_meta.json	6479
FILE	/mnt/data/shashwat/openhands-adp-memory/data/contextbench_phase2/execution_full_qwen36_65k_fix1/runs/django__django-30931/memory/prediction.json	1958
FILE	/mnt/data/shashwat/openhands-adp-memory/data/contextbench_phase2/execution_full_qwen36_65k_fix1/runs/django__django-30931/memory/patch.diff	1752
FILE	/mnt/data/shashwat/openhands-adp-memory/data/contextbench_phase2/execution_full_qwen36_65k_fix1/runs/django__django-30931/memory/stderr.log	694
FILE	/mnt/data/shashwat/openhands-adp-memory/data/contextbench_phase2/execution_full_qwen36_65k_fix1/runs/django__django-30931/memory/stdout.jsonl	579404
FILE	/mnt/data/shashwat/openhands-adp-memory/data/contextbench_phase2/execution_full_qwen36_65k_fix1/runs/django__django-30931/memory/.openhands_home/.openhands/conversations/5a7ffce9795f4b9eb7db2745d0b129b5/base_state.json	16291
FILE	/mnt/data/shashwat/openhands-adp-memory/data/contextbench_phase2/execution_full_qwen36_65k_fix1/runs/django__django-30931/memory/run_meta.json	6558
FILE	/mnt/data/shashwat/openhands-adp-memory/data/contextbench_phase2/execution_full_qwen36_65k_fix1/runs/django__django-30931/no_memory/prediction.json	154
FILE	/mnt/data/shashwat/openhands-adp-memory/data/contextbench_phase2/execution_full_qwen36_65k_fix1/runs/django__django-30931/no_memory/patch.diff	0
FILE	/mnt/data/shashwat/openhands-adp-memory/data/contextbench_phase2/execution_full_qwen36_65k_fix1/runs/django__django-30931/no_memory/stderr.log	694
FILE	/mnt/data/shashwat/openhands-adp-memory/data/contextbench_phase2/execution_full_qwen36_65k_fix1/runs/django__django-30931/no_memory/stdout.jsonl	119772
FILE	/mnt/data/shashwat/openhands-adp-memory/data/contextbench_phase2/execution_full_qwen36_65k_fix1/runs/django__django-30931/no_memory/.openhands_home/.openhands/conversations/57ace30f756d4942a515656341e67e7a/base_state.json	12147
FILE	/mnt/data/shashwat/openhands-adp-memory/data/contextbench_phase2/execution_full_qwen36_65k_fix1/runs/django__django-30931/no_memory/run_meta.json	6618
FILE	/mnt/data/shashwat/openhands-adp-memory/data/contextbench_phase2/execution_full_qwen36_65k_fix1/runs/django__django-30931/raw/prediction.json	1945
FILE	/mnt/data/shashwat/openhands-adp-memory/data/contextbench_phase2/execution_full_qwen36_65k_fix1/runs/django__django-30931/raw/patch.diff	1739
FILE	/mnt/data/shashwat/openhands-adp-memory/data/contextbench_phase2/execution_full_qwen36_65k_fix1/runs/django__django-30931/raw/stderr.log	694
FILE	/mnt/data/shashwat/openhands-adp-memory/data/contextbench_phase2/execution_full_qwen36_65k_fix1/runs/django__django-30931/raw/stdout.jsonl	328567
FILE	/mnt/data/shashwat/openhands-adp-memory/data/contextbench_phase2/execution_full_qwen36_65k_fix1/runs/django__django-30931/raw/.openhands_home/.openhands/conversations/36ea3778a2234fc4817f1ba6bdab83e5/base_state.json	9626
FILE	/mnt/data/shashwat/openhands-adp-memory/data/contextbench_phase2/execution_full_qwen36_65k_fix1/runs/django__django-30931/raw/run_meta.json	6479
FILE	/mnt/data/shashwat/openhands-adp-memory/data/contextbench_phase2/execution_full_qwen36_65k_fix1/runs/scikit-learn__scikit-learn-25634/adp/prediction.json	4123
FILE	/mnt/data/shashwat/openhands-adp-memory/data/contextbench_phase2/execution_full_qwen36_65k_fix1/runs/scikit-learn__scikit-learn-25634/adp/patch.diff	3804
FILE	/mnt/data/shashwat/openhands-adp-memory/data/contextbench_phase2/execution_full_qwen36_65k_fix1/runs/scikit-learn__scikit-learn-25634/adp/stderr.log	694
FILE	/mnt/data/shashwat/openhands-adp-memory/data/contextbench_phase2/execution_full_qwen36_65k_fix1/runs/scikit-learn__scikit-learn-25634/adp/stdout.jsonl	390869
FILE	/mnt/data/shashwat/openhands-adp-memory/data/contextbench_phase2/execution_full_qwen36_65k_fix1/runs/scikit-learn__scikit-learn-25634/adp/.openhands_home/.openhands/conversations/8c85cf59abbb4aa0989c5ef2389dce96/base_state.json	14066
FILE	/mnt/data/shashwat/openhands-adp-memory/data/contextbench_phase2/execution_full_qwen36_65k_fix1/runs/scikit-learn__scikit-learn-25634/adp/run_meta.json	6750
FILE	/mnt/data/shashwat/openhands-adp-memory/data/contextbench_phase2/execution_full_qwen36_65k_fix1/runs/scikit-learn__scikit-learn-25634/memory/prediction.json	2934
FILE	/mnt/data/shashwat/openhands-adp-memory/data/contextbench_phase2/execution_full_qwen36_65k_fix1/runs/scikit-learn__scikit-learn-25634/memory/patch.diff	2660
FILE	/mnt/data/shashwat/openhands-adp-memory/data/contextbench_phase2/execution_full_qwen36_65k_fix1/runs/scikit-learn__scikit-learn-25634/memory/stderr.log	694
FILE	/mnt/data/shashwat/openhands-adp-memory/data/contextbench_phase2/execution_full_qwen36_65k_fix1/runs/scikit-learn__scikit-learn-25634/memory/stdout.jsonl	259753
FILE	/mnt/data/shashwat/openhands-adp-memory/data/contextbench_phase2/execution_full_qwen36_65k_fix1/runs/scikit-learn__scikit-learn-25634/memory/.openhands_home/.openhands/conversations/1e80731b75b84e07951977a811f1eca8/base_state.json	10586
FILE	/mnt/data/shashwat/openhands-adp-memory/data/contextbench_phase2/execution_full_qwen36_65k_fix1/runs/scikit-learn__scikit-learn-25634/memory/run_meta.json	6825
FILE	/mnt/data/shashwat/openhands-adp-memory/data/contextbench_phase2/execution_full_qwen36_65k_fix1/runs/scikit-learn__scikit-learn-25634/no_memory/prediction.json	2431
FILE	/mnt/data/shashwat/openhands-adp-memory/data/contextbench_phase2/execution_full_qwen36_65k_fix1/runs/scikit-learn__scikit-learn-25634/no_memory/patch.diff	2176
FILE	/mnt/data/shashwat/openhands-adp-memory/data/contextbench_phase2/execution_full_qwen36_65k_fix1/runs/scikit-learn__scikit-learn-25634/no_memory/stderr.log	694
FILE	/mnt/data/shashwat/openhands-adp-memory/data/contextbench_phase2/execution_full_qwen36_65k_fix1/runs/scikit-learn__scikit-learn-25634/no_memory/stdout.jsonl	264530
FILE	/mnt/data/shashwat/openhands-adp-memory/data/contextbench_phase2/execution_full_qwen36_65k_fix1/runs/scikit-learn__scikit-learn-25634/no_memory/.openhands_home/.openhands/conversations/10574b3592b84a1e8a31c51e2a016eda/base_state.json	12802
FILE	/mnt/data/shashwat/openhands-adp-memory/data/contextbench_phase2/execution_full_qwen36_65k_fix1/runs/scikit-learn__scikit-learn-25634/no_memory/run_meta.json	6999
FILE	/mnt/data/shashwat/openhands-adp-memory/data/contextbench_phase2/execution_full_qwen36_65k_fix1/runs/scikit-learn__scikit-learn-25634/raw/prediction.json	7884
FILE	/mnt/data/shashwat/openhands-adp-memory/data/contextbench_phase2/execution_full_qwen36_65k_fix1/runs/scikit-learn__scikit-learn-25634/raw/patch.diff	7464
FILE	/mnt/data/shashwat/openhands-adp-memory/data/contextbench_phase2/execution_full_qwen36_65k_fix1/runs/scikit-learn__scikit-learn-25634/raw/stderr.log	694
FILE	/mnt/data/shashwat/openhands-adp-memory/data/contextbench_phase2/execution_full_qwen36_65k_fix1/runs/scikit-learn__scikit-learn-25634/raw/stdout.jsonl	1508068
FILE	/mnt/data/shashwat/openhands-adp-memory/data/contextbench_phase2/execution_full_qwen36_65k_fix1/runs/scikit-learn__scikit-learn-25634/raw/.openhands_home/.openhands/conversations/d15fa80583b9408d87f872a7f14b0090/base_state.json	24883
FILE	/mnt/data/shashwat/openhands-adp-memory/data/contextbench_phase2/execution_full_qwen36_65k_fix1/runs/scikit-learn__scikit-learn-25634/raw/run_meta.json	6753
FILE	/mnt/data/shashwat/openhands-adp-memory/data/contextbench_phase2/execution_full_qwen36_65k_fix1/runs/django__django-34481/adp/prediction.json	2107
FILE	/mnt/data/shashwat/openhands-adp-memory/data/contextbench_phase2/execution_full_qwen36_65k_fix1/runs/django__django-34481/adp/patch.diff	1890
FILE	/mnt/data/shashwat/openhands-adp-memory/data/contextbench_phase2/execution_full_qwen36_65k_fix1/runs/django__django-34481/adp/stderr.log	694
FILE	/mnt/data/shashwat/openhands-adp-memory/data/contextbench_phase2/execution_full_qwen36_65k_fix1/runs/django__django-34481/adp/stdout.jsonl	694821
FILE	/mnt/data/shashwat/openhands-adp-memory/data/contextbench_phase2/execution_full_qwen36_65k_fix1/runs/django__django-34481/adp/.openhands_home/.openhands/conversations/43453ea8afcd43dda6ce48c2dad7c959/base_state.json	21400
FILE	/mnt/data/shashwat/openhands-adp-memory/data/contextbench_phase2/execution_full_qwen36_65k_fix1/runs/django__django-34481/adp/run_meta.json	6465
FILE	/mnt/data/shashwat/openhands-adp-memory/data/contextbench_phase2/execution_full_qwen36_65k_fix1/runs/django__django-34481/memory/prediction.json	2877
FILE	/mnt/data/shashwat/openhands-adp-memory/data/contextbench_phase2/execution_full_qwen36_65k_fix1/runs/django__django-34481/memory/patch.diff	2628
FILE	/mnt/data/shashwat/openhands-adp-memory/data/contextbench_phase2/execution_full_qwen36_65k_fix1/runs/django__django-34481/memory/stderr.log	694
FILE	/mnt/data/shashwat/openhands-adp-memory/data/contextbench_phase2/execution_full_qwen36_65k_fix1/runs/django__django-34481/memory/stdout.jsonl	745162
FILE	/mnt/data/shashwat/openhands-adp-memory/data/contextbench_phase2/execution_full_qwen36_65k_fix1/runs/django__django-34481/memory/.openhands_home/.openhands/conversations/83725b0f11804dd58ee10ef1ecd67df3/base_state.json	17574
FILE	/mnt/data/shashwat/openhands-adp-memory/data/contextbench_phase2/execution_full_qwen36_65k_fix1/runs/django__django-34481/memory/run_meta.json	6579
FILE	/mnt/data/shashwat/openhands-adp-memory/data/contextbench_phase2/execution_full_qwen36_65k_fix1/runs/django__django-34481/no_memory/prediction.json	2330
FILE	/mnt/data/shashwat/openhands-adp-memory/data/contextbench_phase2/execution_full_qwen36_65k_fix1/runs/django__django-34481/no_memory/patch.diff	2104
FILE	/mnt/data/shashwat/openhands-adp-memory/data/contextbench_phase2/execution_full_qwen36_65k_fix1/runs/django__django-34481/no_memory/stderr.log	694
FILE	/mnt/data/shashwat/openhands-adp-memory/data/contextbench_phase2/execution_full_qwen36_65k_fix1/runs/django__django-34481/no_memory/stdout.jsonl	868142
FILE	/mnt/data/shashwat/openhands-adp-memory/data/contextbench_phase2/execution_full_qwen36_65k_fix1/runs/django__django-34481/no_memory/.openhands_home/.openhands/conversations/6cbef7d77b1d4b9eb27de09cacd8dd14/base_state.json	26794
FILE	/mnt/data/shashwat/openhands-adp-memory/data/contextbench_phase2/execution_full_qwen36_65k_fix1/runs/django__django-34481/no_memory/run_meta.json	6638
FILE	/mnt/data/shashwat/openhands-adp-memory/data/contextbench_phase2/execution_full_qwen36_65k_fix1/runs/django__django-34481/raw/prediction.json	2814
FILE	/mnt/data/shashwat/openhands-adp-memory/data/contextbench_phase2/execution_full_qwen36_65k_fix1/runs/django__django-34481/raw/patch.diff	2568
FILE	/mnt/data/shashwat/openhands-adp-memory/data/contextbench_phase2/execution_full_qwen36_65k_fix1/runs/django__django-34481/raw/stderr.log	694
FILE	/mnt/data/shashwat/openhands-adp-memory/data/contextbench_phase2/execution_full_qwen36_65k_fix1/runs/django__django-34481/raw/stdout.jsonl	805127
FILE	/mnt/data/shashwat/openhands-adp-memory/data/contextbench_phase2/execution_full_qwen36_65k_fix1/runs/django__django-34481/raw/.openhands_home/.openhands/conversations/a9d10e67658d4824b85b68055c0b12fa/base_state.json	19155
FILE	/mnt/data/shashwat/openhands-adp-memory/data/contextbench_phase2/execution_full_qwen36_65k_fix1/runs/django__django-34481/raw/run_meta.json	6504
FILE	/mnt/data/shashwat/openhands-adp-memory/data/contextbench_phase2/execution_full_qwen36_65k_fix1/runs/django__django-29123/adp/prediction.json	4831
FILE	/mnt/data/shashwat/openhands-adp-memory/data/contextbench_phase2/execution_full_qwen36_65k_fix1/runs/django__django-29123/adp/patch.diff	4509
FILE	/mnt/data/shashwat/openhands-adp-memory/data/contextbench_phase2/execution_full_qwen36_65k_fix1/runs/django__django-29123/adp/stderr.log	694
FILE	/mnt/data/shashwat/openhands-adp-memory/data/contextbench_phase2/execution_full_qwen36_65k_fix1/runs/django__django-29123/adp/stdout.jsonl	2650763
FILE	/mnt/data/shashwat/openhands-adp-memory/data/contextbench_phase2/execution_full_qwen36_65k_fix1/runs/django__django-29123/adp/.openhands_home/.openhands/conversations/840f570f760149ecb6dd81233cfaba86/base_state.json	41070
FILE	/mnt/data/shashwat/openhands-adp-memory/data/contextbench_phase2/execution_full_qwen36_65k_fix1/runs/django__django-29123/adp/run_meta.json	7052
FILE	/mnt/data/shashwat/openhands-adp-memory/data/contextbench_phase2/execution_full_qwen36_65k_fix1/runs/django__django-29123/memory/prediction.json	4921
FILE	/mnt/data/shashwat/openhands-adp-memory/data/contextbench_phase2/execution_full_qwen36_65k_fix1/runs/django__django-29123/memory/patch.diff	4590
FILE	/mnt/data/shashwat/openhands-adp-memory/data/contextbench_phase2/execution_full_qwen36_65k_fix1/runs/django__django-29123/memory/stderr.log	694
FILE	/mnt/data/shashwat/openhands-adp-memory/data/contextbench_phase2/execution_full_qwen36_65k_fix1/runs/django__django-29123/memory/stdout.jsonl	2211346
FILE	/mnt/data/shashwat/openhands-adp-memory/data/contextbench_phase2/execution_full_qwen36_65k_fix1/runs/django__django-29123/memory/.openhands_home/.openhands/conversations/2ced6dd009ea473db6bb14f9652bdbf0/base_state.json	43935
FILE	/mnt/data/shashwat/openhands-adp-memory/data/contextbench_phase2/execution_full_qwen36_65k_fix1/runs/django__django-29123/memory/run_meta.json	6540
FILE	/mnt/data/shashwat/openhands-adp-memory/data/contextbench_phase2/execution_full_qwen36_65k_fix1/runs/django__django-29123/no_memory/prediction.json	154
FILE	/mnt/data/shashwat/openhands-adp-memory/data/contextbench_phase2/execution_full_qwen36_65k_fix1/runs/django__django-29123/no_memory/patch.diff	0
FILE	/mnt/data/shashwat/openhands-adp-memory/data/contextbench_phase2/execution_full_qwen36_65k_fix1/runs/django__django-29123/no_memory/stderr.log	694
FILE	/mnt/data/shashwat/openhands-adp-memory/data/contextbench_phase2/execution_full_qwen36_65k_fix1/runs/django__django-29123/no_memory/stdout.jsonl	170786
FILE	/mnt/data/shashwat/openhands-adp-memory/data/contextbench_phase2/execution_full_qwen36_65k_fix1/runs/django__django-29123/no_memory/.openhands_home/.openhands/conversations/6eee20baea0441158bff3aaa24efd1f4/base_state.json	11538
FILE	/mnt/data/shashwat/openhands-adp-memory/data/contextbench_phase2/execution_full_qwen36_65k_fix1/runs/django__django-29123/no_memory/run_meta.json	6643
FILE	/mnt/data/shashwat/openhands-adp-memory/data/contextbench_phase2/execution_full_qwen36_65k_fix1/runs/django__django-29123/raw/prediction.json	154
FILE	/mnt/data/shashwat/openhands-adp-memory/data/contextbench_phase2/execution_full_qwen36_65k_fix1/runs/django__django-29123/raw/patch.diff	0
FILE	/mnt/data/shashwat/openhands-adp-memory/data/contextbench_phase2/execution_full_qwen36_65k_fix1/runs/django__django-29123/raw/stderr.log	694
FILE	/mnt/data/shashwat/openhands-adp-memory/data/contextbench_phase2/execution_full_qwen36_65k_fix1/runs/django__django-29123/raw/stdout.jsonl	541818
FILE	/mnt/data/shashwat/openhands-adp-memory/data/contextbench_phase2/execution_full_qwen36_65k_fix1/runs/django__django-29123/raw/.openhands_home/.openhands/conversations/b81730b9d71748028a59c96331214aab/base_state.json	21064
FILE	/mnt/data/shashwat/openhands-adp-memory/data/contextbench_phase2/execution_full_qwen36_65k_fix1/runs/django__django-29123/raw/run_meta.json	6473
FILE	/mnt/data/shashwat/openhands-adp-memory/data/contextbench_phase2/execution_full_qwen36_65k_fix1/runs/django__django-11776/adp/prediction.json	12092
FILE	/mnt/data/shashwat/openhands-adp-memory/data/contextbench_phase2/execution_full_qwen36_65k_fix1/runs/django__django-11776/adp/patch.diff	11443
FILE	/mnt/data/shashwat/openhands-adp-memory/data/contextbench_phase2/execution_full_qwen36_65k_fix1/runs/django__django-11776/adp/stderr.log	24394
FILE	/mnt/data/shashwat/openhands-adp-memory/data/contextbench_phase2/execution_full_qwen36_65k_fix1/runs/django__django-11776/adp/stdout.jsonl	3378139
FILE	/mnt/data/shashwat/openhands-adp-memory/data/contextbench_phase2/execution_full_qwen36_65k_fix1/runs/django__django-11776/adp/.openhands_home/.openhands/conversations/e85c50bdaf664190a9b9c9e74485112c/base_state.json	55672
FILE	/mnt/data/shashwat/openhands-adp-memory/data/contextbench_phase2/execution_full_qwen36_65k_fix1/runs/django__django-11776/adp/run_meta.json	5279
FILE	/mnt/data/shashwat/openhands-adp-memory/data/contextbench_phase2/execution_full_qwen36_65k_fix1/runs/django__django-11776/memory/prediction.json	154
FILE	/mnt/data/shashwat/openhands-adp-memory/data/contextbench_phase2/execution_full_qwen36_65k_fix1/runs/django__django-11776/memory/patch.diff	0
FILE	/mnt/data/shashwat/openhands-adp-memory/data/contextbench_phase2/execution_full_qwen36_65k_fix1/runs/django__django-11776/memory/stderr.log	3610
FILE	/mnt/data/shashwat/openhands-adp-memory/data/contextbench_phase2/execution_full_qwen36_65k_fix1/runs/django__django-11776/memory/stdout.jsonl	153608
FILE	/mnt/data/shashwat/openhands-adp-memory/data/contextbench_phase2/execution_full_qwen36_65k_fix1/runs/django__django-11776/memory/.openhands_home/.openhands/conversations/9e89057563fb42a4b0eb9bd8a7bab490/base_state.json	12794
FILE	/mnt/data/shashwat/openhands-adp-memory/data/contextbench_phase2/execution_full_qwen36_65k_fix1/runs/django__django-11776/memory/run_meta.json	5353
FILE	/mnt/data/shashwat/openhands-adp-memory/data/contextbench_phase2/execution_full_qwen36_65k_fix1/runs/django__django-11776/no_memory/prediction.json	3831
FILE	/mnt/data/shashwat/openhands-adp-memory/data/contextbench_phase2/execution_full_qwen36_65k_fix1/runs/django__django-11776/no_memory/patch.diff	3556
FILE	/mnt/data/shashwat/openhands-adp-memory/data/contextbench_phase2/execution_full_qwen36_65k_fix1/runs/django__django-11776/no_memory/stderr.log	856
FILE	/mnt/data/shashwat/openhands-adp-memory/data/contextbench_phase2/execution_full_qwen36_65k_fix1/runs/django__django-11776/no_memory/stdout.jsonl	1041284
FILE	/mnt/data/shashwat/openhands-adp-memory/data/contextbench_phase2/execution_full_qwen36_65k_fix1/runs/django__django-11776/no_memory/.openhands_home/.openhands/conversations/8ab48add5cfc4b298ef7afcaf6e0cae2/base_state.json	22010
FILE	/mnt/data/shashwat/openhands-adp-memory/data/contextbench_phase2/execution_full_qwen36_65k_fix1/runs/django__django-11776/no_memory/run_meta.json	5341
FILE	/mnt/data/shashwat/openhands-adp-memory/data/contextbench_phase2/execution_full_qwen36_65k_fix1/runs/django__django-11776/raw/prediction.json	12873
FILE	/mnt/data/shashwat/openhands-adp-memory/data/contextbench_phase2/execution_full_qwen36_65k_fix1/runs/django__django-11776/raw/patch.diff	12204
FILE	/mnt/data/shashwat/openhands-adp-memory/data/contextbench_phase2/execution_full_qwen36_65k_fix1/runs/django__django-11776/raw/stderr.log	1018
FILE	/mnt/data/shashwat/openhands-adp-memory/data/contextbench_phase2/execution_full_qwen36_65k_fix1/runs/django__django-11776/raw/stdout.jsonl	2881182
FILE	/mnt/data/shashwat/openhands-adp-memory/data/contextbench_phase2/execution_full_qwen36_65k_fix1/runs/django__django-11776/raw/.openhands_home/.openhands/conversations/b21c7d82b58a45e59d82e2f2f75f7369/base_state.json	30253
FILE	/mnt/data/shashwat/openhands-adp-memory/data/contextbench_phase2/execution_full_qwen36_65k_fix1/runs/django__django-11776/raw/run_meta.json	6607
FILE	/mnt/data/shashwat/openhands-adp-memory/data/contextbench_phase2/execution_full_qwen36_65k_fix1/runs/sympy__sympy-21203/adp/prediction.json	152
FILE	/mnt/data/shashwat/openhands-adp-memory/data/contextbench_phase2/execution_full_qwen36_65k_fix1/runs/sympy__sympy-21203/adp/patch.diff	0
FILE	/mnt/data/shashwat/openhands-adp-memory/data/contextbench_phase2/execution_full_qwen36_65k_fix1/runs/sympy__sympy-21203/adp/stderr.log	263
FILE	/mnt/data/shashwat/openhands-adp-memory/data/contextbench_phase2/execution_full_qwen36_65k_fix1/runs/sympy__sympy-21203/adp/stdout.jsonl	187866
FILE	/mnt/data/shashwat/openhands-adp-memory/data/contextbench_phase2/execution_full_qwen36_65k_fix1/runs/sympy__sympy-21203/adp/.openhands_home/.openhands/conversations/4fba7492e3e44996b29b188dd11b146b/base_state.json	13416
FILE	/mnt/data/shashwat/openhands-adp-memory/data/contextbench_phase2/execution_full_qwen36_65k_fix1/runs/sympy__sympy-21203/adp/run_meta.json	6414
FILE	/mnt/data/shashwat/openhands-adp-memory/data/contextbench_phase2/execution_full_qwen36_65k_fix1/runs/sympy__sympy-21203/memory/prediction.json	152
FILE	/mnt/data/shashwat/openhands-adp-memory/data/contextbench_phase2/execution_full_qwen36_65k_fix1/runs/sympy__sympy-21203/memory/patch.diff	0
FILE	/mnt/data/shashwat/openhands-adp-memory/data/contextbench_phase2/execution_full_qwen36_65k_fix1/runs/sympy__sympy-21203/memory/stderr.log	263
FILE	/mnt/data/shashwat/openhands-adp-memory/data/contextbench_phase2/execution_full_qwen36_65k_fix1/runs/sympy__sympy-21203/memory/stdout.jsonl	229745
FILE	/mnt/data/shashwat/openhands-adp-memory/data/contextbench_phase2/execution_full_qwen36_65k_fix1/runs/sympy__sympy-21203/memory/.openhands_home/.openhands/conversations/331e237b24d846bb85f05a81a59f6940/base_state.json	16275
FILE	/mnt/data/shashwat/openhands-adp-memory/data/contextbench_phase2/execution_full_qwen36_65k_fix1/runs/sympy__sympy-21203/memory/run_meta.json	6489
FILE	/mnt/data/shashwat/openhands-adp-memory/data/contextbench_phase2/execution_full_qwen36_65k_fix1/runs/sympy__sympy-21203/no_memory/prediction.json	152
FILE	/mnt/data/shashwat/openhands-adp-memory/data/contextbench_phase2/execution_full_qwen36_65k_fix1/runs/sympy__sympy-21203/no_memory/patch.diff	0
FILE	/mnt/data/shashwat/openhands-adp-memory/data/contextbench_phase2/execution_full_qwen36_65k_fix1/runs/sympy__sympy-21203/no_memory/stderr.log	263
FILE	/mnt/data/shashwat/openhands-adp-memory/data/contextbench_phase2/execution_full_qwen36_65k_fix1/runs/sympy__sympy-21203/no_memory/stdout.jsonl	102493
FILE	/mnt/data/shashwat/openhands-adp-memory/data/contextbench_phase2/execution_full_qwen36_65k_fix1/runs/sympy__sympy-21203/no_memory/.openhands_home/.openhands/conversations/e4d0f028d03c4903b14e273f3cd1a626/base_state.json	9612
FILE	/mnt/data/shashwat/openhands-adp-memory/data/contextbench_phase2/execution_full_qwen36_65k_fix1/runs/sympy__sympy-21203/no_memory/run_meta.json	6560
FILE	/mnt/data/shashwat/openhands-adp-memory/data/contextbench_phase2/execution_full_qwen36_65k_fix1/runs/sympy__sympy-21203/raw/prediction.json	2661
FILE	/mnt/data/shashwat/openhands-adp-memory/data/contextbench_phase2/execution_full_qwen36_65k_fix1/runs/sympy__sympy-21203/raw/patch.diff	2435
FILE	/mnt/data/shashwat/openhands-adp-memory/data/contextbench_phase2/execution_full_qwen36_65k_fix1/runs/sympy__sympy-21203/raw/stderr.log	263
FILE	/mnt/data/shashwat/openhands-adp-memory/data/contextbench_phase2/execution_full_qwen36_65k_fix1/runs/sympy__sympy-21203/raw/stdout.jsonl	453489
FILE	/mnt/data/shashwat/openhands-adp-memory/data/contextbench_phase2/execution_full_qwen36_65k_fix1/runs/sympy__sympy-21203/raw/.openhands_home/.openhands/conversations/6a804132c9ba4a8c80b85268f3a1f66f/base_state.json	19783
FILE	/mnt/data/shashwat/openhands-adp-memory/data/contextbench_phase2/execution_full_qwen36_65k_fix1/runs/sympy__sympy-21203/raw/run_meta.json	6429
FILE	/mnt/data/shashwat/openhands-adp-memory/data/contextbench_phase2/execution_full_qwen36_65k_fix1/runs/matplotlib__matplotlib-23098/adp/prediction.json	6704
FILE	/mnt/data/shashwat/openhands-adp-memory/data/contextbench_phase2/execution_full_qwen36_65k_fix1/runs/matplotlib__matplotlib-23098/adp/patch.diff	6294
FILE	/mnt/data/shashwat/openhands-adp-memory/data/contextbench_phase2/execution_full_qwen36_65k_fix1/runs/matplotlib__matplotlib-23098/adp/stderr.log	694
FILE	/mnt/data/shashwat/openhands-adp-memory/data/contextbench_phase2/execution_full_qwen36_65k_fix1/runs/matplotlib__matplotlib-23098/adp/stdout.jsonl	410776
FILE	/mnt/data/shashwat/openhands-adp-memory/data/contextbench_phase2/execution_full_qwen36_65k_fix1/runs/matplotlib__matplotlib-23098/adp/.openhands_home/.openhands/conversations/bbcf55f9a4f1476c9c13a77b6121ae5b/base_state.json	26140
FILE	/mnt/data/shashwat/openhands-adp-memory/data/contextbench_phase2/execution_full_qwen36_65k_fix1/runs/matplotlib__matplotlib-23098/adp/run_meta.json	6698
FILE	/mnt/data/shashwat/openhands-adp-memory/data/contextbench_phase2/execution_full_qwen36_65k_fix1/runs/matplotlib__matplotlib-23098/memory/prediction.json	162
FILE	/mnt/data/shashwat/openhands-adp-memory/data/contextbench_phase2/execution_full_qwen36_65k_fix1/runs/matplotlib__matplotlib-23098/memory/patch.diff	0
FILE	/mnt/data/shashwat/openhands-adp-memory/data/contextbench_phase2/execution_full_qwen36_65k_fix1/runs/matplotlib__matplotlib-23098/memory/stderr.log	694
FILE	/mnt/data/shashwat/openhands-adp-memory/data/contextbench_phase2/execution_full_qwen36_65k_fix1/runs/matplotlib__matplotlib-23098/memory/stdout.jsonl	75644
FILE	/mnt/data/shashwat/openhands-adp-memory/data/contextbench_phase2/execution_full_qwen36_65k_fix1/runs/matplotlib__matplotlib-23098/memory/.openhands_home/.openhands/conversations/d013f9eb1ef5484594c75a62b5db7c99/base_state.json	8028
FILE	/mnt/data/shashwat/openhands-adp-memory/data/contextbench_phase2/execution_full_qwen36_65k_fix1/runs/matplotlib__matplotlib-23098/memory/run_meta.json	6777
FILE	/mnt/data/shashwat/openhands-adp-memory/data/contextbench_phase2/execution_full_qwen36_65k_fix1/runs/matplotlib__matplotlib-23098/no_memory/prediction.json	162
FILE	/mnt/data/shashwat/openhands-adp-memory/data/contextbench_phase2/execution_full_qwen36_65k_fix1/runs/matplotlib__matplotlib-23098/no_memory/patch.diff	0
FILE	/mnt/data/shashwat/openhands-adp-memory/data/contextbench_phase2/execution_full_qwen36_65k_fix1/runs/matplotlib__matplotlib-23098/no_memory/stderr.log	694
FILE	/mnt/data/shashwat/openhands-adp-memory/data/contextbench_phase2/execution_full_qwen36_65k_fix1/runs/matplotlib__matplotlib-23098/no_memory/stdout.jsonl	54323
FILE	/mnt/data/shashwat/openhands-adp-memory/data/contextbench_phase2/execution_full_qwen36_65k_fix1/runs/matplotlib__matplotlib-23098/no_memory/.openhands_home/.openhands/conversations/30a3ca30bd9a42d4a8e3d04ad54cd36c/base_state.json	8021
FILE	/mnt/data/shashwat/openhands-adp-memory/data/contextbench_phase2/execution_full_qwen36_65k_fix1/runs/matplotlib__matplotlib-23098/no_memory/run_meta.json	6830
FILE	/mnt/data/shashwat/openhands-adp-memory/data/contextbench_phase2/execution_full_qwen36_65k_fix1/runs/matplotlib__matplotlib-23098/raw/prediction.json	1369
FILE	/mnt/data/shashwat/openhands-adp-memory/data/contextbench_phase2/execution_full_qwen36_65k_fix1/runs/matplotlib__matplotlib-23098/raw/patch.diff	1182
FILE	/mnt/data/shashwat/openhands-adp-memory/data/contextbench_phase2/execution_full_qwen36_65k_fix1/runs/matplotlib__matplotlib-23098/raw/stderr.log	694
FILE	/mnt/data/shashwat/openhands-adp-memory/data/contextbench_phase2/execution_full_qwen36_65k_fix1/runs/matplotlib__matplotlib-23098/raw/stdout.jsonl	431228
FILE	/mnt/data/shashwat/openhands-adp-memory/data/contextbench_phase2/execution_full_qwen36_65k_fix1/runs/matplotlib__matplotlib-23098/raw/.openhands_home/.openhands/conversations/21617c2c10204b6181038e46ba6f9bb5/base_state.json	30557
FILE	/mnt/data/shashwat/openhands-adp-memory/data/contextbench_phase2/execution_full_qwen36_65k_fix1/runs/matplotlib__matplotlib-23098/raw/run_meta.json	6694
FILE	/mnt/data/shashwat/openhands-adp-memory/data/contextbench_phase2/execution_full_qwen36_65k_fix1/runs/django__django-21204/adp/prediction.json	4520
FILE	/mnt/data/shashwat/openhands-adp-memory/data/contextbench_phase2/execution_full_qwen36_65k_fix1/runs/django__django-21204/adp/patch.diff	4141
FILE	/mnt/data/shashwat/openhands-adp-memory/data/contextbench_phase2/execution_full_qwen36_65k_fix1/runs/django__django-21204/adp/stderr.log	694
FILE	/mnt/data/shashwat/openhands-adp-memory/data/contextbench_phase2/execution_full_qwen36_65k_fix1/runs/django__django-21204/adp/stdout.jsonl	437322
FILE	/mnt/data/shashwat/openhands-adp-memory/data/contextbench_phase2/execution_full_qwen36_65k_fix1/runs/django__django-21204/adp/.openhands_home/.openhands/conversations/ceca4a5813a744a6948a05b2a900ddc7/base_state.json	30605
FILE	/mnt/data/shashwat/openhands-adp-memory/data/contextbench_phase2/execution_full_qwen36_65k_fix1/runs/django__django-21204/adp/run_meta.json	5282
FILE	/mnt/data/shashwat/openhands-adp-memory/data/contextbench_phase2/execution_full_qwen36_65k_fix1/runs/django__django-21204/memory/prediction.json	154
FILE	/mnt/data/shashwat/openhands-adp-memory/data/contextbench_phase2/execution_full_qwen36_65k_fix1/runs/django__django-21204/memory/patch.diff	0
FILE	/mnt/data/shashwat/openhands-adp-memory/data/contextbench_phase2/execution_full_qwen36_65k_fix1/runs/django__django-21204/memory/stderr.log	694
FILE	/mnt/data/shashwat/openhands-adp-memory/data/contextbench_phase2/execution_full_qwen36_65k_fix1/runs/django__django-21204/memory/stdout.jsonl	475264
FILE	/mnt/data/shashwat/openhands-adp-memory/data/contextbench_phase2/execution_full_qwen36_65k_fix1/runs/django__django-21204/memory/.openhands_home/.openhands/conversations/87c1896176b044939b292cecf720824e/base_state.json	18836
FILE	/mnt/data/shashwat/openhands-adp-memory/data/contextbench_phase2/execution_full_qwen36_65k_fix1/runs/django__django-21204/memory/run_meta.json	5314
FILE	/mnt/data/shashwat/openhands-adp-memory/data/contextbench_phase2/execution_full_qwen36_65k_fix1/runs/django__django-21204/no_memory/prediction.json	4102
FILE	/mnt/data/shashwat/openhands-adp-memory/data/contextbench_phase2/execution_full_qwen36_65k_fix1/runs/django__django-21204/no_memory/patch.diff	3812
FILE	/mnt/data/shashwat/openhands-adp-memory/data/contextbench_phase2/execution_full_qwen36_65k_fix1/runs/django__django-21204/no_memory/stderr.log	3286
FILE	/mnt/data/shashwat/openhands-adp-memory/data/contextbench_phase2/execution_full_qwen36_65k_fix1/runs/django__django-21204/no_memory/stdout.jsonl	309281
FILE	/mnt/data/shashwat/openhands-adp-memory/data/contextbench_phase2/execution_full_qwen36_65k_fix1/runs/django__django-21204/no_memory/.openhands_home/.openhands/conversations/58015bbacacf4463a1f448546a99fd77/base_state.json	16927
FILE	/mnt/data/shashwat/openhands-adp-memory/data/contextbench_phase2/execution_full_qwen36_65k_fix1/runs/django__django-21204/no_memory/run_meta.json	5398
FILE	/mnt/data/shashwat/openhands-adp-memory/data/contextbench_phase2/execution_full_qwen36_65k_fix1/runs/django__django-21204/raw/prediction.json	154
FILE	/mnt/data/shashwat/openhands-adp-memory/data/contextbench_phase2/execution_full_qwen36_65k_fix1/runs/django__django-21204/raw/patch.diff	0
FILE	/mnt/data/shashwat/openhands-adp-memory/data/contextbench_phase2/execution_full_qwen36_65k_fix1/runs/django__django-21204/raw/stderr.log	1018
FILE	/mnt/data/shashwat/openhands-adp-memory/data/contextbench_phase2/execution_full_qwen36_65k_fix1/runs/django__django-21204/raw/stdout.jsonl	191083
FILE	/mnt/data/shashwat/openhands-adp-memory/data/contextbench_phase2/execution_full_qwen36_65k_fix1/runs/django__django-21204/raw/.openhands_home/.openhands/conversations/2ab7d4257cd34d1e88996bccfc670f63/base_state.json	12779
FILE	/mnt/data/shashwat/openhands-adp-memory/data/contextbench_phase2/execution_full_qwen36_65k_fix1/runs/django__django-21204/raw/run_meta.json	5283
FILE	/mnt/data/shashwat/openhands-adp-memory/data/contextbench_phase2/execution_full_qwen36_65k_fix1/runs/scikit-learn__scikit-learn-12622/adp/prediction.json	899
FILE	/mnt/data/shashwat/openhands-adp-memory/data/contextbench_phase2/execution_full_qwen36_65k_fix1/runs/scikit-learn__scikit-learn-12622/adp/patch.diff	720
FILE	/mnt/data/shashwat/openhands-adp-memory/data/contextbench_phase2/execution_full_qwen36_65k_fix1/runs/scikit-learn__scikit-learn-12622/adp/stderr.log	694
FILE	/mnt/data/shashwat/openhands-adp-memory/data/contextbench_phase2/execution_full_qwen36_65k_fix1/runs/scikit-learn__scikit-learn-12622/adp/stdout.jsonl	222683
FILE	/mnt/data/shashwat/openhands-adp-memory/data/contextbench_phase2/execution_full_qwen36_65k_fix1/runs/scikit-learn__scikit-learn-12622/adp/.openhands_home/.openhands/conversations/a9049074dea8491e9657ba471510778d/base_state.json	10899
FILE	/mnt/data/shashwat/openhands-adp-memory/data/contextbench_phase2/execution_full_qwen36_65k_fix1/runs/scikit-learn__scikit-learn-12622/adp/run_meta.json	6826
FILE	/mnt/data/shashwat/openhands-adp-memory/data/contextbench_phase2/execution_full_qwen36_65k_fix1/runs/scikit-learn__scikit-learn-12622/memory/prediction.json	113199
FILE	/mnt/data/shashwat/openhands-adp-memory/data/contextbench_phase2/execution_full_qwen36_65k_fix1/runs/scikit-learn__scikit-learn-12622/memory/patch.diff	111680
FILE	/mnt/data/shashwat/openhands-adp-memory/data/contextbench_phase2/execution_full_qwen36_65k_fix1/runs/scikit-learn__scikit-learn-12622/memory/stderr.log	1342
FILE	/mnt/data/shashwat/openhands-adp-memory/data/contextbench_phase2/execution_full_qwen36_65k_fix1/runs/scikit-learn__scikit-learn-12622/memory/stdout.jsonl	373270
FILE	/mnt/data/shashwat/openhands-adp-memory/data/contextbench_phase2/execution_full_qwen36_65k_fix1/runs/scikit-learn__scikit-learn-12622/memory/.openhands_home/.openhands/conversations/a147188976804718844015e8fb571d76/base_state.json	18215
FILE	/mnt/data/shashwat/openhands-adp-memory/data/contextbench_phase2/execution_full_qwen36_65k_fix1/runs/scikit-learn__scikit-learn-12622/memory/run_meta.json	7051
FILE	/mnt/data/shashwat/openhands-adp-memory/data/contextbench_phase2/execution_full_qwen36_65k_fix1/runs/scikit-learn__scikit-learn-12622/no_memory/prediction.json	895
FILE	/mnt/data/shashwat/openhands-adp-memory/data/contextbench_phase2/execution_full_qwen36_65k_fix1/runs/scikit-learn__scikit-learn-12622/no_memory/patch.diff	708
FILE	/mnt/data/shashwat/openhands-adp-memory/data/contextbench_phase2/execution_full_qwen36_65k_fix1/runs/scikit-learn__scikit-learn-12622/no_memory/stderr.log	694
FILE	/mnt/data/shashwat/openhands-adp-memory/data/contextbench_phase2/execution_full_qwen36_65k_fix1/runs/scikit-learn__scikit-learn-12622/no_memory/stdout.jsonl	231786
FILE	/mnt/data/shashwat/openhands-adp-memory/data/contextbench_phase2/execution_full_qwen36_65k_fix1/runs/scikit-learn__scikit-learn-12622/no_memory/.openhands_home/.openhands/conversations/eddcd990099b4e9e8cb5994d687a67ab/base_state.json	13738
FILE	/mnt/data/shashwat/openhands-adp-memory/data/contextbench_phase2/execution_full_qwen36_65k_fix1/runs/scikit-learn__scikit-learn-12622/no_memory/run_meta.json	6975
FILE	/mnt/data/shashwat/openhands-adp-memory/data/contextbench_phase2/execution_full_qwen36_65k_fix1/runs/scikit-learn__scikit-learn-12622/raw/prediction.json	1642
FILE	/mnt/data/shashwat/openhands-adp-memory/data/contextbench_phase2/execution_full_qwen36_65k_fix1/runs/scikit-learn__scikit-learn-12622/raw/patch.diff	1435
FILE	/mnt/data/shashwat/openhands-adp-memory/data/contextbench_phase2/execution_full_qwen36_65k_fix1/runs/scikit-learn__scikit-learn-12622/raw/stderr.log	694
FILE	/mnt/data/shashwat/openhands-adp-memory/data/contextbench_phase2/execution_full_qwen36_65k_fix1/runs/scikit-learn__scikit-learn-12622/raw/stdout.jsonl	544314
FILE	/mnt/data/shashwat/openhands-adp-memory/data/contextbench_phase2/execution_full_qwen36_65k_fix1/runs/scikit-learn__scikit-learn-12622/raw/.openhands_home/.openhands/conversations/a4e436a42af34519a6acfca5c05d8a86/base_state.json	16924
FILE	/mnt/data/shashwat/openhands-adp-memory/data/contextbench_phase2/execution_full_qwen36_65k_fix1/runs/scikit-learn__scikit-learn-12622/raw/run_meta.json	6813
FILE	/mnt/data/shashwat/openhands-adp-memory/data/contextbench_phase2/execution_full_qwen36_65k_fix1/runs/sympy__sympy-19006/adp/prediction.json	1254
FILE	/mnt/data/shashwat/openhands-adp-memory/data/contextbench_phase2/execution_full_qwen36_65k_fix1/runs/sympy__sympy-19006/adp/patch.diff	1062
FILE	/mnt/data/shashwat/openhands-adp-memory/data/contextbench_phase2/execution_full_qwen36_65k_fix1/runs/sympy__sympy-19006/adp/stderr.log	2855
FILE	/mnt/data/shashwat/openhands-adp-memory/data/contextbench_phase2/execution_full_qwen36_65k_fix1/runs/sympy__sympy-19006/adp/stdout.jsonl	238590
FILE	/mnt/data/shashwat/openhands-adp-memory/data/contextbench_phase2/execution_full_qwen36_65k_fix1/runs/sympy__sympy-19006/adp/.openhands_home/.openhands/conversations/6a59ba6cfe8249cb9251eb6cfe472fda/base_state.json	7086
FILE	/mnt/data/shashwat/openhands-adp-memory/data/contextbench_phase2/execution_full_qwen36_65k_fix1/runs/sympy__sympy-19006/adp/run_meta.json	6343
FILE	/mnt/data/shashwat/openhands-adp-memory/data/contextbench_phase2/execution_full_qwen36_65k_fix1/runs/sympy__sympy-19006/memory/prediction.json	2971
FILE	/mnt/data/shashwat/openhands-adp-memory/data/contextbench_phase2/execution_full_qwen36_65k_fix1/runs/sympy__sympy-19006/memory/patch.diff	2739
FILE	/mnt/data/shashwat/openhands-adp-memory/data/contextbench_phase2/execution_full_qwen36_65k_fix1/runs/sympy__sympy-19006/memory/stderr.log	263
FILE	/mnt/data/shashwat/openhands-adp-memory/data/contextbench_phase2/execution_full_qwen36_65k_fix1/runs/sympy__sympy-19006/memory/stdout.jsonl	630901
FILE	/mnt/data/shashwat/openhands-adp-memory/data/contextbench_phase2/execution_full_qwen36_65k_fix1/runs/sympy__sympy-19006/memory/.openhands_home/.openhands/conversations/a5b5a9aeb17c4541b6555eec18a72e20/base_state.json	20111
FILE	/mnt/data/shashwat/openhands-adp-memory/data/contextbench_phase2/execution_full_qwen36_65k_fix1/runs/sympy__sympy-19006/memory/run_meta.json	6482
FILE	/mnt/data/shashwat/openhands-adp-memory/data/contextbench_phase2/execution_full_qwen36_65k_fix1/runs/sympy__sympy-19006/no_memory/prediction.json	2832
FILE	/mnt/data/shashwat/openhands-adp-memory/data/contextbench_phase2/execution_full_qwen36_65k_fix1/runs/sympy__sympy-19006/no_memory/patch.diff	2606
FILE	/mnt/data/shashwat/openhands-adp-memory/data/contextbench_phase2/execution_full_qwen36_65k_fix1/runs/sympy__sympy-19006/no_memory/stderr.log	263
FILE	/mnt/data/shashwat/openhands-adp-memory/data/contextbench_phase2/execution_full_qwen36_65k_fix1/runs/sympy__sympy-19006/no_memory/stdout.jsonl	762507
FILE	/mnt/data/shashwat/openhands-adp-memory/data/contextbench_phase2/execution_full_qwen36_65k_fix1/runs/sympy__sympy-19006/no_memory/.openhands_home/.openhands/conversations/a3a09226924548468cabce322143e0d9/base_state.json	21044
FILE	/mnt/data/shashwat/openhands-adp-memory/data/contextbench_phase2/execution_full_qwen36_65k_fix1/runs/sympy__sympy-19006/no_memory/run_meta.json	6580
FILE	/mnt/data/shashwat/openhands-adp-memory/data/contextbench_phase2/execution_full_qwen36_65k_fix1/runs/sympy__sympy-19006/raw/prediction.json	1307
FILE	/mnt/data/shashwat/openhands-adp-memory/data/contextbench_phase2/execution_full_qwen36_65k_fix1/runs/sympy__sympy-19006/raw/patch.diff	1118
FILE	/mnt/data/shashwat/openhands-adp-memory/data/contextbench_phase2/execution_full_qwen36_65k_fix1/runs/sympy__sympy-19006/raw/stderr.log	263
FILE	/mnt/data/shashwat/openhands-adp-memory/data/contextbench_phase2/execution_full_qwen36_65k_fix1/runs/sympy__sympy-19006/raw/stdout.jsonl	654919
FILE	/mnt/data/shashwat/openhands-adp-memory/data/contextbench_phase2/execution_full_qwen36_65k_fix1/runs/sympy__sympy-19006/raw/.openhands_home/.openhands/conversations/9446f399796f41eca66d77c2b9618e68/base_state.json	24252
FILE	/mnt/data/shashwat/openhands-adp-memory/data/contextbench_phase2/execution_full_qwen36_65k_fix1/runs/sympy__sympy-19006/raw/run_meta.json	6344
FILE	/mnt/data/shashwat/openhands-adp-memory/data/contextbench_phase2/execution_full_qwen36_65k_fix1/runs/sympy__sympy-12426/adp/prediction.json	958
FILE	/mnt/data/shashwat/openhands-adp-memory/data/contextbench_phase2/execution_full_qwen36_65k_fix1/runs/sympy__sympy-12426/adp/patch.diff	787
FILE	/mnt/data/shashwat/openhands-adp-memory/data/contextbench_phase2/execution_full_qwen36_65k_fix1/runs/sympy__sympy-12426/adp/stderr.log	694
FILE	/mnt/data/shashwat/openhands-adp-memory/data/contextbench_phase2/execution_full_qwen36_65k_fix1/runs/sympy__sympy-12426/adp/stdout.jsonl	180029
FILE	/mnt/data/shashwat/openhands-adp-memory/data/contextbench_phase2/execution_full_qwen36_65k_fix1/runs/sympy__sympy-12426/adp/.openhands_home/.openhands/conversations/a65ea5219b744079abb94c137417328b/base_state.json	10271
FILE	/mnt/data/shashwat/openhands-adp-memory/data/contextbench_phase2/execution_full_qwen36_65k_fix1/runs/sympy__sympy-12426/adp/run_meta.json	6424
FILE	/mnt/data/shashwat/openhands-adp-memory/data/contextbench_phase2/execution_full_qwen36_65k_fix1/runs/sympy__sympy-12426/memory/prediction.json	929
FILE	/mnt/data/shashwat/openhands-adp-memory/data/contextbench_phase2/execution_full_qwen36_65k_fix1/runs/sympy__sympy-12426/memory/patch.diff	758
FILE	/mnt/data/shashwat/openhands-adp-memory/data/contextbench_phase2/execution_full_qwen36_65k_fix1/runs/sympy__sympy-12426/memory/stderr.log	694
FILE	/mnt/data/shashwat/openhands-adp-memory/data/contextbench_phase2/execution_full_qwen36_65k_fix1/runs/sympy__sympy-12426/memory/stdout.jsonl	269758
FILE	/mnt/data/shashwat/openhands-adp-memory/data/contextbench_phase2/execution_full_qwen36_65k_fix1/runs/sympy__sympy-12426/memory/.openhands_home/.openhands/conversations/a55fae5b88f74801b2b9a29f2686deb4/base_state.json	10901
FILE	/mnt/data/shashwat/openhands-adp-memory/data/contextbench_phase2/execution_full_qwen36_65k_fix1/runs/sympy__sympy-12426/memory/run_meta.json	6501
FILE	/mnt/data/shashwat/openhands-adp-memory/data/contextbench_phase2/execution_full_qwen36_65k_fix1/runs/sympy__sympy-12426/no_memory/prediction.json	1819
FILE	/mnt/data/shashwat/openhands-adp-memory/data/contextbench_phase2/execution_full_qwen36_65k_fix1/runs/sympy__sympy-12426/no_memory/patch.diff	1629
FILE	/mnt/data/shashwat/openhands-adp-memory/data/contextbench_phase2/execution_full_qwen36_65k_fix1/runs/sympy__sympy-12426/no_memory/stderr.log	694
FILE	/mnt/data/shashwat/openhands-adp-memory/data/contextbench_phase2/execution_full_qwen36_65k_fix1/runs/sympy__sympy-12426/no_memory/stdout.jsonl	174477
FILE	/mnt/data/shashwat/openhands-adp-memory/data/contextbench_phase2/execution_full_qwen36_65k_fix1/runs/sympy__sympy-12426/no_memory/.openhands_home/.openhands/conversations/29fb8951c21d4be9ac86ea5d9e2cb219/base_state.json	16279
FILE	/mnt/data/shashwat/openhands-adp-memory/data/contextbench_phase2/execution_full_qwen36_65k_fix1/runs/sympy__sympy-12426/no_memory/run_meta.json	6554
FILE	/mnt/data/shashwat/openhands-adp-memory/data/contextbench_phase2/execution_full_qwen36_65k_fix1/runs/sympy__sympy-12426/raw/prediction.json	1542
FILE	/mnt/data/shashwat/openhands-adp-memory/data/contextbench_phase2/execution_full_qwen36_65k_fix1/runs/sympy__sympy-12426/raw/patch.diff	1354
FILE	/mnt/data/shashwat/openhands-adp-memory/data/contextbench_phase2/execution_full_qwen36_65k_fix1/runs/sympy__sympy-12426/raw/stderr.log	694
FILE	/mnt/data/shashwat/openhands-adp-memory/data/contextbench_phase2/execution_full_qwen36_65k_fix1/runs/sympy__sympy-12426/raw/stdout.jsonl	177206
FILE	/mnt/data/shashwat/openhands-adp-memory/data/contextbench_phase2/execution_full_qwen36_65k_fix1/runs/sympy__sympy-12426/raw/.openhands_home/.openhands/conversations/2d3079a6e790471ab3d9db0d165d1fd0/base_state.json	11225
FILE	/mnt/data/shashwat/openhands-adp-memory/data/contextbench_phase2/execution_full_qwen36_65k_fix1/runs/sympy__sympy-12426/raw/run_meta.json	6422
FILE	/mnt/data/shashwat/openhands-adp-memory/data/contextbench_phase2/execution_full_qwen36_65k_fix1/runs/sympy__sympy-19558/adp/prediction.json	152
FILE	/mnt/data/shashwat/openhands-adp-memory/data/contextbench_phase2/execution_full_qwen36_65k_fix1/runs/sympy__sympy-19558/adp/patch.diff	0
FILE	/mnt/data/shashwat/openhands-adp-memory/data/contextbench_phase2/execution_full_qwen36_65k_fix1/runs/sympy__sympy-19558/adp/stderr.log	263
FILE	/mnt/data/shashwat/openhands-adp-memory/data/contextbench_phase2/execution_full_qwen36_65k_fix1/runs/sympy__sympy-19558/adp/stdout.jsonl	488045
FILE	/mnt/data/shashwat/openhands-adp-memory/data/contextbench_phase2/execution_full_qwen36_65k_fix1/runs/sympy__sympy-19558/adp/.openhands_home/.openhands/conversations/e4b00585e82c47379f5bea40b0dfbde3/base_state.json	19481
FILE	/mnt/data/shashwat/openhands-adp-memory/data/contextbench_phase2/execution_full_qwen36_65k_fix1/runs/sympy__sympy-19558/adp/run_meta.json	6414
FILE	/mnt/data/shashwat/openhands-adp-memory/data/contextbench_phase2/execution_full_qwen36_65k_fix1/runs/sympy__sympy-19558/memory/prediction.json	152
FILE	/mnt/data/shashwat/openhands-adp-memory/data/contextbench_phase2/execution_full_qwen36_65k_fix1/runs/sympy__sympy-19558/memory/patch.diff	0
FILE	/mnt/data/shashwat/openhands-adp-memory/data/contextbench_phase2/execution_full_qwen36_65k_fix1/runs/sympy__sympy-19558/memory/stderr.log	263
FILE	/mnt/data/shashwat/openhands-adp-memory/data/contextbench_phase2/execution_full_qwen36_65k_fix1/runs/sympy__sympy-19558/memory/stdout.jsonl	105548
FILE	/mnt/data/shashwat/openhands-adp-memory/data/contextbench_phase2/execution_full_qwen36_65k_fix1/runs/sympy__sympy-19558/memory/.openhands_home/.openhands/conversations/5fe0c90f48254420a503ecb7b1fa1752/base_state.json	10893
FILE	/mnt/data/shashwat/openhands-adp-memory/data/contextbench_phase2/execution_full_qwen36_65k_fix1/runs/sympy__sympy-19558/memory/run_meta.json	6464
FILE	/mnt/data/shashwat/openhands-adp-memory/data/contextbench_phase2/execution_full_qwen36_65k_fix1/runs/sympy__sympy-19558/no_memory/prediction.json	152
FILE	/mnt/data/shashwat/openhands-adp-memory/data/contextbench_phase2/execution_full_qwen36_65k_fix1/runs/sympy__sympy-19558/no_memory/patch.diff	0
FILE	/mnt/data/shashwat/openhands-adp-memory/data/contextbench_phase2/execution_full_qwen36_65k_fix1/runs/sympy__sympy-19558/no_memory/stderr.log	263
FILE	/mnt/data/shashwat/openhands-adp-memory/data/contextbench_phase2/execution_full_qwen36_65k_fix1/runs/sympy__sympy-19558/no_memory/stdout.jsonl	392234
FILE	/mnt/data/shashwat/openhands-adp-memory/data/contextbench_phase2/execution_full_qwen36_65k_fix1/runs/sympy__sympy-19558/no_memory/.openhands_home/.openhands/conversations/fe23393566fa4f7abe29079cdb59873e/base_state.json	21048
FILE	/mnt/data/shashwat/openhands-adp-memory/data/contextbench_phase2/execution_full_qwen36_65k_fix1/runs/sympy__sympy-19558/no_memory/run_meta.json	6564
FILE	/mnt/data/shashwat/openhands-adp-memory/data/contextbench_phase2/execution_full_qwen36_65k_fix1/runs/sympy__sympy-19558/raw/prediction.json	152
FILE	/mnt/data/shashwat/openhands-adp-memory/data/contextbench_phase2/execution_full_qwen36_65k_fix1/runs/sympy__sympy-19558/raw/patch.diff	0
FILE	/mnt/data/shashwat/openhands-adp-memory/data/contextbench_phase2/execution_full_qwen36_65k_fix1/runs/sympy__sympy-19558/raw/stderr.log	263
FILE	/mnt/data/shashwat/openhands-adp-memory/data/contextbench_phase2/execution_full_qwen36_65k_fix1/runs/sympy__sympy-19558/raw/stdout.jsonl	364044
FILE	/mnt/data/shashwat/openhands-adp-memory/data/contextbench_phase2/execution_full_qwen36_65k_fix1/runs/sympy__sympy-19558/raw/.openhands_home/.openhands/conversations/f0466e6a532641a99273ccc9f415832b/base_state.json	20106
FILE	/mnt/data/shashwat/openhands-adp-memory/data/contextbench_phase2/execution_full_qwen36_65k_fix1/runs/sympy__sympy-19558/raw/run_meta.json	6436
FILE	/mnt/data/shashwat/openhands-adp-memory/data/contextbench_phase2/execution_full_qwen36_65k_fix1/runs/pylint-dev__pylint-6471/adp/prediction.json	2989
FILE	/mnt/data/shashwat/openhands-adp-memory/data/contextbench_phase2/execution_full_qwen36_65k_fix1/runs/pylint-dev__pylint-6471/adp/patch.diff	2761
FILE	/mnt/data/shashwat/openhands-adp-memory/data/contextbench_phase2/execution_full_qwen36_65k_fix1/runs/pylint-dev__pylint-6471/adp/stderr.log	694
FILE	/mnt/data/shashwat/openhands-adp-memory/data/contextbench_phase2/execution_full_qwen36_65k_fix1/runs/pylint-dev__pylint-6471/adp/stdout.jsonl	580012
FILE	/mnt/data/shashwat/openhands-adp-memory/data/contextbench_phase2/execution_full_qwen36_65k_fix1/runs/pylint-dev__pylint-6471/adp/.openhands_home/.openhands/conversations/8dca7ad210654037bebe2bd9f8da417f/base_state.json	19790
FILE	/mnt/data/shashwat/openhands-adp-memory/data/contextbench_phase2/execution_full_qwen36_65k_fix1/runs/pylint-dev__pylint-6471/adp/run_meta.json	6532
FILE	/mnt/data/shashwat/openhands-adp-memory/data/contextbench_phase2/execution_full_qwen36_65k_fix1/runs/pylint-dev__pylint-6471/memory/prediction.json	504
FILE	/mnt/data/shashwat/openhands-adp-memory/data/contextbench_phase2/execution_full_qwen36_65k_fix1/runs/pylint-dev__pylint-6471/memory/patch.diff	333
FILE	/mnt/data/shashwat/openhands-adp-memory/data/contextbench_phase2/execution_full_qwen36_65k_fix1/runs/pylint-dev__pylint-6471/memory/stderr.log	3286
FILE	/mnt/data/shashwat/openhands-adp-memory/data/contextbench_phase2/execution_full_qwen36_65k_fix1/runs/pylint-dev__pylint-6471/memory/stdout.jsonl	143513
FILE	/mnt/data/shashwat/openhands-adp-memory/data/contextbench_phase2/execution_full_qwen36_65k_fix1/runs/pylint-dev__pylint-6471/memory/.openhands_home/.openhands/conversations/11e39881adb5455da6293194d9b27b23/base_state.json	11841
FILE	/mnt/data/shashwat/openhands-adp-memory/data/contextbench_phase2/execution_full_qwen36_65k_fix1/runs/pylint-dev__pylint-6471/memory/run_meta.json	6645
FILE	/mnt/data/shashwat/openhands-adp-memory/data/contextbench_phase2/execution_full_qwen36_65k_fix1/runs/pylint-dev__pylint-6471/no_memory/prediction.json	157
FILE	/mnt/data/shashwat/openhands-adp-memory/data/contextbench_phase2/execution_full_qwen36_65k_fix1/runs/pylint-dev__pylint-6471/no_memory/patch.diff	0
FILE	/mnt/data/shashwat/openhands-adp-memory/data/contextbench_phase2/execution_full_qwen36_65k_fix1/runs/pylint-dev__pylint-6471/no_memory/stderr.log	694
FILE	/mnt/data/shashwat/openhands-adp-memory/data/contextbench_phase2/execution_full_qwen36_65k_fix1/runs/pylint-dev__pylint-6471/no_memory/stdout.jsonl	2472237
FILE	/mnt/data/shashwat/openhands-adp-memory/data/contextbench_phase2/execution_full_qwen36_65k_fix1/runs/pylint-dev__pylint-6471/no_memory/.openhands_home/.openhands/conversations/62f0ce983c7f450db9b7ff3ccf8c3302/base_state.json	86203
FILE	/mnt/data/shashwat/openhands-adp-memory/data/contextbench_phase2/execution_full_qwen36_65k_fix1/runs/pylint-dev__pylint-6471/no_memory/run_meta.json	6708
FILE	/mnt/data/shashwat/openhands-adp-memory/data/contextbench_phase2/execution_full_qwen36_65k_fix1/runs/pylint-dev__pylint-6471/raw/prediction.json	4176
FILE	/mnt/data/shashwat/openhands-adp-memory/data/contextbench_phase2/execution_full_qwen36_65k_fix1/runs/pylint-dev__pylint-6471/raw/patch.diff	3925
FILE	/mnt/data/shashwat/openhands-adp-memory/data/contextbench_phase2/execution_full_qwen36_65k_fix1/runs/pylint-dev__pylint-6471/raw/stderr.log	694
FILE	/mnt/data/shashwat/openhands-adp-memory/data/contextbench_phase2/execution_full_qwen36_65k_fix1/runs/pylint-dev__pylint-6471/raw/stdout.jsonl	977825
FILE	/mnt/data/shashwat/openhands-adp-memory/data/contextbench_phase2/execution_full_qwen36_65k_fix1/runs/pylint-dev__pylint-6471/raw/.openhands_home/.openhands/conversations/02490fafbf184b2ab818c6707e42634e/base_state.json	43268
FILE	/mnt/data/shashwat/openhands-adp-memory/data/contextbench_phase2/execution_full_qwen36_65k_fix1/runs/pylint-dev__pylint-6471/raw/run_meta.json	6577
FILE	/mnt/data/shashwat/openhands-adp-memory/data/contextbench_phase2/execution_full_qwen36_65k_fix1/runs/django__django-30651/adp/prediction.json	639
FILE	/mnt/data/shashwat/openhands-adp-memory/data/contextbench_phase2/execution_full_qwen36_65k_fix1/runs/django__django-30651/adp/patch.diff	472
FILE	/mnt/data/shashwat/openhands-adp-memory/data/contextbench_phase2/execution_full_qwen36_65k_fix1/runs/django__django-30651/adp/stderr.log	694
FILE	/mnt/data/shashwat/openhands-adp-memory/data/contextbench_phase2/execution_full_qwen36_65k_fix1/runs/django__django-30651/adp/stdout.jsonl	343444
FILE	/mnt/data/shashwat/openhands-adp-memory/data/contextbench_phase2/execution_full_qwen36_65k_fix1/runs/django__django-30651/adp/.openhands_home/.openhands/conversations/4dda63ae4ba7436fa1a4f713dafdae65/base_state.json	13110
FILE	/mnt/data/shashwat/openhands-adp-memory/data/contextbench_phase2/execution_full_qwen36_65k_fix1/runs/django__django-30651/adp/run_meta.json	6477
FILE	/mnt/data/shashwat/openhands-adp-memory/data/contextbench_phase2/execution_full_qwen36_65k_fix1/runs/django__django-30651/memory/prediction.json	1149
FILE	/mnt/data/shashwat/openhands-adp-memory/data/contextbench_phase2/execution_full_qwen36_65k_fix1/runs/django__django-30651/memory/patch.diff	968
FILE	/mnt/data/shashwat/openhands-adp-memory/data/contextbench_phase2/execution_full_qwen36_65k_fix1/runs/django__django-30651/memory/stderr.log	694
FILE	/mnt/data/shashwat/openhands-adp-memory/data/contextbench_phase2/execution_full_qwen36_65k_fix1/runs/django__django-30651/memory/stdout.jsonl	270617
FILE	/mnt/data/shashwat/openhands-adp-memory/data/contextbench_phase2/execution_full_qwen36_65k_fix1/runs/django__django-30651/memory/.openhands_home/.openhands/conversations/d0db8cd4dc5a4024b00972276e018169/base_state.json	8357
FILE	/mnt/data/shashwat/openhands-adp-memory/data/contextbench_phase2/execution_full_qwen36_65k_fix1/runs/django__django-30651/memory/run_meta.json	6474
FILE	/mnt/data/shashwat/openhands-adp-memory/data/contextbench_phase2/execution_full_qwen36_65k_fix1/runs/django__django-30651/no_memory/prediction.json	639
FILE	/mnt/data/shashwat/openhands-adp-memory/data/contextbench_phase2/execution_full_qwen36_65k_fix1/runs/django__django-30651/no_memory/patch.diff	472
FILE	/mnt/data/shashwat/openhands-adp-memory/data/contextbench_phase2/execution_full_qwen36_65k_fix1/runs/django__django-30651/no_memory/stderr.log	694
FILE	/mnt/data/shashwat/openhands-adp-memory/data/contextbench_phase2/execution_full_qwen36_65k_fix1/runs/django__django-30651/no_memory/stdout.jsonl	306567
FILE	/mnt/data/shashwat/openhands-adp-memory/data/contextbench_phase2/execution_full_qwen36_65k_fix1/runs/django__django-30651/no_memory/.openhands_home/.openhands/conversations/d2303af5b53f4008befb87c7a584c193/base_state.json	15344
FILE	/mnt/data/shashwat/openhands-adp-memory/data/contextbench_phase2/execution_full_qwen36_65k_fix1/runs/django__django-30651/no_memory/run_meta.json	6609
FILE	/mnt/data/shashwat/openhands-adp-memory/data/contextbench_phase2/execution_full_qwen36_65k_fix1/runs/django__django-30651/raw/prediction.json	639
FILE	/mnt/data/shashwat/openhands-adp-memory/data/contextbench_phase2/execution_full_qwen36_65k_fix1/runs/django__django-30651/raw/patch.diff	472
FILE	/mnt/data/shashwat/openhands-adp-memory/data/contextbench_phase2/execution_full_qwen36_65k_fix1/runs/django__django-30651/raw/stderr.log	694
FILE	/mnt/data/shashwat/openhands-adp-memory/data/contextbench_phase2/execution_full_qwen36_65k_fix1/runs/django__django-30651/raw/stdout.jsonl	297418
FILE	/mnt/data/shashwat/openhands-adp-memory/data/contextbench_phase2/execution_full_qwen36_65k_fix1/runs/django__django-30651/raw/.openhands_home/.openhands/conversations/d862d508eb174d1ebbbc756943dcec8c/base_state.json	11518
FILE	/mnt/data/shashwat/openhands-adp-memory/data/contextbench_phase2/execution_full_qwen36_65k_fix1/runs/django__django-30651/raw/run_meta.json	6477
FILE	/mnt/data/shashwat/openhands-adp-memory/data/contextbench_phase2/execution_full_qwen36_65k_fix1/runs/sympy__sympy-23852/adp/prediction.json	1906
FILE	/mnt/data/shashwat/openhands-adp-memory/data/contextbench_phase2/execution_full_qwen36_65k_fix1/runs/sympy__sympy-23852/adp/patch.diff	1707
FILE	/mnt/data/shashwat/openhands-adp-memory/data/contextbench_phase2/execution_full_qwen36_65k_fix1/runs/sympy__sympy-23852/adp/stderr.log	263
FILE	/mnt/data/shashwat/openhands-adp-memory/data/contextbench_phase2/execution_full_qwen36_65k_fix1/runs/sympy__sympy-23852/adp/stdout.jsonl	216178
FILE	/mnt/data/shashwat/openhands-adp-memory/data/contextbench_phase2/execution_full_qwen36_65k_fix1/runs/sympy__sympy-23852/adp/.openhands_home/.openhands/conversations/30818043f9264ce5813c290217a134a1/base_state.json	8041
FILE	/mnt/data/shashwat/openhands-adp-memory/data/contextbench_phase2/execution_full_qwen36_65k_fix1/runs/sympy__sympy-23852/adp/run_meta.json	6421
FILE	/mnt/data/shashwat/openhands-adp-memory/data/contextbench_phase2/execution_full_qwen36_65k_fix1/runs/sympy__sympy-23852/memory/prediction.json	856
FILE	/mnt/data/shashwat/openhands-adp-memory/data/contextbench_phase2/execution_full_qwen36_65k_fix1/runs/sympy__sympy-23852/memory/patch.diff	682
FILE	/mnt/data/shashwat/openhands-adp-memory/data/contextbench_phase2/execution_full_qwen36_65k_fix1/runs/sympy__sympy-23852/memory/stderr.log	263
FILE	/mnt/data/shashwat/openhands-adp-memory/data/contextbench_phase2/execution_full_qwen36_65k_fix1/runs/sympy__sympy-23852/memory/stdout.jsonl	149266
FILE	/mnt/data/shashwat/openhands-adp-memory/data/contextbench_phase2/execution_full_qwen36_65k_fix1/runs/sympy__sympy-23852/memory/.openhands_home/.openhands/conversations/b76924ab65cb4ecdb3a29aa0e0b37950/base_state.json	7719
FILE	/mnt/data/shashwat/openhands-adp-memory/data/contextbench_phase2/execution_full_qwen36_65k_fix1/runs/sympy__sympy-23852/memory/run_meta.json	6477
FILE	/mnt/data/shashwat/openhands-adp-memory/data/contextbench_phase2/execution_full_qwen36_65k_fix1/runs/sympy__sympy-23852/no_memory/prediction.json	856
FILE	/mnt/data/shashwat/openhands-adp-memory/data/contextbench_phase2/execution_full_qwen36_65k_fix1/runs/sympy__sympy-23852/no_memory/patch.diff	682
FILE	/mnt/data/shashwat/openhands-adp-memory/data/contextbench_phase2/execution_full_qwen36_65k_fix1/runs/sympy__sympy-23852/no_memory/stderr.log	263
FILE	/mnt/data/shashwat/openhands-adp-memory/data/contextbench_phase2/execution_full_qwen36_65k_fix1/runs/sympy__sympy-23852/no_memory/stdout.jsonl	155299
FILE	/mnt/data/shashwat/openhands-adp-memory/data/contextbench_phase2/execution_full_qwen36_65k_fix1/runs/sympy__sympy-23852/no_memory/.openhands_home/.openhands/conversations/f1da73fdf64f47f798170ec49e11cb63/base_state.json	8351
FILE	/mnt/data/shashwat/openhands-adp-memory/data/contextbench_phase2/execution_full_qwen36_65k_fix1/runs/sympy__sympy-23852/no_memory/run_meta.json	6568
FILE	/mnt/data/shashwat/openhands-adp-memory/data/contextbench_phase2/execution_full_qwen36_65k_fix1/runs/sympy__sympy-23852/raw/prediction.json	152
FILE	/mnt/data/shashwat/openhands-adp-memory/data/contextbench_phase2/execution_full_qwen36_65k_fix1/runs/sympy__sympy-23852/raw/patch.diff	0
FILE	/mnt/data/shashwat/openhands-adp-memory/data/contextbench_phase2/execution_full_qwen36_65k_fix1/runs/sympy__sympy-23852/raw/stderr.log	2855
FILE	/mnt/data/shashwat/openhands-adp-memory/data/contextbench_phase2/execution_full_qwen36_65k_fix1/runs/sympy__sympy-23852/raw/stdout.jsonl	89494
FILE	/mnt/data/shashwat/openhands-adp-memory/data/contextbench_phase2/execution_full_qwen36_65k_fix1/runs/sympy__sympy-23852/raw/.openhands_home/.openhands/conversations/a365114b8be14e66bef51a156347daa0/base_state.json	6446
FILE	/mnt/data/shashwat/openhands-adp-memory/data/contextbench_phase2/execution_full_qwen36_65k_fix1/runs/sympy__sympy-23852/raw/run_meta.json	6450
FILE	/mnt/data/shashwat/openhands-adp-memory/data/contextbench_phase2/execution_full_qwen36_65k_fix1/runs/matplotlib__matplotlib-23687/adp/prediction.json	162
FILE	/mnt/data/shashwat/openhands-adp-memory/data/contextbench_phase2/execution_full_qwen36_65k_fix1/runs/matplotlib__matplotlib-23687/adp/patch.diff	0
FILE	/mnt/data/shashwat/openhands-adp-memory/data/contextbench_phase2/execution_full_qwen36_65k_fix1/runs/matplotlib__matplotlib-23687/adp/stderr.log	2962
FILE	/mnt/data/shashwat/openhands-adp-memory/data/contextbench_phase2/execution_full_qwen36_65k_fix1/runs/matplotlib__matplotlib-23687/adp/stdout.jsonl	47657
FILE	/mnt/data/shashwat/openhands-adp-memory/data/contextbench_phase2/execution_full_qwen36_65k_fix1/runs/matplotlib__matplotlib-23687/adp/.openhands_home/.openhands/conversations/52850ef68dae4c87bd60d6c42aab9dde/base_state.json	5175
FILE	/mnt/data/shashwat/openhands-adp-memory/data/contextbench_phase2/execution_full_qwen36_65k_fix1/runs/matplotlib__matplotlib-23687/adp/run_meta.json	6724
FILE	/mnt/data/shashwat/openhands-adp-memory/data/contextbench_phase2/execution_full_qwen36_65k_fix1/runs/matplotlib__matplotlib-23687/memory/prediction.json	10499
FILE	/mnt/data/shashwat/openhands-adp-memory/data/contextbench_phase2/execution_full_qwen36_65k_fix1/runs/matplotlib__matplotlib-23687/memory/patch.diff	9924
FILE	/mnt/data/shashwat/openhands-adp-memory/data/contextbench_phase2/execution_full_qwen36_65k_fix1/runs/matplotlib__matplotlib-23687/memory/stderr.log	694
FILE	/mnt/data/shashwat/openhands-adp-memory/data/contextbench_phase2/execution_full_qwen36_65k_fix1/runs/matplotlib__matplotlib-23687/memory/stdout.jsonl	1325368
FILE	/mnt/data/shashwat/openhands-adp-memory/data/contextbench_phase2/execution_full_qwen36_65k_fix1/runs/matplotlib__matplotlib-23687/memory/.openhands_home/.openhands/conversations/b89a017a4139455d8c2f85c255d2fb4d/base_state.json	25813
FILE	/mnt/data/shashwat/openhands-adp-memory/data/contextbench_phase2/execution_full_qwen36_65k_fix1/runs/matplotlib__matplotlib-23687/memory/run_meta.json	6795
FILE	/mnt/data/shashwat/openhands-adp-memory/data/contextbench_phase2/execution_full_qwen36_65k_fix1/runs/matplotlib__matplotlib-23687/no_memory/prediction.json	5775
FILE	/mnt/data/shashwat/openhands-adp-memory/data/contextbench_phase2/execution_full_qwen36_65k_fix1/runs/matplotlib__matplotlib-23687/no_memory/patch.diff	5351
FILE	/mnt/data/shashwat/openhands-adp-memory/data/contextbench_phase2/execution_full_qwen36_65k_fix1/runs/matplotlib__matplotlib-23687/no_memory/stderr.log	694
FILE	/mnt/data/shashwat/openhands-adp-memory/data/contextbench_phase2/execution_full_qwen36_65k_fix1/runs/matplotlib__matplotlib-23687/no_memory/stdout.jsonl	358545
FILE	/mnt/data/shashwat/openhands-adp-memory/data/contextbench_phase2/execution_full_qwen36_65k_fix1/runs/matplotlib__matplotlib-23687/no_memory/.openhands_home/.openhands/conversations/99aea624f46f46fd8929e62eeac0a3ba/base_state.json	33379
FILE	/mnt/data/shashwat/openhands-adp-memory/data/contextbench_phase2/execution_full_qwen36_65k_fix1/runs/matplotlib__matplotlib-23687/no_memory/run_meta.json	6867
FILE	/mnt/data/shashwat/openhands-adp-memory/data/contextbench_phase2/execution_full_qwen36_65k_fix1/runs/matplotlib__matplotlib-23687/raw/prediction.json	5651
FILE	/mnt/data/shashwat/openhands-adp-memory/data/contextbench_phase2/execution_full_qwen36_65k_fix1/runs/matplotlib__matplotlib-23687/raw/patch.diff	5250
FILE	/mnt/data/shashwat/openhands-adp-memory/data/contextbench_phase2/execution_full_qwen36_65k_fix1/runs/matplotlib__matplotlib-23687/raw/stderr.log	694
FILE	/mnt/data/shashwat/openhands-adp-memory/data/contextbench_phase2/execution_full_qwen36_65k_fix1/runs/matplotlib__matplotlib-23687/raw/stdout.jsonl	382226
FILE	/mnt/data/shashwat/openhands-adp-memory/data/contextbench_phase2/execution_full_qwen36_65k_fix1/runs/matplotlib__matplotlib-23687/raw/.openhands_home/.openhands/conversations/c3e87aae778e4f83ba7eaf10e340a4d3/base_state.json	33094
FILE	/mnt/data/shashwat/openhands-adp-memory/data/contextbench_phase2/execution_full_qwen36_65k_fix1/runs/matplotlib__matplotlib-23687/raw/run_meta.json	7654
FILE	/mnt/data/shashwat/openhands-adp-memory/data/contextbench_phase2/execution_full_qwen36_65k_fix1/runs/sympy__sympy-16946/adp/prediction.json	2437
FILE	/mnt/data/shashwat/openhands-adp-memory/data/contextbench_phase2/execution_full_qwen36_65k_fix1/runs/sympy__sympy-16946/adp/patch.diff	2201
FILE	/mnt/data/shashwat/openhands-adp-memory/data/contextbench_phase2/execution_full_qwen36_65k_fix1/runs/sympy__sympy-16946/adp/stderr.log	694
FILE	/mnt/data/shashwat/openhands-adp-memory/data/contextbench_phase2/execution_full_qwen36_65k_fix1/runs/sympy__sympy-16946/adp/stdout.jsonl	998485
FILE	/mnt/data/shashwat/openhands-adp-memory/data/contextbench_phase2/execution_full_qwen36_65k_fix1/runs/sympy__sympy-16946/adp/.openhands_home/.openhands/conversations/2a769c63960344d291b9280f5d929603/base_state.json	21078
FILE	/mnt/data/shashwat/openhands-adp-memory/data/contextbench_phase2/execution_full_qwen36_65k_fix1/runs/sympy__sympy-16946/adp/run_meta.json	6407
FILE	/mnt/data/shashwat/openhands-adp-memory/data/contextbench_phase2/execution_full_qwen36_65k_fix1/runs/sympy__sympy-16946/memory/prediction.json	152
FILE	/mnt/data/shashwat/openhands-adp-memory/data/contextbench_phase2/execution_full_qwen36_65k_fix1/runs/sympy__sympy-16946/memory/patch.diff	0
FILE	/mnt/data/shashwat/openhands-adp-memory/data/contextbench_phase2/execution_full_qwen36_65k_fix1/runs/sympy__sympy-16946/memory/stderr.log	3286
FILE	/mnt/data/shashwat/openhands-adp-memory/data/contextbench_phase2/execution_full_qwen36_65k_fix1/runs/sympy__sympy-16946/memory/stdout.jsonl	121354
FILE	/mnt/data/shashwat/openhands-adp-memory/data/contextbench_phase2/execution_full_qwen36_65k_fix1/runs/sympy__sympy-16946/memory/.openhands_home/.openhands/conversations/d9d91f1f2b4e405286e13f376ad5897e/base_state.json	10250
FILE	/mnt/data/shashwat/openhands-adp-memory/data/contextbench_phase2/execution_full_qwen36_65k_fix1/runs/sympy__sympy-16946/memory/run_meta.json	6506
FILE	/mnt/data/shashwat/openhands-adp-memory/data/contextbench_phase2/execution_full_qwen36_65k_fix1/runs/sympy__sympy-16946/no_memory/prediction.json	7768
FILE	/mnt/data/shashwat/openhands-adp-memory/data/contextbench_phase2/execution_full_qwen36_65k_fix1/runs/sympy__sympy-16946/no_memory/patch.diff	7371
FILE	/mnt/data/shashwat/openhands-adp-memory/data/contextbench_phase2/execution_full_qwen36_65k_fix1/runs/sympy__sympy-16946/no_memory/stderr.log	694
FILE	/mnt/data/shashwat/openhands-adp-memory/data/contextbench_phase2/execution_full_qwen36_65k_fix1/runs/sympy__sympy-16946/no_memory/stdout.jsonl	1413143
FILE	/mnt/data/shashwat/openhands-adp-memory/data/contextbench_phase2/execution_full_qwen36_65k_fix1/runs/sympy__sympy-16946/no_memory/.openhands_home/.openhands/conversations/3f2a59bbfe27432bae5657cffe84a648/base_state.json	26469
FILE	/mnt/data/shashwat/openhands-adp-memory/data/contextbench_phase2/execution_full_qwen36_65k_fix1/runs/sympy__sympy-16946/no_memory/run_meta.json	6596
FILE	/mnt/data/shashwat/openhands-adp-memory/data/contextbench_phase2/execution_full_qwen36_65k_fix1/runs/sympy__sympy-16946/raw/prediction.json	1094
FILE	/mnt/data/shashwat/openhands-adp-memory/data/contextbench_phase2/execution_full_qwen36_65k_fix1/runs/sympy__sympy-16946/raw/patch.diff	906
FILE	/mnt/data/shashwat/openhands-adp-memory/data/contextbench_phase2/execution_full_qwen36_65k_fix1/runs/sympy__sympy-16946/raw/stderr.log	694
FILE	/mnt/data/shashwat/openhands-adp-memory/data/contextbench_phase2/execution_full_qwen36_65k_fix1/runs/sympy__sympy-16946/raw/stdout.jsonl	889052
FILE	/mnt/data/shashwat/openhands-adp-memory/data/contextbench_phase2/execution_full_qwen36_65k_fix1/runs/sympy__sympy-16946/raw/.openhands_home/.openhands/conversations/787861668ab04f068a14c9a060f04b41/base_state.json	17898
FILE	/mnt/data/shashwat/openhands-adp-memory/data/contextbench_phase2/execution_full_qwen36_65k_fix1/runs/sympy__sympy-16946/raw/run_meta.json	6407
FILE	/mnt/data/shashwat/openhands-adp-memory/data/contextbench_phase2/execution_full_qwen36_65k_fix1/runs/sympy__sympy-16689/adp/prediction.json	2033
FILE	/mnt/data/shashwat/openhands-adp-memory/data/contextbench_phase2/execution_full_qwen36_65k_fix1/runs/sympy__sympy-16689/adp/patch.diff	1802
FILE	/mnt/data/shashwat/openhands-adp-memory/data/contextbench_phase2/execution_full_qwen36_65k_fix1/runs/sympy__sympy-16689/adp/stderr.log	3286
FILE	/mnt/data/shashwat/openhands-adp-memory/data/contextbench_phase2/execution_full_qwen36_65k_fix1/runs/sympy__sympy-16689/adp/stdout.jsonl	114710
FILE	/mnt/data/shashwat/openhands-adp-memory/data/contextbench_phase2/execution_full_qwen36_65k_fix1/runs/sympy__sympy-16689/adp/.openhands_home/.openhands/conversations/64157123350c4e0c8fd36754239ccf8a/base_state.json	7068
FILE	/mnt/data/shashwat/openhands-adp-memory/data/contextbench_phase2/execution_full_qwen36_65k_fix1/runs/sympy__sympy-16689/adp/run_meta.json	6423
FILE	/mnt/data/shashwat/openhands-adp-memory/data/contextbench_phase2/execution_full_qwen36_65k_fix1/runs/sympy__sympy-16689/memory/prediction.json	3652
FILE	/mnt/data/shashwat/openhands-adp-memory/data/contextbench_phase2/execution_full_qwen36_65k_fix1/runs/sympy__sympy-16689/memory/patch.diff	3436
FILE	/mnt/data/shashwat/openhands-adp-memory/data/contextbench_phase2/execution_full_qwen36_65k_fix1/runs/sympy__sympy-16689/memory/stderr.log	694
FILE	/mnt/data/shashwat/openhands-adp-memory/data/contextbench_phase2/execution_full_qwen36_65k_fix1/runs/sympy__sympy-16689/memory/stdout.jsonl	1136087
FILE	/mnt/data/shashwat/openhands-adp-memory/data/contextbench_phase2/execution_full_qwen36_65k_fix1/runs/sympy__sympy-16689/memory/.openhands_home/.openhands/conversations/34c6441dc2f5431b8ee46ccb9d22403f/base_state.json	22344
FILE	/mnt/data/shashwat/openhands-adp-memory/data/contextbench_phase2/execution_full_qwen36_65k_fix1/runs/sympy__sympy-16689/memory/run_meta.json	6484
FILE	/mnt/data/shashwat/openhands-adp-memory/data/contextbench_phase2/execution_full_qwen36_65k_fix1/runs/sympy__sympy-16689/no_memory/prediction.json	2483
FILE	/mnt/data/shashwat/openhands-adp-memory/data/contextbench_phase2/execution_full_qwen36_65k_fix1/runs/sympy__sympy-16689/no_memory/patch.diff	2275
FILE	/mnt/data/shashwat/openhands-adp-memory/data/contextbench_phase2/execution_full_qwen36_65k_fix1/runs/sympy__sympy-16689/no_memory/stderr.log	694
FILE	/mnt/data/shashwat/openhands-adp-memory/data/contextbench_phase2/execution_full_qwen36_65k_fix1/runs/sympy__sympy-16689/no_memory/stdout.jsonl	482473
FILE	/mnt/data/shashwat/openhands-adp-memory/data/contextbench_phase2/execution_full_qwen36_65k_fix1/runs/sympy__sympy-16689/no_memory/.openhands_home/.openhands/conversations/7b79dbfeb4e74022b0290cd5776a6631/base_state.json	14700
FILE	/mnt/data/shashwat/openhands-adp-memory/data/contextbench_phase2/execution_full_qwen36_65k_fix1/runs/sympy__sympy-16689/no_memory/run_meta.json	6573
FILE	/mnt/data/shashwat/openhands-adp-memory/data/contextbench_phase2/execution_full_qwen36_65k_fix1/runs/sympy__sympy-16689/raw/prediction.json	1195
FILE	/mnt/data/shashwat/openhands-adp-memory/data/contextbench_phase2/execution_full_qwen36_65k_fix1/runs/sympy__sympy-16689/raw/patch.diff	1023
FILE	/mnt/data/shashwat/openhands-adp-memory/data/contextbench_phase2/execution_full_qwen36_65k_fix1/runs/sympy__sympy-16689/raw/stderr.log	694
FILE	/mnt/data/shashwat/openhands-adp-memory/data/contextbench_phase2/execution_full_qwen36_65k_fix1/runs/sympy__sympy-16689/raw/stdout.jsonl	339464
FILE	/mnt/data/shashwat/openhands-adp-memory/data/contextbench_phase2/execution_full_qwen36_65k_fix1/runs/sympy__sympy-16689/raw/.openhands_home/.openhands/conversations/e95864e7a894400a8a2d83eb5e3d6d72/base_state.json	8994
FILE	/mnt/data/shashwat/openhands-adp-memory/data/contextbench_phase2/execution_full_qwen36_65k_fix1/runs/sympy__sympy-16689/raw/run_meta.json	6420
FILE	/mnt/data/shashwat/openhands-adp-memory/data/contextbench_phase2/execution_full_qwen36_65k_fix1/runs/scikit-learn__scikit-learn-25365/adp/prediction.json	166
FILE	/mnt/data/shashwat/openhands-adp-memory/data/contextbench_phase2/execution_full_qwen36_65k_fix1/runs/scikit-learn__scikit-learn-25365/adp/patch.diff	0
FILE	/mnt/data/shashwat/openhands-adp-memory/data/contextbench_phase2/execution_full_qwen36_65k_fix1/runs/scikit-learn__scikit-learn-25365/adp/stderr.log	3286
FILE	/mnt/data/shashwat/openhands-adp-memory/data/contextbench_phase2/execution_full_qwen36_65k_fix1/runs/scikit-learn__scikit-learn-25365/adp/stdout.jsonl	94110
FILE	/mnt/data/shashwat/openhands-adp-memory/data/contextbench_phase2/execution_full_qwen36_65k_fix1/runs/scikit-learn__scikit-learn-25365/adp/.openhands_home/.openhands/conversations/3c4edf39a3724f569deb4a884560ea20/base_state.json	7711
FILE	/mnt/data/shashwat/openhands-adp-memory/data/contextbench_phase2/execution_full_qwen36_65k_fix1/runs/scikit-learn__scikit-learn-25365/adp/run_meta.json	6836
FILE	/mnt/data/shashwat/openhands-adp-memory/data/contextbench_phase2/execution_full_qwen36_65k_fix1/runs/scikit-learn__scikit-learn-25365/memory/prediction.json	870
FILE	/mnt/data/shashwat/openhands-adp-memory/data/contextbench_phase2/execution_full_qwen36_65k_fix1/runs/scikit-learn__scikit-learn-25365/memory/patch.diff	690
FILE	/mnt/data/shashwat/openhands-adp-memory/data/contextbench_phase2/execution_full_qwen36_65k_fix1/runs/scikit-learn__scikit-learn-25365/memory/stderr.log	694
FILE	/mnt/data/shashwat/openhands-adp-memory/data/contextbench_phase2/execution_full_qwen36_65k_fix1/runs/scikit-learn__scikit-learn-25365/memory/stdout.jsonl	243887
FILE	/mnt/data/shashwat/openhands-adp-memory/data/contextbench_phase2/execution_full_qwen36_65k_fix1/runs/scikit-learn__scikit-learn-25365/memory/.openhands_home/.openhands/conversations/4ddc818654dd499e9c9e6ef88bdd5eef/base_state.json	13429
FILE	/mnt/data/shashwat/openhands-adp-memory/data/contextbench_phase2/execution_full_qwen36_65k_fix1/runs/scikit-learn__scikit-learn-25365/memory/run_meta.json	6903
FILE	/mnt/data/shashwat/openhands-adp-memory/data/contextbench_phase2/execution_full_qwen36_65k_fix1/runs/scikit-learn__scikit-learn-25365/no_memory/prediction.json	1016
FILE	/mnt/data/shashwat/openhands-adp-memory/data/contextbench_phase2/execution_full_qwen36_65k_fix1/runs/scikit-learn__scikit-learn-25365/no_memory/patch.diff	832
FILE	/mnt/data/shashwat/openhands-adp-memory/data/contextbench_phase2/execution_full_qwen36_65k_fix1/runs/scikit-learn__scikit-learn-25365/no_memory/stderr.log	694
FILE	/mnt/data/shashwat/openhands-adp-memory/data/contextbench_phase2/execution_full_qwen36_65k_fix1/runs/scikit-learn__scikit-learn-25365/no_memory/stdout.jsonl	345889
FILE	/mnt/data/shashwat/openhands-adp-memory/data/contextbench_phase2/execution_full_qwen36_65k_fix1/runs/scikit-learn__scikit-learn-25365/no_memory/.openhands_home/.openhands/conversations/9d290d94dd9247108cc7e3fc2026d12a/base_state.json	13429
FILE	/mnt/data/shashwat/openhands-adp-memory/data/contextbench_phase2/execution_full_qwen36_65k_fix1/runs/scikit-learn__scikit-learn-25365/no_memory/run_meta.json	6999
FILE	/mnt/data/shashwat/openhands-adp-memory/data/contextbench_phase2/execution_full_qwen36_65k_fix1/runs/scikit-learn__scikit-learn-25365/raw/prediction.json	2255
FILE	/mnt/data/shashwat/openhands-adp-memory/data/contextbench_phase2/execution_full_qwen36_65k_fix1/runs/scikit-learn__scikit-learn-25365/raw/patch.diff	2035
FILE	/mnt/data/shashwat/openhands-adp-memory/data/contextbench_phase2/execution_full_qwen36_65k_fix1/runs/scikit-learn__scikit-learn-25365/raw/stderr.log	694
FILE	/mnt/data/shashwat/openhands-adp-memory/data/contextbench_phase2/execution_full_qwen36_65k_fix1/runs/scikit-learn__scikit-learn-25365/raw/stdout.jsonl	418479
FILE	/mnt/data/shashwat/openhands-adp-memory/data/contextbench_phase2/execution_full_qwen36_65k_fix1/runs/scikit-learn__scikit-learn-25365/raw/.openhands_home/.openhands/conversations/c07383e6c189429a93b49ec9f9cb5d10/base_state.json	13119
FILE	/mnt/data/shashwat/openhands-adp-memory/data/contextbench_phase2/execution_full_qwen36_65k_fix1/runs/scikit-learn__scikit-learn-25365/raw/run_meta.json	6828
FILE	/mnt/data/shashwat/openhands-adp-memory/data/contextbench_phase2/execution_full_qwen36_65k_fix1/runs/django__django-28862/adp/prediction.json	9326
FILE	/mnt/data/shashwat/openhands-adp-memory/data/contextbench_phase2/execution_full_qwen36_65k_fix1/runs/django__django-28862/adp/patch.diff	8857
FILE	/mnt/data/shashwat/openhands-adp-memory/data/contextbench_phase2/execution_full_qwen36_65k_fix1/runs/django__django-28862/adp/stderr.log	694
FILE	/mnt/data/shashwat/openhands-adp-memory/data/contextbench_phase2/execution_full_qwen36_65k_fix1/runs/django__django-28862/adp/stdout.jsonl	3050842
FILE	/mnt/data/shashwat/openhands-adp-memory/data/contextbench_phase2/execution_full_qwen36_65k_fix1/runs/django__django-28862/adp/.openhands_home/.openhands/conversations/58ba41b6782e42e596cc951f6448efb9/base_state.json	55046
FILE	/mnt/data/shashwat/openhands-adp-memory/data/contextbench_phase2/execution_full_qwen36_65k_fix1/runs/django__django-28862/adp/run_meta.json	6488
FILE	/mnt/data/shashwat/openhands-adp-memory/data/contextbench_phase2/execution_full_qwen36_65k_fix1/runs/django__django-28862/memory/prediction.json	8927
FILE	/mnt/data/shashwat/openhands-adp-memory/data/contextbench_phase2/execution_full_qwen36_65k_fix1/runs/django__django-28862/memory/patch.diff	8415
FILE	/mnt/data/shashwat/openhands-adp-memory/data/contextbench_phase2/execution_full_qwen36_65k_fix1/runs/django__django-28862/memory/stderr.log	3286
FILE	/mnt/data/shashwat/openhands-adp-memory/data/contextbench_phase2/execution_full_qwen36_65k_fix1/runs/django__django-28862/memory/stdout.jsonl	220417
FILE	/mnt/data/shashwat/openhands-adp-memory/data/contextbench_phase2/execution_full_qwen36_65k_fix1/runs/django__django-28862/memory/.openhands_home/.openhands/conversations/9d7830c885a44c238d1cd01fee5b429f/base_state.json	10564
FILE	/mnt/data/shashwat/openhands-adp-memory/data/contextbench_phase2/execution_full_qwen36_65k_fix1/runs/django__django-28862/memory/run_meta.json	6558
FILE	/mnt/data/shashwat/openhands-adp-memory/data/contextbench_phase2/execution_full_qwen36_65k_fix1/runs/django__django-28862/no_memory/prediction.json	154
FILE	/mnt/data/shashwat/openhands-adp-memory/data/contextbench_phase2/execution_full_qwen36_65k_fix1/runs/django__django-28862/no_memory/patch.diff	0
FILE	/mnt/data/shashwat/openhands-adp-memory/data/contextbench_phase2/execution_full_qwen36_65k_fix1/runs/django__django-28862/no_memory/stderr.log	694
FILE	/mnt/data/shashwat/openhands-adp-memory/data/contextbench_phase2/execution_full_qwen36_65k_fix1/runs/django__django-28862/no_memory/stdout.jsonl	235213
FILE	/mnt/data/shashwat/openhands-adp-memory/data/contextbench_phase2/execution_full_qwen36_65k_fix1/runs/django__django-28862/no_memory/.openhands_home/.openhands/conversations/6a74ea8342464a0ea503716f3f75e9e8/base_state.json	17867
FILE	/mnt/data/shashwat/openhands-adp-memory/data/contextbench_phase2/execution_full_qwen36_65k_fix1/runs/django__django-28862/no_memory/run_meta.json	6619
FILE	/mnt/data/shashwat/openhands-adp-memory/data/contextbench_phase2/execution_full_qwen36_65k_fix1/runs/django__django-28862/raw/prediction.json	7407
FILE	/mnt/data/shashwat/openhands-adp-memory/data/contextbench_phase2/execution_full_qwen36_65k_fix1/runs/django__django-28862/raw/patch.diff	6967
FILE	/mnt/data/shashwat/openhands-adp-memory/data/contextbench_phase2/execution_full_qwen36_65k_fix1/runs/django__django-28862/raw/stderr.log	3286
FILE	/mnt/data/shashwat/openhands-adp-memory/data/contextbench_phase2/execution_full_qwen36_65k_fix1/runs/django__django-28862/raw/stdout.jsonl	221571
FILE	/mnt/data/shashwat/openhands-adp-memory/data/contextbench_phase2/execution_full_qwen36_65k_fix1/runs/django__django-28862/raw/.openhands_home/.openhands/conversations/84668fca648a494a828e1da23130f0fb/base_state.json	11191
FILE	/mnt/data/shashwat/openhands-adp-memory/data/contextbench_phase2/execution_full_qwen36_65k_fix1/runs/django__django-28862/raw/run_meta.json	6503
FILE	/mnt/data/shashwat/openhands-adp-memory/data/contextbench_phase2/execution_full_qwen36_65k_fix1/runs/pydata__xarray-4529/adp/prediction.json	5049
FILE	/mnt/data/shashwat/openhands-adp-memory/data/contextbench_phase2/execution_full_qwen36_65k_fix1/runs/pydata__xarray-4529/adp/patch.diff	4694
FILE	/mnt/data/shashwat/openhands-adp-memory/data/contextbench_phase2/execution_full_qwen36_65k_fix1/runs/pydata__xarray-4529/adp/stderr.log	694
FILE	/mnt/data/shashwat/openhands-adp-memory/data/contextbench_phase2/execution_full_qwen36_65k_fix1/runs/pydata__xarray-4529/adp/stdout.jsonl	825508
FILE	/mnt/data/shashwat/openhands-adp-memory/data/contextbench_phase2/execution_full_qwen36_65k_fix1/runs/pydata__xarray-4529/adp/.openhands_home/.openhands/conversations/650e188306214d1388556f900d100ba4/base_state.json	27415
FILE	/mnt/data/shashwat/openhands-adp-memory/data/contextbench_phase2/execution_full_qwen36_65k_fix1/runs/pydata__xarray-4529/adp/run_meta.json	6453
FILE	/mnt/data/shashwat/openhands-adp-memory/data/contextbench_phase2/execution_full_qwen36_65k_fix1/runs/pydata__xarray-4529/memory/prediction.json	2590
FILE	/mnt/data/shashwat/openhands-adp-memory/data/contextbench_phase2/execution_full_qwen36_65k_fix1/runs/pydata__xarray-4529/memory/patch.diff	2335
FILE	/mnt/data/shashwat/openhands-adp-memory/data/contextbench_phase2/execution_full_qwen36_65k_fix1/runs/pydata__xarray-4529/memory/stderr.log	3286
FILE	/mnt/data/shashwat/openhands-adp-memory/data/contextbench_phase2/execution_full_qwen36_65k_fix1/runs/pydata__xarray-4529/memory/stdout.jsonl	355633
FILE	/mnt/data/shashwat/openhands-adp-memory/data/contextbench_phase2/execution_full_qwen36_65k_fix1/runs/pydata__xarray-4529/memory/.openhands_home/.openhands/conversations/0ed116d38940445fbe8594cf233d2f52/base_state.json	12481
FILE	/mnt/data/shashwat/openhands-adp-memory/data/contextbench_phase2/execution_full_qwen36_65k_fix1/runs/pydata__xarray-4529/memory/run_meta.json	6551
FILE	/mnt/data/shashwat/openhands-adp-memory/data/contextbench_phase2/execution_full_qwen36_65k_fix1/runs/pydata__xarray-4529/no_memory/prediction.json	8563
FILE	/mnt/data/shashwat/openhands-adp-memory/data/contextbench_phase2/execution_full_qwen36_65k_fix1/runs/pydata__xarray-4529/no_memory/patch.diff	8083
FILE	/mnt/data/shashwat/openhands-adp-memory/data/contextbench_phase2/execution_full_qwen36_65k_fix1/runs/pydata__xarray-4529/no_memory/stderr.log	694
FILE	/mnt/data/shashwat/openhands-adp-memory/data/contextbench_phase2/execution_full_qwen36_65k_fix1/runs/pydata__xarray-4529/no_memory/stdout.jsonl	1050934
FILE	/mnt/data/shashwat/openhands-adp-memory/data/contextbench_phase2/execution_full_qwen36_65k_fix1/runs/pydata__xarray-4529/no_memory/.openhands_home/.openhands/conversations/1c6f1ccfa3da435ab6dff68f9a53a555/base_state.json	59079
FILE	/mnt/data/shashwat/openhands-adp-memory/data/contextbench_phase2/execution_full_qwen36_65k_fix1/runs/pydata__xarray-4529/no_memory/run_meta.json	7359
FILE	/mnt/data/shashwat/openhands-adp-memory/data/contextbench_phase2/execution_full_qwen36_65k_fix1/runs/pydata__xarray-4529/raw/prediction.json	1293
FILE	/mnt/data/shashwat/openhands-adp-memory/data/contextbench_phase2/execution_full_qwen36_65k_fix1/runs/pydata__xarray-4529/raw/patch.diff	1099
FILE	/mnt/data/shashwat/openhands-adp-memory/data/contextbench_phase2/execution_full_qwen36_65k_fix1/runs/pydata__xarray-4529/raw/stderr.log	694
FILE	/mnt/data/shashwat/openhands-adp-memory/data/contextbench_phase2/execution_full_qwen36_65k_fix1/runs/pydata__xarray-4529/raw/stdout.jsonl	705378
FILE	/mnt/data/shashwat/openhands-adp-memory/data/contextbench_phase2/execution_full_qwen36_65k_fix1/runs/pydata__xarray-4529/raw/.openhands_home/.openhands/conversations/17158cff88fa4e4ba24ea484a2efdbb2/base_state.json	21377
FILE	/mnt/data/shashwat/openhands-adp-memory/data/contextbench_phase2/execution_full_qwen36_65k_fix1/runs/pydata__xarray-4529/raw/run_meta.json	6436
FILE	/mnt/data/shashwat/openhands-adp-memory/data/contextbench_phase2/execution_full_qwen36_65k_fix1/runs/astropy__astropy-4973/adp/prediction.json	1554
FILE	/mnt/data/shashwat/openhands-adp-memory/data/contextbench_phase2/execution_full_qwen36_65k_fix1/runs/astropy__astropy-4973/adp/patch.diff	1366
FILE	/mnt/data/shashwat/openhands-adp-memory/data/contextbench_phase2/execution_full_qwen36_65k_fix1/runs/astropy__astropy-4973/adp/stderr.log	694
FILE	/mnt/data/shashwat/openhands-adp-memory/data/contextbench_phase2/execution_full_qwen36_65k_fix1/runs/astropy__astropy-4973/adp/stdout.jsonl	769290
FILE	/mnt/data/shashwat/openhands-adp-memory/data/contextbench_phase2/execution_full_qwen36_65k_fix1/runs/astropy__astropy-4973/adp/.openhands_home/.openhands/conversations/73957f17bf6c4e889fb1e89ba2a756ad/base_state.json	19152
FILE	/mnt/data/shashwat/openhands-adp-memory/data/contextbench_phase2/execution_full_qwen36_65k_fix1/runs/astropy__astropy-4973/adp/run_meta.json	5279
FILE	/mnt/data/shashwat/openhands-adp-memory/data/contextbench_phase2/execution_full_qwen36_65k_fix1/runs/astropy__astropy-4973/memory/prediction.json	1701
FILE	/mnt/data/shashwat/openhands-adp-memory/data/contextbench_phase2/execution_full_qwen36_65k_fix1/runs/astropy__astropy-4973/memory/patch.diff	1508
FILE	/mnt/data/shashwat/openhands-adp-memory/data/contextbench_phase2/execution_full_qwen36_65k_fix1/runs/astropy__astropy-4973/memory/stderr.log	694
FILE	/mnt/data/shashwat/openhands-adp-memory/data/contextbench_phase2/execution_full_qwen36_65k_fix1/runs/astropy__astropy-4973/memory/stdout.jsonl	701143
FILE	/mnt/data/shashwat/openhands-adp-memory/data/contextbench_phase2/execution_full_qwen36_65k_fix1/runs/astropy__astropy-4973/memory/.openhands_home/.openhands/conversations/c55ef515efbf439684aad1d4eb79e586/base_state.json	10259
FILE	/mnt/data/shashwat/openhands-adp-memory/data/contextbench_phase2/execution_full_qwen36_65k_fix1/runs/astropy__astropy-4973/memory/run_meta.json	5345
FILE	/mnt/data/shashwat/openhands-adp-memory/data/contextbench_phase2/execution_full_qwen36_65k_fix1/runs/astropy__astropy-4973/no_memory/prediction.json	1240
FILE	/mnt/data/shashwat/openhands-adp-memory/data/contextbench_phase2/execution_full_qwen36_65k_fix1/runs/astropy__astropy-4973/no_memory/patch.diff	1057
FILE	/mnt/data/shashwat/openhands-adp-memory/data/contextbench_phase2/execution_full_qwen36_65k_fix1/runs/astropy__astropy-4973/no_memory/stderr.log	694
FILE	/mnt/data/shashwat/openhands-adp-memory/data/contextbench_phase2/execution_full_qwen36_65k_fix1/runs/astropy__astropy-4973/no_memory/stdout.jsonl	478450
FILE	/mnt/data/shashwat/openhands-adp-memory/data/contextbench_phase2/execution_full_qwen36_65k_fix1/runs/astropy__astropy-4973/no_memory/.openhands_home/.openhands/conversations/86e0fec08bc540d6bde2d4431eab0e9c/base_state.json	13426
FILE	/mnt/data/shashwat/openhands-adp-memory/data/contextbench_phase2/execution_full_qwen36_65k_fix1/runs/astropy__astropy-4973/no_memory/run_meta.json	5376
FILE	/mnt/data/shashwat/openhands-adp-memory/data/contextbench_phase2/execution_full_qwen36_65k_fix1/runs/astropy__astropy-4973/raw/prediction.json	3210
FILE	/mnt/data/shashwat/openhands-adp-memory/data/contextbench_phase2/execution_full_qwen36_65k_fix1/runs/astropy__astropy-4973/raw/patch.diff	2964
FILE	/mnt/data/shashwat/openhands-adp-memory/data/contextbench_phase2/execution_full_qwen36_65k_fix1/runs/astropy__astropy-4973/raw/stderr.log	694
FILE	/mnt/data/shashwat/openhands-adp-memory/data/contextbench_phase2/execution_full_qwen36_65k_fix1/runs/astropy__astropy-4973/raw/stdout.jsonl	892138
FILE	/mnt/data/shashwat/openhands-adp-memory/data/contextbench_phase2/execution_full_qwen36_65k_fix1/runs/astropy__astropy-4973/raw/.openhands_home/.openhands/conversations/59658342f95747efbb60b2c592feeb4f/base_state.json	15669
FILE	/mnt/data/shashwat/openhands-adp-memory/data/contextbench_phase2/execution_full_qwen36_65k_fix1/runs/astropy__astropy-4973/raw/run_meta.json	5296
FILE	/mnt/data/shashwat/openhands-adp-memory/data/contextbench_phase2/execution_full_qwen36_65k_fix1/runs/astropy__astropy-15082/adp/prediction.json	156
FILE	/mnt/data/shashwat/openhands-adp-memory/data/contextbench_phase2/execution_full_qwen36_65k_fix1/runs/astropy__astropy-15082/adp/patch.diff	0
FILE	/mnt/data/shashwat/openhands-adp-memory/data/contextbench_phase2/execution_full_qwen36_65k_fix1/runs/astropy__astropy-15082/adp/stderr.log	2962
FILE	/mnt/data/shashwat/openhands-adp-memory/data/contextbench_phase2/execution_full_qwen36_65k_fix1/runs/astropy__astropy-15082/adp/stdout.jsonl	79283
FILE	/mnt/data/shashwat/openhands-adp-memory/data/contextbench_phase2/execution_full_qwen36_65k_fix1/runs/astropy__astropy-15082/adp/.openhands_home/.openhands/conversations/ed8e80c12ea9408fbc8e153792f66c13/base_state.json	4859
FILE	/mnt/data/shashwat/openhands-adp-memory/data/contextbench_phase2/execution_full_qwen36_65k_fix1/runs/astropy__astropy-15082/adp/run_meta.json	5305
FILE	/mnt/data/shashwat/openhands-adp-memory/data/contextbench_phase2/execution_full_qwen36_65k_fix1/runs/astropy__astropy-15082/memory/prediction.json	156
FILE	/mnt/data/shashwat/openhands-adp-memory/data/contextbench_phase2/execution_full_qwen36_65k_fix1/runs/astropy__astropy-15082/memory/patch.diff	0
FILE	/mnt/data/shashwat/openhands-adp-memory/data/contextbench_phase2/execution_full_qwen36_65k_fix1/runs/astropy__astropy-15082/memory/stderr.log	3286
FILE	/mnt/data/shashwat/openhands-adp-memory/data/contextbench_phase2/execution_full_qwen36_65k_fix1/runs/astropy__astropy-15082/memory/stdout.jsonl	149687
FILE	/mnt/data/shashwat/openhands-adp-memory/data/contextbench_phase2/execution_full_qwen36_65k_fix1/runs/astropy__astropy-15082/memory/.openhands_home/.openhands/conversations/fe2a64d629414f67b83e6cc4e9d54be8/base_state.json	10573
FILE	/mnt/data/shashwat/openhands-adp-memory/data/contextbench_phase2/execution_full_qwen36_65k_fix1/runs/astropy__astropy-15082/memory/run_meta.json	5375
FILE	/mnt/data/shashwat/openhands-adp-memory/data/contextbench_phase2/execution_full_qwen36_65k_fix1/runs/astropy__astropy-15082/no_memory/prediction.json	1267
FILE	/mnt/data/shashwat/openhands-adp-memory/data/contextbench_phase2/execution_full_qwen36_65k_fix1/runs/astropy__astropy-15082/no_memory/patch.diff	1058
FILE	/mnt/data/shashwat/openhands-adp-memory/data/contextbench_phase2/execution_full_qwen36_65k_fix1/runs/astropy__astropy-15082/no_memory/stderr.log	694
FILE	/mnt/data/shashwat/openhands-adp-memory/data/contextbench_phase2/execution_full_qwen36_65k_fix1/runs/astropy__astropy-15082/no_memory/stdout.jsonl	335068
FILE	/mnt/data/shashwat/openhands-adp-memory/data/contextbench_phase2/execution_full_qwen36_65k_fix1/runs/astropy__astropy-15082/no_memory/.openhands_home/.openhands/conversations/117766fe49ed468c94ccf2fd842132d9/base_state.json	31830
FILE	/mnt/data/shashwat/openhands-adp-memory/data/contextbench_phase2/execution_full_qwen36_65k_fix1/runs/astropy__astropy-15082/no_memory/run_meta.json	5421
FILE	/mnt/data/shashwat/openhands-adp-memory/data/contextbench_phase2/execution_full_qwen36_65k_fix1/runs/astropy__astropy-15082/raw/prediction.json	2385
FILE	/mnt/data/shashwat/openhands-adp-memory/data/contextbench_phase2/execution_full_qwen36_65k_fix1/runs/astropy__astropy-15082/raw/patch.diff	2172
FILE	/mnt/data/shashwat/openhands-adp-memory/data/contextbench_phase2/execution_full_qwen36_65k_fix1/runs/astropy__astropy-15082/raw/stderr.log	694
FILE	/mnt/data/shashwat/openhands-adp-memory/data/contextbench_phase2/execution_full_qwen36_65k_fix1/runs/astropy__astropy-15082/raw/stdout.jsonl	466309
FILE	/mnt/data/shashwat/openhands-adp-memory/data/contextbench_phase2/execution_full_qwen36_65k_fix1/runs/astropy__astropy-15082/raw/.openhands_home/.openhands/conversations/4506cb123e044b9f80b6b65c0cdc098a/base_state.json	13133
FILE	/mnt/data/shashwat/openhands-adp-memory/data/contextbench_phase2/execution_full_qwen36_65k_fix1/runs/astropy__astropy-15082/raw/run_meta.json	5317
FILE	/mnt/data/shashwat/openhands-adp-memory/data/contextbench_phase2/execution_full_qwen36_65k_fix1/runs/matplotlib__matplotlib-18294/adp/prediction.json	1748
FILE	/mnt/data/shashwat/openhands-adp-memory/data/contextbench_phase2/execution_full_qwen36_65k_fix1/runs/matplotlib__matplotlib-18294/adp/patch.diff	1516
FILE	/mnt/data/shashwat/openhands-adp-memory/data/contextbench_phase2/execution_full_qwen36_65k_fix1/runs/matplotlib__matplotlib-18294/adp/stderr.log	694
FILE	/mnt/data/shashwat/openhands-adp-memory/data/contextbench_phase2/execution_full_qwen36_65k_fix1/runs/matplotlib__matplotlib-18294/adp/stdout.jsonl	205277
FILE	/mnt/data/shashwat/openhands-adp-memory/data/contextbench_phase2/execution_full_qwen36_65k_fix1/runs/matplotlib__matplotlib-18294/adp/.openhands_home/.openhands/conversations/471b4a8f4b7043fd8a831d0b261b7ebb/base_state.json	15341
FILE	/mnt/data/shashwat/openhands-adp-memory/data/contextbench_phase2/execution_full_qwen36_65k_fix1/runs/matplotlib__matplotlib-18294/adp/run_meta.json	6695
FILE	/mnt/data/shashwat/openhands-adp-memory/data/contextbench_phase2/execution_full_qwen36_65k_fix1/runs/matplotlib__matplotlib-18294/memory/prediction.json	4299
FILE	/mnt/data/shashwat/openhands-adp-memory/data/contextbench_phase2/execution_full_qwen36_65k_fix1/runs/matplotlib__matplotlib-18294/memory/patch.diff	4007
FILE	/mnt/data/shashwat/openhands-adp-memory/data/contextbench_phase2/execution_full_qwen36_65k_fix1/runs/matplotlib__matplotlib-18294/memory/stderr.log	694
FILE	/mnt/data/shashwat/openhands-adp-memory/data/contextbench_phase2/execution_full_qwen36_65k_fix1/runs/matplotlib__matplotlib-18294/memory/stdout.jsonl	734781
FILE	/mnt/data/shashwat/openhands-adp-memory/data/contextbench_phase2/execution_full_qwen36_65k_fix1/runs/matplotlib__matplotlib-18294/memory/.openhands_home/.openhands/conversations/8a2f00fd308148278b6d19b815bc3609/base_state.json	28662
FILE	/mnt/data/shashwat/openhands-adp-memory/data/contextbench_phase2/execution_full_qwen36_65k_fix1/runs/matplotlib__matplotlib-18294/memory/run_meta.json	6770
FILE	/mnt/data/shashwat/openhands-adp-memory/data/contextbench_phase2/execution_full_qwen36_65k_fix1/runs/matplotlib__matplotlib-18294/no_memory/prediction.json	1236
FILE	/mnt/data/shashwat/openhands-adp-memory/data/contextbench_phase2/execution_full_qwen36_65k_fix1/runs/matplotlib__matplotlib-18294/no_memory/patch.diff	1048
FILE	/mnt/data/shashwat/openhands-adp-memory/data/contextbench_phase2/execution_full_qwen36_65k_fix1/runs/matplotlib__matplotlib-18294/no_memory/stderr.log	694
FILE	/mnt/data/shashwat/openhands-adp-memory/data/contextbench_phase2/execution_full_qwen36_65k_fix1/runs/matplotlib__matplotlib-18294/no_memory/stdout.jsonl	946341
FILE	/mnt/data/shashwat/openhands-adp-memory/data/contextbench_phase2/execution_full_qwen36_65k_fix1/runs/matplotlib__matplotlib-18294/no_memory/.openhands_home/.openhands/conversations/3762281e5a79417385c1e80aea28554e/base_state.json	29310
FILE	/mnt/data/shashwat/openhands-adp-memory/data/contextbench_phase2/execution_full_qwen36_65k_fix1/runs/matplotlib__matplotlib-18294/no_memory/run_meta.json	7672
FILE	/mnt/data/shashwat/openhands-adp-memory/data/contextbench_phase2/execution_full_qwen36_65k_fix1/runs/matplotlib__matplotlib-18294/raw/prediction.json	1104
FILE	/mnt/data/shashwat/openhands-adp-memory/data/contextbench_phase2/execution_full_qwen36_65k_fix1/runs/matplotlib__matplotlib-18294/raw/patch.diff	914
FILE	/mnt/data/shashwat/openhands-adp-memory/data/contextbench_phase2/execution_full_qwen36_65k_fix1/runs/matplotlib__matplotlib-18294/raw/stderr.log	694
FILE	/mnt/data/shashwat/openhands-adp-memory/data/contextbench_phase2/execution_full_qwen36_65k_fix1/runs/matplotlib__matplotlib-18294/raw/stdout.jsonl	654500
FILE	/mnt/data/shashwat/openhands-adp-memory/data/contextbench_phase2/execution_full_qwen36_65k_fix1/runs/matplotlib__matplotlib-18294/raw/.openhands_home/.openhands/conversations/83b58ceeb4ca4af88e5e66e81d8b00f0/base_state.json	20406
FILE	/mnt/data/shashwat/openhands-adp-memory/data/contextbench_phase2/execution_full_qwen36_65k_fix1/runs/matplotlib__matplotlib-18294/raw/run_meta.json	6677
FILE	/mnt/data/shashwat/openhands-adp-memory/data/contextbench_phase2/execution_full_qwen36_65k_fix1/runs/django__django-1891/adp/prediction.json	5127
FILE	/mnt/data/shashwat/openhands-adp-memory/data/contextbench_phase2/execution_full_qwen36_65k_fix1/runs/django__django-1891/adp/patch.diff	4846
FILE	/mnt/data/shashwat/openhands-adp-memory/data/contextbench_phase2/execution_full_qwen36_65k_fix1/runs/django__django-1891/adp/stderr.log	694
FILE	/mnt/data/shashwat/openhands-adp-memory/data/contextbench_phase2/execution_full_qwen36_65k_fix1/runs/django__django-1891/adp/stdout.jsonl	2270173
FILE	/mnt/data/shashwat/openhands-adp-memory/data/contextbench_phase2/execution_full_qwen36_65k_fix1/runs/django__django-1891/adp/.openhands_home/.openhands/conversations/ec4bf92748334d10a0613cc61d354139/base_state.json	16632
FILE	/mnt/data/shashwat/openhands-adp-memory/data/contextbench_phase2/execution_full_qwen36_65k_fix1/runs/django__django-1891/adp/run_meta.json	5295
FILE	/mnt/data/shashwat/openhands-adp-memory/data/contextbench_phase2/execution_full_qwen36_65k_fix1/runs/django__django-1891/memory/prediction.json	9075
FILE	/mnt/data/shashwat/openhands-adp-memory/data/contextbench_phase2/execution_full_qwen36_65k_fix1/runs/django__django-1891/memory/patch.diff	8646
FILE	/mnt/data/shashwat/openhands-adp-memory/data/contextbench_phase2/execution_full_qwen36_65k_fix1/runs/django__django-1891/memory/stderr.log	694
FILE	/mnt/data/shashwat/openhands-adp-memory/data/contextbench_phase2/execution_full_qwen36_65k_fix1/runs/django__django-1891/memory/stdout.jsonl	1301625
FILE	/mnt/data/shashwat/openhands-adp-memory/data/contextbench_phase2/execution_full_qwen36_65k_fix1/runs/django__django-1891/memory/.openhands_home/.openhands/conversations/aaf3d1295d374d02adf4f23e7ba675da/base_state.json	27750
FILE	/mnt/data/shashwat/openhands-adp-memory/data/contextbench_phase2/execution_full_qwen36_65k_fix1/runs/django__django-1891/memory/run_meta.json	5308
FILE	/mnt/data/shashwat/openhands-adp-memory/data/contextbench_phase2/execution_full_qwen36_65k_fix1/runs/django__django-1891/no_memory/prediction.json	2380
FILE	/mnt/data/shashwat/openhands-adp-memory/data/contextbench_phase2/execution_full_qwen36_65k_fix1/runs/django__django-1891/no_memory/patch.diff	2169
FILE	/mnt/data/shashwat/openhands-adp-memory/data/contextbench_phase2/execution_full_qwen36_65k_fix1/runs/django__django-1891/no_memory/stderr.log	694
FILE	/mnt/data/shashwat/openhands-adp-memory/data/contextbench_phase2/execution_full_qwen36_65k_fix1/runs/django__django-1891/no_memory/stdout.jsonl	2058908
FILE	/mnt/data/shashwat/openhands-adp-memory/data/contextbench_phase2/execution_full_qwen36_65k_fix1/runs/django__django-1891/no_memory/.openhands_home/.openhands/conversations/24c07ad82ef3480981b170ab3d52df97/base_state.json	42310
FILE	/mnt/data/shashwat/openhands-adp-memory/data/contextbench_phase2/execution_full_qwen36_65k_fix1/runs/django__django-1891/no_memory/run_meta.json	5382
FILE	/mnt/data/shashwat/openhands-adp-memory/data/contextbench_phase2/execution_full_qwen36_65k_fix1/runs/django__django-1891/raw/prediction.json	5852
FILE	/mnt/data/shashwat/openhands-adp-memory/data/contextbench_phase2/execution_full_qwen36_65k_fix1/runs/django__django-1891/raw/patch.diff	5553
FILE	/mnt/data/shashwat/openhands-adp-memory/data/contextbench_phase2/execution_full_qwen36_65k_fix1/runs/django__django-1891/raw/stderr.log	694
FILE	/mnt/data/shashwat/openhands-adp-memory/data/contextbench_phase2/execution_full_qwen36_65k_fix1/runs/django__django-1891/raw/stdout.jsonl	879990
FILE	/mnt/data/shashwat/openhands-adp-memory/data/contextbench_phase2/execution_full_qwen36_65k_fix1/runs/django__django-1891/raw/.openhands_home/.openhands/conversations/bcd1eac253f24a9aa1c23d4cf676bc88/base_state.json	13435
FILE	/mnt/data/shashwat/openhands-adp-memory/data/contextbench_phase2/execution_full_qwen36_65k_fix1/runs/django__django-1891/raw/run_meta.json	5237
FILE	/mnt/data/shashwat/openhands-adp-memory/data/contextbench_phase2/execution_full_qwen36_65k_fix1/runs/scikit-learn__scikit-learn-25763/adp/prediction.json	1794
FILE	/mnt/data/shashwat/openhands-adp-memory/data/contextbench_phase2/execution_full_qwen36_65k_fix1/runs/scikit-learn__scikit-learn-25763/adp/patch.diff	1580
FILE	/mnt/data/shashwat/openhands-adp-memory/data/contextbench_phase2/execution_full_qwen36_65k_fix1/runs/scikit-learn__scikit-learn-25763/adp/stderr.log	3712
FILE	/mnt/data/shashwat/openhands-adp-memory/data/contextbench_phase2/execution_full_qwen36_65k_fix1/runs/scikit-learn__scikit-learn-25763/adp/stdout.jsonl	366041
FILE	/mnt/data/shashwat/openhands-adp-memory/data/contextbench_phase2/execution_full_qwen36_65k_fix1/runs/scikit-learn__scikit-learn-25763/adp/.openhands_home/.openhands/conversations/77108c147e96482bbfc3e2b56fde93cc/base_state.json	17263
FILE	/mnt/data/shashwat/openhands-adp-memory/data/contextbench_phase2/execution_full_qwen36_65k_fix1/runs/scikit-learn__scikit-learn-25763/adp/run_meta.json	6854
FILE	/mnt/data/shashwat/openhands-adp-memory/data/contextbench_phase2/execution_full_qwen36_65k_fix1/runs/scikit-learn__scikit-learn-25763/memory/prediction.json	3331
FILE	/mnt/data/shashwat/openhands-adp-memory/data/contextbench_phase2/execution_full_qwen36_65k_fix1/runs/scikit-learn__scikit-learn-25763/memory/patch.diff	3062
FILE	/mnt/data/shashwat/openhands-adp-memory/data/contextbench_phase2/execution_full_qwen36_65k_fix1/runs/scikit-learn__scikit-learn-25763/memory/stderr.log	694
FILE	/mnt/data/shashwat/openhands-adp-memory/data/contextbench_phase2/execution_full_qwen36_65k_fix1/runs/scikit-learn__scikit-learn-25763/memory/stdout.jsonl	1396317
FILE	/mnt/data/shashwat/openhands-adp-memory/data/contextbench_phase2/execution_full_qwen36_65k_fix1/runs/scikit-learn__scikit-learn-25763/memory/.openhands_home/.openhands/conversations/f82e2300f27742329fd2bbaadf605682/base_state.json	43292
FILE	/mnt/data/shashwat/openhands-adp-memory/data/contextbench_phase2/execution_full_qwen36_65k_fix1/runs/scikit-learn__scikit-learn-25763/memory/run_meta.json	7411
FILE	/mnt/data/shashwat/openhands-adp-memory/data/contextbench_phase2/execution_full_qwen36_65k_fix1/runs/scikit-learn__scikit-learn-25763/no_memory/prediction.json	2015
FILE	/mnt/data/shashwat/openhands-adp-memory/data/contextbench_phase2/execution_full_qwen36_65k_fix1/runs/scikit-learn__scikit-learn-25763/no_memory/patch.diff	1782
FILE	/mnt/data/shashwat/openhands-adp-memory/data/contextbench_phase2/execution_full_qwen36_65k_fix1/runs/scikit-learn__scikit-learn-25763/no_memory/stderr.log	694
FILE	/mnt/data/shashwat/openhands-adp-memory/data/contextbench_phase2/execution_full_qwen36_65k_fix1/runs/scikit-learn__scikit-learn-25763/no_memory/stdout.jsonl	472916
FILE	/mnt/data/shashwat/openhands-adp-memory/data/contextbench_phase2/execution_full_qwen36_65k_fix1/runs/scikit-learn__scikit-learn-25763/no_memory/.openhands_home/.openhands/conversations/44bd2b4e477b47c79f03e42e1a275830/base_state.json	16940
FILE	/mnt/data/shashwat/openhands-adp-memory/data/contextbench_phase2/execution_full_qwen36_65k_fix1/runs/scikit-learn__scikit-learn-25763/no_memory/run_meta.json	6977
FILE	/mnt/data/shashwat/openhands-adp-memory/data/contextbench_phase2/execution_full_qwen36_65k_fix1/runs/scikit-learn__scikit-learn-25763/raw/prediction.json	984
FILE	/mnt/data/shashwat/openhands-adp-memory/data/contextbench_phase2/execution_full_qwen36_65k_fix1/runs/scikit-learn__scikit-learn-25763/raw/patch.diff	792
FILE	/mnt/data/shashwat/openhands-adp-memory/data/contextbench_phase2/execution_full_qwen36_65k_fix1/runs/scikit-learn__scikit-learn-25763/raw/stderr.log	694
FILE	/mnt/data/shashwat/openhands-adp-memory/data/contextbench_phase2/execution_full_qwen36_65k_fix1/runs/scikit-learn__scikit-learn-25763/raw/stdout.jsonl	227118
FILE	/mnt/data/shashwat/openhands-adp-memory/data/contextbench_phase2/execution_full_qwen36_65k_fix1/runs/scikit-learn__scikit-learn-25763/raw/.openhands_home/.openhands/conversations/88da97a9f7e4492aaf5335a7aee6d4ce/base_state.json	13451
FILE	/mnt/data/shashwat/openhands-adp-memory/data/contextbench_phase2/execution_full_qwen36_65k_fix1/runs/scikit-learn__scikit-learn-25763/raw/run_meta.json	6826
FILE	/mnt/data/shashwat/openhands-adp-memory/data/contextbench_phase2/execution_full_qwen36_65k_fix1/runs/django__django-27995/adp/prediction.json	28489
FILE	/mnt/data/shashwat/openhands-adp-memory/data/contextbench_phase2/execution_full_qwen36_65k_fix1/runs/django__django-27995/adp/patch.diff	27388
FILE	/mnt/data/shashwat/openhands-adp-memory/data/contextbench_phase2/execution_full_qwen36_65k_fix1/runs/django__django-27995/adp/stderr.log	694
FILE	/mnt/data/shashwat/openhands-adp-memory/data/contextbench_phase2/execution_full_qwen36_65k_fix1/runs/django__django-27995/adp/stdout.jsonl	3799591
FILE	/mnt/data/shashwat/openhands-adp-memory/data/contextbench_phase2/execution_full_qwen36_65k_fix1/runs/django__django-27995/adp/.openhands_home/.openhands/conversations/2eb85602db3641a6b570ac62bdcab543/base_state.json	62938
FILE	/mnt/data/shashwat/openhands-adp-memory/data/contextbench_phase2/execution_full_qwen36_65k_fix1/runs/django__django-27995/adp/run_meta.json	9895
FILE	/mnt/data/shashwat/openhands-adp-memory/data/contextbench_phase2/execution_full_qwen36_65k_fix1/runs/django__django-27995/memory/prediction.json	2758
FILE	/mnt/data/shashwat/openhands-adp-memory/data/contextbench_phase2/execution_full_qwen36_65k_fix1/runs/django__django-27995/memory/patch.diff	2487
FILE	/mnt/data/shashwat/openhands-adp-memory/data/contextbench_phase2/execution_full_qwen36_65k_fix1/runs/django__django-27995/memory/stderr.log	3286
FILE	/mnt/data/shashwat/openhands-adp-memory/data/contextbench_phase2/execution_full_qwen36_65k_fix1/runs/django__django-27995/memory/stdout.jsonl	132110
FILE	/mnt/data/shashwat/openhands-adp-memory/data/contextbench_phase2/execution_full_qwen36_65k_fix1/runs/django__django-27995/memory/.openhands_home/.openhands/conversations/ea9a096a4df5434e9402fb4e5bf27d5f/base_state.json	9622
FILE	/mnt/data/shashwat/openhands-adp-memory/data/contextbench_phase2/execution_full_qwen36_65k_fix1/runs/django__django-27995/memory/run_meta.json	6557
FILE	/mnt/data/shashwat/openhands-adp-memory/data/contextbench_phase2/execution_full_qwen36_65k_fix1/runs/django__django-27995/no_memory/prediction.json	11653
FILE	/mnt/data/shashwat/openhands-adp-memory/data/contextbench_phase2/execution_full_qwen36_65k_fix1/runs/django__django-27995/no_memory/patch.diff	11137
FILE	/mnt/data/shashwat/openhands-adp-memory/data/contextbench_phase2/execution_full_qwen36_65k_fix1/runs/django__django-27995/no_memory/stderr.log	694
FILE	/mnt/data/shashwat/openhands-adp-memory/data/contextbench_phase2/execution_full_qwen36_65k_fix1/runs/django__django-27995/no_memory/stdout.jsonl	3849717
FILE	/mnt/data/shashwat/openhands-adp-memory/data/contextbench_phase2/execution_full_qwen36_65k_fix1/runs/django__django-27995/no_memory/.openhands_home/.openhands/conversations/d6269bf0399f431085d119dba0051c4f/base_state.json	36624
FILE	/mnt/data/shashwat/openhands-adp-memory/data/contextbench_phase2/execution_full_qwen36_65k_fix1/runs/django__django-27995/no_memory/run_meta.json	6639
FILE	/mnt/data/shashwat/openhands-adp-memory/data/contextbench_phase2/execution_full_qwen36_65k_fix1/runs/django__django-27995/raw/prediction.json	4974
FILE	/mnt/data/shashwat/openhands-adp-memory/data/contextbench_phase2/execution_full_qwen36_65k_fix1/runs/django__django-27995/raw/patch.diff	4650
FILE	/mnt/data/shashwat/openhands-adp-memory/data/contextbench_phase2/execution_full_qwen36_65k_fix1/runs/django__django-27995/raw/stderr.log	3286
FILE	/mnt/data/shashwat/openhands-adp-memory/data/contextbench_phase2/execution_full_qwen36_65k_fix1/runs/django__django-27995/raw/stdout.jsonl	2805432
FILE	/mnt/data/shashwat/openhands-adp-memory/data/contextbench_phase2/execution_full_qwen36_65k_fix1/runs/django__django-27995/raw/.openhands_home/.openhands/conversations/c0b1c40db1934e4cb16c08c812f89547/base_state.json	22007
FILE	/mnt/data/shashwat/openhands-adp-memory/data/contextbench_phase2/execution_full_qwen36_65k_fix1/runs/django__django-27995/raw/run_meta.json	6486
FILE	/mnt/data/shashwat/openhands-adp-memory/data/contextbench_phase2/execution_full_qwen36_65k_fix1/runs/scikit-learn__scikit-learn-25637/adp/prediction.json	1399
FILE	/mnt/data/shashwat/openhands-adp-memory/data/contextbench_phase2/execution_full_qwen36_65k_fix1/runs/scikit-learn__scikit-learn-25637/adp/patch.diff	1170
FILE	/mnt/data/shashwat/openhands-adp-memory/data/contextbench_phase2/execution_full_qwen36_65k_fix1/runs/scikit-learn__scikit-learn-25637/adp/stderr.log	694
FILE	/mnt/data/shashwat/openhands-adp-memory/data/contextbench_phase2/execution_full_qwen36_65k_fix1/runs/scikit-learn__scikit-learn-25637/adp/stdout.jsonl	331013
FILE	/mnt/data/shashwat/openhands-adp-memory/data/contextbench_phase2/execution_full_qwen36_65k_fix1/runs/scikit-learn__scikit-learn-25637/adp/.openhands_home/.openhands/conversations/d16d41dafb2d477b8c154d051c1680e4/base_state.json	18201
FILE	/mnt/data/shashwat/openhands-adp-memory/data/contextbench_phase2/execution_full_qwen36_65k_fix1/runs/scikit-learn__scikit-learn-25637/adp/run_meta.json	6752
FILE	/mnt/data/shashwat/openhands-adp-memory/data/contextbench_phase2/execution_full_qwen36_65k_fix1/runs/scikit-learn__scikit-learn-25637/memory/prediction.json	1031
FILE	/mnt/data/shashwat/openhands-adp-memory/data/contextbench_phase2/execution_full_qwen36_65k_fix1/runs/scikit-learn__scikit-learn-25637/memory/patch.diff	831
FILE	/mnt/data/shashwat/openhands-adp-memory/data/contextbench_phase2/execution_full_qwen36_65k_fix1/runs/scikit-learn__scikit-learn-25637/memory/stderr.log	694
FILE	/mnt/data/shashwat/openhands-adp-memory/data/contextbench_phase2/execution_full_qwen36_65k_fix1/runs/scikit-learn__scikit-learn-25637/memory/stdout.jsonl	326801
FILE	/mnt/data/shashwat/openhands-adp-memory/data/contextbench_phase2/execution_full_qwen36_65k_fix1/runs/scikit-learn__scikit-learn-25637/memory/.openhands_home/.openhands/conversations/b5b8c6f07ea24b058d58fe642efaad52/base_state.json	19141
FILE	/mnt/data/shashwat/openhands-adp-memory/data/contextbench_phase2/execution_full_qwen36_65k_fix1/runs/scikit-learn__scikit-learn-25637/memory/run_meta.json	6823
FILE	/mnt/data/shashwat/openhands-adp-memory/data/contextbench_phase2/execution_full_qwen36_65k_fix1/runs/scikit-learn__scikit-learn-25637/no_memory/prediction.json	2260
FILE	/mnt/data/shashwat/openhands-adp-memory/data/contextbench_phase2/execution_full_qwen36_65k_fix1/runs/scikit-learn__scikit-learn-25637/no_memory/patch.diff	2005
FILE	/mnt/data/shashwat/openhands-adp-memory/data/contextbench_phase2/execution_full_qwen36_65k_fix1/runs/scikit-learn__scikit-learn-25637/no_memory/stderr.log	694
FILE	/mnt/data/shashwat/openhands-adp-memory/data/contextbench_phase2/execution_full_qwen36_65k_fix1/runs/scikit-learn__scikit-learn-25637/no_memory/stdout.jsonl	523795
FILE	/mnt/data/shashwat/openhands-adp-memory/data/contextbench_phase2/execution_full_qwen36_65k_fix1/runs/scikit-learn__scikit-learn-25637/no_memory/.openhands_home/.openhands/conversations/f08c5623ed474581896524b20220b46a/base_state.json	22328
FILE	/mnt/data/shashwat/openhands-adp-memory/data/contextbench_phase2/execution_full_qwen36_65k_fix1/runs/scikit-learn__scikit-learn-25637/no_memory/run_meta.json	7000
FILE	/mnt/data/shashwat/openhands-adp-memory/data/contextbench_phase2/execution_full_qwen36_65k_fix1/runs/scikit-learn__scikit-learn-25637/raw/prediction.json	1212
FILE	/mnt/data/shashwat/openhands-adp-memory/data/contextbench_phase2/execution_full_qwen36_65k_fix1/runs/scikit-learn__scikit-learn-25637/raw/patch.diff	1013
FILE	/mnt/data/shashwat/openhands-adp-memory/data/contextbench_phase2/execution_full_qwen36_65k_fix1/runs/scikit-learn__scikit-learn-25637/raw/stderr.log	3712
FILE	/mnt/data/shashwat/openhands-adp-memory/data/contextbench_phase2/execution_full_qwen36_65k_fix1/runs/scikit-learn__scikit-learn-25637/raw/stdout.jsonl	361373
FILE	/mnt/data/shashwat/openhands-adp-memory/data/contextbench_phase2/execution_full_qwen36_65k_fix1/runs/scikit-learn__scikit-learn-25637/raw/.openhands_home/.openhands/conversations/d0acf6db2c104e1ba3dde272ccb03e58/base_state.json	17247
FILE	/mnt/data/shashwat/openhands-adp-memory/data/contextbench_phase2/execution_full_qwen36_65k_fix1/runs/scikit-learn__scikit-learn-25637/raw/run_meta.json	6750
FILE	/mnt/data/shashwat/openhands-adp-memory/data/contextbench_phase2/execution_full_qwen36_65k_fix1/runs/matplotlib__matplotlib-22706/adp/prediction.json	5136
FILE	/mnt/data/shashwat/openhands-adp-memory/data/contextbench_phase2/execution_full_qwen36_65k_fix1/runs/matplotlib__matplotlib-22706/adp/patch.diff	4785
FILE	/mnt/data/shashwat/openhands-adp-memory/data/contextbench_phase2/execution_full_qwen36_65k_fix1/runs/matplotlib__matplotlib-22706/adp/stderr.log	694
FILE	/mnt/data/shashwat/openhands-adp-memory/data/contextbench_phase2/execution_full_qwen36_65k_fix1/runs/matplotlib__matplotlib-22706/adp/stdout.jsonl	854974
FILE	/mnt/data/shashwat/openhands-adp-memory/data/contextbench_phase2/execution_full_qwen36_65k_fix1/runs/matplotlib__matplotlib-22706/adp/.openhands_home/.openhands/conversations/bc088985ba3c43abb214babb14d1f8b1/base_state.json	26767
FILE	/mnt/data/shashwat/openhands-adp-memory/data/contextbench_phase2/execution_full_qwen36_65k_fix1/runs/matplotlib__matplotlib-22706/adp/run_meta.json	6722
FILE	/mnt/data/shashwat/openhands-adp-memory/data/contextbench_phase2/execution_full_qwen36_65k_fix1/runs/matplotlib__matplotlib-22706/memory/prediction.json	5138
FILE	/mnt/data/shashwat/openhands-adp-memory/data/contextbench_phase2/execution_full_qwen36_65k_fix1/runs/matplotlib__matplotlib-22706/memory/patch.diff	4791
FILE	/mnt/data/shashwat/openhands-adp-memory/data/contextbench_phase2/execution_full_qwen36_65k_fix1/runs/matplotlib__matplotlib-22706/memory/stderr.log	694
FILE	/mnt/data/shashwat/openhands-adp-memory/data/contextbench_phase2/execution_full_qwen36_65k_fix1/runs/matplotlib__matplotlib-22706/memory/stdout.jsonl	604048
FILE	/mnt/data/shashwat/openhands-adp-memory/data/contextbench_phase2/execution_full_qwen36_65k_fix1/runs/matplotlib__matplotlib-22706/memory/.openhands_home/.openhands/conversations/9856ae9c36414595ac1dfff17cf37521/base_state.json	15972
FILE	/mnt/data/shashwat/openhands-adp-memory/data/contextbench_phase2/execution_full_qwen36_65k_fix1/runs/matplotlib__matplotlib-22706/memory/run_meta.json	9576
FILE	/mnt/data/shashwat/openhands-adp-memory/data/contextbench_phase2/execution_full_qwen36_65k_fix1/runs/matplotlib__matplotlib-22706/no_memory/prediction.json	7709
FILE	/mnt/data/shashwat/openhands-adp-memory/data/contextbench_phase2/execution_full_qwen36_65k_fix1/runs/matplotlib__matplotlib-22706/no_memory/patch.diff	7254
FILE	/mnt/data/shashwat/openhands-adp-memory/data/contextbench_phase2/execution_full_qwen36_65k_fix1/runs/matplotlib__matplotlib-22706/no_memory/stderr.log	694
FILE	/mnt/data/shashwat/openhands-adp-memory/data/contextbench_phase2/execution_full_qwen36_65k_fix1/runs/matplotlib__matplotlib-22706/no_memory/stdout.jsonl	1614159
FILE	/mnt/data/shashwat/openhands-adp-memory/data/contextbench_phase2/execution_full_qwen36_65k_fix1/runs/matplotlib__matplotlib-22706/no_memory/.openhands_home/.openhands/conversations/1b449c5e2666483eb48c66e344659523/base_state.json	66449
FILE	/mnt/data/shashwat/openhands-adp-memory/data/contextbench_phase2/execution_full_qwen36_65k_fix1/runs/matplotlib__matplotlib-22706/no_memory/run_meta.json	7518
FILE	/mnt/data/shashwat/openhands-adp-memory/data/contextbench_phase2/execution_full_qwen36_65k_fix1/runs/matplotlib__matplotlib-22706/raw/prediction.json	7357
FILE	/mnt/data/shashwat/openhands-adp-memory/data/contextbench_phase2/execution_full_qwen36_65k_fix1/runs/matplotlib__matplotlib-22706/raw/patch.diff	6911
FILE	/mnt/data/shashwat/openhands-adp-memory/data/contextbench_phase2/execution_full_qwen36_65k_fix1/runs/matplotlib__matplotlib-22706/raw/stderr.log	694
FILE	/mnt/data/shashwat/openhands-adp-memory/data/contextbench_phase2/execution_full_qwen36_65k_fix1/runs/matplotlib__matplotlib-22706/raw/stdout.jsonl	591424
FILE	/mnt/data/shashwat/openhands-adp-memory/data/contextbench_phase2/execution_full_qwen36_65k_fix1/runs/matplotlib__matplotlib-22706/raw/.openhands_home/.openhands/conversations/e6aa85080d0849f39eec18d293ee0e31/base_state.json	24854
FILE	/mnt/data/shashwat/openhands-adp-memory/data/contextbench_phase2/execution_full_qwen36_65k_fix1/runs/matplotlib__matplotlib-22706/raw/run_meta.json	6718
FILE	/mnt/data/shashwat/openhands-adp-memory/data/contextbench_phase2/execution_full_qwen36_65k_fix1/runs/sympy__sympy-9384/adp/prediction.json	4308
FILE	/mnt/data/shashwat/openhands-adp-memory/data/contextbench_phase2/execution_full_qwen36_65k_fix1/runs/sympy__sympy-9384/adp/patch.diff	4040
FILE	/mnt/data/shashwat/openhands-adp-memory/data/contextbench_phase2/execution_full_qwen36_65k_fix1/runs/sympy__sympy-9384/adp/stderr.log	263
FILE	/mnt/data/shashwat/openhands-adp-memory/data/contextbench_phase2/execution_full_qwen36_65k_fix1/runs/sympy__sympy-9384/adp/stdout.jsonl	1069765
FILE	/mnt/data/shashwat/openhands-adp-memory/data/contextbench_phase2/execution_full_qwen36_65k_fix1/runs/sympy__sympy-9384/adp/.openhands_home/.openhands/conversations/e9c100a7bc944213ae62f50ece01258c/base_state.json	31601
FILE	/mnt/data/shashwat/openhands-adp-memory/data/contextbench_phase2/execution_full_qwen36_65k_fix1/runs/sympy__sympy-9384/adp/run_meta.json	6379
FILE	/mnt/data/shashwat/openhands-adp-memory/data/contextbench_phase2/execution_full_qwen36_65k_fix1/runs/sympy__sympy-9384/memory/prediction.json	151
FILE	/mnt/data/shashwat/openhands-adp-memory/data/contextbench_phase2/execution_full_qwen36_65k_fix1/runs/sympy__sympy-9384/memory/patch.diff	0
FILE	/mnt/data/shashwat/openhands-adp-memory/data/contextbench_phase2/execution_full_qwen36_65k_fix1/runs/sympy__sympy-9384/memory/stderr.log	2531
FILE	/mnt/data/shashwat/openhands-adp-memory/data/contextbench_phase2/execution_full_qwen36_65k_fix1/runs/sympy__sympy-9384/memory/stdout.jsonl	396162
FILE	/mnt/data/shashwat/openhands-adp-memory/data/contextbench_phase2/execution_full_qwen36_65k_fix1/runs/sympy__sympy-9384/memory/.openhands_home/.openhands/conversations/4aa22c9cd875492db0567a1158df3c0f/base_state.json	11540
FILE	/mnt/data/shashwat/openhands-adp-memory/data/contextbench_phase2/execution_full_qwen36_65k_fix1/runs/sympy__sympy-9384/memory/run_meta.json	6480
FILE	/mnt/data/shashwat/openhands-adp-memory/data/contextbench_phase2/execution_full_qwen36_65k_fix1/runs/sympy__sympy-9384/no_memory/prediction.json	151
FILE	/mnt/data/shashwat/openhands-adp-memory/data/contextbench_phase2/execution_full_qwen36_65k_fix1/runs/sympy__sympy-9384/no_memory/patch.diff	0
FILE	/mnt/data/shashwat/openhands-adp-memory/data/contextbench_phase2/execution_full_qwen36_65k_fix1/runs/sympy__sympy-9384/no_memory/stderr.log	2855
FILE	/mnt/data/shashwat/openhands-adp-memory/data/contextbench_phase2/execution_full_qwen36_65k_fix1/runs/sympy__sympy-9384/no_memory/stdout.jsonl	132082
FILE	/mnt/data/shashwat/openhands-adp-memory/data/contextbench_phase2/execution_full_qwen36_65k_fix1/runs/sympy__sympy-9384/no_memory/.openhands_home/.openhands/conversations/fc1dde730ec74cdfb59f0d729a31e5b2/base_state.json	9621
FILE	/mnt/data/shashwat/openhands-adp-memory/data/contextbench_phase2/execution_full_qwen36_65k_fix1/runs/sympy__sympy-9384/no_memory/run_meta.json	6574
FILE	/mnt/data/shashwat/openhands-adp-memory/data/contextbench_phase2/execution_full_qwen36_65k_fix1/runs/sympy__sympy-9384/raw/prediction.json	4235
FILE	/mnt/data/shashwat/openhands-adp-memory/data/contextbench_phase2/execution_full_qwen36_65k_fix1/runs/sympy__sympy-9384/raw/patch.diff	3946
FILE	/mnt/data/shashwat/openhands-adp-memory/data/contextbench_phase2/execution_full_qwen36_65k_fix1/runs/sympy__sympy-9384/raw/stderr.log	263
FILE	/mnt/data/shashwat/openhands-adp-memory/data/contextbench_phase2/execution_full_qwen36_65k_fix1/runs/sympy__sympy-9384/raw/stdout.jsonl	549191
FILE	/mnt/data/shashwat/openhands-adp-memory/data/contextbench_phase2/execution_full_qwen36_65k_fix1/runs/sympy__sympy-9384/raw/.openhands_home/.openhands/conversations/a78076a8d98348e5bd4722cd93723fd1/base_state.json	21415
FILE	/mnt/data/shashwat/openhands-adp-memory/data/contextbench_phase2/execution_full_qwen36_65k_fix1/runs/sympy__sympy-9384/raw/run_meta.json	6395
FILE	/mnt/data/shashwat/openhands-adp-memory/data/contextbench_phase2/execution_full_qwen36_65k_fix1/runs/matplotlib__matplotlib-26331/adp/prediction.json	2206
FILE	/mnt/data/shashwat/openhands-adp-memory/data/contextbench_phase2/execution_full_qwen36_65k_fix1/runs/matplotlib__matplotlib-26331/adp/patch.diff	1967
FILE	/mnt/data/shashwat/openhands-adp-memory/data/contextbench_phase2/execution_full_qwen36_65k_fix1/runs/matplotlib__matplotlib-26331/adp/stderr.log	694
FILE	/mnt/data/shashwat/openhands-adp-memory/data/contextbench_phase2/execution_full_qwen36_65k_fix1/runs/matplotlib__matplotlib-26331/adp/stdout.jsonl	157704
FILE	/mnt/data/shashwat/openhands-adp-memory/data/contextbench_phase2/execution_full_qwen36_65k_fix1/runs/matplotlib__matplotlib-26331/adp/.openhands_home/.openhands/conversations/297434ca497c4c0d85136f19d61bfeec/base_state.json	10889
FILE	/mnt/data/shashwat/openhands-adp-memory/data/contextbench_phase2/execution_full_qwen36_65k_fix1/runs/matplotlib__matplotlib-26331/adp/run_meta.json	6717
FILE	/mnt/data/shashwat/openhands-adp-memory/data/contextbench_phase2/execution_full_qwen36_65k_fix1/runs/matplotlib__matplotlib-26331/memory/prediction.json	162
FILE	/mnt/data/shashwat/openhands-adp-memory/data/contextbench_phase2/execution_full_qwen36_65k_fix1/runs/matplotlib__matplotlib-26331/memory/patch.diff	0
FILE	/mnt/data/shashwat/openhands-adp-memory/data/contextbench_phase2/execution_full_qwen36_65k_fix1/runs/matplotlib__matplotlib-26331/memory/stderr.log	694
FILE	/mnt/data/shashwat/openhands-adp-memory/data/contextbench_phase2/execution_full_qwen36_65k_fix1/runs/matplotlib__matplotlib-26331/memory/stdout.jsonl	64988
FILE	/mnt/data/shashwat/openhands-adp-memory/data/contextbench_phase2/execution_full_qwen36_65k_fix1/runs/matplotlib__matplotlib-26331/memory/.openhands_home/.openhands/conversations/d65977da9d474141ba3427dbcd8f907a/base_state.json	6759
FILE	/mnt/data/shashwat/openhands-adp-memory/data/contextbench_phase2/execution_full_qwen36_65k_fix1/runs/matplotlib__matplotlib-26331/memory/run_meta.json	6758
FILE	/mnt/data/shashwat/openhands-adp-memory/data/contextbench_phase2/execution_full_qwen36_65k_fix1/runs/matplotlib__matplotlib-26331/no_memory/prediction.json	162
FILE	/mnt/data/shashwat/openhands-adp-memory/data/contextbench_phase2/execution_full_qwen36_65k_fix1/runs/matplotlib__matplotlib-26331/no_memory/patch.diff	0
FILE	/mnt/data/shashwat/openhands-adp-memory/data/contextbench_phase2/execution_full_qwen36_65k_fix1/runs/matplotlib__matplotlib-26331/no_memory/stderr.log	694
FILE	/mnt/data/shashwat/openhands-adp-memory/data/contextbench_phase2/execution_full_qwen36_65k_fix1/runs/matplotlib__matplotlib-26331/no_memory/stdout.jsonl	92351
FILE	/mnt/data/shashwat/openhands-adp-memory/data/contextbench_phase2/execution_full_qwen36_65k_fix1/runs/matplotlib__matplotlib-26331/no_memory/.openhands_home/.openhands/conversations/86f7a155c4054b9ba2d72fda3c1fd6a6/base_state.json	12142
FILE	/mnt/data/shashwat/openhands-adp-memory/data/contextbench_phase2/execution_full_qwen36_65k_fix1/runs/matplotlib__matplotlib-26331/no_memory/run_meta.json	6851
FILE	/mnt/data/shashwat/openhands-adp-memory/data/contextbench_phase2/execution_full_qwen36_65k_fix1/runs/matplotlib__matplotlib-26331/raw/prediction.json	2015
FILE	/mnt/data/shashwat/openhands-adp-memory/data/contextbench_phase2/execution_full_qwen36_65k_fix1/runs/matplotlib__matplotlib-26331/raw/patch.diff	1795
FILE	/mnt/data/shashwat/openhands-adp-memory/data/contextbench_phase2/execution_full_qwen36_65k_fix1/runs/matplotlib__matplotlib-26331/raw/stderr.log	694
FILE	/mnt/data/shashwat/openhands-adp-memory/data/contextbench_phase2/execution_full_qwen36_65k_fix1/runs/matplotlib__matplotlib-26331/raw/stdout.jsonl	313150
FILE	/mnt/data/shashwat/openhands-adp-memory/data/contextbench_phase2/execution_full_qwen36_65k_fix1/runs/matplotlib__matplotlib-26331/raw/.openhands_home/.openhands/conversations/5a826c6146d34023b301bb65fc158c21/base_state.json	15660
FILE	/mnt/data/shashwat/openhands-adp-memory/data/contextbench_phase2/execution_full_qwen36_65k_fix1/runs/matplotlib__matplotlib-26331/raw/run_meta.json	6713
FILE	/mnt/data/shashwat/openhands-adp-memory/data/contextbench_phase2/execution_full_qwen36_65k_fix1/runs/django__django-31051/adp/prediction.json	3875
FILE	/mnt/data/shashwat/openhands-adp-memory/data/contextbench_phase2/execution_full_qwen36_65k_fix1/runs/django__django-31051/adp/patch.diff	3629
FILE	/mnt/data/shashwat/openhands-adp-memory/data/contextbench_phase2/execution_full_qwen36_65k_fix1/runs/django__django-31051/adp/stderr.log	694
FILE	/mnt/data/shashwat/openhands-adp-memory/data/contextbench_phase2/execution_full_qwen36_65k_fix1/runs/django__django-31051/adp/stdout.jsonl	562971
FILE	/mnt/data/shashwat/openhands-adp-memory/data/contextbench_phase2/execution_full_qwen36_65k_fix1/runs/django__django-31051/adp/.openhands_home/.openhands/conversations/1bc9e17fa8e24e2cb4218361e4874af0/base_state.json	22309
FILE	/mnt/data/shashwat/openhands-adp-memory/data/contextbench_phase2/execution_full_qwen36_65k_fix1/runs/django__django-31051/adp/run_meta.json	6465
FILE	/mnt/data/shashwat/openhands-adp-memory/data/contextbench_phase2/execution_full_qwen36_65k_fix1/runs/django__django-31051/memory/prediction.json	6267
FILE	/mnt/data/shashwat/openhands-adp-memory/data/contextbench_phase2/execution_full_qwen36_65k_fix1/runs/django__django-31051/memory/patch.diff	5924
FILE	/mnt/data/shashwat/openhands-adp-memory/data/contextbench_phase2/execution_full_qwen36_65k_fix1/runs/django__django-31051/memory/stderr.log	694
FILE	/mnt/data/shashwat/openhands-adp-memory/data/contextbench_phase2/execution_full_qwen36_65k_fix1/runs/django__django-31051/memory/stdout.jsonl	768235
FILE	/mnt/data/shashwat/openhands-adp-memory/data/contextbench_phase2/execution_full_qwen36_65k_fix1/runs/django__django-31051/memory/.openhands_home/.openhands/conversations/35aefb80b5fc47db9092c49a767afefc/base_state.json	25824
FILE	/mnt/data/shashwat/openhands-adp-memory/data/contextbench_phase2/execution_full_qwen36_65k_fix1/runs/django__django-31051/memory/run_meta.json	6563
FILE	/mnt/data/shashwat/openhands-adp-memory/data/contextbench_phase2/execution_full_qwen36_65k_fix1/runs/django__django-31051/no_memory/prediction.json	5577
FILE	/mnt/data/shashwat/openhands-adp-memory/data/contextbench_phase2/execution_full_qwen36_65k_fix1/runs/django__django-31051/no_memory/patch.diff	5248
FILE	/mnt/data/shashwat/openhands-adp-memory/data/contextbench_phase2/execution_full_qwen36_65k_fix1/runs/django__django-31051/no_memory/stderr.log	694
FILE	/mnt/data/shashwat/openhands-adp-memory/data/contextbench_phase2/execution_full_qwen36_65k_fix1/runs/django__django-31051/no_memory/stdout.jsonl	355771
FILE	/mnt/data/shashwat/openhands-adp-memory/data/contextbench_phase2/execution_full_qwen36_65k_fix1/runs/django__django-31051/no_memory/.openhands_home/.openhands/conversations/eb2f70a3cff647b49da91e9831407d90/base_state.json	20409
FILE	/mnt/data/shashwat/openhands-adp-memory/data/contextbench_phase2/execution_full_qwen36_65k_fix1/runs/django__django-31051/no_memory/run_meta.json	6612
FILE	/mnt/data/shashwat/openhands-adp-memory/data/contextbench_phase2/execution_full_qwen36_65k_fix1/runs/django__django-31051/raw/prediction.json	5509
FILE	/mnt/data/shashwat/openhands-adp-memory/data/contextbench_phase2/execution_full_qwen36_65k_fix1/runs/django__django-31051/raw/patch.diff	5201
FILE	/mnt/data/shashwat/openhands-adp-memory/data/contextbench_phase2/execution_full_qwen36_65k_fix1/runs/django__django-31051/raw/stderr.log	694
FILE	/mnt/data/shashwat/openhands-adp-memory/data/contextbench_phase2/execution_full_qwen36_65k_fix1/runs/django__django-31051/raw/stdout.jsonl	519421
FILE	/mnt/data/shashwat/openhands-adp-memory/data/contextbench_phase2/execution_full_qwen36_65k_fix1/runs/django__django-31051/raw/.openhands_home/.openhands/conversations/277c22a54604402abddbc3171a36c363/base_state.json	21369
FILE	/mnt/data/shashwat/openhands-adp-memory/data/contextbench_phase2/execution_full_qwen36_65k_fix1/runs/django__django-31051/raw/run_meta.json	6482
FILE	/mnt/data/shashwat/openhands-adp-memory/data/contextbench_phase2/execution_full_qwen36_65k_fix1/runs/sympy__sympy-8772/adp/prediction.json	1308
FILE	/mnt/data/shashwat/openhands-adp-memory/data/contextbench_phase2/execution_full_qwen36_65k_fix1/runs/sympy__sympy-8772/adp/patch.diff	1126
FILE	/mnt/data/shashwat/openhands-adp-memory/data/contextbench_phase2/execution_full_qwen36_65k_fix1/runs/sympy__sympy-8772/adp/stderr.log	263
FILE	/mnt/data/shashwat/openhands-adp-memory/data/contextbench_phase2/execution_full_qwen36_65k_fix1/runs/sympy__sympy-8772/adp/stdout.jsonl	278803
FILE	/mnt/data/shashwat/openhands-adp-memory/data/contextbench_phase2/execution_full_qwen36_65k_fix1/runs/sympy__sympy-8772/adp/.openhands_home/.openhands/conversations/9e190f2432ce4197beaef1c72aed2c6f/base_state.json	10577
FILE	/mnt/data/shashwat/openhands-adp-memory/data/contextbench_phase2/execution_full_qwen36_65k_fix1/runs/sympy__sympy-8772/adp/run_meta.json	6393
FILE	/mnt/data/shashwat/openhands-adp-memory/data/contextbench_phase2/execution_full_qwen36_65k_fix1/runs/sympy__sympy-8772/memory/prediction.json	712
FILE	/mnt/data/shashwat/openhands-adp-memory/data/contextbench_phase2/execution_full_qwen36_65k_fix1/runs/sympy__sympy-8772/memory/patch.diff	547
FILE	/mnt/data/shashwat/openhands-adp-memory/data/contextbench_phase2/execution_full_qwen36_65k_fix1/runs/sympy__sympy-8772/memory/stderr.log	263
FILE	/mnt/data/shashwat/openhands-adp-memory/data/contextbench_phase2/execution_full_qwen36_65k_fix1/runs/sympy__sympy-8772/memory/stdout.jsonl	177938
FILE	/mnt/data/shashwat/openhands-adp-memory/data/contextbench_phase2/execution_full_qwen36_65k_fix1/runs/sympy__sympy-8772/memory/.openhands_home/.openhands/conversations/962062ffeb38450aa069efbf926a73cb/base_state.json	7087
FILE	/mnt/data/shashwat/openhands-adp-memory/data/contextbench_phase2/execution_full_qwen36_65k_fix1/runs/sympy__sympy-8772/memory/run_meta.json	6431
FILE	/mnt/data/shashwat/openhands-adp-memory/data/contextbench_phase2/execution_full_qwen36_65k_fix1/runs/sympy__sympy-8772/no_memory/prediction.json	712
FILE	/mnt/data/shashwat/openhands-adp-memory/data/contextbench_phase2/execution_full_qwen36_65k_fix1/runs/sympy__sympy-8772/no_memory/patch.diff	547
FILE	/mnt/data/shashwat/openhands-adp-memory/data/contextbench_phase2/execution_full_qwen36_65k_fix1/runs/sympy__sympy-8772/no_memory/stderr.log	263
FILE	/mnt/data/shashwat/openhands-adp-memory/data/contextbench_phase2/execution_full_qwen36_65k_fix1/runs/sympy__sympy-8772/no_memory/stdout.jsonl	192576
FILE	/mnt/data/shashwat/openhands-adp-memory/data/contextbench_phase2/execution_full_qwen36_65k_fix1/runs/sympy__sympy-8772/no_memory/.openhands_home/.openhands/conversations/e1b3854c1d634ecbbac7ad3145ceaada/base_state.json	9297
FILE	/mnt/data/shashwat/openhands-adp-memory/data/contextbench_phase2/execution_full_qwen36_65k_fix1/runs/sympy__sympy-8772/no_memory/run_meta.json	6562
FILE	/mnt/data/shashwat/openhands-adp-memory/data/contextbench_phase2/execution_full_qwen36_65k_fix1/runs/sympy__sympy-8772/raw/prediction.json	1308
FILE	/mnt/data/shashwat/openhands-adp-memory/data/contextbench_phase2/execution_full_qwen36_65k_fix1/runs/sympy__sympy-8772/raw/patch.diff	1126
FILE	/mnt/data/shashwat/openhands-adp-memory/data/contextbench_phase2/execution_full_qwen36_65k_fix1/runs/sympy__sympy-8772/raw/stderr.log	263
FILE	/mnt/data/shashwat/openhands-adp-memory/data/contextbench_phase2/execution_full_qwen36_65k_fix1/runs/sympy__sympy-8772/raw/stdout.jsonl	240448
FILE	/mnt/data/shashwat/openhands-adp-memory/data/contextbench_phase2/execution_full_qwen36_65k_fix1/runs/sympy__sympy-8772/raw/.openhands_home/.openhands/conversations/d0124336bc23441ba89c142de9c6aa05/base_state.json	7404
FILE	/mnt/data/shashwat/openhands-adp-memory/data/contextbench_phase2/execution_full_qwen36_65k_fix1/runs/sympy__sympy-8772/raw/run_meta.json	6392
FILE	/mnt/data/shashwat/openhands-adp-memory/data/contextbench_phase2/execution_full_qwen36_65k_fix1/runs/matplotlib__matplotlib-23172/adp/prediction.json	881
FILE	/mnt/data/shashwat/openhands-adp-memory/data/contextbench_phase2/execution_full_qwen36_65k_fix1/runs/matplotlib__matplotlib-23172/adp/patch.diff	689
FILE	/mnt/data/shashwat/openhands-adp-memory/data/contextbench_phase2/execution_full_qwen36_65k_fix1/runs/matplotlib__matplotlib-23172/adp/stderr.log	3286
FILE	/mnt/data/shashwat/openhands-adp-memory/data/contextbench_phase2/execution_full_qwen36_65k_fix1/runs/matplotlib__matplotlib-23172/adp/stdout.jsonl	319483
FILE	/mnt/data/shashwat/openhands-adp-memory/data/contextbench_phase2/execution_full_qwen36_65k_fix1/runs/matplotlib__matplotlib-23172/adp/.openhands_home/.openhands/conversations/3eee1af666634121bd1db055858a2130/base_state.json	7397
FILE	/mnt/data/shashwat/openhands-adp-memory/data/contextbench_phase2/execution_full_qwen36_65k_fix1/runs/matplotlib__matplotlib-23172/adp/run_meta.json	6714
FILE	/mnt/data/shashwat/openhands-adp-memory/data/contextbench_phase2/execution_full_qwen36_65k_fix1/runs/matplotlib__matplotlib-23172/memory/prediction.json	2082
FILE	/mnt/data/shashwat/openhands-adp-memory/data/contextbench_phase2/execution_full_qwen36_65k_fix1/runs/matplotlib__matplotlib-23172/memory/patch.diff	1833
FILE	/mnt/data/shashwat/openhands-adp-memory/data/contextbench_phase2/execution_full_qwen36_65k_fix1/runs/matplotlib__matplotlib-23172/memory/stderr.log	694
FILE	/mnt/data/shashwat/openhands-adp-memory/data/contextbench_phase2/execution_full_qwen36_65k_fix1/runs/matplotlib__matplotlib-23172/memory/stdout.jsonl	419795
FILE	/mnt/data/shashwat/openhands-adp-memory/data/contextbench_phase2/execution_full_qwen36_65k_fix1/runs/matplotlib__matplotlib-23172/memory/.openhands_home/.openhands/conversations/75a6079192834f378c0ac52aec692205/base_state.json	15022
FILE	/mnt/data/shashwat/openhands-adp-memory/data/contextbench_phase2/execution_full_qwen36_65k_fix1/runs/matplotlib__matplotlib-23172/memory/run_meta.json	6772
FILE	/mnt/data/shashwat/openhands-adp-memory/data/contextbench_phase2/execution_full_qwen36_65k_fix1/runs/matplotlib__matplotlib-23172/no_memory/prediction.json	1167
FILE	/mnt/data/shashwat/openhands-adp-memory/data/contextbench_phase2/execution_full_qwen36_65k_fix1/runs/matplotlib__matplotlib-23172/no_memory/patch.diff	958
FILE	/mnt/data/shashwat/openhands-adp-memory/data/contextbench_phase2/execution_full_qwen36_65k_fix1/runs/matplotlib__matplotlib-23172/no_memory/stderr.log	694
FILE	/mnt/data/shashwat/openhands-adp-memory/data/contextbench_phase2/execution_full_qwen36_65k_fix1/runs/matplotlib__matplotlib-23172/no_memory/stdout.jsonl	264419
FILE	/mnt/data/shashwat/openhands-adp-memory/data/contextbench_phase2/execution_full_qwen36_65k_fix1/runs/matplotlib__matplotlib-23172/no_memory/.openhands_home/.openhands/conversations/b96bf0c048064bf19eb07810116de97a/base_state.json	27387
FILE	/mnt/data/shashwat/openhands-adp-memory/data/contextbench_phase2/execution_full_qwen36_65k_fix1/runs/matplotlib__matplotlib-23172/no_memory/run_meta.json	6840
FILE	/mnt/data/shashwat/openhands-adp-memory/data/contextbench_phase2/execution_full_qwen36_65k_fix1/runs/matplotlib__matplotlib-23172/raw/prediction.json	1702839
FILE	/mnt/data/shashwat/openhands-adp-memory/data/contextbench_phase2/execution_full_qwen36_65k_fix1/runs/matplotlib__matplotlib-23172/raw/patch.diff	1677368
FILE	/mnt/data/shashwat/openhands-adp-memory/data/contextbench_phase2/execution_full_qwen36_65k_fix1/runs/matplotlib__matplotlib-23172/raw/stderr.log	694
FILE	/mnt/data/shashwat/openhands-adp-memory/data/contextbench_phase2/execution_full_qwen36_65k_fix1/runs/matplotlib__matplotlib-23172/raw/stdout.jsonl	1956035
FILE	/mnt/data/shashwat/openhands-adp-memory/data/contextbench_phase2/execution_full_qwen36_65k_fix1/runs/matplotlib__matplotlib-23172/raw/.openhands_home/.openhands/conversations/861604fbcf7a46e6b65f5b31866e19b9/base_state.json	43955
FILE	/mnt/data/shashwat/openhands-adp-memory/data/contextbench_phase2/execution_full_qwen36_65k_fix1/runs/matplotlib__matplotlib-23172/raw/run_meta.json	6728
FILE	/mnt/data/shashwat/openhands-adp-memory/data/contextbench_phase2/execution_full_qwen36_65k_fix1/runs/django__django-35356/adp/prediction.json	2747
FILE	/mnt/data/shashwat/openhands-adp-memory/data/contextbench_phase2/execution_full_qwen36_65k_fix1/runs/django__django-35356/adp/patch.diff	2480
FILE	/mnt/data/shashwat/openhands-adp-memory/data/contextbench_phase2/execution_full_qwen36_65k_fix1/runs/django__django-35356/adp/stderr.log	694
FILE	/mnt/data/shashwat/openhands-adp-memory/data/contextbench_phase2/execution_full_qwen36_65k_fix1/runs/django__django-35356/adp/stdout.jsonl	140355
FILE	/mnt/data/shashwat/openhands-adp-memory/data/contextbench_phase2/execution_full_qwen36_65k_fix1/runs/django__django-35356/adp/.openhands_home/.openhands/conversations/c37dce8de55e44b5903f11beae2f2178/base_state.json	10256
FILE	/mnt/data/shashwat/openhands-adp-memory/data/contextbench_phase2/execution_full_qwen36_65k_fix1/runs/django__django-35356/adp/run_meta.json	6463
FILE	/mnt/data/shashwat/openhands-adp-memory/data/contextbench_phase2/execution_full_qwen36_65k_fix1/runs/django__django-35356/memory/prediction.json	154
FILE	/mnt/data/shashwat/openhands-adp-memory/data/contextbench_phase2/execution_full_qwen36_65k_fix1/runs/django__django-35356/memory/patch.diff	0
FILE	/mnt/data/shashwat/openhands-adp-memory/data/contextbench_phase2/execution_full_qwen36_65k_fix1/runs/django__django-35356/memory/stderr.log	694
FILE	/mnt/data/shashwat/openhands-adp-memory/data/contextbench_phase2/execution_full_qwen36_65k_fix1/runs/django__django-35356/memory/stdout.jsonl	89905
FILE	/mnt/data/shashwat/openhands-adp-memory/data/contextbench_phase2/execution_full_qwen36_65k_fix1/runs/django__django-35356/memory/.openhands_home/.openhands/conversations/ed03219b9e264ac796e20d29d0442b3e/base_state.json	8024
FILE	/mnt/data/shashwat/openhands-adp-memory/data/contextbench_phase2/execution_full_qwen36_65k_fix1/runs/django__django-35356/memory/run_meta.json	6566
FILE	/mnt/data/shashwat/openhands-adp-memory/data/contextbench_phase2/execution_full_qwen36_65k_fix1/runs/django__django-35356/no_memory/prediction.json	154
FILE	/mnt/data/shashwat/openhands-adp-memory/data/contextbench_phase2/execution_full_qwen36_65k_fix1/runs/django__django-35356/no_memory/patch.diff	0
FILE	/mnt/data/shashwat/openhands-adp-memory/data/contextbench_phase2/execution_full_qwen36_65k_fix1/runs/django__django-35356/no_memory/stderr.log	694
FILE	/mnt/data/shashwat/openhands-adp-memory/data/contextbench_phase2/execution_full_qwen36_65k_fix1/runs/django__django-35356/no_memory/stdout.jsonl	130401
FILE	/mnt/data/shashwat/openhands-adp-memory/data/contextbench_phase2/execution_full_qwen36_65k_fix1/runs/django__django-35356/no_memory/.openhands_home/.openhands/conversations/6deb324c82714c588baefd9145844594/base_state.json	12463
FILE	/mnt/data/shashwat/openhands-adp-memory/data/contextbench_phase2/execution_full_qwen36_65k_fix1/runs/django__django-35356/no_memory/run_meta.json	6619
FILE	/mnt/data/shashwat/openhands-adp-memory/data/contextbench_phase2/execution_full_qwen36_65k_fix1/runs/django__django-35356/raw/prediction.json	3183
FILE	/mnt/data/shashwat/openhands-adp-memory/data/contextbench_phase2/execution_full_qwen36_65k_fix1/runs/django__django-35356/raw/patch.diff	2922
FILE	/mnt/data/shashwat/openhands-adp-memory/data/contextbench_phase2/execution_full_qwen36_65k_fix1/runs/django__django-35356/raw/stderr.log	694
FILE	/mnt/data/shashwat/openhands-adp-memory/data/contextbench_phase2/execution_full_qwen36_65k_fix1/runs/django__django-35356/raw/stdout.jsonl	1529349
FILE	/mnt/data/shashwat/openhands-adp-memory/data/contextbench_phase2/execution_full_qwen36_65k_fix1/runs/django__django-35356/raw/.openhands_home/.openhands/conversations/20c64c99f6b2487d8a6cfa5e881e271c/base_state.json	52480
FILE	/mnt/data/shashwat/openhands-adp-memory/data/contextbench_phase2/execution_full_qwen36_65k_fix1/runs/django__django-35356/raw/run_meta.json	6468
FILE	/mnt/data/shashwat/openhands-adp-memory/data/contextbench_phase2/execution_full_qwen36_65k_fix1/runs/scikit-learn__scikit-learn-15093/adp/prediction.json	944
FILE	/mnt/data/shashwat/openhands-adp-memory/data/contextbench_phase2/execution_full_qwen36_65k_fix1/runs/scikit-learn__scikit-learn-15093/adp/patch.diff	762
FILE	/mnt/data/shashwat/openhands-adp-memory/data/contextbench_phase2/execution_full_qwen36_65k_fix1/runs/scikit-learn__scikit-learn-15093/adp/stderr.log	694
FILE	/mnt/data/shashwat/openhands-adp-memory/data/contextbench_phase2/execution_full_qwen36_65k_fix1/runs/scikit-learn__scikit-learn-15093/adp/stdout.jsonl	430857
FILE	/mnt/data/shashwat/openhands-adp-memory/data/contextbench_phase2/execution_full_qwen36_65k_fix1/runs/scikit-learn__scikit-learn-15093/adp/.openhands_home/.openhands/conversations/a6a221d78f3344ffb2ea6edec2078c1e/base_state.json	15361
FILE	/mnt/data/shashwat/openhands-adp-memory/data/contextbench_phase2/execution_full_qwen36_65k_fix1/runs/scikit-learn__scikit-learn-15093/adp/run_meta.json	6848
FILE	/mnt/data/shashwat/openhands-adp-memory/data/contextbench_phase2/execution_full_qwen36_65k_fix1/runs/scikit-learn__scikit-learn-15093/memory/prediction.json	12915
FILE	/mnt/data/shashwat/openhands-adp-memory/data/contextbench_phase2/execution_full_qwen36_65k_fix1/runs/scikit-learn__scikit-learn-15093/memory/patch.diff	12238
FILE	/mnt/data/shashwat/openhands-adp-memory/data/contextbench_phase2/execution_full_qwen36_65k_fix1/runs/scikit-learn__scikit-learn-15093/memory/stderr.log	694
FILE	/mnt/data/shashwat/openhands-adp-memory/data/contextbench_phase2/execution_full_qwen36_65k_fix1/runs/scikit-learn__scikit-learn-15093/memory/stdout.jsonl	691582
FILE	/mnt/data/shashwat/openhands-adp-memory/data/contextbench_phase2/execution_full_qwen36_65k_fix1/runs/scikit-learn__scikit-learn-15093/memory/.openhands_home/.openhands/conversations/fb2e5eb55835498b8b53826231658b46/base_state.json	23287
FILE	/mnt/data/shashwat/openhands-adp-memory/data/contextbench_phase2/execution_full_qwen36_65k_fix1/runs/scikit-learn__scikit-learn-15093/memory/run_meta.json	6890
FILE	/mnt/data/shashwat/openhands-adp-memory/data/contextbench_phase2/execution_full_qwen36_65k_fix1/runs/scikit-learn__scikit-learn-15093/no_memory/prediction.json	964
FILE	/mnt/data/shashwat/openhands-adp-memory/data/contextbench_phase2/execution_full_qwen36_65k_fix1/runs/scikit-learn__scikit-learn-15093/no_memory/patch.diff	783
FILE	/mnt/data/shashwat/openhands-adp-memory/data/contextbench_phase2/execution_full_qwen36_65k_fix1/runs/scikit-learn__scikit-learn-15093/no_memory/stderr.log	694
FILE	/mnt/data/shashwat/openhands-adp-memory/data/contextbench_phase2/execution_full_qwen36_65k_fix1/runs/scikit-learn__scikit-learn-15093/no_memory/stdout.jsonl	364675
FILE	/mnt/data/shashwat/openhands-adp-memory/data/contextbench_phase2/execution_full_qwen36_65k_fix1/runs/scikit-learn__scikit-learn-15093/no_memory/.openhands_home/.openhands/conversations/6d3b28e55ab249f09d228b032103ce36/base_state.json	21689
FILE	/mnt/data/shashwat/openhands-adp-memory/data/contextbench_phase2/execution_full_qwen36_65k_fix1/runs/scikit-learn__scikit-learn-15093/no_memory/run_meta.json	6975
FILE	/mnt/data/shashwat/openhands-adp-memory/data/contextbench_phase2/execution_full_qwen36_65k_fix1/runs/scikit-learn__scikit-learn-15093/raw/prediction.json	1258
FILE	/mnt/data/shashwat/openhands-adp-memory/data/contextbench_phase2/execution_full_qwen36_65k_fix1/runs/scikit-learn__scikit-learn-15093/raw/patch.diff	1071
FILE	/mnt/data/shashwat/openhands-adp-memory/data/contextbench_phase2/execution_full_qwen36_65k_fix1/runs/scikit-learn__scikit-learn-15093/raw/stderr.log	694
FILE	/mnt/data/shashwat/openhands-adp-memory/data/contextbench_phase2/execution_full_qwen36_65k_fix1/runs/scikit-learn__scikit-learn-15093/raw/stdout.jsonl	488017
FILE	/mnt/data/shashwat/openhands-adp-memory/data/contextbench_phase2/execution_full_qwen36_65k_fix1/runs/scikit-learn__scikit-learn-15093/raw/.openhands_home/.openhands/conversations/f9ef90c5314f415386317ac56a5a7ed2/base_state.json	16304
FILE	/mnt/data/shashwat/openhands-adp-memory/data/contextbench_phase2/execution_full_qwen36_65k_fix1/runs/scikit-learn__scikit-learn-15093/raw/run_meta.json	6813
FILE	/mnt/data/shashwat/openhands-adp-memory/data/contextbench_phase2/execution_full_qwen36_65k_fix1/runs/django__django-30254/adp/prediction.json	1283
FILE	/mnt/data/shashwat/openhands-adp-memory/data/contextbench_phase2/execution_full_qwen36_65k_fix1/runs/django__django-30254/adp/patch.diff	1102
FILE	/mnt/data/shashwat/openhands-adp-memory/data/contextbench_phase2/execution_full_qwen36_65k_fix1/runs/django__django-30254/adp/stderr.log	694
FILE	/mnt/data/shashwat/openhands-adp-memory/data/contextbench_phase2/execution_full_qwen36_65k_fix1/runs/django__django-30254/adp/stdout.jsonl	535023
FILE	/mnt/data/shashwat/openhands-adp-memory/data/contextbench_phase2/execution_full_qwen36_65k_fix1/runs/django__django-30254/adp/.openhands_home/.openhands/conversations/65b8ab00afd3412d9d1872b6cd638e1a/base_state.json	13444
FILE	/mnt/data/shashwat/openhands-adp-memory/data/contextbench_phase2/execution_full_qwen36_65k_fix1/runs/django__django-30254/adp/run_meta.json	6462
FILE	/mnt/data/shashwat/openhands-adp-memory/data/contextbench_phase2/execution_full_qwen36_65k_fix1/runs/django__django-30254/memory/prediction.json	2203
FILE	/mnt/data/shashwat/openhands-adp-memory/data/contextbench_phase2/execution_full_qwen36_65k_fix1/runs/django__django-30254/memory/patch.diff	1959
FILE	/mnt/data/shashwat/openhands-adp-memory/data/contextbench_phase2/execution_full_qwen36_65k_fix1/runs/django__django-30254/memory/stderr.log	3286
FILE	/mnt/data/shashwat/openhands-adp-memory/data/contextbench_phase2/execution_full_qwen36_65k_fix1/runs/django__django-30254/memory/stdout.jsonl	111989
FILE	/mnt/data/shashwat/openhands-adp-memory/data/contextbench_phase2/execution_full_qwen36_65k_fix1/runs/django__django-30254/memory/.openhands_home/.openhands/conversations/793ff4ad7aac48c293471a3f0f5f9398/base_state.json	6762
FILE	/mnt/data/shashwat/openhands-adp-memory/data/contextbench_phase2/execution_full_qwen36_65k_fix1/runs/django__django-30254/memory/run_meta.json	6555
FILE	/mnt/data/shashwat/openhands-adp-memory/data/contextbench_phase2/execution_full_qwen36_65k_fix1/runs/django__django-30254/no_memory/prediction.json	154
FILE	/mnt/data/shashwat/openhands-adp-memory/data/contextbench_phase2/execution_full_qwen36_65k_fix1/runs/django__django-30254/no_memory/patch.diff	0
FILE	/mnt/data/shashwat/openhands-adp-memory/data/contextbench_phase2/execution_full_qwen36_65k_fix1/runs/django__django-30254/no_memory/stderr.log	694
FILE	/mnt/data/shashwat/openhands-adp-memory/data/contextbench_phase2/execution_full_qwen36_65k_fix1/runs/django__django-30254/no_memory/stdout.jsonl	1032996
FILE	/mnt/data/shashwat/openhands-adp-memory/data/contextbench_phase2/execution_full_qwen36_65k_fix1/runs/django__django-30254/no_memory/.openhands_home/.openhands/conversations/61e4b80aa9c440518b583edef863374d/base_state.json	22334
FILE	/mnt/data/shashwat/openhands-adp-memory/data/contextbench_phase2/execution_full_qwen36_65k_fix1/runs/django__django-30254/no_memory/run_meta.json	7621
FILE	/mnt/data/shashwat/openhands-adp-memory/data/contextbench_phase2/execution_full_qwen36_65k_fix1/runs/django__django-30254/raw/prediction.json	3574
FILE	/mnt/data/shashwat/openhands-adp-memory/data/contextbench_phase2/execution_full_qwen36_65k_fix1/runs/django__django-30254/raw/patch.diff	3294
FILE	/mnt/data/shashwat/openhands-adp-memory/data/contextbench_phase2/execution_full_qwen36_65k_fix1/runs/django__django-30254/raw/stderr.log	3286
FILE	/mnt/data/shashwat/openhands-adp-memory/data/contextbench_phase2/execution_full_qwen36_65k_fix1/runs/django__django-30254/raw/stdout.jsonl	909450
FILE	/mnt/data/shashwat/openhands-adp-memory/data/contextbench_phase2/execution_full_qwen36_65k_fix1/runs/django__django-30254/raw/.openhands_home/.openhands/conversations/75955da002d9489b97b064754d0bd4e8/base_state.json	13750
FILE	/mnt/data/shashwat/openhands-adp-memory/data/contextbench_phase2/execution_full_qwen36_65k_fix1/runs/django__django-30254/raw/run_meta.json	7644
FILE	/mnt/data/shashwat/openhands-adp-memory/data/contextbench_phase2/execution_full_qwen36_65k_fix1/runs/scikit-learn__scikit-learn-5970/adp/prediction.json	1182
FILE	/mnt/data/shashwat/openhands-adp-memory/data/contextbench_phase2/execution_full_qwen36_65k_fix1/runs/scikit-learn__scikit-learn-5970/adp/patch.diff	996
FILE	/mnt/data/shashwat/openhands-adp-memory/data/contextbench_phase2/execution_full_qwen36_65k_fix1/runs/scikit-learn__scikit-learn-5970/adp/stderr.log	694
FILE	/mnt/data/shashwat/openhands-adp-memory/data/contextbench_phase2/execution_full_qwen36_65k_fix1/runs/scikit-learn__scikit-learn-5970/adp/stdout.jsonl	516082
FILE	/mnt/data/shashwat/openhands-adp-memory/data/contextbench_phase2/execution_full_qwen36_65k_fix1/runs/scikit-learn__scikit-learn-5970/adp/.openhands_home/.openhands/conversations/054f77a0afe24b2d87072d548244543a/base_state.json	14403
FILE	/mnt/data/shashwat/openhands-adp-memory/data/contextbench_phase2/execution_full_qwen36_65k_fix1/runs/scikit-learn__scikit-learn-5970/adp/run_meta.json	6800
FILE	/mnt/data/shashwat/openhands-adp-memory/data/contextbench_phase2/execution_full_qwen36_65k_fix1/runs/scikit-learn__scikit-learn-5970/memory/prediction.json	165
FILE	/mnt/data/shashwat/openhands-adp-memory/data/contextbench_phase2/execution_full_qwen36_65k_fix1/runs/scikit-learn__scikit-learn-5970/memory/patch.diff	0
FILE	/mnt/data/shashwat/openhands-adp-memory/data/contextbench_phase2/execution_full_qwen36_65k_fix1/runs/scikit-learn__scikit-learn-5970/memory/stderr.log	2962
FILE	/mnt/data/shashwat/openhands-adp-memory/data/contextbench_phase2/execution_full_qwen36_65k_fix1/runs/scikit-learn__scikit-learn-5970/memory/stdout.jsonl	57420
FILE	/mnt/data/shashwat/openhands-adp-memory/data/contextbench_phase2/execution_full_qwen36_65k_fix1/runs/scikit-learn__scikit-learn-5970/memory/.openhands_home/.openhands/conversations/b1cc86379c3248ac8e3245e2d0f03deb/base_state.json	4539
FILE	/mnt/data/shashwat/openhands-adp-memory/data/contextbench_phase2/execution_full_qwen36_65k_fix1/runs/scikit-learn__scikit-learn-5970/memory/run_meta.json	6846
FILE	/mnt/data/shashwat/openhands-adp-memory/data/contextbench_phase2/execution_full_qwen36_65k_fix1/runs/scikit-learn__scikit-learn-5970/no_memory/prediction.json	1274
FILE	/mnt/data/shashwat/openhands-adp-memory/data/contextbench_phase2/execution_full_qwen36_65k_fix1/runs/scikit-learn__scikit-learn-5970/no_memory/patch.diff	1089
FILE	/mnt/data/shashwat/openhands-adp-memory/data/contextbench_phase2/execution_full_qwen36_65k_fix1/runs/scikit-learn__scikit-learn-5970/no_memory/stderr.log	694
FILE	/mnt/data/shashwat/openhands-adp-memory/data/contextbench_phase2/execution_full_qwen36_65k_fix1/runs/scikit-learn__scikit-learn-5970/no_memory/stdout.jsonl	177776
FILE	/mnt/data/shashwat/openhands-adp-memory/data/contextbench_phase2/execution_full_qwen36_65k_fix1/runs/scikit-learn__scikit-learn-5970/no_memory/.openhands_home/.openhands/conversations/838db7e2e3f343209b41c99a16fdaae7/base_state.json	9943
FILE	/mnt/data/shashwat/openhands-adp-memory/data/contextbench_phase2/execution_full_qwen36_65k_fix1/runs/scikit-learn__scikit-learn-5970/no_memory/run_meta.json	6950
FILE	/mnt/data/shashwat/openhands-adp-memory/data/contextbench_phase2/execution_full_qwen36_65k_fix1/runs/scikit-learn__scikit-learn-5970/raw/prediction.json	2469
FILE	/mnt/data/shashwat/openhands-adp-memory/data/contextbench_phase2/execution_full_qwen36_65k_fix1/runs/scikit-learn__scikit-learn-5970/raw/patch.diff	2264
FILE	/mnt/data/shashwat/openhands-adp-memory/data/contextbench_phase2/execution_full_qwen36_65k_fix1/runs/scikit-learn__scikit-learn-5970/raw/stderr.log	694
FILE	/mnt/data/shashwat/openhands-adp-memory/data/contextbench_phase2/execution_full_qwen36_65k_fix1/runs/scikit-learn__scikit-learn-5970/raw/stdout.jsonl	261629
FILE	/mnt/data/shashwat/openhands-adp-memory/data/contextbench_phase2/execution_full_qwen36_65k_fix1/runs/scikit-learn__scikit-learn-5970/raw/.openhands_home/.openhands/conversations/615b6e85153e4101a8a42533799f262f/base_state.json	11216
FILE	/mnt/data/shashwat/openhands-adp-memory/data/contextbench_phase2/execution_full_qwen36_65k_fix1/runs/scikit-learn__scikit-learn-5970/raw/run_meta.json	6798
FILE	/mnt/data/shashwat/openhands-adp-memory/data/contextbench_phase2/execution_full_qwen36_65k_fix1/runs/sympy__sympy-11275/adp/prediction.json	4731
FILE	/mnt/data/shashwat/openhands-adp-memory/data/contextbench_phase2/execution_full_qwen36_65k_fix1/runs/sympy__sympy-11275/adp/patch.diff	4453
FILE	/mnt/data/shashwat/openhands-adp-memory/data/contextbench_phase2/execution_full_qwen36_65k_fix1/runs/sympy__sympy-11275/adp/stderr.log	694
FILE	/mnt/data/shashwat/openhands-adp-memory/data/contextbench_phase2/execution_full_qwen36_65k_fix1/runs/sympy__sympy-11275/adp/stdout.jsonl	905806
FILE	/mnt/data/shashwat/openhands-adp-memory/data/contextbench_phase2/execution_full_qwen36_65k_fix1/runs/sympy__sympy-11275/adp/.openhands_home/.openhands/conversations/bbc23954d09d4b259e4e2d85cec3b7f0/base_state.json	21721
FILE	/mnt/data/shashwat/openhands-adp-memory/data/contextbench_phase2/execution_full_qwen36_65k_fix1/runs/sympy__sympy-11275/adp/run_meta.json	6432
FILE	/mnt/data/shashwat/openhands-adp-memory/data/contextbench_phase2/execution_full_qwen36_65k_fix1/runs/sympy__sympy-11275/memory/prediction.json	93391
FILE	/mnt/data/shashwat/openhands-adp-memory/data/contextbench_phase2/execution_full_qwen36_65k_fix1/runs/sympy__sympy-11275/memory/patch.diff	88917
FILE	/mnt/data/shashwat/openhands-adp-memory/data/contextbench_phase2/execution_full_qwen36_65k_fix1/runs/sympy__sympy-11275/memory/stderr.log	694
FILE	/mnt/data/shashwat/openhands-adp-memory/data/contextbench_phase2/execution_full_qwen36_65k_fix1/runs/sympy__sympy-11275/memory/stdout.jsonl	6183726
FILE	/mnt/data/shashwat/openhands-adp-memory/data/contextbench_phase2/execution_full_qwen36_65k_fix1/runs/sympy__sympy-11275/memory/.openhands_home/.openhands/conversations/6f23478afa774aa89c849a5afa7d3e01/base_state.json	104413
FILE	/mnt/data/shashwat/openhands-adp-memory/data/contextbench_phase2/execution_full_qwen36_65k_fix1/runs/sympy__sympy-11275/memory/run_meta.json	6427
FILE	/mnt/data/shashwat/openhands-adp-memory/data/contextbench_phase2/execution_full_qwen36_65k_fix1/runs/sympy__sympy-11275/no_memory/prediction.json	5434
FILE	/mnt/data/shashwat/openhands-adp-memory/data/contextbench_phase2/execution_full_qwen36_65k_fix1/runs/sympy__sympy-11275/no_memory/patch.diff	5113
FILE	/mnt/data/shashwat/openhands-adp-memory/data/contextbench_phase2/execution_full_qwen36_65k_fix1/runs/sympy__sympy-11275/no_memory/stderr.log	694
FILE	/mnt/data/shashwat/openhands-adp-memory/data/contextbench_phase2/execution_full_qwen36_65k_fix1/runs/sympy__sympy-11275/no_memory/stdout.jsonl	1908223
FILE	/mnt/data/shashwat/openhands-adp-memory/data/contextbench_phase2/execution_full_qwen36_65k_fix1/runs/sympy__sympy-11275/no_memory/.openhands_home/.openhands/conversations/c818629bcf5b42d790ceedf97ee33bc2/base_state.json	50655
FILE	/mnt/data/shashwat/openhands-adp-memory/data/contextbench_phase2/execution_full_qwen36_65k_fix1/runs/sympy__sympy-11275/no_memory/run_meta.json	6584
FILE	/mnt/data/shashwat/openhands-adp-memory/data/contextbench_phase2/execution_full_qwen36_65k_fix1/runs/sympy__sympy-11275/raw/prediction.json	93828
FILE	/mnt/data/shashwat/openhands-adp-memory/data/contextbench_phase2/execution_full_qwen36_65k_fix1/runs/sympy__sympy-11275/raw/patch.diff	89405
FILE	/mnt/data/shashwat/openhands-adp-memory/data/contextbench_phase2/execution_full_qwen36_65k_fix1/runs/sympy__sympy-11275/raw/stderr.log	694
FILE	/mnt/data/shashwat/openhands-adp-memory/data/contextbench_phase2/execution_full_qwen36_65k_fix1/runs/sympy__sympy-11275/raw/stdout.jsonl	1787918
FILE	/mnt/data/shashwat/openhands-adp-memory/data/contextbench_phase2/execution_full_qwen36_65k_fix1/runs/sympy__sympy-11275/raw/.openhands_home/.openhands/conversations/a4a4e46775134550ad32bf2152083c83/base_state.json	38261
FILE	/mnt/data/shashwat/openhands-adp-memory/data/contextbench_phase2/execution_full_qwen36_65k_fix1/runs/sympy__sympy-11275/raw/run_meta.json	6409
FILE	/mnt/data/shashwat/openhands-adp-memory/data/contextbench_phase2/execution_full_qwen36_65k_fix1/runs/matplotlib__matplotlib-25352/adp/prediction.json	8703
FILE	/mnt/data/shashwat/openhands-adp-memory/data/contextbench_phase2/execution_full_qwen36_65k_fix1/runs/matplotlib__matplotlib-25352/adp/patch.diff	8193
FILE	/mnt/data/shashwat/openhands-adp-memory/data/contextbench_phase2/execution_full_qwen36_65k_fix1/runs/matplotlib__matplotlib-25352/adp/stderr.log	694
FILE	/mnt/data/shashwat/openhands-adp-memory/data/contextbench_phase2/execution_full_qwen36_65k_fix1/runs/matplotlib__matplotlib-25352/adp/stdout.jsonl	2118881
FILE	/mnt/data/shashwat/openhands-adp-memory/data/contextbench_phase2/execution_full_qwen36_65k_fix1/runs/matplotlib__matplotlib-25352/adp/.openhands_home/.openhands/conversations/4e64708a248147feb622107e30e5ede1/base_state.json	48083
FILE	/mnt/data/shashwat/openhands-adp-memory/data/contextbench_phase2/execution_full_qwen36_65k_fix1/runs/matplotlib__matplotlib-25352/adp/run_meta.json	6701
FILE	/mnt/data/shashwat/openhands-adp-memory/data/contextbench_phase2/execution_full_qwen36_65k_fix1/runs/matplotlib__matplotlib-25352/memory/prediction.json	162
FILE	/mnt/data/shashwat/openhands-adp-memory/data/contextbench_phase2/execution_full_qwen36_65k_fix1/runs/matplotlib__matplotlib-25352/memory/patch.diff	0
FILE	/mnt/data/shashwat/openhands-adp-memory/data/contextbench_phase2/execution_full_qwen36_65k_fix1/runs/matplotlib__matplotlib-25352/memory/stderr.log	2962
FILE	/mnt/data/shashwat/openhands-adp-memory/data/contextbench_phase2/execution_full_qwen36_65k_fix1/runs/matplotlib__matplotlib-25352/memory/stdout.jsonl	64748
FILE	/mnt/data/shashwat/openhands-adp-memory/data/contextbench_phase2/execution_full_qwen36_65k_fix1/runs/matplotlib__matplotlib-25352/memory/.openhands_home/.openhands/conversations/17f5737a5f5749ac81416070fe608699/base_state.json	4857
FILE	/mnt/data/shashwat/openhands-adp-memory/data/contextbench_phase2/execution_full_qwen36_65k_fix1/runs/matplotlib__matplotlib-25352/memory/run_meta.json	6777
FILE	/mnt/data/shashwat/openhands-adp-memory/data/contextbench_phase2/execution_full_qwen36_65k_fix1/runs/matplotlib__matplotlib-25352/no_memory/prediction.json	162
FILE	/mnt/data/shashwat/openhands-adp-memory/data/contextbench_phase2/execution_full_qwen36_65k_fix1/runs/matplotlib__matplotlib-25352/no_memory/patch.diff	0
FILE	/mnt/data/shashwat/openhands-adp-memory/data/contextbench_phase2/execution_full_qwen36_65k_fix1/runs/matplotlib__matplotlib-25352/no_memory/stderr.log	2962
FILE	/mnt/data/shashwat/openhands-adp-memory/data/contextbench_phase2/execution_full_qwen36_65k_fix1/runs/matplotlib__matplotlib-25352/no_memory/stdout.jsonl	40778
FILE	/mnt/data/shashwat/openhands-adp-memory/data/contextbench_phase2/execution_full_qwen36_65k_fix1/runs/matplotlib__matplotlib-25352/no_memory/.openhands_home/.openhands/conversations/540512a061f7404fa4449eee49b8f3cd/base_state.json	4854
FILE	/mnt/data/shashwat/openhands-adp-memory/data/contextbench_phase2/execution_full_qwen36_65k_fix1/runs/matplotlib__matplotlib-25352/no_memory/run_meta.json	6851
FILE	/mnt/data/shashwat/openhands-adp-memory/data/contextbench_phase2/execution_full_qwen36_65k_fix1/runs/matplotlib__matplotlib-25352/raw/prediction.json	4032
FILE	/mnt/data/shashwat/openhands-adp-memory/data/contextbench_phase2/execution_full_qwen36_65k_fix1/runs/matplotlib__matplotlib-25352/raw/patch.diff	3728
FILE	/mnt/data/shashwat/openhands-adp-memory/data/contextbench_phase2/execution_full_qwen36_65k_fix1/runs/matplotlib__matplotlib-25352/raw/stderr.log	694
FILE	/mnt/data/shashwat/openhands-adp-memory/data/contextbench_phase2/execution_full_qwen36_65k_fix1/runs/matplotlib__matplotlib-25352/raw/stdout.jsonl	1235174
FILE	/mnt/data/shashwat/openhands-adp-memory/data/contextbench_phase2/execution_full_qwen36_65k_fix1/runs/matplotlib__matplotlib-25352/raw/.openhands_home/.openhands/conversations/b4a3245266b74849a21fa62e12476bfe/base_state.json	19474
FILE	/mnt/data/shashwat/openhands-adp-memory/data/contextbench_phase2/execution_full_qwen36_65k_fix1/runs/matplotlib__matplotlib-25352/raw/run_meta.json	6698
FILE	/mnt/data/shashwat/openhands-adp-memory/data/contextbench_phase2/execution_full_qwen36_65k_fix1/runs/django__django-34525/adp/prediction.json	7665
FILE	/mnt/data/shashwat/openhands-adp-memory/data/contextbench_phase2/execution_full_qwen36_65k_fix1/runs/django__django-34525/adp/patch.diff	7097
FILE	/mnt/data/shashwat/openhands-adp-memory/data/contextbench_phase2/execution_full_qwen36_65k_fix1/runs/django__django-34525/adp/stderr.log	3286
FILE	/mnt/data/shashwat/openhands-adp-memory/data/contextbench_phase2/execution_full_qwen36_65k_fix1/runs/django__django-34525/adp/stdout.jsonl	296732
FILE	/mnt/data/shashwat/openhands-adp-memory/data/contextbench_phase2/execution_full_qwen36_65k_fix1/runs/django__django-34525/adp/.openhands_home/.openhands/conversations/9035ca77494f400b90e910879d4efb3b/base_state.json	14693
FILE	/mnt/data/shashwat/openhands-adp-memory/data/contextbench_phase2/execution_full_qwen36_65k_fix1/runs/django__django-34525/adp/run_meta.json	6485
FILE	/mnt/data/shashwat/openhands-adp-memory/data/contextbench_phase2/execution_full_qwen36_65k_fix1/runs/django__django-34525/memory/prediction.json	790
FILE	/mnt/data/shashwat/openhands-adp-memory/data/contextbench_phase2/execution_full_qwen36_65k_fix1/runs/django__django-34525/memory/patch.diff	619
FILE	/mnt/data/shashwat/openhands-adp-memory/data/contextbench_phase2/execution_full_qwen36_65k_fix1/runs/django__django-34525/memory/stderr.log	694
FILE	/mnt/data/shashwat/openhands-adp-memory/data/contextbench_phase2/execution_full_qwen36_65k_fix1/runs/django__django-34525/memory/stdout.jsonl	351572
FILE	/mnt/data/shashwat/openhands-adp-memory/data/contextbench_phase2/execution_full_qwen36_65k_fix1/runs/django__django-34525/memory/.openhands_home/.openhands/conversations/cb9e7d18884748338f9fd533a9f04abd/base_state.json	16930
FILE	/mnt/data/shashwat/openhands-adp-memory/data/contextbench_phase2/execution_full_qwen36_65k_fix1/runs/django__django-34525/memory/run_meta.json	6555
FILE	/mnt/data/shashwat/openhands-adp-memory/data/contextbench_phase2/execution_full_qwen36_65k_fix1/runs/django__django-34525/no_memory/prediction.json	154
FILE	/mnt/data/shashwat/openhands-adp-memory/data/contextbench_phase2/execution_full_qwen36_65k_fix1/runs/django__django-34525/no_memory/patch.diff	0
FILE	/mnt/data/shashwat/openhands-adp-memory/data/contextbench_phase2/execution_full_qwen36_65k_fix1/runs/django__django-34525/no_memory/stderr.log	694
FILE	/mnt/data/shashwat/openhands-adp-memory/data/contextbench_phase2/execution_full_qwen36_65k_fix1/runs/django__django-34525/no_memory/stdout.jsonl	325762
FILE	/mnt/data/shashwat/openhands-adp-memory/data/contextbench_phase2/execution_full_qwen36_65k_fix1/runs/django__django-34525/no_memory/.openhands_home/.openhands/conversations/e034bd033bdb4cc4843c03f8a85ca31f/base_state.json	21063
FILE	/mnt/data/shashwat/openhands-adp-memory/data/contextbench_phase2/execution_full_qwen36_65k_fix1/runs/django__django-34525/no_memory/run_meta.json	6621
FILE	/mnt/data/shashwat/openhands-adp-memory/data/contextbench_phase2/execution_full_qwen36_65k_fix1/runs/django__django-34525/raw/prediction.json	11787
FILE	/mnt/data/shashwat/openhands-adp-memory/data/contextbench_phase2/execution_full_qwen36_65k_fix1/runs/django__django-34525/raw/patch.diff	11201
FILE	/mnt/data/shashwat/openhands-adp-memory/data/contextbench_phase2/execution_full_qwen36_65k_fix1/runs/django__django-34525/raw/stderr.log	3286
FILE	/mnt/data/shashwat/openhands-adp-memory/data/contextbench_phase2/execution_full_qwen36_65k_fix1/runs/django__django-34525/raw/stdout.jsonl	753123
FILE	/mnt/data/shashwat/openhands-adp-memory/data/contextbench_phase2/execution_full_qwen36_65k_fix1/runs/django__django-34525/raw/.openhands_home/.openhands/conversations/8cdc29c43f63444e845731c79a911d2e/base_state.json	15987
FILE	/mnt/data/shashwat/openhands-adp-memory/data/contextbench_phase2/execution_full_qwen36_65k_fix1/runs/django__django-34525/raw/run_meta.json	9781
FILE	/mnt/data/shashwat/openhands-adp-memory/data/contextbench_phase2/execution_full_qwen36_65k_fix1/runs/matplotlib__matplotlib-27361/adp/prediction.json	1762
FILE	/mnt/data/shashwat/openhands-adp-memory/data/contextbench_phase2/execution_full_qwen36_65k_fix1/runs/matplotlib__matplotlib-27361/adp/patch.diff	1552
FILE	/mnt/data/shashwat/openhands-adp-memory/data/contextbench_phase2/execution_full_qwen36_65k_fix1/runs/matplotlib__matplotlib-27361/adp/stderr.log	694
FILE	/mnt/data/shashwat/openhands-adp-memory/data/contextbench_phase2/execution_full_qwen36_65k_fix1/runs/matplotlib__matplotlib-27361/adp/stdout.jsonl	625704
FILE	/mnt/data/shashwat/openhands-adp-memory/data/contextbench_phase2/execution_full_qwen36_65k_fix1/runs/matplotlib__matplotlib-27361/adp/.openhands_home/.openhands/conversations/63987f7efa8c4ed291d09ef577740aca/base_state.json	27733
FILE	/mnt/data/shashwat/openhands-adp-memory/data/contextbench_phase2/execution_full_qwen36_65k_fix1/runs/matplotlib__matplotlib-27361/adp/run_meta.json	6636
FILE	/mnt/data/shashwat/openhands-adp-memory/data/contextbench_phase2/execution_full_qwen36_65k_fix1/runs/matplotlib__matplotlib-27361/memory/prediction.json	18105
FILE	/mnt/data/shashwat/openhands-adp-memory/data/contextbench_phase2/execution_full_qwen36_65k_fix1/runs/matplotlib__matplotlib-27361/memory/patch.diff	17342
FILE	/mnt/data/shashwat/openhands-adp-memory/data/contextbench_phase2/execution_full_qwen36_65k_fix1/runs/matplotlib__matplotlib-27361/memory/stderr.log	694
FILE	/mnt/data/shashwat/openhands-adp-memory/data/contextbench_phase2/execution_full_qwen36_65k_fix1/runs/matplotlib__matplotlib-27361/memory/stdout.jsonl	805430
FILE	/mnt/data/shashwat/openhands-adp-memory/data/contextbench_phase2/execution_full_qwen36_65k_fix1/runs/matplotlib__matplotlib-27361/memory/.openhands_home/.openhands/conversations/80880f4394a3413bad5c832155eb606d/base_state.json	25204
FILE	/mnt/data/shashwat/openhands-adp-memory/data/contextbench_phase2/execution_full_qwen36_65k_fix1/runs/matplotlib__matplotlib-27361/memory/run_meta.json	6775
FILE	/mnt/data/shashwat/openhands-adp-memory/data/contextbench_phase2/execution_full_qwen36_65k_fix1/runs/matplotlib__matplotlib-27361/no_memory/prediction.json	7454
FILE	/mnt/data/shashwat/openhands-adp-memory/data/contextbench_phase2/execution_full_qwen36_65k_fix1/runs/matplotlib__matplotlib-27361/no_memory/patch.diff	6939
FILE	/mnt/data/shashwat/openhands-adp-memory/data/contextbench_phase2/execution_full_qwen36_65k_fix1/runs/matplotlib__matplotlib-27361/no_memory/stderr.log	694
FILE	/mnt/data/shashwat/openhands-adp-memory/data/contextbench_phase2/execution_full_qwen36_65k_fix1/runs/matplotlib__matplotlib-27361/no_memory/stdout.jsonl	595314
FILE	/mnt/data/shashwat/openhands-adp-memory/data/contextbench_phase2/execution_full_qwen36_65k_fix1/runs/matplotlib__matplotlib-27361/no_memory/.openhands_home/.openhands/conversations/b70e3e4087fb4730b2c333b464afd844/base_state.json	40704
FILE	/mnt/data/shashwat/openhands-adp-memory/data/contextbench_phase2/execution_full_qwen36_65k_fix1/runs/matplotlib__matplotlib-27361/no_memory/run_meta.json	7827
FILE	/mnt/data/shashwat/openhands-adp-memory/data/contextbench_phase2/execution_full_qwen36_65k_fix1/runs/matplotlib__matplotlib-27361/raw/prediction.json	162
FILE	/mnt/data/shashwat/openhands-adp-memory/data/contextbench_phase2/execution_full_qwen36_65k_fix1/runs/matplotlib__matplotlib-27361/raw/patch.diff	0
FILE	/mnt/data/shashwat/openhands-adp-memory/data/contextbench_phase2/execution_full_qwen36_65k_fix1/runs/matplotlib__matplotlib-27361/raw/stderr.log	2962
FILE	/mnt/data/shashwat/openhands-adp-memory/data/contextbench_phase2/execution_full_qwen36_65k_fix1/runs/matplotlib__matplotlib-27361/raw/stdout.jsonl	233583
FILE	/mnt/data/shashwat/openhands-adp-memory/data/contextbench_phase2/execution_full_qwen36_65k_fix1/runs/matplotlib__matplotlib-27361/raw/.openhands_home/.openhands/conversations/eb4cab1c869846c79af0585679521f8e/base_state.json	4862
FILE	/mnt/data/shashwat/openhands-adp-memory/data/contextbench_phase2/execution_full_qwen36_65k_fix1/runs/matplotlib__matplotlib-27361/raw/run_meta.json	6643
FILE	/mnt/data/shashwat/openhands-adp-memory/data/contextbench_phase2/execution_full_qwen36_65k_fix1/runs/sympy__sympy-12950/adp/prediction.json	1316
FILE	/mnt/data/shashwat/openhands-adp-memory/data/contextbench_phase2/execution_full_qwen36_65k_fix1/runs/sympy__sympy-12950/adp/patch.diff	1141
FILE	/mnt/data/shashwat/openhands-adp-memory/data/contextbench_phase2/execution_full_qwen36_65k_fix1/runs/sympy__sympy-12950/adp/stderr.log	694
FILE	/mnt/data/shashwat/openhands-adp-memory/data/contextbench_phase2/execution_full_qwen36_65k_fix1/runs/sympy__sympy-12950/adp/stdout.jsonl	162756
FILE	/mnt/data/shashwat/openhands-adp-memory/data/contextbench_phase2/execution_full_qwen36_65k_fix1/runs/sympy__sympy-12950/adp/.openhands_home/.openhands/conversations/6e9231f8e96e4ab3b39476ed3ba01861/base_state.json	9633
FILE	/mnt/data/shashwat/openhands-adp-memory/data/contextbench_phase2/execution_full_qwen36_65k_fix1/runs/sympy__sympy-12950/adp/run_meta.json	6343
FILE	/mnt/data/shashwat/openhands-adp-memory/data/contextbench_phase2/execution_full_qwen36_65k_fix1/runs/sympy__sympy-12950/memory/prediction.json	895
FILE	/mnt/data/shashwat/openhands-adp-memory/data/contextbench_phase2/execution_full_qwen36_65k_fix1/runs/sympy__sympy-12950/memory/patch.diff	730
FILE	/mnt/data/shashwat/openhands-adp-memory/data/contextbench_phase2/execution_full_qwen36_65k_fix1/runs/sympy__sympy-12950/memory/stderr.log	694
FILE	/mnt/data/shashwat/openhands-adp-memory/data/contextbench_phase2/execution_full_qwen36_65k_fix1/runs/sympy__sympy-12950/memory/stdout.jsonl	177693
FILE	/mnt/data/shashwat/openhands-adp-memory/data/contextbench_phase2/execution_full_qwen36_65k_fix1/runs/sympy__sympy-12950/memory/.openhands_home/.openhands/conversations/c69ea829575149e589fbf6a47c849632/base_state.json	10585
FILE	/mnt/data/shashwat/openhands-adp-memory/data/contextbench_phase2/execution_full_qwen36_65k_fix1/runs/sympy__sympy-12950/memory/run_meta.json	6495
FILE	/mnt/data/shashwat/openhands-adp-memory/data/contextbench_phase2/execution_full_qwen36_65k_fix1/runs/sympy__sympy-12950/no_memory/prediction.json	921
FILE	/mnt/data/shashwat/openhands-adp-memory/data/contextbench_phase2/execution_full_qwen36_65k_fix1/runs/sympy__sympy-12950/no_memory/patch.diff	756
FILE	/mnt/data/shashwat/openhands-adp-memory/data/contextbench_phase2/execution_full_qwen36_65k_fix1/runs/sympy__sympy-12950/no_memory/stderr.log	694
FILE	/mnt/data/shashwat/openhands-adp-memory/data/contextbench_phase2/execution_full_qwen36_65k_fix1/runs/sympy__sympy-12950/no_memory/stdout.jsonl	132177
FILE	/mnt/data/shashwat/openhands-adp-memory/data/contextbench_phase2/execution_full_qwen36_65k_fix1/runs/sympy__sympy-12950/no_memory/.openhands_home/.openhands/conversations/bc6659d9523145ffb4066f79ab0340a1/base_state.json	9308
FILE	/mnt/data/shashwat/openhands-adp-memory/data/contextbench_phase2/execution_full_qwen36_65k_fix1/runs/sympy__sympy-12950/no_memory/run_meta.json	6590
FILE	/mnt/data/shashwat/openhands-adp-memory/data/contextbench_phase2/execution_full_qwen36_65k_fix1/runs/sympy__sympy-12950/raw/prediction.json	880
FILE	/mnt/data/shashwat/openhands-adp-memory/data/contextbench_phase2/execution_full_qwen36_65k_fix1/runs/sympy__sympy-12950/raw/patch.diff	715
FILE	/mnt/data/shashwat/openhands-adp-memory/data/contextbench_phase2/execution_full_qwen36_65k_fix1/runs/sympy__sympy-12950/raw/stderr.log	694
FILE	/mnt/data/shashwat/openhands-adp-memory/data/contextbench_phase2/execution_full_qwen36_65k_fix1/runs/sympy__sympy-12950/raw/stdout.jsonl	132778
FILE	/mnt/data/shashwat/openhands-adp-memory/data/contextbench_phase2/execution_full_qwen36_65k_fix1/runs/sympy__sympy-12950/raw/.openhands_home/.openhands/conversations/15e08c97bff7487f89cdb1290cd29476/base_state.json	7720
FILE	/mnt/data/shashwat/openhands-adp-memory/data/contextbench_phase2/execution_full_qwen36_65k_fix1/runs/sympy__sympy-12950/raw/run_meta.json	6342
FILE	/mnt/data/shashwat/openhands-adp-memory/data/contextbench_phase2/execution_full_qwen36_65k_fix1/runs/sympy__sympy-18212/adp/prediction.json	1700
FILE	/mnt/data/shashwat/openhands-adp-memory/data/contextbench_phase2/execution_full_qwen36_65k_fix1/runs/sympy__sympy-18212/adp/patch.diff	1509
FILE	/mnt/data/shashwat/openhands-adp-memory/data/contextbench_phase2/execution_full_qwen36_65k_fix1/runs/sympy__sympy-18212/adp/stderr.log	263
FILE	/mnt/data/shashwat/openhands-adp-memory/data/contextbench_phase2/execution_full_qwen36_65k_fix1/runs/sympy__sympy-18212/adp/stdout.jsonl	261924
FILE	/mnt/data/shashwat/openhands-adp-memory/data/contextbench_phase2/execution_full_qwen36_65k_fix1/runs/sympy__sympy-18212/adp/.openhands_home/.openhands/conversations/727ae46252a6439b99869a78643dda2d/base_state.json	8685
FILE	/mnt/data/shashwat/openhands-adp-memory/data/contextbench_phase2/execution_full_qwen36_65k_fix1/runs/sympy__sympy-18212/adp/run_meta.json	6421
FILE	/mnt/data/shashwat/openhands-adp-memory/data/contextbench_phase2/execution_full_qwen36_65k_fix1/runs/sympy__sympy-18212/memory/prediction.json	811
FILE	/mnt/data/shashwat/openhands-adp-memory/data/contextbench_phase2/execution_full_qwen36_65k_fix1/runs/sympy__sympy-18212/memory/patch.diff	640
FILE	/mnt/data/shashwat/openhands-adp-memory/data/contextbench_phase2/execution_full_qwen36_65k_fix1/runs/sympy__sympy-18212/memory/stderr.log	263
FILE	/mnt/data/shashwat/openhands-adp-memory/data/contextbench_phase2/execution_full_qwen36_65k_fix1/runs/sympy__sympy-18212/memory/stdout.jsonl	262631
FILE	/mnt/data/shashwat/openhands-adp-memory/data/contextbench_phase2/execution_full_qwen36_65k_fix1/runs/sympy__sympy-18212/memory/.openhands_home/.openhands/conversations/6cb16c0892bc47e69ca5e8512b010aa1/base_state.json	11215
FILE	/mnt/data/shashwat/openhands-adp-memory/data/contextbench_phase2/execution_full_qwen36_65k_fix1/runs/sympy__sympy-18212/memory/run_meta.json	6417
FILE	/mnt/data/shashwat/openhands-adp-memory/data/contextbench_phase2/execution_full_qwen36_65k_fix1/runs/sympy__sympy-18212/no_memory/prediction.json	746
FILE	/mnt/data/shashwat/openhands-adp-memory/data/contextbench_phase2/execution_full_qwen36_65k_fix1/runs/sympy__sympy-18212/no_memory/patch.diff	576
FILE	/mnt/data/shashwat/openhands-adp-memory/data/contextbench_phase2/execution_full_qwen36_65k_fix1/runs/sympy__sympy-18212/no_memory/stderr.log	263
FILE	/mnt/data/shashwat/openhands-adp-memory/data/contextbench_phase2/execution_full_qwen36_65k_fix1/runs/sympy__sympy-18212/no_memory/stdout.jsonl	246666
FILE	/mnt/data/shashwat/openhands-adp-memory/data/contextbench_phase2/execution_full_qwen36_65k_fix1/runs/sympy__sympy-18212/no_memory/.openhands_home/.openhands/conversations/c470f089ee9f49c69fd34f10e6b7afb5/base_state.json	14070
FILE	/mnt/data/shashwat/openhands-adp-memory/data/contextbench_phase2/execution_full_qwen36_65k_fix1/runs/sympy__sympy-18212/no_memory/run_meta.json	6591
FILE	/mnt/data/shashwat/openhands-adp-memory/data/contextbench_phase2/execution_full_qwen36_65k_fix1/runs/sympy__sympy-18212/raw/prediction.json	793
FILE	/mnt/data/shashwat/openhands-adp-memory/data/contextbench_phase2/execution_full_qwen36_65k_fix1/runs/sympy__sympy-18212/raw/patch.diff	622
FILE	/mnt/data/shashwat/openhands-adp-memory/data/contextbench_phase2/execution_full_qwen36_65k_fix1/runs/sympy__sympy-18212/raw/stderr.log	263
FILE	/mnt/data/shashwat/openhands-adp-memory/data/contextbench_phase2/execution_full_qwen36_65k_fix1/runs/sympy__sympy-18212/raw/stdout.jsonl	206969
FILE	/mnt/data/shashwat/openhands-adp-memory/data/contextbench_phase2/execution_full_qwen36_65k_fix1/runs/sympy__sympy-18212/raw/.openhands_home/.openhands/conversations/c1a0e55db641472785a07495fbe4676a/base_state.json	8998
FILE	/mnt/data/shashwat/openhands-adp-memory/data/contextbench_phase2/execution_full_qwen36_65k_fix1/runs/sympy__sympy-18212/raw/run_meta.json	6419
FILE	/mnt/data/shashwat/openhands-adp-memory/data/contextbench_phase2/execution_full_qwen36_65k_fix1/runs/django__django-21501/adp/prediction.json	955
FILE	/mnt/data/shashwat/openhands-adp-memory/data/contextbench_phase2/execution_full_qwen36_65k_fix1/runs/django__django-21501/adp/patch.diff	767
FILE	/mnt/data/shashwat/openhands-adp-memory/data/contextbench_phase2/execution_full_qwen36_65k_fix1/runs/django__django-21501/adp/stderr.log	694
FILE	/mnt/data/shashwat/openhands-adp-memory/data/contextbench_phase2/execution_full_qwen36_65k_fix1/runs/django__django-21501/adp/stdout.jsonl	235615
FILE	/mnt/data/shashwat/openhands-adp-memory/data/contextbench_phase2/execution_full_qwen36_65k_fix1/runs/django__django-21501/adp/.openhands_home/.openhands/conversations/46ed9bad821943f98f3a55d497b47e2d/base_state.json	11212
FILE	/mnt/data/shashwat/openhands-adp-memory/data/contextbench_phase2/execution_full_qwen36_65k_fix1/runs/django__django-21501/adp/run_meta.json	5294
FILE	/mnt/data/shashwat/openhands-adp-memory/data/contextbench_phase2/execution_full_qwen36_65k_fix1/runs/django__django-21501/memory/prediction.json	1011
FILE	/mnt/data/shashwat/openhands-adp-memory/data/contextbench_phase2/execution_full_qwen36_65k_fix1/runs/django__django-21501/memory/patch.diff	820
FILE	/mnt/data/shashwat/openhands-adp-memory/data/contextbench_phase2/execution_full_qwen36_65k_fix1/runs/django__django-21501/memory/stderr.log	694
FILE	/mnt/data/shashwat/openhands-adp-memory/data/contextbench_phase2/execution_full_qwen36_65k_fix1/runs/django__django-21501/memory/stdout.jsonl	204354
FILE	/mnt/data/shashwat/openhands-adp-memory/data/contextbench_phase2/execution_full_qwen36_65k_fix1/runs/django__django-21501/memory/.openhands_home/.openhands/conversations/723ffe55effc458895e3bacdf9bf707c/base_state.json	12160
FILE	/mnt/data/shashwat/openhands-adp-memory/data/contextbench_phase2/execution_full_qwen36_65k_fix1/runs/django__django-21501/memory/run_meta.json	5325
FILE	/mnt/data/shashwat/openhands-adp-memory/data/contextbench_phase2/execution_full_qwen36_65k_fix1/runs/django__django-21501/no_memory/prediction.json	955
FILE	/mnt/data/shashwat/openhands-adp-memory/data/contextbench_phase2/execution_full_qwen36_65k_fix1/runs/django__django-21501/no_memory/patch.diff	767
FILE	/mnt/data/shashwat/openhands-adp-memory/data/contextbench_phase2/execution_full_qwen36_65k_fix1/runs/django__django-21501/no_memory/stderr.log	694
FILE	/mnt/data/shashwat/openhands-adp-memory/data/contextbench_phase2/execution_full_qwen36_65k_fix1/runs/django__django-21501/no_memory/stdout.jsonl	146865
FILE	/mnt/data/shashwat/openhands-adp-memory/data/contextbench_phase2/execution_full_qwen36_65k_fix1/runs/django__django-21501/no_memory/.openhands_home/.openhands/conversations/4b86aa0e57214d18b892437aac0a08d3/base_state.json	9934
FILE	/mnt/data/shashwat/openhands-adp-memory/data/contextbench_phase2/execution_full_qwen36_65k_fix1/runs/django__django-21501/no_memory/run_meta.json	5412
FILE	/mnt/data/shashwat/openhands-adp-memory/data/contextbench_phase2/execution_full_qwen36_65k_fix1/runs/django__django-21501/raw/prediction.json	993
FILE	/mnt/data/shashwat/openhands-adp-memory/data/contextbench_phase2/execution_full_qwen36_65k_fix1/runs/django__django-21501/raw/patch.diff	803
FILE	/mnt/data/shashwat/openhands-adp-memory/data/contextbench_phase2/execution_full_qwen36_65k_fix1/runs/django__django-21501/raw/stderr.log	694
FILE	/mnt/data/shashwat/openhands-adp-memory/data/contextbench_phase2/execution_full_qwen36_65k_fix1/runs/django__django-21501/raw/stdout.jsonl	197702
FILE	/mnt/data/shashwat/openhands-adp-memory/data/contextbench_phase2/execution_full_qwen36_65k_fix1/runs/django__django-21501/raw/.openhands_home/.openhands/conversations/dfc71f4383d542b4b02e65009fe8f46f/base_state.json	10251
FILE	/mnt/data/shashwat/openhands-adp-memory/data/contextbench_phase2/execution_full_qwen36_65k_fix1/runs/django__django-21501/raw/run_meta.json	5252
FILE	/mnt/data/shashwat/openhands-adp-memory/data/contextbench_phase2/execution_full_qwen36_65k_fix1/runs/sympy__sympy-16953/adp/prediction.json	152
FILE	/mnt/data/shashwat/openhands-adp-memory/data/contextbench_phase2/execution_full_qwen36_65k_fix1/runs/sympy__sympy-16953/adp/patch.diff	0
FILE	/mnt/data/shashwat/openhands-adp-memory/data/contextbench_phase2/execution_full_qwen36_65k_fix1/runs/sympy__sympy-16953/adp/stderr.log	694
FILE	/mnt/data/shashwat/openhands-adp-memory/data/contextbench_phase2/execution_full_qwen36_65k_fix1/runs/sympy__sympy-16953/adp/stdout.jsonl	1624992
FILE	/mnt/data/shashwat/openhands-adp-memory/data/contextbench_phase2/execution_full_qwen36_65k_fix1/runs/sympy__sympy-16953/adp/.openhands_home/.openhands/conversations/28111bc8c02a4878a93ad7aea21f7f6a/base_state.json	23634
FILE	/mnt/data/shashwat/openhands-adp-memory/data/contextbench_phase2/execution_full_qwen36_65k_fix1/runs/sympy__sympy-16953/adp/run_meta.json	6417
FILE	/mnt/data/shashwat/openhands-adp-memory/data/contextbench_phase2/execution_full_qwen36_65k_fix1/runs/sympy__sympy-16953/memory/prediction.json	152
FILE	/mnt/data/shashwat/openhands-adp-memory/data/contextbench_phase2/execution_full_qwen36_65k_fix1/runs/sympy__sympy-16953/memory/patch.diff	0
FILE	/mnt/data/shashwat/openhands-adp-memory/data/contextbench_phase2/execution_full_qwen36_65k_fix1/runs/sympy__sympy-16953/memory/stderr.log	694
FILE	/mnt/data/shashwat/openhands-adp-memory/data/contextbench_phase2/execution_full_qwen36_65k_fix1/runs/sympy__sympy-16953/memory/stdout.jsonl	729140
FILE	/mnt/data/shashwat/openhands-adp-memory/data/contextbench_phase2/execution_full_qwen36_65k_fix1/runs/sympy__sympy-16953/memory/.openhands_home/.openhands/conversations/e4a27f1dd61c41cfb2c58171d092a1d2/base_state.json	12822
FILE	/mnt/data/shashwat/openhands-adp-memory/data/contextbench_phase2/execution_full_qwen36_65k_fix1/runs/sympy__sympy-16953/memory/run_meta.json	6511
FILE	/mnt/data/shashwat/openhands-adp-memory/data/contextbench_phase2/execution_full_qwen36_65k_fix1/runs/sympy__sympy-16953/no_memory/prediction.json	1157
FILE	/mnt/data/shashwat/openhands-adp-memory/data/contextbench_phase2/execution_full_qwen36_65k_fix1/runs/sympy__sympy-16953/no_memory/patch.diff	984
FILE	/mnt/data/shashwat/openhands-adp-memory/data/contextbench_phase2/execution_full_qwen36_65k_fix1/runs/sympy__sympy-16953/no_memory/stderr.log	694
FILE	/mnt/data/shashwat/openhands-adp-memory/data/contextbench_phase2/execution_full_qwen36_65k_fix1/runs/sympy__sympy-16953/no_memory/stdout.jsonl	1825098
FILE	/mnt/data/shashwat/openhands-adp-memory/data/contextbench_phase2/execution_full_qwen36_65k_fix1/runs/sympy__sympy-16953/no_memory/.openhands_home/.openhands/conversations/6e42f5f1a1fa42a2b7119edc0947be16/base_state.json	30941
FILE	/mnt/data/shashwat/openhands-adp-memory/data/contextbench_phase2/execution_full_qwen36_65k_fix1/runs/sympy__sympy-16953/no_memory/run_meta.json	6554
FILE	/mnt/data/shashwat/openhands-adp-memory/data/contextbench_phase2/execution_full_qwen36_65k_fix1/runs/sympy__sympy-16953/raw/prediction.json	152
FILE	/mnt/data/shashwat/openhands-adp-memory/data/contextbench_phase2/execution_full_qwen36_65k_fix1/runs/sympy__sympy-16953/raw/patch.diff	0
FILE	/mnt/data/shashwat/openhands-adp-memory/data/contextbench_phase2/execution_full_qwen36_65k_fix1/runs/sympy__sympy-16953/raw/stderr.log	694
FILE	/mnt/data/shashwat/openhands-adp-memory/data/contextbench_phase2/execution_full_qwen36_65k_fix1/runs/sympy__sympy-16953/raw/stdout.jsonl	161546
FILE	/mnt/data/shashwat/openhands-adp-memory/data/contextbench_phase2/execution_full_qwen36_65k_fix1/runs/sympy__sympy-16953/raw/.openhands_home/.openhands/conversations/717c357600e14ab5bf02fda2c9e0b030/base_state.json	8030
FILE	/mnt/data/shashwat/openhands-adp-memory/data/contextbench_phase2/execution_full_qwen36_65k_fix1/runs/sympy__sympy-16953/raw/run_meta.json	6392
FILE	/mnt/data/shashwat/openhands-adp-memory/data/contextbench_phase2/execution_full_qwen36_65k_fix1/runs/django__django-34176/adp/prediction.json	154
FILE	/mnt/data/shashwat/openhands-adp-memory/data/contextbench_phase2/execution_full_qwen36_65k_fix1/runs/django__django-34176/adp/patch.diff	0
FILE	/mnt/data/shashwat/openhands-adp-memory/data/contextbench_phase2/execution_full_qwen36_65k_fix1/runs/django__django-34176/adp/stderr.log	694
FILE	/mnt/data/shashwat/openhands-adp-memory/data/contextbench_phase2/execution_full_qwen36_65k_fix1/runs/django__django-34176/adp/stdout.jsonl	130323
FILE	/mnt/data/shashwat/openhands-adp-memory/data/contextbench_phase2/execution_full_qwen36_65k_fix1/runs/django__django-34176/adp/.openhands_home/.openhands/conversations/5afa20e34a30473bb5a0248c55bd8d40/base_state.json	8347
FILE	/mnt/data/shashwat/openhands-adp-memory/data/contextbench_phase2/execution_full_qwen36_65k_fix1/runs/django__django-34176/adp/run_meta.json	6470
FILE	/mnt/data/shashwat/openhands-adp-memory/data/contextbench_phase2/execution_full_qwen36_65k_fix1/runs/django__django-34176/memory/prediction.json	1415
FILE	/mnt/data/shashwat/openhands-adp-memory/data/contextbench_phase2/execution_full_qwen36_65k_fix1/runs/django__django-34176/memory/patch.diff	1195
FILE	/mnt/data/shashwat/openhands-adp-memory/data/contextbench_phase2/execution_full_qwen36_65k_fix1/runs/django__django-34176/memory/stderr.log	694
FILE	/mnt/data/shashwat/openhands-adp-memory/data/contextbench_phase2/execution_full_qwen36_65k_fix1/runs/django__django-34176/memory/stdout.jsonl	155003
FILE	/mnt/data/shashwat/openhands-adp-memory/data/contextbench_phase2/execution_full_qwen36_65k_fix1/runs/django__django-34176/memory/.openhands_home/.openhands/conversations/97eadb0da818442e8ad9ddacfc0eb9b3/base_state.json	11825
FILE	/mnt/data/shashwat/openhands-adp-memory/data/contextbench_phase2/execution_full_qwen36_65k_fix1/runs/django__django-34176/memory/run_meta.json	6533
FILE	/mnt/data/shashwat/openhands-adp-memory/data/contextbench_phase2/execution_full_qwen36_65k_fix1/runs/django__django-34176/no_memory/prediction.json	154
FILE	/mnt/data/shashwat/openhands-adp-memory/data/contextbench_phase2/execution_full_qwen36_65k_fix1/runs/django__django-34176/no_memory/patch.diff	0
FILE	/mnt/data/shashwat/openhands-adp-memory/data/contextbench_phase2/execution_full_qwen36_65k_fix1/runs/django__django-34176/no_memory/stderr.log	856
FILE	/mnt/data/shashwat/openhands-adp-memory/data/contextbench_phase2/execution_full_qwen36_65k_fix1/runs/django__django-34176/no_memory/stdout.jsonl	704846
FILE	/mnt/data/shashwat/openhands-adp-memory/data/contextbench_phase2/execution_full_qwen36_65k_fix1/runs/django__django-34176/no_memory/.openhands_home/.openhands/conversations/d7aaf7495be447baaeb6955b232b7d57/base_state.json	11504
FILE	/mnt/data/shashwat/openhands-adp-memory/data/contextbench_phase2/execution_full_qwen36_65k_fix1/runs/django__django-34176/no_memory/run_meta.json	6751
FILE	/mnt/data/shashwat/openhands-adp-memory/data/contextbench_phase2/execution_full_qwen36_65k_fix1/runs/django__django-34176/raw/prediction.json	154
FILE	/mnt/data/shashwat/openhands-adp-memory/data/contextbench_phase2/execution_full_qwen36_65k_fix1/runs/django__django-34176/raw/patch.diff	0
FILE	/mnt/data/shashwat/openhands-adp-memory/data/contextbench_phase2/execution_full_qwen36_65k_fix1/runs/django__django-34176/raw/stderr.log	694
FILE	/mnt/data/shashwat/openhands-adp-memory/data/contextbench_phase2/execution_full_qwen36_65k_fix1/runs/django__django-34176/raw/stdout.jsonl	130569
FILE	/mnt/data/shashwat/openhands-adp-memory/data/contextbench_phase2/execution_full_qwen36_65k_fix1/runs/django__django-34176/raw/.openhands_home/.openhands/conversations/195ff250e4ac48a6a08d86f48754dcff/base_state.json	8977
FILE	/mnt/data/shashwat/openhands-adp-memory/data/contextbench_phase2/execution_full_qwen36_65k_fix1/runs/django__django-34176/raw/run_meta.json	6470
FILE	/mnt/data/shashwat/openhands-adp-memory/data/contextbench_phase2/execution_full_qwen36_65k_fix1/runs/django__django-32260/adp/prediction.json	2211
FILE	/mnt/data/shashwat/openhands-adp-memory/data/contextbench_phase2/execution_full_qwen36_65k_fix1/runs/django__django-32260/adp/patch.diff	2004
FILE	/mnt/data/shashwat/openhands-adp-memory/data/contextbench_phase2/execution_full_qwen36_65k_fix1/runs/django__django-32260/adp/stderr.log	694
FILE	/mnt/data/shashwat/openhands-adp-memory/data/contextbench_phase2/execution_full_qwen36_65k_fix1/runs/django__django-32260/adp/stdout.jsonl	297712
FILE	/mnt/data/shashwat/openhands-adp-memory/data/contextbench_phase2/execution_full_qwen36_65k_fix1/runs/django__django-32260/adp/.openhands_home/.openhands/conversations/17a60689a3304ae3b4f3492a82a8d019/base_state.json	17251
FILE	/mnt/data/shashwat/openhands-adp-memory/data/contextbench_phase2/execution_full_qwen36_65k_fix1/runs/django__django-32260/adp/run_meta.json	6482
FILE	/mnt/data/shashwat/openhands-adp-memory/data/contextbench_phase2/execution_full_qwen36_65k_fix1/runs/django__django-32260/memory/prediction.json	1995
FILE	/mnt/data/shashwat/openhands-adp-memory/data/contextbench_phase2/execution_full_qwen36_65k_fix1/runs/django__django-32260/memory/patch.diff	1792
FILE	/mnt/data/shashwat/openhands-adp-memory/data/contextbench_phase2/execution_full_qwen36_65k_fix1/runs/django__django-32260/memory/stderr.log	694
FILE	/mnt/data/shashwat/openhands-adp-memory/data/contextbench_phase2/execution_full_qwen36_65k_fix1/runs/django__django-32260/memory/stdout.jsonl	355556
FILE	/mnt/data/shashwat/openhands-adp-memory/data/contextbench_phase2/execution_full_qwen36_65k_fix1/runs/django__django-32260/memory/.openhands_home/.openhands/conversations/b5d80fdf914240c2bc65b02253d8f4a9/base_state.json	17891
FILE	/mnt/data/shashwat/openhands-adp-memory/data/contextbench_phase2/execution_full_qwen36_65k_fix1/runs/django__django-32260/memory/run_meta.json	6562
FILE	/mnt/data/shashwat/openhands-adp-memory/data/contextbench_phase2/execution_full_qwen36_65k_fix1/runs/django__django-32260/no_memory/prediction.json	5434
FILE	/mnt/data/shashwat/openhands-adp-memory/data/contextbench_phase2/execution_full_qwen36_65k_fix1/runs/django__django-32260/no_memory/patch.diff	5121
FILE	/mnt/data/shashwat/openhands-adp-memory/data/contextbench_phase2/execution_full_qwen36_65k_fix1/runs/django__django-32260/no_memory/stderr.log	694
FILE	/mnt/data/shashwat/openhands-adp-memory/data/contextbench_phase2/execution_full_qwen36_65k_fix1/runs/django__django-32260/no_memory/stdout.jsonl	841050
FILE	/mnt/data/shashwat/openhands-adp-memory/data/contextbench_phase2/execution_full_qwen36_65k_fix1/runs/django__django-32260/no_memory/.openhands_home/.openhands/conversations/71a126faafbd43e399d58136bbd98418/base_state.json	34082
FILE	/mnt/data/shashwat/openhands-adp-memory/data/contextbench_phase2/execution_full_qwen36_65k_fix1/runs/django__django-32260/no_memory/run_meta.json	10768
FILE	/mnt/data/shashwat/openhands-adp-memory/data/contextbench_phase2/execution_full_qwen36_65k_fix1/runs/django__django-32260/raw/prediction.json	2038
FILE	/mnt/data/shashwat/openhands-adp-memory/data/contextbench_phase2/execution_full_qwen36_65k_fix1/runs/django__django-32260/raw/patch.diff	1835
FILE	/mnt/data/shashwat/openhands-adp-memory/data/contextbench_phase2/execution_full_qwen36_65k_fix1/runs/django__django-32260/raw/stderr.log	694
FILE	/mnt/data/shashwat/openhands-adp-memory/data/contextbench_phase2/execution_full_qwen36_65k_fix1/runs/django__django-32260/raw/stdout.jsonl	321622
FILE	/mnt/data/shashwat/openhands-adp-memory/data/contextbench_phase2/execution_full_qwen36_65k_fix1/runs/django__django-32260/raw/.openhands_home/.openhands/conversations/6b29a179fb904ce8a174f101b66c2d04/base_state.json	14714
FILE	/mnt/data/shashwat/openhands-adp-memory/data/contextbench_phase2/execution_full_qwen36_65k_fix1/runs/django__django-32260/raw/run_meta.json	6503
FILE	/mnt/data/shashwat/openhands-adp-memory/data/contextbench_phase2/execution_full_qwen36_65k_fix1/runs/matplotlib__matplotlib-10050/adp/prediction.json	9005
FILE	/mnt/data/shashwat/openhands-adp-memory/data/contextbench_phase2/execution_full_qwen36_65k_fix1/runs/matplotlib__matplotlib-10050/adp/patch.diff	8495
FILE	/mnt/data/shashwat/openhands-adp-memory/data/contextbench_phase2/execution_full_qwen36_65k_fix1/runs/matplotlib__matplotlib-10050/adp/stderr.log	694
FILE	/mnt/data/shashwat/openhands-adp-memory/data/contextbench_phase2/execution_full_qwen36_65k_fix1/runs/matplotlib__matplotlib-10050/adp/stdout.jsonl	480983
FILE	/mnt/data/shashwat/openhands-adp-memory/data/contextbench_phase2/execution_full_qwen36_65k_fix1/runs/matplotlib__matplotlib-10050/adp/.openhands_home/.openhands/conversations/5d9c89c6555043288e0170507fd7a862/base_state.json	18520
FILE	/mnt/data/shashwat/openhands-adp-memory/data/contextbench_phase2/execution_full_qwen36_65k_fix1/runs/matplotlib__matplotlib-10050/adp/run_meta.json	6714
FILE	/mnt/data/shashwat/openhands-adp-memory/data/contextbench_phase2/execution_full_qwen36_65k_fix1/runs/matplotlib__matplotlib-10050/memory/prediction.json	4240
FILE	/mnt/data/shashwat/openhands-adp-memory/data/contextbench_phase2/execution_full_qwen36_65k_fix1/runs/matplotlib__matplotlib-10050/memory/patch.diff	3942
FILE	/mnt/data/shashwat/openhands-adp-memory/data/contextbench_phase2/execution_full_qwen36_65k_fix1/runs/matplotlib__matplotlib-10050/memory/stderr.log	694
FILE	/mnt/data/shashwat/openhands-adp-memory/data/contextbench_phase2/execution_full_qwen36_65k_fix1/runs/matplotlib__matplotlib-10050/memory/stdout.jsonl	404901
FILE	/mnt/data/shashwat/openhands-adp-memory/data/contextbench_phase2/execution_full_qwen36_65k_fix1/runs/matplotlib__matplotlib-10050/memory/.openhands_home/.openhands/conversations/7a00dca336534e27ae9aafe3496ca796/base_state.json	28030
FILE	/mnt/data/shashwat/openhands-adp-memory/data/contextbench_phase2/execution_full_qwen36_65k_fix1/runs/matplotlib__matplotlib-10050/memory/run_meta.json	6774
FILE	/mnt/data/shashwat/openhands-adp-memory/data/contextbench_phase2/execution_full_qwen36_65k_fix1/runs/matplotlib__matplotlib-10050/no_memory/prediction.json	3876
FILE	/mnt/data/shashwat/openhands-adp-memory/data/contextbench_phase2/execution_full_qwen36_65k_fix1/runs/matplotlib__matplotlib-10050/no_memory/patch.diff	3587
FILE	/mnt/data/shashwat/openhands-adp-memory/data/contextbench_phase2/execution_full_qwen36_65k_fix1/runs/matplotlib__matplotlib-10050/no_memory/stderr.log	694
FILE	/mnt/data/shashwat/openhands-adp-memory/data/contextbench_phase2/execution_full_qwen36_65k_fix1/runs/matplotlib__matplotlib-10050/no_memory/stdout.jsonl	537676
FILE	/mnt/data/shashwat/openhands-adp-memory/data/contextbench_phase2/execution_full_qwen36_65k_fix1/runs/matplotlib__matplotlib-10050/no_memory/.openhands_home/.openhands/conversations/ce5faf58070b4f6bb980454706fcdaad/base_state.json	23909
FILE	/mnt/data/shashwat/openhands-adp-memory/data/contextbench_phase2/execution_full_qwen36_65k_fix1/runs/matplotlib__matplotlib-10050/no_memory/run_meta.json	7932
FILE	/mnt/data/shashwat/openhands-adp-memory/data/contextbench_phase2/execution_full_qwen36_65k_fix1/runs/matplotlib__matplotlib-10050/raw/prediction.json	3016
FILE	/mnt/data/shashwat/openhands-adp-memory/data/contextbench_phase2/execution_full_qwen36_65k_fix1/runs/matplotlib__matplotlib-10050/raw/patch.diff	2750
FILE	/mnt/data/shashwat/openhands-adp-memory/data/contextbench_phase2/execution_full_qwen36_65k_fix1/runs/matplotlib__matplotlib-10050/raw/stderr.log	694
FILE	/mnt/data/shashwat/openhands-adp-memory/data/contextbench_phase2/execution_full_qwen36_65k_fix1/runs/matplotlib__matplotlib-10050/raw/stdout.jsonl	355324
FILE	/mnt/data/shashwat/openhands-adp-memory/data/contextbench_phase2/execution_full_qwen36_65k_fix1/runs/matplotlib__matplotlib-10050/raw/.openhands_home/.openhands/conversations/7dfcd8bea1f24f8c8f89575b9368d729/base_state.json	16601
FILE	/mnt/data/shashwat/openhands-adp-memory/data/contextbench_phase2/execution_full_qwen36_65k_fix1/runs/matplotlib__matplotlib-10050/raw/run_meta.json	6712
FILE	/mnt/data/shashwat/openhands-adp-memory/data/contextbench_phase2/execution_full_qwen36_65k_fix1/runs/matplotlib__matplotlib-22482/adp/prediction.json	105233
FILE	/mnt/data/shashwat/openhands-adp-memory/data/contextbench_phase2/execution_full_qwen36_65k_fix1/runs/matplotlib__matplotlib-22482/adp/patch.diff	103160
FILE	/mnt/data/shashwat/openhands-adp-memory/data/contextbench_phase2/execution_full_qwen36_65k_fix1/runs/matplotlib__matplotlib-22482/adp/stderr.log	3286
FILE	/mnt/data/shashwat/openhands-adp-memory/data/contextbench_phase2/execution_full_qwen36_65k_fix1/runs/matplotlib__matplotlib-22482/adp/stdout.jsonl	1568615
FILE	/mnt/data/shashwat/openhands-adp-memory/data/contextbench_phase2/execution_full_qwen36_65k_fix1/runs/matplotlib__matplotlib-22482/adp/.openhands_home/.openhands/conversations/b05b4a12d576429c8d071228dd3dc195/base_state.json	37896
FILE	/mnt/data/shashwat/openhands-adp-memory/data/contextbench_phase2/execution_full_qwen36_65k_fix1/runs/matplotlib__matplotlib-22482/adp/run_meta.json	6725
FILE	/mnt/data/shashwat/openhands-adp-memory/data/contextbench_phase2/execution_full_qwen36_65k_fix1/runs/matplotlib__matplotlib-22482/memory/prediction.json	1042
FILE	/mnt/data/shashwat/openhands-adp-memory/data/contextbench_phase2/execution_full_qwen36_65k_fix1/runs/matplotlib__matplotlib-22482/memory/patch.diff	852
FILE	/mnt/data/shashwat/openhands-adp-memory/data/contextbench_phase2/execution_full_qwen36_65k_fix1/runs/matplotlib__matplotlib-22482/memory/stderr.log	694
FILE	/mnt/data/shashwat/openhands-adp-memory/data/contextbench_phase2/execution_full_qwen36_65k_fix1/runs/matplotlib__matplotlib-22482/memory/stdout.jsonl	782944
FILE	/mnt/data/shashwat/openhands-adp-memory/data/contextbench_phase2/execution_full_qwen36_65k_fix1/runs/matplotlib__matplotlib-22482/memory/.openhands_home/.openhands/conversations/c8ba8a7819c2486e8c0fa1d56f893257/base_state.json	19485
FILE	/mnt/data/shashwat/openhands-adp-memory/data/contextbench_phase2/execution_full_qwen36_65k_fix1/runs/matplotlib__matplotlib-22482/memory/run_meta.json	6786
FILE	/mnt/data/shashwat/openhands-adp-memory/data/contextbench_phase2/execution_full_qwen36_65k_fix1/runs/matplotlib__matplotlib-22482/no_memory/prediction.json	970
FILE	/mnt/data/shashwat/openhands-adp-memory/data/contextbench_phase2/execution_full_qwen36_65k_fix1/runs/matplotlib__matplotlib-22482/no_memory/patch.diff	783
FILE	/mnt/data/shashwat/openhands-adp-memory/data/contextbench_phase2/execution_full_qwen36_65k_fix1/runs/matplotlib__matplotlib-22482/no_memory/stderr.log	694
FILE	/mnt/data/shashwat/openhands-adp-memory/data/contextbench_phase2/execution_full_qwen36_65k_fix1/runs/matplotlib__matplotlib-22482/no_memory/stdout.jsonl	624746
FILE	/mnt/data/shashwat/openhands-adp-memory/data/contextbench_phase2/execution_full_qwen36_65k_fix1/runs/matplotlib__matplotlib-22482/no_memory/.openhands_home/.openhands/conversations/a2375f9fa00b4b61ad2a2be28229a323/base_state.json	23913
FILE	/mnt/data/shashwat/openhands-adp-memory/data/contextbench_phase2/execution_full_qwen36_65k_fix1/runs/matplotlib__matplotlib-22482/no_memory/run_meta.json	6843
FILE	/mnt/data/shashwat/openhands-adp-memory/data/contextbench_phase2/execution_full_qwen36_65k_fix1/runs/matplotlib__matplotlib-22482/raw/prediction.json	13103
FILE	/mnt/data/shashwat/openhands-adp-memory/data/contextbench_phase2/execution_full_qwen36_65k_fix1/runs/matplotlib__matplotlib-22482/raw/patch.diff	12372
FILE	/mnt/data/shashwat/openhands-adp-memory/data/contextbench_phase2/execution_full_qwen36_65k_fix1/runs/matplotlib__matplotlib-22482/raw/stderr.log	694
FILE	/mnt/data/shashwat/openhands-adp-memory/data/contextbench_phase2/execution_full_qwen36_65k_fix1/runs/matplotlib__matplotlib-22482/raw/stdout.jsonl	1240982
FILE	/mnt/data/shashwat/openhands-adp-memory/data/contextbench_phase2/execution_full_qwen36_65k_fix1/runs/matplotlib__matplotlib-22482/raw/.openhands_home/.openhands/conversations/0db3e2f184954346adebae1b25f2ccaf/base_state.json	34411
FILE	/mnt/data/shashwat/openhands-adp-memory/data/contextbench_phase2/execution_full_qwen36_65k_fix1/runs/matplotlib__matplotlib-22482/raw/run_meta.json	6701
FILE	/mnt/data/shashwat/openhands-adp-memory/data/contextbench_phase2/execution_full_qwen36_65k_fix1/runs/sympy__sympy-19484/adp/prediction.json	2587
FILE	/mnt/data/shashwat/openhands-adp-memory/data/contextbench_phase2/execution_full_qwen36_65k_fix1/runs/sympy__sympy-19484/adp/patch.diff	2374
FILE	/mnt/data/shashwat/openhands-adp-memory/data/contextbench_phase2/execution_full_qwen36_65k_fix1/runs/sympy__sympy-19484/adp/stderr.log	263
FILE	/mnt/data/shashwat/openhands-adp-memory/data/contextbench_phase2/execution_full_qwen36_65k_fix1/runs/sympy__sympy-19484/adp/stdout.jsonl	995699
FILE	/mnt/data/shashwat/openhands-adp-memory/data/contextbench_phase2/execution_full_qwen36_65k_fix1/runs/sympy__sympy-19484/adp/.openhands_home/.openhands/conversations/5ae9d22b28024d7cb286f0e2c723f712/base_state.json	21385
FILE	/mnt/data/shashwat/openhands-adp-memory/data/contextbench_phase2/execution_full_qwen36_65k_fix1/runs/sympy__sympy-19484/adp/run_meta.json	6426
FILE	/mnt/data/shashwat/openhands-adp-memory/data/contextbench_phase2/execution_full_qwen36_65k_fix1/runs/sympy__sympy-19484/memory/prediction.json	3277
FILE	/mnt/data/shashwat/openhands-adp-memory/data/contextbench_phase2/execution_full_qwen36_65k_fix1/runs/sympy__sympy-19484/memory/patch.diff	3047
FILE	/mnt/data/shashwat/openhands-adp-memory/data/contextbench_phase2/execution_full_qwen36_65k_fix1/runs/sympy__sympy-19484/memory/stderr.log	263
FILE	/mnt/data/shashwat/openhands-adp-memory/data/contextbench_phase2/execution_full_qwen36_65k_fix1/runs/sympy__sympy-19484/memory/stdout.jsonl	688316
FILE	/mnt/data/shashwat/openhands-adp-memory/data/contextbench_phase2/execution_full_qwen36_65k_fix1/runs/sympy__sympy-19484/memory/.openhands_home/.openhands/conversations/746f91bf449d4fc7bb31c5501e540509/base_state.json	27098
FILE	/mnt/data/shashwat/openhands-adp-memory/data/contextbench_phase2/execution_full_qwen36_65k_fix1/runs/sympy__sympy-19484/memory/run_meta.json	6506
FILE	/mnt/data/shashwat/openhands-adp-memory/data/contextbench_phase2/execution_full_qwen36_65k_fix1/runs/sympy__sympy-19484/no_memory/prediction.json	152
FILE	/mnt/data/shashwat/openhands-adp-memory/data/contextbench_phase2/execution_full_qwen36_65k_fix1/runs/sympy__sympy-19484/no_memory/patch.diff	0
FILE	/mnt/data/shashwat/openhands-adp-memory/data/contextbench_phase2/execution_full_qwen36_65k_fix1/runs/sympy__sympy-19484/no_memory/stderr.log	263
FILE	/mnt/data/shashwat/openhands-adp-memory/data/contextbench_phase2/execution_full_qwen36_65k_fix1/runs/sympy__sympy-19484/no_memory/stdout.jsonl	217920
FILE	/mnt/data/shashwat/openhands-adp-memory/data/contextbench_phase2/execution_full_qwen36_65k_fix1/runs/sympy__sympy-19484/no_memory/.openhands_home/.openhands/conversations/526da026539044f7bd851570a0af1e4f/base_state.json	14074
FILE	/mnt/data/shashwat/openhands-adp-memory/data/contextbench_phase2/execution_full_qwen36_65k_fix1/runs/sympy__sympy-19484/no_memory/run_meta.json	6559
FILE	/mnt/data/shashwat/openhands-adp-memory/data/contextbench_phase2/execution_full_qwen36_65k_fix1/runs/sympy__sympy-19484/raw/prediction.json	3185
FILE	/mnt/data/shashwat/openhands-adp-memory/data/contextbench_phase2/execution_full_qwen36_65k_fix1/runs/sympy__sympy-19484/raw/patch.diff	2963
FILE	/mnt/data/shashwat/openhands-adp-memory/data/contextbench_phase2/execution_full_qwen36_65k_fix1/runs/sympy__sympy-19484/raw/stderr.log	263
FILE	/mnt/data/shashwat/openhands-adp-memory/data/contextbench_phase2/execution_full_qwen36_65k_fix1/runs/sympy__sympy-19484/raw/stdout.jsonl	1068686
FILE	/mnt/data/shashwat/openhands-adp-memory/data/contextbench_phase2/execution_full_qwen36_65k_fix1/runs/sympy__sympy-19484/raw/.openhands_home/.openhands/conversations/e953e456cd524137b635f84495793253/base_state.json	22354
FILE	/mnt/data/shashwat/openhands-adp-memory/data/contextbench_phase2/execution_full_qwen36_65k_fix1/runs/sympy__sympy-19484/raw/run_meta.json	6431
FILE	/mnt/data/shashwat/openhands-adp-memory/data/contextbench_phase2/execution_full_qwen36_65k_fix1/runs/mwaskom__seaborn-3203/adp/prediction.json	8885
FILE	/mnt/data/shashwat/openhands-adp-memory/data/contextbench_phase2/execution_full_qwen36_65k_fix1/runs/mwaskom__seaborn-3203/adp/patch.diff	8365
FILE	/mnt/data/shashwat/openhands-adp-memory/data/contextbench_phase2/execution_full_qwen36_65k_fix1/runs/mwaskom__seaborn-3203/adp/stderr.log	694
FILE	/mnt/data/shashwat/openhands-adp-memory/data/contextbench_phase2/execution_full_qwen36_65k_fix1/runs/mwaskom__seaborn-3203/adp/stdout.jsonl	1123346
FILE	/mnt/data/shashwat/openhands-adp-memory/data/contextbench_phase2/execution_full_qwen36_65k_fix1/runs/mwaskom__seaborn-3203/adp/.openhands_home/.openhands/conversations/c025c38c17cd4d7db45f94ab4bc56757/base_state.json	26755
FILE	/mnt/data/shashwat/openhands-adp-memory/data/contextbench_phase2/execution_full_qwen36_65k_fix1/runs/mwaskom__seaborn-3203/adp/run_meta.json	6497
FILE	/mnt/data/shashwat/openhands-adp-memory/data/contextbench_phase2/execution_full_qwen36_65k_fix1/runs/mwaskom__seaborn-3203/memory/prediction.json	5926
FILE	/mnt/data/shashwat/openhands-adp-memory/data/contextbench_phase2/execution_full_qwen36_65k_fix1/runs/mwaskom__seaborn-3203/memory/patch.diff	5595
FILE	/mnt/data/shashwat/openhands-adp-memory/data/contextbench_phase2/execution_full_qwen36_65k_fix1/runs/mwaskom__seaborn-3203/memory/stderr.log	694
FILE	/mnt/data/shashwat/openhands-adp-memory/data/contextbench_phase2/execution_full_qwen36_65k_fix1/runs/mwaskom__seaborn-3203/memory/stdout.jsonl	958165
FILE	/mnt/data/shashwat/openhands-adp-memory/data/contextbench_phase2/execution_full_qwen36_65k_fix1/runs/mwaskom__seaborn-3203/memory/.openhands_home/.openhands/conversations/822d1acfe6b44fc58b79e75b574d286c/base_state.json	26467
FILE	/mnt/data/shashwat/openhands-adp-memory/data/contextbench_phase2/execution_full_qwen36_65k_fix1/runs/mwaskom__seaborn-3203/memory/run_meta.json	6571
FILE	/mnt/data/shashwat/openhands-adp-memory/data/contextbench_phase2/execution_full_qwen36_65k_fix1/runs/mwaskom__seaborn-3203/no_memory/prediction.json	5849
FILE	/mnt/data/shashwat/openhands-adp-memory/data/contextbench_phase2/execution_full_qwen36_65k_fix1/runs/mwaskom__seaborn-3203/no_memory/patch.diff	5513
FILE	/mnt/data/shashwat/openhands-adp-memory/data/contextbench_phase2/execution_full_qwen36_65k_fix1/runs/mwaskom__seaborn-3203/no_memory/stderr.log	694
FILE	/mnt/data/shashwat/openhands-adp-memory/data/contextbench_phase2/execution_full_qwen36_65k_fix1/runs/mwaskom__seaborn-3203/no_memory/stdout.jsonl	1279241
FILE	/mnt/data/shashwat/openhands-adp-memory/data/contextbench_phase2/execution_full_qwen36_65k_fix1/runs/mwaskom__seaborn-3203/no_memory/.openhands_home/.openhands/conversations/822c91be28cf4fa08a75df19d1428ca1/base_state.json	21383
FILE	/mnt/data/shashwat/openhands-adp-memory/data/contextbench_phase2/execution_full_qwen36_65k_fix1/runs/mwaskom__seaborn-3203/no_memory/run_meta.json	6666
FILE	/mnt/data/shashwat/openhands-adp-memory/data/contextbench_phase2/execution_full_qwen36_65k_fix1/runs/mwaskom__seaborn-3203/raw/prediction.json	5025
FILE	/mnt/data/shashwat/openhands-adp-memory/data/contextbench_phase2/execution_full_qwen36_65k_fix1/runs/mwaskom__seaborn-3203/raw/patch.diff	4703
FILE	/mnt/data/shashwat/openhands-adp-memory/data/contextbench_phase2/execution_full_qwen36_65k_fix1/runs/mwaskom__seaborn-3203/raw/stderr.log	694
FILE	/mnt/data/shashwat/openhands-adp-memory/data/contextbench_phase2/execution_full_qwen36_65k_fix1/runs/mwaskom__seaborn-3203/raw/stdout.jsonl	677558
FILE	/mnt/data/shashwat/openhands-adp-memory/data/contextbench_phase2/execution_full_qwen36_65k_fix1/runs/mwaskom__seaborn-3203/raw/.openhands_home/.openhands/conversations/8dabdb8873654338b10c1416a3772ab0/base_state.json	21678
FILE	/mnt/data/shashwat/openhands-adp-memory/data/contextbench_phase2/execution_full_qwen36_65k_fix1/runs/mwaskom__seaborn-3203/raw/run_meta.json	6493
FILE	/mnt/data/shashwat/openhands-adp-memory/data/contextbench_phase2/execution_full_qwen36_65k_fix1/runs/psf__requests-3481/adp/prediction.json	888
FILE	/mnt/data/shashwat/openhands-adp-memory/data/contextbench_phase2/execution_full_qwen36_65k_fix1/runs/psf__requests-3481/adp/patch.diff	707
FILE	/mnt/data/shashwat/openhands-adp-memory/data/contextbench_phase2/execution_full_qwen36_65k_fix1/runs/psf__requests-3481/adp/stderr.log	694
FILE	/mnt/data/shashwat/openhands-adp-memory/data/contextbench_phase2/execution_full_qwen36_65k_fix1/runs/psf__requests-3481/adp/stdout.jsonl	334745
FILE	/mnt/data/shashwat/openhands-adp-memory/data/contextbench_phase2/execution_full_qwen36_65k_fix1/runs/psf__requests-3481/adp/.openhands_home/.openhands/conversations/16816226a3794a568ba75129927c626f/base_state.json	12505
FILE	/mnt/data/shashwat/openhands-adp-memory/data/contextbench_phase2/execution_full_qwen36_65k_fix1/runs/psf__requests-3481/adp/run_meta.json	6423
FILE	/mnt/data/shashwat/openhands-adp-memory/data/contextbench_phase2/execution_full_qwen36_65k_fix1/runs/psf__requests-3481/memory/prediction.json	2004
FILE	/mnt/data/shashwat/openhands-adp-memory/data/contextbench_phase2/execution_full_qwen36_65k_fix1/runs/psf__requests-3481/memory/patch.diff	1773
FILE	/mnt/data/shashwat/openhands-adp-memory/data/contextbench_phase2/execution_full_qwen36_65k_fix1/runs/psf__requests-3481/memory/stderr.log	694
FILE	/mnt/data/shashwat/openhands-adp-memory/data/contextbench_phase2/execution_full_qwen36_65k_fix1/runs/psf__requests-3481/memory/stdout.jsonl	371101
FILE	/mnt/data/shashwat/openhands-adp-memory/data/contextbench_phase2/execution_full_qwen36_65k_fix1/runs/psf__requests-3481/memory/.openhands_home/.openhands/conversations/6992025f426b4c2ebdd6dff583508a98/base_state.json	11210
FILE	/mnt/data/shashwat/openhands-adp-memory/data/contextbench_phase2/execution_full_qwen36_65k_fix1/runs/psf__requests-3481/memory/run_meta.json	6483
FILE	/mnt/data/shashwat/openhands-adp-memory/data/contextbench_phase2/execution_full_qwen36_65k_fix1/runs/psf__requests-3481/no_memory/prediction.json	152
FILE	/mnt/data/shashwat/openhands-adp-memory/data/contextbench_phase2/execution_full_qwen36_65k_fix1/runs/psf__requests-3481/no_memory/patch.diff	0
FILE	/mnt/data/shashwat/openhands-adp-memory/data/contextbench_phase2/execution_full_qwen36_65k_fix1/runs/psf__requests-3481/no_memory/stderr.log	694
FILE	/mnt/data/shashwat/openhands-adp-memory/data/contextbench_phase2/execution_full_qwen36_65k_fix1/runs/psf__requests-3481/no_memory/stdout.jsonl	242226
FILE	/mnt/data/shashwat/openhands-adp-memory/data/contextbench_phase2/execution_full_qwen36_65k_fix1/runs/psf__requests-3481/no_memory/.openhands_home/.openhands/conversations/2837a722f5b14240b56fc56d9c8f10ba/base_state.json	18178
FILE	/mnt/data/shashwat/openhands-adp-memory/data/contextbench_phase2/execution_full_qwen36_65k_fix1/runs/psf__requests-3481/no_memory/run_meta.json	6564
FILE	/mnt/data/shashwat/openhands-adp-memory/data/contextbench_phase2/execution_full_qwen36_65k_fix1/runs/psf__requests-3481/raw/prediction.json	1183
FILE	/mnt/data/shashwat/openhands-adp-memory/data/contextbench_phase2/execution_full_qwen36_65k_fix1/runs/psf__requests-3481/raw/patch.diff	998
FILE	/mnt/data/shashwat/openhands-adp-memory/data/contextbench_phase2/execution_full_qwen36_65k_fix1/runs/psf__requests-3481/raw/stderr.log	694
FILE	/mnt/data/shashwat/openhands-adp-memory/data/contextbench_phase2/execution_full_qwen36_65k_fix1/runs/psf__requests-3481/raw/stdout.jsonl	508368
FILE	/mnt/data/shashwat/openhands-adp-memory/data/contextbench_phase2/execution_full_qwen36_65k_fix1/runs/psf__requests-3481/raw/.openhands_home/.openhands/conversations/7fe291d523304047b266504450bfa8d1/base_state.json	15338
FILE	/mnt/data/shashwat/openhands-adp-memory/data/contextbench_phase2/execution_full_qwen36_65k_fix1/runs/psf__requests-3481/raw/run_meta.json	6425
FILE	/mnt/data/shashwat/openhands-adp-memory/data/contextbench_phase2/execution_full_qwen36_65k_fix1/runs/sympy__sympy-26642/adp/prediction.json	637
FILE	/mnt/data/shashwat/openhands-adp-memory/data/contextbench_phase2/execution_full_qwen36_65k_fix1/runs/sympy__sympy-26642/adp/patch.diff	447
FILE	/mnt/data/shashwat/openhands-adp-memory/data/contextbench_phase2/execution_full_qwen36_65k_fix1/runs/sympy__sympy-26642/adp/stderr.log	263
FILE	/mnt/data/shashwat/openhands-adp-memory/data/contextbench_phase2/execution_full_qwen36_65k_fix1/runs/sympy__sympy-26642/adp/stdout.jsonl	550548
FILE	/mnt/data/shashwat/openhands-adp-memory/data/contextbench_phase2/execution_full_qwen36_65k_fix1/runs/sympy__sympy-26642/adp/.openhands_home/.openhands/conversations/44bdeec86dc745afaa11afe374c8e769/base_state.json	15345
FILE	/mnt/data/shashwat/openhands-adp-memory/data/contextbench_phase2/execution_full_qwen36_65k_fix1/runs/sympy__sympy-26642/adp/run_meta.json	6342
FILE	/mnt/data/shashwat/openhands-adp-memory/data/contextbench_phase2/execution_full_qwen36_65k_fix1/runs/sympy__sympy-26642/memory/prediction.json	2036
FILE	/mnt/data/shashwat/openhands-adp-memory/data/contextbench_phase2/execution_full_qwen36_65k_fix1/runs/sympy__sympy-26642/memory/patch.diff	1809
FILE	/mnt/data/shashwat/openhands-adp-memory/data/contextbench_phase2/execution_full_qwen36_65k_fix1/runs/sympy__sympy-26642/memory/stderr.log	263
FILE	/mnt/data/shashwat/openhands-adp-memory/data/contextbench_phase2/execution_full_qwen36_65k_fix1/runs/sympy__sympy-26642/memory/stdout.jsonl	304521
FILE	/mnt/data/shashwat/openhands-adp-memory/data/contextbench_phase2/execution_full_qwen36_65k_fix1/runs/sympy__sympy-26642/memory/.openhands_home/.openhands/conversations/2174c66525124f50911044b0a451c8a9/base_state.json	11211
FILE	/mnt/data/shashwat/openhands-adp-memory/data/contextbench_phase2/execution_full_qwen36_65k_fix1/runs/sympy__sympy-26642/memory/run_meta.json	6419
FILE	/mnt/data/shashwat/openhands-adp-memory/data/contextbench_phase2/execution_full_qwen36_65k_fix1/runs/sympy__sympy-26642/no_memory/prediction.json	152
FILE	/mnt/data/shashwat/openhands-adp-memory/data/contextbench_phase2/execution_full_qwen36_65k_fix1/runs/sympy__sympy-26642/no_memory/patch.diff	0
FILE	/mnt/data/shashwat/openhands-adp-memory/data/contextbench_phase2/execution_full_qwen36_65k_fix1/runs/sympy__sympy-26642/no_memory/stderr.log	2855
FILE	/mnt/data/shashwat/openhands-adp-memory/data/contextbench_phase2/execution_full_qwen36_65k_fix1/runs/sympy__sympy-26642/no_memory/stdout.jsonl	104677
FILE	/mnt/data/shashwat/openhands-adp-memory/data/contextbench_phase2/execution_full_qwen36_65k_fix1/runs/sympy__sympy-26642/no_memory/.openhands_home/.openhands/conversations/7c417bf2b242443ead41f1e735b31d9f/base_state.json	6758
FILE	/mnt/data/shashwat/openhands-adp-memory/data/contextbench_phase2/execution_full_qwen36_65k_fix1/runs/sympy__sympy-26642/no_memory/run_meta.json	6523
FILE	/mnt/data/shashwat/openhands-adp-memory/data/contextbench_phase2/execution_full_qwen36_65k_fix1/runs/sympy__sympy-26642/raw/prediction.json	637
FILE	/mnt/data/shashwat/openhands-adp-memory/data/contextbench_phase2/execution_full_qwen36_65k_fix1/runs/sympy__sympy-26642/raw/patch.diff	447
FILE	/mnt/data/shashwat/openhands-adp-memory/data/contextbench_phase2/execution_full_qwen36_65k_fix1/runs/sympy__sympy-26642/raw/stderr.log	263
FILE	/mnt/data/shashwat/openhands-adp-memory/data/contextbench_phase2/execution_full_qwen36_65k_fix1/runs/sympy__sympy-26642/raw/stdout.jsonl	402101
FILE	/mnt/data/shashwat/openhands-adp-memory/data/contextbench_phase2/execution_full_qwen36_65k_fix1/runs/sympy__sympy-26642/raw/.openhands_home/.openhands/conversations/b29d482ca08f4b0aa23fcd64ea884941/base_state.json	13759
FILE	/mnt/data/shashwat/openhands-adp-memory/data/contextbench_phase2/execution_full_qwen36_65k_fix1/runs/sympy__sympy-26642/raw/run_meta.json	6340
FILE	/mnt/data/shashwat/openhands-adp-memory/data/contextbench_phase2/execution_full_qwen36_65k_fix1/runs/django__django-29838/adp/prediction.json	1976
FILE	/mnt/data/shashwat/openhands-adp-memory/data/contextbench_phase2/execution_full_qwen36_65k_fix1/runs/django__django-29838/adp/patch.diff	1774
FILE	/mnt/data/shashwat/openhands-adp-memory/data/contextbench_phase2/execution_full_qwen36_65k_fix1/runs/django__django-29838/adp/stderr.log	694
FILE	/mnt/data/shashwat/openhands-adp-memory/data/contextbench_phase2/execution_full_qwen36_65k_fix1/runs/django__django-29838/adp/stdout.jsonl	179608
FILE	/mnt/data/shashwat/openhands-adp-memory/data/contextbench_phase2/execution_full_qwen36_65k_fix1/runs/django__django-29838/adp/.openhands_home/.openhands/conversations/3c4b04df28fe48078e2030608ce310db/base_state.json	11212
FILE	/mnt/data/shashwat/openhands-adp-memory/data/contextbench_phase2/execution_full_qwen36_65k_fix1/runs/django__django-29838/adp/run_meta.json	6479
FILE	/mnt/data/shashwat/openhands-adp-memory/data/contextbench_phase2/execution_full_qwen36_65k_fix1/runs/django__django-29838/memory/prediction.json	2816
FILE	/mnt/data/shashwat/openhands-adp-memory/data/contextbench_phase2/execution_full_qwen36_65k_fix1/runs/django__django-29838/memory/patch.diff	2561
FILE	/mnt/data/shashwat/openhands-adp-memory/data/contextbench_phase2/execution_full_qwen36_65k_fix1/runs/django__django-29838/memory/stderr.log	694
FILE	/mnt/data/shashwat/openhands-adp-memory/data/contextbench_phase2/execution_full_qwen36_65k_fix1/runs/django__django-29838/memory/stdout.jsonl	181097
FILE	/mnt/data/shashwat/openhands-adp-memory/data/contextbench_phase2/execution_full_qwen36_65k_fix1/runs/django__django-29838/memory/.openhands_home/.openhands/conversations/11ff6d6d67554bf5b2d621efa2343df6/base_state.json	12485
FILE	/mnt/data/shashwat/openhands-adp-memory/data/contextbench_phase2/execution_full_qwen36_65k_fix1/runs/django__django-29838/memory/run_meta.json	6474
FILE	/mnt/data/shashwat/openhands-adp-memory/data/contextbench_phase2/execution_full_qwen36_65k_fix1/runs/django__django-29838/no_memory/prediction.json	2381
FILE	/mnt/data/shashwat/openhands-adp-memory/data/contextbench_phase2/execution_full_qwen36_65k_fix1/runs/django__django-29838/no_memory/patch.diff	2177
FILE	/mnt/data/shashwat/openhands-adp-memory/data/contextbench_phase2/execution_full_qwen36_65k_fix1/runs/django__django-29838/no_memory/stderr.log	694
FILE	/mnt/data/shashwat/openhands-adp-memory/data/contextbench_phase2/execution_full_qwen36_65k_fix1/runs/django__django-29838/no_memory/stdout.jsonl	146437
FILE	/mnt/data/shashwat/openhands-adp-memory/data/contextbench_phase2/execution_full_qwen36_65k_fix1/runs/django__django-29838/no_memory/.openhands_home/.openhands/conversations/96e5d7b401474f0f95fdc49ae852894a/base_state.json	10895
FILE	/mnt/data/shashwat/openhands-adp-memory/data/contextbench_phase2/execution_full_qwen36_65k_fix1/runs/django__django-29838/no_memory/run_meta.json	6611
FILE	/mnt/data/shashwat/openhands-adp-memory/data/contextbench_phase2/execution_full_qwen36_65k_fix1/runs/django__django-29838/raw/prediction.json	1765
FILE	/mnt/data/shashwat/openhands-adp-memory/data/contextbench_phase2/execution_full_qwen36_65k_fix1/runs/django__django-29838/raw/patch.diff	1570
FILE	/mnt/data/shashwat/openhands-adp-memory/data/contextbench_phase2/execution_full_qwen36_65k_fix1/runs/django__django-29838/raw/stderr.log	694
FILE	/mnt/data/shashwat/openhands-adp-memory/data/contextbench_phase2/execution_full_qwen36_65k_fix1/runs/django__django-29838/raw/stdout.jsonl	155655
FILE	/mnt/data/shashwat/openhands-adp-memory/data/contextbench_phase2/execution_full_qwen36_65k_fix1/runs/django__django-29838/raw/.openhands_home/.openhands/conversations/3224dad5801b4e7abdbe5537781ef8cf/base_state.json	9624
FILE	/mnt/data/shashwat/openhands-adp-memory/data/contextbench_phase2/execution_full_qwen36_65k_fix1/runs/django__django-29838/raw/run_meta.json	6478
FILE	/mnt/data/shashwat/openhands-adp-memory/data/contextbench_phase2/execution_full_qwen36_65k_fix1/runs/sympy__sympy-21309/adp/prediction.json	3489
FILE	/mnt/data/shashwat/openhands-adp-memory/data/contextbench_phase2/execution_full_qwen36_65k_fix1/runs/sympy__sympy-21309/adp/patch.diff	3213
FILE	/mnt/data/shashwat/openhands-adp-memory/data/contextbench_phase2/execution_full_qwen36_65k_fix1/runs/sympy__sympy-21309/adp/stderr.log	263
FILE	/mnt/data/shashwat/openhands-adp-memory/data/contextbench_phase2/execution_full_qwen36_65k_fix1/runs/sympy__sympy-21309/adp/stdout.jsonl	401760
FILE	/mnt/data/shashwat/openhands-adp-memory/data/contextbench_phase2/execution_full_qwen36_65k_fix1/runs/sympy__sympy-21309/adp/.openhands_home/.openhands/conversations/d5d96587cf994593b92717cefc659f9c/base_state.json	12176
FILE	/mnt/data/shashwat/openhands-adp-memory/data/contextbench_phase2/execution_full_qwen36_65k_fix1/runs/sympy__sympy-21309/adp/run_meta.json	6895
FILE	/mnt/data/shashwat/openhands-adp-memory/data/contextbench_phase2/execution_full_qwen36_65k_fix1/runs/sympy__sympy-21309/memory/prediction.json	4610
FILE	/mnt/data/shashwat/openhands-adp-memory/data/contextbench_phase2/execution_full_qwen36_65k_fix1/runs/sympy__sympy-21309/memory/patch.diff	4307
FILE	/mnt/data/shashwat/openhands-adp-memory/data/contextbench_phase2/execution_full_qwen36_65k_fix1/runs/sympy__sympy-21309/memory/stderr.log	263
FILE	/mnt/data/shashwat/openhands-adp-memory/data/contextbench_phase2/execution_full_qwen36_65k_fix1/runs/sympy__sympy-21309/memory/stdout.jsonl	479072
FILE	/mnt/data/shashwat/openhands-adp-memory/data/contextbench_phase2/execution_full_qwen36_65k_fix1/runs/sympy__sympy-21309/memory/.openhands_home/.openhands/conversations/3db38a2090894fc0924f0ff8cbb264b7/base_state.json	11541
FILE	/mnt/data/shashwat/openhands-adp-memory/data/contextbench_phase2/execution_full_qwen36_65k_fix1/runs/sympy__sympy-21309/memory/run_meta.json	6499
FILE	/mnt/data/shashwat/openhands-adp-memory/data/contextbench_phase2/execution_full_qwen36_65k_fix1/runs/sympy__sympy-21309/no_memory/prediction.json	152
FILE	/mnt/data/shashwat/openhands-adp-memory/data/contextbench_phase2/execution_full_qwen36_65k_fix1/runs/sympy__sympy-21309/no_memory/patch.diff	0
FILE	/mnt/data/shashwat/openhands-adp-memory/data/contextbench_phase2/execution_full_qwen36_65k_fix1/runs/sympy__sympy-21309/no_memory/stderr.log	263
FILE	/mnt/data/shashwat/openhands-adp-memory/data/contextbench_phase2/execution_full_qwen36_65k_fix1/runs/sympy__sympy-21309/no_memory/stdout.jsonl	122679
FILE	/mnt/data/shashwat/openhands-adp-memory/data/contextbench_phase2/execution_full_qwen36_65k_fix1/runs/sympy__sympy-21309/no_memory/.openhands_home/.openhands/conversations/76614b0ba1de4f619a686c90442a5e4d/base_state.json	11513
FILE	/mnt/data/shashwat/openhands-adp-memory/data/contextbench_phase2/execution_full_qwen36_65k_fix1/runs/sympy__sympy-21309/no_memory/run_meta.json	6562
FILE	/mnt/data/shashwat/openhands-adp-memory/data/contextbench_phase2/execution_full_qwen36_65k_fix1/runs/sympy__sympy-21309/raw/prediction.json	5208
FILE	/mnt/data/shashwat/openhands-adp-memory/data/contextbench_phase2/execution_full_qwen36_65k_fix1/runs/sympy__sympy-21309/raw/patch.diff	4894
FILE	/mnt/data/shashwat/openhands-adp-memory/data/contextbench_phase2/execution_full_qwen36_65k_fix1/runs/sympy__sympy-21309/raw/stderr.log	263
FILE	/mnt/data/shashwat/openhands-adp-memory/data/contextbench_phase2/execution_full_qwen36_65k_fix1/runs/sympy__sympy-21309/raw/stdout.jsonl	499359
FILE	/mnt/data/shashwat/openhands-adp-memory/data/contextbench_phase2/execution_full_qwen36_65k_fix1/runs/sympy__sympy-21309/raw/.openhands_home/.openhands/conversations/a2e00d65b26a4aaa9cb0e36463a92b8a/base_state.json	13121
FILE	/mnt/data/shashwat/openhands-adp-memory/data/contextbench_phase2/execution_full_qwen36_65k_fix1/runs/sympy__sympy-21309/raw/run_meta.json	6446
DIR	/mnt/data/shashwat/openhands-adp-memory/data/contextbench_phase2/execution_preflight_fix1/logs
FILE	/mnt/data/shashwat/openhands-adp-memory/data/contextbench_phase2/execution_preflight_fix1/runs/django__django-11776/no_memory/prediction.json	150
FILE	/mnt/data/shashwat/openhands-adp-memory/data/contextbench_phase2/execution_preflight_fix1/runs/django__django-11776/no_memory/patch.diff	0
FILE	/mnt/data/shashwat/openhands-adp-memory/data/contextbench_phase2/execution_preflight_fix1/runs/django__django-11776/no_memory/stderr.log	694
FILE	/mnt/data/shashwat/openhands-adp-memory/data/contextbench_phase2/execution_preflight_fix1/runs/django__django-11776/no_memory/stdout.jsonl	0
FILE	/mnt/data/shashwat/openhands-adp-memory/data/contextbench_phase2/execution_preflight_fix1/runs/django__django-11776/no_memory/.openhands_home/.openhands/conversations/695f6a77fb524c8297f96009a20b9d93/base_state.json	3553
FILE	/mnt/data/shashwat/openhands-adp-memory/data/contextbench_phase2/execution_preflight_fix1/runs/django__django-11776/no_memory/run_meta.json	5207
DIR	/mnt/data/shashwat/openhands-adp-memory/data/contextbench_phase2/execution_preflight_fix2/logs
FILE	/mnt/data/shashwat/openhands-adp-memory/data/contextbench_phase2/execution_preflight_fix2/runs/django__django-11776/no_memory/prediction.json	154
FILE	/mnt/data/shashwat/openhands-adp-memory/data/contextbench_phase2/execution_preflight_fix2/runs/django__django-11776/no_memory/patch.diff	0
FILE	/mnt/data/shashwat/openhands-adp-memory/data/contextbench_phase2/execution_preflight_fix2/runs/django__django-11776/no_memory/stderr.log	856
FILE	/mnt/data/shashwat/openhands-adp-memory/data/contextbench_phase2/execution_preflight_fix2/runs/django__django-11776/no_memory/stdout.jsonl	24862
FILE	/mnt/data/shashwat/openhands-adp-memory/data/contextbench_phase2/execution_preflight_fix2/runs/django__django-11776/no_memory/.openhands_home/.openhands/conversations/fae9b5a5d37646d580af746eb2d0dae4/base_state.json	5163
FILE	/mnt/data/shashwat/openhands-adp-memory/data/contextbench_phase2/execution_preflight_fix2/runs/django__django-11776/no_memory/run_meta.json	5264
FILE	/mnt/data/shashwat/openhands-adp-memory/data/contextbench_phase2/execution_preflight_fix2/runs/django__django-21204/raw/prediction.json	154
FILE	/mnt/data/shashwat/openhands-adp-memory/data/contextbench_phase2/execution_preflight_fix2/runs/django__django-21204/raw/patch.diff	0
FILE	/mnt/data/shashwat/openhands-adp-memory/data/contextbench_phase2/execution_preflight_fix2/runs/django__django-21204/raw/stderr.log	694
FILE	/mnt/data/shashwat/openhands-adp-memory/data/contextbench_phase2/execution_preflight_fix2/runs/django__django-21204/raw/stdout.jsonl	239190
FILE	/mnt/data/shashwat/openhands-adp-memory/data/contextbench_phase2/execution_preflight_fix2/runs/django__django-21204/raw/.openhands_home/.openhands/conversations/ecae2400a9b746988e12d0800c088d12/base_state.json	3579
FILE	/mnt/data/shashwat/openhands-adp-memory/data/contextbench_phase2/execution_preflight_fix2/runs/django__django-21204/raw/run_meta.json	5174
